run_id,source_reference_id,product_id,product_image_id,approval_source,evidence_sha256,evidence_path,evidence_role,mime_type,file_extension,planned_web_bucket,planned_web_path,original_upload_status,linkage_status
39514b38-f90b-4b15-9ac1-0f12d8b1e625,CATV1-P006-R1L,69016840-da44-3ec0-f6dc-bf0551288a47,01e41359-c843-06d8-3055-33c06886d95c,POLICY_APPROVED,8ead3e09e31a064951c05a0198ed313abdf4a2dfd0b6bdf0aae92eb38cc9e9bc,product_images/p006_1_1_shampoo-kaba.jpg,CATALOG_EVIDENCE_CROP,image/jpeg,jpg,lihen-product-web,products/69016840-da44-3ec0-f6dc-bf0551288a47/01e41359-c843-06d8-3055-33c06886d95c/web/8ead3e09e31a064951c05a0198ed313abdf4a2dfd0b6bdf0aae92eb38cc9e9bc.jpg,BLOCKED_EVIDENCE_IS_NOT_CANONICAL_ORIGINAL,READY_LINKAGE
39514b38-f90b-4b15-9ac1-0f12d8b1e625,CATV1-P006-R1R,f4357745-adb2-7bd0-5a1c-f9d2cc253786,86311c28-07c3-0a5e-4bab-f2a625c0031e,POLICY_APPROVED,6ae76c265454171c96a32d06690b2419b45667a980c63fd00ae9decbc8b2c9a0,product_images/p006_2_1_acondicionador.jpg,CATALOG_EVIDENCE_CROP,image/jpeg,jpg,lihen-product-web,products/f4357745-adb2-7bd0-5a1c-f9d2cc253786/86311c28-07c3-0a5e-4bab-f2a625c0031e/web/6ae76c265454171c96a32d06690b2419b45667a980c63fd00ae9decbc8b2c9a0.jpg,BLOCKED_EVIDENCE_IS_NOT_CANONICAL_ORIGINAL,READY_LINKAGE
39514b38-f90b-4b15-9ac1-0f12d8b1e625,CATV1-P006-R2L,bae91b27-4bc2-3db7-7bcb-5ff49fd3066c,312d70f9-a3af-ddf5-bc3a-b523aacd9ff4,POLICY_APPROVED,0c5b4f9ae556414cc43c164a178a07a108d1207497fb3ed4372be6f84587ebde,product_images/p006_1_2_biomascarilla.jpg,CATALOG_EVIDENCE_CROP,image/jpeg,jpg,lihen-product-web,products/bae91b27-4bc2-3db7-7bcb-5ff49fd3066c/312d70f9-a3af-ddf5-bc3a-b523aacd9ff4/web/0c5b4f9ae556414cc43c164a178a07a108d1207497fb3ed4372be6f84587ebde.jpg,BLOCKED_EVIDENCE_IS_NOT_CANONICAL_ORIGINAL,READY_LINKAGE
39514b38-f90b-4b15-9ac1-0f12d8b1e625,CATV1-P006-R2R,673cea51-d3ff-3cc4-a7f3-0df549eba28c,5f671169-a771-b861-f574-7b825a572508,POLICY_APPROVED,98727f28c5adf83ae4c7c80d53098d0fe291bfdc3daf84823db11e7ef477da57,product_images/p006_2_2_repolarizador.jpg,CATALOG_EVIDENCE_CROP,image/jpeg,jpg,lihen-product-web,products/673cea51-d3ff-3cc4-a7f3-0df549eba28c/5f671169-a771-b861-f574-7b825a572508/web/98727f28c5adf83ae4c7c80d53098d0fe291bfdc3daf84823db11e7ef477da57.jpg,BLOCKED_EVIDENCE_IS_NOT_CANONICAL_ORIGINAL,READY_LINKAGE
39514b38-f90b-4b15-9ac1-0f12d8b1e625,CATV1-P006-R3L,77a924c9-99b2-0a44-6f29-7f447ee96cf6,1afd6208-0431-0eed-cad9-a8910ea3e6b6,POLICY_APPROVED,6193f75dcebf5d4379406626aacc22fd7509d22a20392b92c69e6749a61bfb7c,product_images/p006_1_3_tonico-de-crecimiento.jpg,CATALOG_EVIDENCE_CROP,image/jpeg,jpg,lihen-product-web,products/77a924c9-99b2-0a44-6f29-7f447ee96cf6/1afd6208-0431-0eed-cad9-a8910ea3e6b6/web/6193f75dcebf5d4379406626aacc22fd7509d22a20392b92c69e6749a61bfb7c.jpg,BLOCKED_EVIDENCE_IS_NOT_CANONICAL_ORIGINAL,READY_LINKAGE
39514b38-f90b-4b15-9ac1-0f12d8b1e625,CATV1-P006-R3R,7d950f19-cdc7-aa5e-0c62-d656347a288d,52cf1e51-ebed-01e9-b262-07db7f42af55,POLICY_APPROVED,751a34825ceeab4cbc240a0cebd7dc3aa2c86ca7608c817ec6ad8867845cf735,product_images/p006_2_3_locion-astringente.jpg,CATALOG_EVIDENCE_CROP,image/jpeg,jpg,lihen-product-web,products/7d950f19-cdc7-aa5e-0c62-d656347a288d/52cf1e51-ebed-01e9-b262-07db7f42af55/web/751a34825ceeab4cbc240a0cebd7dc3aa2c86ca7608c817ec6ad8867845cf735.jpg,BLOCKED_EVIDENCE_IS_NOT_CANONICAL_ORIGINAL,READY_LINKAGE
39514b38-f90b-4b15-9ac1-0f12d8b1e625,CATV1-P007-R1L,19839e22-ec06-dc7f-b133-d0864de5d68b,288d9f4f-3ad9-1fac-8f9a-5bec6f8e9a51,POLICY_APPROVED,6c614eda651d32003fac5832af0c367bacd35e2906f58965d0907a4c7e3cb14a,product_images/p007_1_1_dermoaclarante.jpg,CATALOG_EVIDENCE_CROP,image/jpeg,jpg,lihen-product-web,products/19839e22-ec06-dc7f-b133-d0864de5d68b/288d9f4f-3ad9-1fac-8f9a-5bec6f8e9a51/web/6c614eda651d32003fac5832af0c367bacd35e2906f58965d0907a4c7e3cb14a.jpg,BLOCKED_EVIDENCE_IS_NOT_CANONICAL_ORIGINAL,READY_LINKAGE
39514b38-f90b-4b15-9ac1-0f12d8b1e625,CATV1-P007-R1R,cd855167-2338-0311-6fab-f1bb427b38fa,d2384124-10c4-8372-bb12-f2f5247eab8a,POLICY_APPROVED,e786bf686eb91387c69e3c06333bbecd476fb21cd2fd2383417b5419396345dd,product_images/p007_2_1_crema-tensora.jpg,CATALOG_EVIDENCE_CROP,image/jpeg,jpg,lihen-product-web,products/cd855167-2338-0311-6fab-f1bb427b38fa/d2384124-10c4-8372-bb12-f2f5247eab8a/web/e786bf686eb91387c69e3c06333bbecd476fb21cd2fd2383417b5419396345dd.jpg,BLOCKED_EVIDENCE_IS_NOT_CANONICAL_ORIGINAL,READY_LINKAGE
39514b38-f90b-4b15-9ac1-0f12d8b1e625,CATV1-P007-R2L,f45d20fa-a67d-35ae-510c-871a5693550c,e588e1a4-e631-052b-f7a4-4ecb09653276,POLICY_APPROVED,4fa8527e7ab91c4bab4cb2ed3ca0b3a4887c3d2a13747952192876569bc83314,product_images/p007_1_2_perfumepara-elcabello.jpg,CATALOG_EVIDENCE_CROP,image/jpeg,jpg,lihen-product-web,products/f45d20fa-a67d-35ae-510c-871a5693550c/e588e1a4-e631-052b-f7a4-4ecb09653276/web/4fa8527e7ab91c4bab4cb2ed3ca0b3a4887c3d2a13747952192876569bc83314.jpg,BLOCKED_EVIDENCE_IS_NOT_CANONICAL_ORIGINAL,READY_LINKAGE
39514b38-f90b-4b15-9ac1-0f12d8b1e625,CATV1-P007-R2R,ac71a320-037b-7278-4d4b-031dda93393d,920923bd-35d2-3454-0083-78d92c696ef5,POLICY_APPROVED,962738081b2af872b16f2b6b62ec27016304f5012daa41954721251e076c9565,product_images/p007_2_2_tonico-despigmentante.jpg,CATALOG_EVIDENCE_CROP,image/jpeg,jpg,lihen-product-web,products/ac71a320-037b-7278-4d4b-031dda93393d/920923bd-35d2-3454-0083-78d92c696ef5/web/962738081b2af872b16f2b6b62ec27016304f5012daa41954721251e076c9565.jpg,BLOCKED_EVIDENCE_IS_NOT_CANONICAL_ORIGINAL,READY_LINKAGE
39514b38-f90b-4b15-9ac1-0f12d8b1e625,CATV1-P007-R3L,0ecf1f69-602f-2072-1a24-381e9cde1592,43388a2f-aea0-148d-81ff-2a983516dff4,POLICY_APPROVED,fa97e7bfc1204d32b1873f4c0c789dd9a1a6aa1ab5d23934f9bf59e99d168039,product_images/p007_1_3_pocima-de-pestanas.jpg,CATALOG_EVIDENCE_CROP,image/jpeg,jpg,lihen-product-web,products/0ecf1f69-602f-2072-1a24-381e9cde1592/43388a2f-aea0-148d-81ff-2a983516dff4/web/fa97e7bfc1204d32b1873f4c0c789dd9a1a6aa1ab5d23934f9bf59e99d168039.jpg,BLOCKED_EVIDENCE_IS_NOT_CANONICAL_ORIGINAL,READY_LINKAGE
39514b38-f90b-4b15-9ac1-0f12d8b1e625,CATV1-P007-R3R,3d6fad27-a2f7-7f34-71f8-afe81d692f27,c08bdb64-d6e2-4623-7fe7-52132932d2cd,POLICY_APPROVED,0afee50b06fc773d1fb3b8cd0538383de281b237307a1253c061938d9751c3ff,product_images/p007_2_3_parches-sos.jpg,CATALOG_EVIDENCE_CROP,image/jpeg,jpg,lihen-product-web,products/3d6fad27-a2f7-7f34-71f8-afe81d692f27/c08bdb64-d6e2-4623-7fe7-52132932d2cd/web/0afee50b06fc773d1fb3b8cd0538383de281b237307a1253c061938d9751c3ff.jpg,BLOCKED_EVIDENCE_IS_NOT_CANONICAL_ORIGINAL,READY_LINKAGE
39514b38-f90b-4b15-9ac1-0f12d8b1e625,CATV1-P008-R1L,db9858f1-4f26-b8fa-2f2c-58bf37d0feb2,5b57eac7-08a5-37de-fbff-d7755a815479,POLICY_APPROVED,273311a34f790d914304dc8caab259e3968e98a30d87aa5d6bcef00e45a99fb9,product_images/p008_1_1_depilador-omg.jpg,CATALOG_EVIDENCE_CROP,image/jpeg,jpg,lihen-product-web,products/db9858f1-4f26-b8fa-2f2c-58bf37d0feb2/5b57eac7-08a5-37de-fbff-d7755a815479/web/273311a34f790d914304dc8caab259e3968e98a30d87aa5d6bcef00e45a99fb9.jpg,BLOCKED_EVIDENCE_IS_NOT_CANONICAL_ORIGINAL,READY_LINKAGE
39514b38-f90b-4b15-9ac1-0f12d8b1e625,CATV1-P008-R1R,a96c04c8-674d-7893-b8ae-541b737040df,fb46fa58-ba4d-7d61-b65a-910aa1b50139,POLICY_APPROVED,d5f57665859276ce8d6975eddc4d1d7e5ad06858371d9d9708742cee876e8be4,product_images/p008_2_1_kids-shampoo.jpg,CATALOG_EVIDENCE_CROP,image/jpeg,jpg,lihen-product-web,products/a96c04c8-674d-7893-b8ae-541b737040df/fb46fa58-ba4d-7d61-b65a-910aa1b50139/web/d5f57665859276ce8d6975eddc4d1d7e5ad06858371d9d9708742cee876e8be4.jpg,BLOCKED_EVIDENCE_IS_NOT_CANONICAL_ORIGINAL,READY_LINKAGE
39514b38-f90b-4b15-9ac1-0f12d8b1e625,CATV1-P008-R2L,bb778288-e584-f8e6-6714-6f7dbf7266a5,dff4493d-2d7d-6c1a-a94e-abf09142d4f9,POLICY_APPROVED,8a2c9df1b736c31b8e327b9b9c8bbb46adf5eee2d2161bd691f52c7b1e6221e9,product_images/p008_1_2_keratina-peq.jpg,CATALOG_EVIDENCE_CROP,image/jpeg,jpg,lihen-product-web,products/bb778288-e584-f8e6-6714-6f7dbf7266a5/dff4493d-2d7d-6c1a-a94e-abf09142d4f9/web/8a2c9df1b736c31b8e327b9b9c8bbb46adf5eee2d2161bd691f52c7b1e6221e9.jpg,BLOCKED_EVIDENCE_IS_NOT_CANONICAL_ORIGINAL,READY_LINKAGE
39514b38-f90b-4b15-9ac1-0f12d8b1e625,CATV1-P008-R2R,a6d8d5ad-4182-fdf8-2290-4ae97d6defe3,3a37dcd1-5356-350b-a195-5b1678fedc4a,POLICY_APPROVED,6136d314b6be844cc3e846e4d1f8bca627f9a8f52260865f512af5f5988ed217,product_images/p008_2_2_keratina-grande.jpg,CATALOG_EVIDENCE_CROP,image/jpeg,jpg,lihen-product-web,products/a6d8d5ad-4182-fdf8-2290-4ae97d6defe3/3a37dcd1-5356-350b-a195-5b1678fedc4a/web/6136d314b6be844cc3e846e4d1f8bca627f9a8f52260865f512af5f5988ed217.jpg,BLOCKED_EVIDENCE_IS_NOT_CANONICAL_ORIGINAL,READY_LINKAGE
39514b38-f90b-4b15-9ac1-0f12d8b1e625,CATV1-P008-R3L,1886ae19-a3d7-57a0-6f47-92496cb4e233,767d6565-4dc1-5182-6312-0ed7db441262,POLICY_APPROVED,e63229651952062fb23e76547fb0cdba1d53d87bc63b1a603913658a74a535c9,product_images/p008_1_3_shampoo-revitalizante.jpg,CATALOG_EVIDENCE_CROP,image/jpeg,jpg,lihen-product-web,products/1886ae19-a3d7-57a0-6f47-92496cb4e233/767d6565-4dc1-5182-6312-0ed7db441262/web/e63229651952062fb23e76547fb0cdba1d53d87bc63b1a603913658a74a535c9.jpg,BLOCKED_EVIDENCE_IS_NOT_CANONICAL_ORIGINAL,READY_LINKAGE
39514b38-f90b-4b15-9ac1-0f12d8b1e625,CATV1-P008-R3R,673614ba-856f-f63a-7bcf-334b59579a4b,81651642-adf8-4e9c-944a-c38f15f76bf3,POLICY_APPROVED,0b6b7e9770c7a9b436d9d9871f29bee7b6e6afae1f0ed3ee0a3d56ed3f5f3b3b,product_images/p008_2_3_trata-revitalizante.jpg,CATALOG_EVIDENCE_CROP,image/jpeg,jpg,lihen-product-web,products/673614ba-856f-f63a-7bcf-334b59579a4b/81651642-adf8-4e9c-944a-c38f15f76bf3/web/0b6b7e9770c7a9b436d9d9871f29bee7b6e6afae1f0ed3ee0a3d56ed3f5f3b3b.jpg,BLOCKED_EVIDENCE_IS_NOT_CANONICAL_ORIGINAL,READY_LINKAGE
39514b38-f90b-4b15-9ac1-0f12d8b1e625,CATV1-P009-R1L,c973fe02-90a0-f759-dd5d-d0f6fd6f0f49,a242cb29-d30b-559a-2c3f-e82121ae1fbe,POLICY_APPROVED,07051d4df4d48678ebf452a418e4ec29073c4f480bdc678183ce9b71c43345bc,product_images/p009_1_1_corrector-ojeras.jpg,CATALOG_EVIDENCE_CROP,image/jpeg,jpg,lihen-product-web,products/c973fe02-90a0-f759-dd5d-d0f6fd6f0f49/a242cb29-d30b-559a-2c3f-e82121ae1fbe/web/07051d4df4d48678ebf452a418e4ec29073c4f480bdc678183ce9b71c43345bc.jpg,BLOCKED_EVIDENCE_IS_NOT_CANONICAL_ORIGINAL,READY_LINKAGE
39514b38-f90b-4b15-9ac1-0f12d8b1e625,CATV1-P011-R1L,6782a4dc-5324-cb75-f736-b4d0d926443e,ac2eeabb-9c92-8425-4c4a-1af8dbef9c2f,HUMAN_APPROVED,8ccce9904b7e57dbe9db8b0380c23533386d8b8cecc43a381a2ce79fcca97a7a,product_images/p011_1_1_shampoo-romero.jpg,CATALOG_EVIDENCE_CROP,image/jpeg,jpg,lihen-product-web,products/6782a4dc-5324-cb75-f736-b4d0d926443e/ac2eeabb-9c92-8425-4c4a-1af8dbef9c2f/web/8ccce9904b7e57dbe9db8b0380c23533386d8b8cecc43a381a2ce79fcca97a7a.jpg,BLOCKED_EVIDENCE_IS_NOT_CANONICAL_ORIGINAL,READY_LINKAGE
39514b38-f90b-4b15-9ac1-0f12d8b1e625,CATV1-P011-R1R,c8839400-6442-709c-bef5-a53d32cd96f6,06d4aead-95f1-0253-fccb-bf998a28b965,HUMAN_APPROVED,307211268d350970a7d1245ec271211dbc90ce40b383a5eb418b6bded80d343a,product_images/p011_2_1_shampoo-argan.jpg,CATALOG_EVIDENCE_CROP,image/jpeg,jpg,lihen-product-web,products/c8839400-6442-709c-bef5-a53d32cd96f6/06d4aead-95f1-0253-fccb-bf998a28b965/web/307211268d350970a7d1245ec271211dbc90ce40b383a5eb418b6bded80d343a.jpg,BLOCKED_EVIDENCE_IS_NOT_CANONICAL_ORIGINAL,READY_LINKAGE
39514b38-f90b-4b15-9ac1-0f12d8b1e625,CATV1-P011-R2L,e07e6246-619a-6052-25a9-cebc969e83e9,430ea161-8dae-bbdd-0056-507a6a29c92e,HUMAN_APPROVED,2848c574adbcba94f5d4662708e162c88b9cdd5354d21fac4fb7777f59bec420,product_images/p011_1_2_acondicionador-nuevo.jpg,CATALOG_EVIDENCE_CROP,image/jpeg,jpg,lihen-product-web,products/e07e6246-619a-6052-25a9-cebc969e83e9/430ea161-8dae-bbdd-0056-507a6a29c92e/web/2848c574adbcba94f5d4662708e162c88b9cdd5354d21fac4fb7777f59bec420.jpg,BLOCKED_EVIDENCE_IS_NOT_CANONICAL_ORIGINAL,READY_LINKAGE
39514b38-f90b-4b15-9ac1-0f12d8b1e625,CATV1-P011-R2R,8b36ab1b-c41e-a7d0-a6af-e252ee3b2542,3c6263e8-c9e0-d6bf-2015-7bf5895dd096,HUMAN_APPROVED,c78df799d5e460cd6dea90f3a2ffd9152c31c0699b7653a91aba3ffacbaec724,product_images/p011_2_2_shampoo-anticaspa.jpg,CATALOG_EVIDENCE_CROP,image/jpeg,jpg,lihen-product-web,products/8b36ab1b-c41e-a7d0-a6af-e252ee3b2542/3c6263e8-c9e0-d6bf-2015-7bf5895dd096/web/c78df799d5e460cd6dea90f3a2ffd9152c31c0699b7653a91aba3ffacbaec724.jpg,BLOCKED_EVIDENCE_IS_NOT_CANONICAL_ORIGINAL,READY_LINKAGE
39514b38-f90b-4b15-9ac1-0f12d8b1e625,CATV1-P011-R3L,7c430611-0c7a-4e71-cdf7-9ae5e1bb9407,89cf4fee-b337-b0b3-3172-4c84cb15398e,HUMAN_APPROVED,290324bf5d500a4ba04638973d85b64f2be244e34b91eb0a833a2d6cb6ac0371,product_images/p011_1_3_gotas-cbd.jpg,CATALOG_EVIDENCE_CROP,image/jpeg,jpg,lihen-product-web,products/7c430611-0c7a-4e71-cdf7-9ae5e1bb9407/89cf4fee-b337-b0b3-3172-4c84cb15398e/web/290324bf5d500a4ba04638973d85b64f2be244e34b91eb0a833a2d6cb6ac0371.jpg,BLOCKED_EVIDENCE_IS_NOT_CANONICAL_ORIGINAL,READY_LINKAGE
39514b38-f90b-4b15-9ac1-0f12d8b1e625,CATV1-P011-R3R,076e3d14-a126-d25a-ec3f-c81ad338cc15,83f67145-381b-4a29-e4cd-ce9449cafbc4,HUMAN_APPROVED,bfe56039331447140e4fb34f9bd79ba65f9d4c204d66e057cb840fe288a65f3c,product_images/p011_2_3_tonico-anticaida.jpg,CATALOG_EVIDENCE_CROP,image/jpeg,jpg,lihen-product-web,products/076e3d14-a126-d25a-ec3f-c81ad338cc15/83f67145-381b-4a29-e4cd-ce9449cafbc4/web/bfe56039331447140e4fb34f9bd79ba65f9d4c204d66e057cb840fe288a65f3c.jpg,BLOCKED_EVIDENCE_IS_NOT_CANONICAL_ORIGINAL,READY_LINKAGE
39514b38-f90b-4b15-9ac1-0f12d8b1e625,CATV1-P012-R1L,43859bdd-7958-f6a6-5251-e1fc286cc75f,168617a6-3cf7-a31e-c2be-126f927abcb1,HUMAN_APPROVED,2fc027150227f2c79879a76a50e5b98811edd052ff22c14ada37d2d37e2d687f,product_images/p012_1_1_exfoliante-capilar.jpg,CATALOG_EVIDENCE_CROP,image/jpeg,jpg,lihen-product-web,products/43859bdd-7958-f6a6-5251-e1fc286cc75f/168617a6-3cf7-a31e-c2be-126f927abcb1/web/2fc027150227f2c79879a76a50e5b98811edd052ff22c14ada37d2d37e2d687f.jpg,BLOCKED_EVIDENCE_IS_NOT_CANONICAL_ORIGINAL,READY_LINKAGE
39514b38-f90b-4b15-9ac1-0f12d8b1e625,CATV1-P014-R1L,c36b2418-2c84-e700-a7bf-5afa3f9c0b6e,43a0b84a-f67c-c61a-7721-4e18f99cdd08,HUMAN_APPROVED,21e454637dc6e8cb2c608b04f040f82c11b6e16821d2587d64b6b5ac4e313f83,product_images/p014_1_1_bronceador-zanahoria.jpg,CATALOG_EVIDENCE_CROP,image/jpeg,jpg,lihen-product-web,products/c36b2418-2c84-e700-a7bf-5afa3f9c0b6e/43a0b84a-f67c-c61a-7721-4e18f99cdd08/web/21e454637dc6e8cb2c608b04f040f82c11b6e16821d2587d64b6b5ac4e313f83.jpg,BLOCKED_EVIDENCE_IS_NOT_CANONICAL_ORIGINAL,READY_LINKAGE
39514b38-f90b-4b15-9ac1-0f12d8b1e625,CATV1-P014-R1R,95e55d36-14a7-29be-76eb-3e5689bcb8d1,f55ab730-a866-fc31-490c-4029d367b248,HUMAN_APPROVED,798df4f214568d7ea19c358aab58aebf9efa56a1c7ef403eabb60555858d5814,product_images/p014_2_1_bronceador-coco.jpg,CATALOG_EVIDENCE_CROP,image/jpeg,jpg,lihen-product-web,products/95e55d36-14a7-29be-76eb-3e5689bcb8d1/f55ab730-a866-fc31-490c-4029d367b248/web/798df4f214568d7ea19c358aab58aebf9efa56a1c7ef403eabb60555858d5814.jpg,BLOCKED_EVIDENCE_IS_NOT_CANONICAL_ORIGINAL,READY_LINKAGE
39514b38-f90b-4b15-9ac1-0f12d8b1e625,CATV1-P014-R2L,16357acd-f09c-08fe-ac91-c0743028ebb5,7f9d3f9a-c15b-6cd3-60ca-0ba666c35b08,HUMAN_APPROVED,7c5f45e722cef477cf4c62d2bf5d1a29ff9c91d89eb43efcdf76861e38c009ff,product_images/p014_1_2_locion-de-oro.jpg,CATALOG_EVIDENCE_CROP,image/jpeg,jpg,lihen-product-web,products/16357acd-f09c-08fe-ac91-c0743028ebb5/7f9d3f9a-c15b-6cd3-60ca-0ba666c35b08/web/7c5f45e722cef477cf4c62d2bf5d1a29ff9c91d89eb43efcdf76861e38c009ff.jpg,BLOCKED_EVIDENCE_IS_NOT_CANONICAL_ORIGINAL,READY_LINKAGE
39514b38-f90b-4b15-9ac1-0f12d8b1e625,CATV1-P014-R2R,61bc50dd-6cba-f55f-f1a2-f2219970869d,288f4e4b-ebc6-36e1-0a2d-92eb909a73a2,HUMAN_APPROVED,3923a45ec2bcbf7638db45772081c19258431209f1d42d0bde798cd685762de9,product_images/p014_2_2_mantequilla-corporal.jpg,CATALOG_EVIDENCE_CROP,image/jpeg,jpg,lihen-product-web,products/61bc50dd-6cba-f55f-f1a2-f2219970869d/288f4e4b-ebc6-36e1-0a2d-92eb909a73a2/web/3923a45ec2bcbf7638db45772081c19258431209f1d42d0bde798cd685762de9.jpg,BLOCKED_EVIDENCE_IS_NOT_CANONICAL_ORIGINAL,READY_LINKAGE
39514b38-f90b-4b15-9ac1-0f12d8b1e625,CATV1-P014-R3L,bed93775-472c-ef57-b6b0-a76411426d59,3178c7ad-f49a-8feb-3752-16a5e7809672,HUMAN_APPROVED,05efd58a869e7975f046361145c4ba39b3774da981a8893ded77a5eb38497739,product_images/p014_1_3_gel-de-aloe-vera.jpg,CATALOG_EVIDENCE_CROP,image/jpeg,jpg,lihen-product-web,products/bed93775-472c-ef57-b6b0-a76411426d59/3178c7ad-f49a-8feb-3752-16a5e7809672/web/05efd58a869e7975f046361145c4ba39b3774da981a8893ded77a5eb38497739.jpg,BLOCKED_EVIDENCE_IS_NOT_CANONICAL_ORIGINAL,READY_LINKAGE
39514b38-f90b-4b15-9ac1-0f12d8b1e625,CATV1-P014-R3R,3f024dc4-5e4d-cdff-7414-7104d853e55e,7ba4f271-25e8-5dd0-4cb5-42b935eabc09,HUMAN_APPROVED,54fc84ba0553539c26ce535f6579fb090b94d878d9dc5176910df4937afea82a,product_images/p014_2_3_bronceador-en-gel.jpg,CATALOG_EVIDENCE_CROP,image/jpeg,jpg,lihen-product-web,products/3f024dc4-5e4d-cdff-7414-7104d853e55e/7ba4f271-25e8-5dd0-4cb5-42b935eabc09/web/54fc84ba0553539c26ce535f6579fb090b94d878d9dc5176910df4937afea82a.jpg,BLOCKED_EVIDENCE_IS_NOT_CANONICAL_ORIGINAL,READY_LINKAGE
39514b38-f90b-4b15-9ac1-0f12d8b1e625,CATV1-P015-R1L,93ad9283-dfd5-9764-d0b4-2132e4fce790,7b92e4fd-5088-e58d-6ac6-4b2959050511,HUMAN_APPROVED,f8e87d7d5073f3fdcab9435b8bce3b435505091d294b4da7ab3dcc67e7f4d7cc,product_images/p015_1_1_freshing-pop.jpg,CATALOG_EVIDENCE_CROP,image/jpeg,jpg,lihen-product-web,products/93ad9283-dfd5-9764-d0b4-2132e4fce790/7b92e4fd-5088-e58d-6ac6-4b2959050511/web/f8e87d7d5073f3fdcab9435b8bce3b435505091d294b4da7ab3dcc67e7f4d7cc.jpg,BLOCKED_EVIDENCE_IS_NOT_CANONICAL_ORIGINAL,READY_LINKAGE
39514b38-f90b-4b15-9ac1-0f12d8b1e625,CATV1-P015-R1R,3a97b778-2db1-da3b-3917-0301ee437937,40738205-c25e-2734-f8e9-92c1a98cf491,HUMAN_APPROVED,28fd233f865189e6ef1743a55aef146779a5cbb69744bf47048a472ae9195907,product_images/p015_2_1_autobronceador.jpg,CATALOG_EVIDENCE_CROP,image/jpeg,jpg,lihen-product-web,products/3a97b778-2db1-da3b-3917-0301ee437937/40738205-c25e-2734-f8e9-92c1a98cf491/web/28fd233f865189e6ef1743a55aef146779a5cbb69744bf47048a472ae9195907.jpg,BLOCKED_EVIDENCE_IS_NOT_CANONICAL_ORIGINAL,READY_LINKAGE
39514b38-f90b-4b15-9ac1-0f12d8b1e625,CATV1-P015-R2L,407c5d77-279c-bc3c-8dfc-02f04e1b08a8,213d3f6f-b9a7-b55e-5b15-1322b1129c06,HUMAN_APPROVED,0c05df2418e1391a4b58ce5fb71088f1308ad7e74374fba2e2089e044191802f,product_images/p015_1_2_bloqueador.jpg,CATALOG_EVIDENCE_CROP,image/jpeg,jpg,lihen-product-web,products/407c5d77-279c-bc3c-8dfc-02f04e1b08a8/213d3f6f-b9a7-b55e-5b15-1322b1129c06/web/0c05df2418e1391a4b58ce5fb71088f1308ad7e74374fba2e2089e044191802f.jpg,BLOCKED_EVIDENCE_IS_NOT_CANONICAL_ORIGINAL,READY_LINKAGE
39514b38-f90b-4b15-9ac1-0f12d8b1e625,CATV1-P015-R2R,20157dcb-5b42-3ba6-dcfd-c1bc84cfb0bf,4497c176-375a-4841-1c23-ddca4a50193e,HUMAN_APPROVED,cf10f2c64cd311475e87c266ca77e4fa9e21181f6ecd5fdffc5659dcece311a4,product_images/p015_2_2_bronceador-de-chocolate-y-miel.jpg,CATALOG_EVIDENCE_CROP,image/jpeg,jpg,lihen-product-web,products/20157dcb-5b42-3ba6-dcfd-c1bc84cfb0bf/4497c176-375a-4841-1c23-ddca4a50193e/web/cf10f2c64cd311475e87c266ca77e4fa9e21181f6ecd5fdffc5659dcece311a4.jpg,BLOCKED_EVIDENCE_IS_NOT_CANONICAL_ORIGINAL,READY_LINKAGE
39514b38-f90b-4b15-9ac1-0f12d8b1e625,CATV1-P015-R3L,5506f491-2b39-a6ca-7862-bc61d8bee1fb,637da453-5563-75bd-b63e-047d9921d04c,HUMAN_APPROVED,faf866a560417a35f0c182423dd8cff548b59b91ee237747eef6f44ea3f31990,product_images/p015_1_3_bronceador-autobronceadora.jpg,CATALOG_EVIDENCE_CROP,image/jpeg,jpg,lihen-product-web,products/5506f491-2b39-a6ca-7862-bc61d8bee1fb/637da453-5563-75bd-b63e-047d9921d04c/web/faf866a560417a35f0c182423dd8cff548b59b91ee237747eef6f44ea3f31990.jpg,BLOCKED_EVIDENCE_IS_NOT_CANONICAL_ORIGINAL,READY_LINKAGE
39514b38-f90b-4b15-9ac1-0f12d8b1e625,CATV1-P017-R1L,59aacd81-d9ea-a1f9-fba3-b15005b59e5d,e69e1e54-9507-8933-a911-3b0fc90d542c,POLICY_APPROVED,faa6afb8eb03ea8eeff80abc56e6ae56f4d163c95faa87ab80c000200a861ba0,product_images/p017_1_1_shampoo-cebolla.jpg,CATALOG_EVIDENCE_CROP,image/jpeg,jpg,lihen-product-web,products/59aacd81-d9ea-a1f9-fba3-b15005b59e5d/e69e1e54-9507-8933-a911-3b0fc90d542c/web/faa6afb8eb03ea8eeff80abc56e6ae56f4d163c95faa87ab80c000200a861ba0.jpg,BLOCKED_EVIDENCE_IS_NOT_CANONICAL_ORIGINAL,READY_LINKAGE
39514b38-f90b-4b15-9ac1-0f12d8b1e625,CATV1-P017-R1R,a6c48be7-0e11-587a-3007-a28c0d8651c3,217f34e7-93be-8093-286e-157f896f6dc9,POLICY_APPROVED,c24a79a54d6b75885aef959cb566bc7011b2fac59cb303669e61ceff0dc6ca5c,product_images/p017_2_1_acond-cebolla.jpg,CATALOG_EVIDENCE_CROP,image/jpeg,jpg,lihen-product-web,products/a6c48be7-0e11-587a-3007-a28c0d8651c3/217f34e7-93be-8093-286e-157f896f6dc9/web/c24a79a54d6b75885aef959cb566bc7011b2fac59cb303669e61ceff0dc6ca5c.jpg,BLOCKED_EVIDENCE_IS_NOT_CANONICAL_ORIGINAL,READY_LINKAGE
39514b38-f90b-4b15-9ac1-0f12d8b1e625,CATV1-P017-R2L,edc554b0-3325-4039-d9fb-f6f9ad3d07fc,5ed30064-1034-8688-7ddb-d5a66f7b0d68,POLICY_APPROVED,6f97eab87395c47ba7303dcd23f06c81a32faaddd947874a51c3f036f24ab4dc,product_images/p017_1_2_terapia-capilar.jpg,CATALOG_EVIDENCE_CROP,image/jpeg,jpg,lihen-product-web,products/edc554b0-3325-4039-d9fb-f6f9ad3d07fc/5ed30064-1034-8688-7ddb-d5a66f7b0d68/web/6f97eab87395c47ba7303dcd23f06c81a32faaddd947874a51c3f036f24ab4dc.jpg,BLOCKED_EVIDENCE_IS_NOT_CANONICAL_ORIGINAL,READY_LINKAGE
39514b38-f90b-4b15-9ac1-0f12d8b1e625,CATV1-P017-R2R,baf8a87c-c0c6-b399-e0b6-ee7defbe1544,0657b6c0-0f79-087d-0ee0-9d2258112a7a,POLICY_APPROVED,17d22299da067c8ca78986b302e904007a040d5449a307cf6a1f732bd056dbff,product_images/p017_2_2_shampoo-romero.jpg,CATALOG_EVIDENCE_CROP,image/jpeg,jpg,lihen-product-web,products/baf8a87c-c0c6-b399-e0b6-ee7defbe1544/0657b6c0-0f79-087d-0ee0-9d2258112a7a/web/17d22299da067c8ca78986b302e904007a040d5449a307cf6a1f732bd056dbff.jpg,BLOCKED_EVIDENCE_IS_NOT_CANONICAL_ORIGINAL,READY_LINKAGE
39514b38-f90b-4b15-9ac1-0f12d8b1e625,CATV1-P017-R3L,630f71b8-1b29-0bd4-5ee7-9cf570a70218,f983ea51-e47a-22b8-46a8-22c2de03fd1a,POLICY_APPROVED,19971dd346f085f7989cf71d919c2f653c28b22a53e9c51573d9526a418dfe3f,product_images/p017_1_3_acondi-romero.jpg,CATALOG_EVIDENCE_CROP,image/jpeg,jpg,lihen-product-web,products/630f71b8-1b29-0bd4-5ee7-9cf570a70218/f983ea51-e47a-22b8-46a8-22c2de03fd1a/web/19971dd346f085f7989cf71d919c2f653c28b22a53e9c51573d9526a418dfe3f.jpg,BLOCKED_EVIDENCE_IS_NOT_CANONICAL_ORIGINAL,READY_LINKAGE
39514b38-f90b-4b15-9ac1-0f12d8b1e625,CATV1-P017-R3R,a4ad6905-d01e-1f8b-8c4f-781fd64a6097,e794eaab-b7fa-bc63-a563-529da66c9ac9,POLICY_APPROVED,feca0f4988ba6c801ecf45eef59f3849737e3b3b162402b7d7086c04d582c06c,product_images/p017_2_3_bioterapia-capilar.jpg,CATALOG_EVIDENCE_CROP,image/jpeg,jpg,lihen-product-web,products/a4ad6905-d01e-1f8b-8c4f-781fd64a6097/e794eaab-b7fa-bc63-a563-529da66c9ac9/web/feca0f4988ba6c801ecf45eef59f3849737e3b3b162402b7d7086c04d582c06c.jpg,BLOCKED_EVIDENCE_IS_NOT_CANONICAL_ORIGINAL,READY_LINKAGE
39514b38-f90b-4b15-9ac1-0f12d8b1e625,CATV1-P018-R1L,973fac55-1967-3b17-9f72-1c74a333f34c,959750d7-77bc-7ea2-8b8e-35da38f835fa,POLICY_APPROVED,c5666e563b66a46f62dc8ca012acdbb02e7a6f7f7a9ce23e91cd35c43b22dcf0,product_images/p018_1_1_pontencializador-capilar.jpg,CATALOG_EVIDENCE_CROP,image/jpeg,jpg,lihen-product-web,products/973fac55-1967-3b17-9f72-1c74a333f34c/959750d7-77bc-7ea2-8b8e-35da38f835fa/web/c5666e563b66a46f62dc8ca012acdbb02e7a6f7f7a9ce23e91cd35c43b22dcf0.jpg,BLOCKED_EVIDENCE_IS_NOT_CANONICAL_ORIGINAL,READY_LINKAGE
39514b38-f90b-4b15-9ac1-0f12d8b1e625,CATV1-P018-R1R,4a02b3ff-27fd-e5f5-5705-8d727f8ef8f4,5c9323e5-0a98-5beb-9889-ae81e8384038,POLICY_APPROVED,2bd8f235f05e36c84ff2d0928523238605d91985f78a44c2238f067f5807cf35,product_images/p018_2_1_shampoo-coctel-frutas.jpg,CATALOG_EVIDENCE_CROP,image/jpeg,jpg,lihen-product-web,products/4a02b3ff-27fd-e5f5-5705-8d727f8ef8f4/5c9323e5-0a98-5beb-9889-ae81e8384038/web/2bd8f235f05e36c84ff2d0928523238605d91985f78a44c2238f067f5807cf35.jpg,BLOCKED_EVIDENCE_IS_NOT_CANONICAL_ORIGINAL,READY_LINKAGE
39514b38-f90b-4b15-9ac1-0f12d8b1e625,CATV1-P018-R2L,c6e6e472-8f99-850d-f923-95c05bedc639,5a299743-6d71-9c11-9e5c-8f8d5c67baba,POLICY_APPROVED,ca6943c9e618944e3252356295c9e766ea1b012d1b24f545bf93d2c47fdb1244,product_images/p018_1_2_coctel-de-frutas.jpg,CATALOG_EVIDENCE_CROP,image/jpeg,jpg,lihen-product-web,products/c6e6e472-8f99-850d-f923-95c05bedc639/5a299743-6d71-9c11-9e5c-8f8d5c67baba/web/ca6943c9e618944e3252356295c9e766ea1b012d1b24f545bf93d2c47fdb1244.jpg,BLOCKED_EVIDENCE_IS_NOT_CANONICAL_ORIGINAL,READY_LINKAGE
39514b38-f90b-4b15-9ac1-0f12d8b1e625,CATV1-P018-R2R,d2bcaa40-84ba-0bfe-4c38-c19b2eb7f0a9,648e903f-96fe-7b34-3169-803990ec4eef,POLICY_APPROVED,5a5e8ea1a20b6378fa0da19d0b6c6f358dad0e13c50c67a577aa013a6c0b73ac,product_images/p018_2_2_tonico-anticaida.jpg,CATALOG_EVIDENCE_CROP,image/jpeg,jpg,lihen-product-web,products/d2bcaa40-84ba-0bfe-4c38-c19b2eb7f0a9/648e903f-96fe-7b34-3169-803990ec4eef/web/5a5e8ea1a20b6378fa0da19d0b6c6f358dad0e13c50c67a577aa013a6c0b73ac.jpg,BLOCKED_EVIDENCE_IS_NOT_CANONICAL_ORIGINAL,READY_LINKAGE
39514b38-f90b-4b15-9ac1-0f12d8b1e625,CATV1-P018-R3L,9083a3f2-89e3-a156-4501-3d4f30916dd8,fc7e5e19-a5f3-d90f-58a4-29de91d570ed,POLICY_APPROVED,11aa0e69d0e6c054fbfb42f7a8362d258c8fb23abd9fea06cab41cec6e0e622e,product_images/p018_1_3_sh-ginseng.jpg,CATALOG_EVIDENCE_CROP,image/jpeg,jpg,lihen-product-web,products/9083a3f2-89e3-a156-4501-3d4f30916dd8/fc7e5e19-a5f3-d90f-58a4-29de91d570ed/web/11aa0e69d0e6c054fbfb42f7a8362d258c8fb23abd9fea06cab41cec6e0e622e.jpg,BLOCKED_EVIDENCE_IS_NOT_CANONICAL_ORIGINAL,READY_LINKAGE
39514b38-f90b-4b15-9ac1-0f12d8b1e625,CATV1-P018-R3R,86eb4f94-b449-dfed-ed61-52465f4254ad,883bae5e-d933-0636-8b83-871c0a3c69bd,POLICY_APPROVED,45c76dc3d247ec485e37df95a3376d663212028cd0e4fbe55770fc52a7715b4c,product_images/p018_2_3_acondi-ginseng.jpg,CATALOG_EVIDENCE_CROP,image/jpeg,jpg,lihen-product-web,products/86eb4f94-b449-dfed-ed61-52465f4254ad/883bae5e-d933-0636-8b83-871c0a3c69bd/web/45c76dc3d247ec485e37df95a3376d663212028cd0e4fbe55770fc52a7715b4c.jpg,BLOCKED_EVIDENCE_IS_NOT_CANONICAL_ORIGINAL,READY_LINKAGE
39514b38-f90b-4b15-9ac1-0f12d8b1e625,CATV1-P019-R1L,bb84f6bd-eb1f-62b2-2266-673daec9cefb,77e0a013-bc78-cb05-ba15-f1d2dc546c68,POLICY_APPROVED,ff22ab0d18df07d18b39ab627b502b2a29d2882446459cb926cd7a24dbdbc733,product_images/p019_1_1_shampoo-aguacate.jpg,CATALOG_EVIDENCE_CROP,image/jpeg,jpg,lihen-product-web,products/bb84f6bd-eb1f-62b2-2266-673daec9cefb/77e0a013-bc78-cb05-ba15-f1d2dc546c68/web/ff22ab0d18df07d18b39ab627b502b2a29d2882446459cb926cd7a24dbdbc733.jpg,BLOCKED_EVIDENCE_IS_NOT_CANONICAL_ORIGINAL,READY_LINKAGE
39514b38-f90b-4b15-9ac1-0f12d8b1e625,CATV1-P019-R1R,433a4e18-5079-b6fd-232a-bb86574f30ab,31eb3c8f-418a-a823-160a-b069c31c3078,POLICY_APPROVED,6b38618e62816aa89ab82355548489de34f5c1b4700993766cef3df2363906c5,product_images/p019_2_1_shampoo-aleo-vera.jpg,CATALOG_EVIDENCE_CROP,image/jpeg,jpg,lihen-product-web,products/433a4e18-5079-b6fd-232a-bb86574f30ab/31eb3c8f-418a-a823-160a-b069c31c3078/web/6b38618e62816aa89ab82355548489de34f5c1b4700993766cef3df2363906c5.jpg,BLOCKED_EVIDENCE_IS_NOT_CANONICAL_ORIGINAL,READY_LINKAGE
39514b38-f90b-4b15-9ac1-0f12d8b1e625,CATV1-P019-R2L,c5653a89-15b7-ad5f-e305-47bb54ded076,bd1d5ae4-46c7-a98b-e364-23e109925645,POLICY_APPROVED,baf876490a669e79466379f148ebcfe17aabdbc841668d42b4139ea0986cf20a,product_images/p019_1_2_acondicionador-aloe.jpg,CATALOG_EVIDENCE_CROP,image/jpeg,jpg,lihen-product-web,products/c5653a89-15b7-ad5f-e305-47bb54ded076/bd1d5ae4-46c7-a98b-e364-23e109925645/web/baf876490a669e79466379f148ebcfe17aabdbc841668d42b4139ea0986cf20a.jpg,BLOCKED_EVIDENCE_IS_NOT_CANONICAL_ORIGINAL,READY_LINKAGE
39514b38-f90b-4b15-9ac1-0f12d8b1e625,CATV1-P019-R2R,e9a25b2d-b83a-d40a-67d4-268ea55483a4,9afb9219-5510-82df-754f-941148a1957c,POLICY_APPROVED,12fa6ff846261524748f7e9a34600a230d7303880854eb4efcbdf5759f47a724,product_images/p019_2_2_shampoo-gusano-de-seda.jpg,CATALOG_EVIDENCE_CROP,image/jpeg,jpg,lihen-product-web,products/e9a25b2d-b83a-d40a-67d4-268ea55483a4/9afb9219-5510-82df-754f-941148a1957c/web/12fa6ff846261524748f7e9a34600a230d7303880854eb4efcbdf5759f47a724.jpg,BLOCKED_EVIDENCE_IS_NOT_CANONICAL_ORIGINAL,READY_LINKAGE
39514b38-f90b-4b15-9ac1-0f12d8b1e625,CATV1-P019-R3L,caeaa748-5f80-88c5-93e8-0f323b66ad24,86b3a115-8377-f83c-1d7a-675bbf98c4b2,POLICY_APPROVED,eb61eedcb3607200979898b7f36ee10e6904914493367b603f4de0cc3fc573bb,product_images/p019_1_3_shampoo-anticaspa.jpg,CATALOG_EVIDENCE_CROP,image/jpeg,jpg,lihen-product-web,products/caeaa748-5f80-88c5-93e8-0f323b66ad24/86b3a115-8377-f83c-1d7a-675bbf98c4b2/web/eb61eedcb3607200979898b7f36ee10e6904914493367b603f4de0cc3fc573bb.jpg,BLOCKED_EVIDENCE_IS_NOT_CANONICAL_ORIGINAL,READY_LINKAGE
39514b38-f90b-4b15-9ac1-0f12d8b1e625,CATV1-P019-R3R,20f0a049-9845-5a45-365e-83a980d657c6,698f3302-3ee7-05ca-169f-8d42e07f58b5,POLICY_APPROVED,03e31fdf29f429dfc4142a715a50f5551a598deec08d708eec6fa31071d71732,product_images/p019_2_3_shampoo-manzanilla.jpg,CATALOG_EVIDENCE_CROP,image/jpeg,jpg,lihen-product-web,products/20f0a049-9845-5a45-365e-83a980d657c6/698f3302-3ee7-05ca-169f-8d42e07f58b5/web/03e31fdf29f429dfc4142a715a50f5551a598deec08d708eec6fa31071d71732.jpg,BLOCKED_EVIDENCE_IS_NOT_CANONICAL_ORIGINAL,READY_LINKAGE
39514b38-f90b-4b15-9ac1-0f12d8b1e625,CATV1-P020-R1L,cdda61e0-0271-abb5-b7fa-1190b0e1c246,a690a785-3919-46ab-2c4e-427f2fa0eb3e,POLICY_APPROVED,f9bf1eecbe70a78e4a8f5ca2440856629abf2a97cdc02fe6d11a96f661ac64de,product_images/p020_1_1_shampoo-cafe.jpg,CATALOG_EVIDENCE_CROP,image/jpeg,jpg,lihen-product-web,products/cdda61e0-0271-abb5-b7fa-1190b0e1c246/a690a785-3919-46ab-2c4e-427f2fa0eb3e/web/f9bf1eecbe70a78e4a8f5ca2440856629abf2a97cdc02fe6d11a96f661ac64de.jpg,BLOCKED_EVIDENCE_IS_NOT_CANONICAL_ORIGINAL,READY_LINKAGE
39514b38-f90b-4b15-9ac1-0f12d8b1e625,CATV1-P020-R1R,5e694a15-77b2-fc85-c252-97e100085f01,6891b26d-fb7a-d447-b9b6-4662fe7fe35b,POLICY_APPROVED,f06e2169690d8dc2d61064dd3555881c89736952c8e568d10909c983da852ce3,product_images/p020_2_1_crema-para-peinar.jpg,CATALOG_EVIDENCE_CROP,image/jpeg,jpg,lihen-product-web,products/5e694a15-77b2-fc85-c252-97e100085f01/6891b26d-fb7a-d447-b9b6-4662fe7fe35b/web/f06e2169690d8dc2d61064dd3555881c89736952c8e568d10909c983da852ce3.jpg,BLOCKED_EVIDENCE_IS_NOT_CANONICAL_ORIGINAL,READY_LINKAGE
39514b38-f90b-4b15-9ac1-0f12d8b1e625,CATV1-P020-R2L,9113c977-2d45-f871-073d-4dbefdf705cb,198bbbc2-6af6-f87c-e632-73781fa44ef0,POLICY_APPROVED,cc162fe85d8392e6c428b99a676eb61c3fbb88ede54a2fc3b84f8612c6fd6bcc,product_images/p020_1_2_blindagem.jpg,CATALOG_EVIDENCE_CROP,image/jpeg,jpg,lihen-product-web,products/9113c977-2d45-f871-073d-4dbefdf705cb/198bbbc2-6af6-f87c-e632-73781fa44ef0/web/cc162fe85d8392e6c428b99a676eb61c3fbb88ede54a2fc3b84f8612c6fd6bcc.jpg,BLOCKED_EVIDENCE_IS_NOT_CANONICAL_ORIGINAL,READY_LINKAGE
39514b38-f90b-4b15-9ac1-0f12d8b1e625,CATV1-P020-R2R,bc807d49-a01c-ae71-0930-aabadbc7abeb,514b00e6-eb64-b0e0-73fd-260d91b6617b,POLICY_APPROVED,4e2d468bba76b82805a770e3ae60987dd1675db7a3d666b6a51ff1f2ce477f3e,product_images/p020_2_2_shampoo-banano.jpg,CATALOG_EVIDENCE_CROP,image/jpeg,jpg,lihen-product-web,products/bc807d49-a01c-ae71-0930-aabadbc7abeb/514b00e6-eb64-b0e0-73fd-260d91b6617b/web/4e2d468bba76b82805a770e3ae60987dd1675db7a3d666b6a51ff1f2ce477f3e.jpg,BLOCKED_EVIDENCE_IS_NOT_CANONICAL_ORIGINAL,READY_LINKAGE
39514b38-f90b-4b15-9ac1-0f12d8b1e625,CATV1-P020-R3L,dcfc6c24-aa28-7cc0-2f34-2f8d0b6bd0d9,e52d4e3a-a28d-b1d4-5116-8a76cacc9e88,POLICY_APPROVED,fb5423820dd9cbb1df5bca8e01dba91a4722a13b996c9c3024c739ca455fe9c4,product_images/p020_1_3_acondicionador-banano.jpg,CATALOG_EVIDENCE_CROP,image/jpeg,jpg,lihen-product-web,products/dcfc6c24-aa28-7cc0-2f34-2f8d0b6bd0d9/e52d4e3a-a28d-b1d4-5116-8a76cacc9e88/web/fb5423820dd9cbb1df5bca8e01dba91a4722a13b996c9c3024c739ca455fe9c4.jpg,BLOCKED_EVIDENCE_IS_NOT_CANONICAL_ORIGINAL,READY_LINKAGE
39514b38-f90b-4b15-9ac1-0f12d8b1e625,CATV1-P020-R3R,99cea97c-30f3-54a1-32f9-58bcc99768bd,53194ebb-c115-cebf-bcc3-0a616bd855f3,POLICY_APPROVED,ac85fb7b302b3d674592fcf693305ec43b9376be1490a1bd349e14c4f09b8138,product_images/p020_2_3_mascarilla-de-banano.jpg,CATALOG_EVIDENCE_CROP,image/jpeg,jpg,lihen-product-web,products/99cea97c-30f3-54a1-32f9-58bcc99768bd/53194ebb-c115-cebf-bcc3-0a616bd855f3/web/ac85fb7b302b3d674592fcf693305ec43b9376be1490a1bd349e14c4f09b8138.jpg,BLOCKED_EVIDENCE_IS_NOT_CANONICAL_ORIGINAL,READY_LINKAGE
39514b38-f90b-4b15-9ac1-0f12d8b1e625,CATV1-P021-R1L,6e1cbf77-84a8-e919-1f1b-33dccb173537,49a0b612-567b-f620-a4be-a7e606de7078,POLICY_APPROVED,a7d5e04613b55c63cb08b97deb3f2110f4eb30583e9ee7b5db1b10c163bafd31,product_images/p021_1_1_crema-depeinar-banano.jpg,CATALOG_EVIDENCE_CROP,image/jpeg,jpg,lihen-product-web,products/6e1cbf77-84a8-e919-1f1b-33dccb173537/49a0b612-567b-f620-a4be-a7e606de7078/web/a7d5e04613b55c63cb08b97deb3f2110f4eb30583e9ee7b5db1b10c163bafd31.jpg,BLOCKED_EVIDENCE_IS_NOT_CANONICAL_ORIGINAL,READY_LINKAGE
39514b38-f90b-4b15-9ac1-0f12d8b1e625,CATV1-P021-R1R,32c6f311-727c-521c-efa7-2c408fb8cc9f,4364cb19-a434-2f49-7b8d-36c5d243e572,POLICY_APPROVED,7e353635d247ad22cee996336d512fe9459a538843aa7525eae9fc57abe98554,product_images/p021_2_1_tratami-nutritivo.jpg,CATALOG_EVIDENCE_CROP,image/jpeg,jpg,lihen-product-web,products/32c6f311-727c-521c-efa7-2c408fb8cc9f/4364cb19-a434-2f49-7b8d-36c5d243e572/web/7e353635d247ad22cee996336d512fe9459a538843aa7525eae9fc57abe98554.jpg,BLOCKED_EVIDENCE_IS_NOT_CANONICAL_ORIGINAL,READY_LINKAGE
39514b38-f90b-4b15-9ac1-0f12d8b1e625,CATV1-P021-R2L,4eb828ce-f254-2159-e7b2-0d0d80eda5b0,b3818c1d-0f4c-dfb5-c2cb-3b3fed6e3f7f,POLICY_APPROVED,d2728dd5ea2f732940f17ab52d1be8023acc3b72fa9ff8e6cf187f5789607443,product_images/p021_1_2_shampoo-en-seco.jpg,CATALOG_EVIDENCE_CROP,image/jpeg,jpg,lihen-product-web,products/4eb828ce-f254-2159-e7b2-0d0d80eda5b0/b3818c1d-0f4c-dfb5-c2cb-3b3fed6e3f7f/web/d2728dd5ea2f732940f17ab52d1be8023acc3b72fa9ff8e6cf187f5789607443.jpg,BLOCKED_EVIDENCE_IS_NOT_CANONICAL_ORIGINAL,READY_LINKAGE
39514b38-f90b-4b15-9ac1-0f12d8b1e625,CATV1-P021-R2R,dfbb51f5-82e7-c683-b609-8bc0a3350884,cb283af8-2127-1cb9-99fe-e838a64f03be,POLICY_APPROVED,c875cf38727abb66e9842833d60944ef3205be579306a92da977d5a534363b28,product_images/p021_2_2_shampoo-curly.jpg,CATALOG_EVIDENCE_CROP,image/jpeg,jpg,lihen-product-web,products/dfbb51f5-82e7-c683-b609-8bc0a3350884/cb283af8-2127-1cb9-99fe-e838a64f03be/web/c875cf38727abb66e9842833d60944ef3205be579306a92da977d5a534363b28.jpg,BLOCKED_EVIDENCE_IS_NOT_CANONICAL_ORIGINAL,READY_LINKAGE
39514b38-f90b-4b15-9ac1-0f12d8b1e625,CATV1-P021-R3L,176628df-bafb-ec14-813b-523f42dd92c8,997a57b2-fd00-4035-69d0-9b8e198d2433,POLICY_APPROVED,507bcbbf54805cdd699a21dbe40292d72686059e7e1206f0362892946a5b17f1,product_images/p021_1_3_acondi-curly-afro.jpg,CATALOG_EVIDENCE_CROP,image/jpeg,jpg,lihen-product-web,products/176628df-bafb-ec14-813b-523f42dd92c8/997a57b2-fd00-4035-69d0-9b8e198d2433/web/507bcbbf54805cdd699a21dbe40292d72686059e7e1206f0362892946a5b17f1.jpg,BLOCKED_EVIDENCE_IS_NOT_CANONICAL_ORIGINAL,READY_LINKAGE
39514b38-f90b-4b15-9ac1-0f12d8b1e625,CATV1-P021-R3R,2b34196e-812a-1270-6493-a399b80b713e,1c91a618-b43d-9933-4400-724df4fa571e,POLICY_APPROVED,ef088fad874bb918992fe9843717ff462b027ffeaaeef4cb8543b3f1d3a80cd3,product_images/p021_2_3_crema-de-peinar-curly.jpg,CATALOG_EVIDENCE_CROP,image/jpeg,jpg,lihen-product-web,products/2b34196e-812a-1270-6493-a399b80b713e/1c91a618-b43d-9933-4400-724df4fa571e/web/ef088fad874bb918992fe9843717ff462b027ffeaaeef4cb8543b3f1d3a80cd3.jpg,BLOCKED_EVIDENCE_IS_NOT_CANONICAL_ORIGINAL,READY_LINKAGE
39514b38-f90b-4b15-9ac1-0f12d8b1e625,CATV1-P022-R1L,16890fef-4906-5a7c-d61a-82824b3c82c2,e1f7ddc0-4131-7d06-40a4-885b42f0f7b9,POLICY_APPROVED,bf8926d49015adb7f840c0709e30393550584e442b98153e1df59d5055c90a21,product_images/p022_1_1_mascarilla-afro-curly.jpg,CATALOG_EVIDENCE_CROP,image/jpeg,jpg,lihen-product-web,products/16890fef-4906-5a7c-d61a-82824b3c82c2/e1f7ddc0-4131-7d06-40a4-885b42f0f7b9/web/bf8926d49015adb7f840c0709e30393550584e442b98153e1df59d5055c90a21.jpg,BLOCKED_EVIDENCE_IS_NOT_CANONICAL_ORIGINAL,READY_LINKAGE
39514b38-f90b-4b15-9ac1-0f12d8b1e625,CATV1-P022-R1R,e5b316ee-25a1-d752-fb97-142a9022a347,468e715d-61cb-ebe4-f114-009b8d5c84ba,POLICY_APPROVED,590237c8962ab98a7a0b5b85ac1026474f470b2e25443a7e2c5d39be07f1fbae,product_images/p022_2_1_gel-definidora.jpg,CATALOG_EVIDENCE_CROP,image/jpeg,jpg,lihen-product-web,products/e5b316ee-25a1-d752-fb97-142a9022a347/468e715d-61cb-ebe4-f114-009b8d5c84ba/web/590237c8962ab98a7a0b5b85ac1026474f470b2e25443a7e2c5d39be07f1fbae.jpg,BLOCKED_EVIDENCE_IS_NOT_CANONICAL_ORIGINAL,READY_LINKAGE
39514b38-f90b-4b15-9ac1-0f12d8b1e625,CATV1-P022-R2L,f3c54656-47e1-a221-9ab7-4f54a62706d7,0ef166dd-ec9a-dc34-81fa-e64855615fb4,POLICY_APPROVED,af6277bba7f3a004dfd3bcd6ee13e3c2216532fe5ec9037699305507fe22f2a7,product_images/p022_1_2_oleo-capilar.jpg,CATALOG_EVIDENCE_CROP,image/jpeg,jpg,lihen-product-web,products/f3c54656-47e1-a221-9ab7-4f54a62706d7/0ef166dd-ec9a-dc34-81fa-e64855615fb4/web/af6277bba7f3a004dfd3bcd6ee13e3c2216532fe5ec9037699305507fe22f2a7.jpg,BLOCKED_EVIDENCE_IS_NOT_CANONICAL_ORIGINAL,READY_LINKAGE
39514b38-f90b-4b15-9ac1-0f12d8b1e625,CATV1-P022-R2R,69f8e853-102e-d4ed-a9cb-d8b30b5c5bc1,2a9dcc48-d75b-b7f8-a676-9051ea5020b7,POLICY_APPROVED,f3beb9b553134e4315380f0a1568b79c2ce5538fa28885e7ef9089b731623aaf,product_images/p022_2_2_aura-capilar.jpg,CATALOG_EVIDENCE_CROP,image/jpeg,jpg,lihen-product-web,products/69f8e853-102e-d4ed-a9cb-d8b30b5c5bc1/2a9dcc48-d75b-b7f8-a676-9051ea5020b7/web/f3beb9b553134e4315380f0a1568b79c2ce5538fa28885e7ef9089b731623aaf.jpg,BLOCKED_EVIDENCE_IS_NOT_CANONICAL_ORIGINAL,READY_LINKAGE
39514b38-f90b-4b15-9ac1-0f12d8b1e625,CATV1-P022-R3L,dde58eb8-0093-870f-73b5-bdad81671f6a,2aab5d7c-4960-e935-b084-0afb1aa5d07b,POLICY_APPROVED,8e866c74d0d17534eadbd23dbc9a328cffc854ad3d2b6571eba5b7f4bb0b13fc,product_images/p022_1_3_anyeplex.jpg,CATALOG_EVIDENCE_CROP,image/jpeg,jpg,lihen-product-web,products/dde58eb8-0093-870f-73b5-bdad81671f6a/2aab5d7c-4960-e935-b084-0afb1aa5d07b/web/8e866c74d0d17534eadbd23dbc9a328cffc854ad3d2b6571eba5b7f4bb0b13fc.jpg,BLOCKED_EVIDENCE_IS_NOT_CANONICAL_ORIGINAL,READY_LINKAGE
39514b38-f90b-4b15-9ac1-0f12d8b1e625,CATV1-P022-R3R,17e4cd17-7a2f-acc4-30a4-bcd59eaac575,ac525550-36d2-a3c9-b61a-ef96af068867,POLICY_APPROVED,a6ea19d87bad055eb3de512228a9a7986b0089685507ab1fb30f41fcddcf79ad,product_images/p022_2_3_perfume-anyeluz.jpg,CATALOG_EVIDENCE_CROP,image/jpeg,jpg,lihen-product-web,products/17e4cd17-7a2f-acc4-30a4-bcd59eaac575/ac525550-36d2-a3c9-b61a-ef96af068867/web/a6ea19d87bad055eb3de512228a9a7986b0089685507ab1fb30f41fcddcf79ad.jpg,BLOCKED_EVIDENCE_IS_NOT_CANONICAL_ORIGINAL,READY_LINKAGE
39514b38-f90b-4b15-9ac1-0f12d8b1e625,CATV1-P023-R1L,f328a3f5-1424-45b0-c0c3-68adc98730fe,cf5d0b09-dd53-96b3-a5b4-5c4a704c8b6e,POLICY_APPROVED,bed8b3256c7c25ef86c70f2daae78473e0a1117334d8a2315e6836378ffabe7d,product_images/p023_1_1_vitamina-c-dia-y-noche-c-u.jpg,CATALOG_EVIDENCE_CROP,image/jpeg,jpg,lihen-product-web,products/f328a3f5-1424-45b0-c0c3-68adc98730fe/cf5d0b09-dd53-96b3-a5b4-5c4a704c8b6e/web/bed8b3256c7c25ef86c70f2daae78473e0a1117334d8a2315e6836378ffabe7d.jpg,BLOCKED_EVIDENCE_IS_NOT_CANONICAL_ORIGINAL,READY_LINKAGE
39514b38-f90b-4b15-9ac1-0f12d8b1e625,CATV1-P023-R1R,48eeae46-7c89-48b9-4c0a-4707add89231,6f0eb938-2295-364a-22a0-1a7029cdf094,POLICY_APPROVED,5bf8ba21129a95749449fc499dcbe7b5965b408f40fb31cf3ce440bcededc073,product_images/p023_2_1_bloqueador-solar.jpg,CATALOG_EVIDENCE_CROP,image/jpeg,jpg,lihen-product-web,products/48eeae46-7c89-48b9-4c0a-4707add89231/6f0eb938-2295-364a-22a0-1a7029cdf094/web/5bf8ba21129a95749449fc499dcbe7b5965b408f40fb31cf3ce440bcededc073.jpg,BLOCKED_EVIDENCE_IS_NOT_CANONICAL_ORIGINAL,READY_LINKAGE
39514b38-f90b-4b15-9ac1-0f12d8b1e625,CATV1-P023-R2L,3e536bb1-1b0e-c669-b7d2-8f142e7c95b2,d1918746-8796-f15e-ec81-a1c9828fc692,POLICY_APPROVED,0afa223f707f5e93ab7a3b23ec91839e3d1cd742c6ce8c3fd516c7e3e279b048,product_images/p023_1_2_oleo-antiedad.jpg,CATALOG_EVIDENCE_CROP,image/jpeg,jpg,lihen-product-web,products/3e536bb1-1b0e-c669-b7d2-8f142e7c95b2/d1918746-8796-f15e-ec81-a1c9828fc692/web/0afa223f707f5e93ab7a3b23ec91839e3d1cd742c6ce8c3fd516c7e3e279b048.jpg,BLOCKED_EVIDENCE_IS_NOT_CANONICAL_ORIGINAL,READY_LINKAGE
39514b38-f90b-4b15-9ac1-0f12d8b1e625,CATV1-P023-R2R,98a281d6-fe7a-f43e-dbfb-6abeb0167671,f1010dfd-6a6c-62d2-1cfb-ee10cf0d250c,POLICY_APPROVED,e1bd55aab1caf8b2e027e27d0040b9b272bb904255eb2a95d944a8831ad21e59,product_images/p023_2_2_perfume-rosas.jpg,CATALOG_EVIDENCE_CROP,image/jpeg,jpg,lihen-product-web,products/98a281d6-fe7a-f43e-dbfb-6abeb0167671/f1010dfd-6a6c-62d2-1cfb-ee10cf0d250c/web/e1bd55aab1caf8b2e027e27d0040b9b272bb904255eb2a95d944a8831ad21e59.jpg,BLOCKED_EVIDENCE_IS_NOT_CANONICAL_ORIGINAL,READY_LINKAGE
39514b38-f90b-4b15-9ac1-0f12d8b1e625,CATV1-P023-R3L,0530c2e9-3df6-36cd-e0c3-f7deebd16238,67761c6f-2a76-64e1-eecb-c412b2997a5a,POLICY_APPROVED,498eee7340cc1af0237940e3af4cf7262dea37b31eecfbefac2a731e6c90e6bc,product_images/p023_1_3_acido-y-hiluronico.jpg,CATALOG_EVIDENCE_CROP,image/jpeg,jpg,lihen-product-web,products/0530c2e9-3df6-36cd-e0c3-f7deebd16238/67761c6f-2a76-64e1-eecb-c412b2997a5a/web/498eee7340cc1af0237940e3af4cf7262dea37b31eecfbefac2a731e6c90e6bc.jpg,BLOCKED_EVIDENCE_IS_NOT_CANONICAL_ORIGINAL,READY_LINKAGE
39514b38-f90b-4b15-9ac1-0f12d8b1e625,CATV1-P023-R3R,1b400ad9-a9dd-3e4d-fd0f-31d13f5c8ce4,34d910f5-4a7f-ce24-e2c2-4219ffb37162,POLICY_APPROVED,ba6e0240725173bb02baae219535a38a1f264c753fe8c1e71eb197d8fa91a651,product_images/p023_2_3_crema-corporal.jpg,CATALOG_EVIDENCE_CROP,image/jpeg,jpg,lihen-product-web,products/1b400ad9-a9dd-3e4d-fd0f-31d13f5c8ce4/34d910f5-4a7f-ce24-e2c2-4219ffb37162/web/ba6e0240725173bb02baae219535a38a1f264c753fe8c1e71eb197d8fa91a651.jpg,BLOCKED_EVIDENCE_IS_NOT_CANONICAL_ORIGINAL,READY_LINKAGE
39514b38-f90b-4b15-9ac1-0f12d8b1e625,CATV1-P024-R1L,ecfa1c38-8060-acd9-fa0f-b97d518c9d4a,c7cc37d3-fe29-bd65-0b27-dd65d3232db0,POLICY_APPROVED,1329b9612b675be5c6800c5f65c207f488a258a52fc34ba34bd66c420655e728,product_images/p024_1_1_gomitas-fortificadas.jpg,CATALOG_EVIDENCE_CROP,image/jpeg,jpg,lihen-product-web,products/ecfa1c38-8060-acd9-fa0f-b97d518c9d4a/c7cc37d3-fe29-bd65-0b27-dd65d3232db0/web/1329b9612b675be5c6800c5f65c207f488a258a52fc34ba34bd66c420655e728.jpg,BLOCKED_EVIDENCE_IS_NOT_CANONICAL_ORIGINAL,READY_LINKAGE
39514b38-f90b-4b15-9ac1-0f12d8b1e625,CATV1-P024-R1R,7b0bbfb8-60cf-c460-2dce-0dd9c4f75594,aea0cb2c-9f83-7d2f-e46a-55ae6ba0b91c,POLICY_APPROVED,bdb0110e02f5c2f353a8a30050486cc0b4924862d447e8368c160a18a072c79a,product_images/p024_2_1_colageno.jpg,CATALOG_EVIDENCE_CROP,image/jpeg,jpg,lihen-product-web,products/7b0bbfb8-60cf-c460-2dce-0dd9c4f75594/aea0cb2c-9f83-7d2f-e46a-55ae6ba0b91c/web/bdb0110e02f5c2f353a8a30050486cc0b4924862d447e8368c160a18a072c79a.jpg,BLOCKED_EVIDENCE_IS_NOT_CANONICAL_ORIGINAL,READY_LINKAGE
39514b38-f90b-4b15-9ac1-0f12d8b1e625,CATV1-P024-R2L,ea1064d8-5a9c-d9c0-cd64-ba400161195a,dd3962f2-c7bf-be36-88e7-0ad23a8306d8,POLICY_APPROVED,635e11ef550d721ce416cbb0dbac2df4fe705658f0ac734aebecf3fa6ceca2d2,product_images/p024_1_2_gel-reductor.jpg,CATALOG_EVIDENCE_CROP,image/jpeg,jpg,lihen-product-web,products/ea1064d8-5a9c-d9c0-cd64-ba400161195a/dd3962f2-c7bf-be36-88e7-0ad23a8306d8/web/635e11ef550d721ce416cbb0dbac2df4fe705658f0ac734aebecf3fa6ceca2d2.jpg,BLOCKED_EVIDENCE_IS_NOT_CANONICAL_ORIGINAL,READY_LINKAGE
39514b38-f90b-4b15-9ac1-0f12d8b1e625,CATV1-P024-R2R,0862b5ba-90a3-1754-5e45-58645334c955,b99ed2c8-dd04-0a18-88e8-50a416bcaada,POLICY_APPROVED,f6879be59f9263861866b9e00bbda8295b238bb4cd965f82315466a0ca2d1a2e,product_images/p024_2_2_bronceador-anyeluz.jpg,CATALOG_EVIDENCE_CROP,image/jpeg,jpg,lihen-product-web,products/0862b5ba-90a3-1754-5e45-58645334c955/b99ed2c8-dd04-0a18-88e8-50a416bcaada/web/f6879be59f9263861866b9e00bbda8295b238bb4cd965f82315466a0ca2d1a2e.jpg,BLOCKED_EVIDENCE_IS_NOT_CANONICAL_ORIGINAL,READY_LINKAGE
39514b38-f90b-4b15-9ac1-0f12d8b1e625,CATV1-P024-R3L,9033ed09-15e8-0070-2bc4-692f195c6b6e,8107c51c-fbb6-c9fd-0267-56070e70bc49,POLICY_APPROVED,8847eff835991a5190e8b73b60885b88e41980909edff3d33581eec38bd97e76,product_images/p024_1_3_jalea-facial-anyeluz.jpg,CATALOG_EVIDENCE_CROP,image/jpeg,jpg,lihen-product-web,products/9033ed09-15e8-0070-2bc4-692f195c6b6e/8107c51c-fbb6-c9fd-0267-56070e70bc49/web/8847eff835991a5190e8b73b60885b88e41980909edff3d33581eec38bd97e76.jpg,BLOCKED_EVIDENCE_IS_NOT_CANONICAL_ORIGINAL,READY_LINKAGE
39514b38-f90b-4b15-9ac1-0f12d8b1e625,CATV1-P024-R3R,35667122-4257-fcb0-d629-5128e6fda0bf,473b9190-bf00-83b6-d17a-26c78aa62731,POLICY_APPROVED,34417fe6e4d7e73333ee89c87aba23c1e3ca9ad579fbf2bff158392b8e17d1c4,product_images/p024_2_3_tonico-facial-rosas-anyeluz.jpg,CATALOG_EVIDENCE_CROP,image/jpeg,jpg,lihen-product-web,products/35667122-4257-fcb0-d629-5128e6fda0bf/473b9190-bf00-83b6-d17a-26c78aa62731/web/34417fe6e4d7e73333ee89c87aba23c1e3ca9ad579fbf2bff158392b8e17d1c4.jpg,BLOCKED_EVIDENCE_IS_NOT_CANONICAL_ORIGINAL,READY_LINKAGE
39514b38-f90b-4b15-9ac1-0f12d8b1e625,CATV1-P025-R1L,33957a6c-e2c8-4a9d-dda4-73c6e3d62b58,c1dfbe3c-bd4b-a4ae-2dcb-4c12f339d00f,POLICY_APPROVED,43034e42af3e4ff9da162a0be4a177a2e6918159b9e7dfbb133a3ed4c02cee6c,product_images/p025_1_1_tratamiento-de-maca.jpg,CATALOG_EVIDENCE_CROP,image/jpeg,jpg,lihen-product-web,products/33957a6c-e2c8-4a9d-dda4-73c6e3d62b58/c1dfbe3c-bd4b-a4ae-2dcb-4c12f339d00f/web/43034e42af3e4ff9da162a0be4a177a2e6918159b9e7dfbb133a3ed4c02cee6c.jpg,BLOCKED_EVIDENCE_IS_NOT_CANONICAL_ORIGINAL,READY_LINKAGE
39514b38-f90b-4b15-9ac1-0f12d8b1e625,CATV1-P025-R1R,24f658d1-3e34-3f0a-7330-daeef0d51e8a,506123f7-36ab-e83a-8ed0-a52b54679a6e,POLICY_APPROVED,c5b672903cf8a3cfae5fe569ca56f54143a76519c632afc7a88f2b73c9d7de38,product_images/p025_2_1_shampoo-profesional-liso-en-casa.jpg,CATALOG_EVIDENCE_CROP,image/jpeg,jpg,lihen-product-web,products/24f658d1-3e34-3f0a-7330-daeef0d51e8a/506123f7-36ab-e83a-8ed0-a52b54679a6e/web/c5b672903cf8a3cfae5fe569ca56f54143a76519c632afc7a88f2b73c9d7de38.jpg,BLOCKED_EVIDENCE_IS_NOT_CANONICAL_ORIGINAL,READY_LINKAGE
39514b38-f90b-4b15-9ac1-0f12d8b1e625,CATV1-P025-R2L,120c7dcb-d1b7-1851-0377-44dd0be9c69b,02e73b55-133c-9f61-467d-9e034249d2ce,HUMAN_APPROVED,25b5a1fd4b40c39f1d7a39599ec696258a64259d930ca5e3b6facac7e8539f82,product_images/p025_1_2_profesional-liso-en-casa.jpg,CATALOG_EVIDENCE_CROP,image/jpeg,jpg,lihen-product-web,products/120c7dcb-d1b7-1851-0377-44dd0be9c69b/02e73b55-133c-9f61-467d-9e034249d2ce/web/25b5a1fd4b40c39f1d7a39599ec696258a64259d930ca5e3b6facac7e8539f82.jpg,BLOCKED_EVIDENCE_IS_NOT_CANONICAL_ORIGINAL,READY_LINKAGE
39514b38-f90b-4b15-9ac1-0f12d8b1e625,CATV1-P025-R2R,8b044835-3919-3561-5e40-04ffa4c3379c,873b1d1a-0f78-3318-82c8-1653e323bb5c,HUMAN_APPROVED,fd0601bab61f16fdf6db1dfb7cca9a3c426668f314eed48fa4e250609bca74c8,product_images/p025_2_2_profesional-liso-en-casa.jpg,CATALOG_EVIDENCE_CROP,image/jpeg,jpg,lihen-product-web,products/8b044835-3919-3561-5e40-04ffa4c3379c/873b1d1a-0f78-3318-82c8-1653e323bb5c/web/fd0601bab61f16fdf6db1dfb7cca9a3c426668f314eed48fa4e250609bca74c8.jpg,BLOCKED_EVIDENCE_IS_NOT_CANONICAL_ORIGINAL,READY_LINKAGE
39514b38-f90b-4b15-9ac1-0f12d8b1e625,CATV1-P025-R3L,43df7455-f40e-6c47-02ef-d424518be222,9c5f409f-aeeb-424f-60b5-7fa1d9edebbe,POLICY_APPROVED,ac8ca38c0db2e221e160ee44f307088af180a01612877a16a17a3f59cec9f731,product_images/p025_1_3_mascarilla-capilar-con-vapor.jpg,CATALOG_EVIDENCE_CROP,image/jpeg,jpg,lihen-product-web,products/43df7455-f40e-6c47-02ef-d424518be222/9c5f409f-aeeb-424f-60b5-7fa1d9edebbe/web/ac8ca38c0db2e221e160ee44f307088af180a01612877a16a17a3f59cec9f731.jpg,BLOCKED_EVIDENCE_IS_NOT_CANONICAL_ORIGINAL,READY_LINKAGE
39514b38-f90b-4b15-9ac1-0f12d8b1e625,CATV1-P027-R1L,14de87bf-116b-6055-0180-441d78a075fe,6d3d4927-aec6-7d60-5d15-236e15f075a4,POLICY_APPROVED,0f5b2a9ed1cb9ef3932ce120e1630821fd91b6378bcf7036c8d4511260083ad9,product_images/p027_1_1_shampoo-kids.jpg,CATALOG_EVIDENCE_CROP,image/jpeg,jpg,lihen-product-web,products/14de87bf-116b-6055-0180-441d78a075fe/6d3d4927-aec6-7d60-5d15-236e15f075a4/web/0f5b2a9ed1cb9ef3932ce120e1630821fd91b6378bcf7036c8d4511260083ad9.jpg,BLOCKED_EVIDENCE_IS_NOT_CANONICAL_ORIGINAL,READY_LINKAGE
39514b38-f90b-4b15-9ac1-0f12d8b1e625,CATV1-P027-R1R,38c45804-e699-cc04-c43e-44e164973b7e,def64838-41c4-aae0-cd3f-23f929d5eec5,POLICY_APPROVED,bb1a0bd427840590defb92427f6fee8159dfeae0e2aabf6e91a46332c007980f,product_images/p027_2_1_shampoo-ultranutritivo.jpg,CATALOG_EVIDENCE_CROP,image/jpeg,jpg,lihen-product-web,products/38c45804-e699-cc04-c43e-44e164973b7e/def64838-41c4-aae0-cd3f-23f929d5eec5/web/bb1a0bd427840590defb92427f6fee8159dfeae0e2aabf6e91a46332c007980f.jpg,BLOCKED_EVIDENCE_IS_NOT_CANONICAL_ORIGINAL,READY_LINKAGE
39514b38-f90b-4b15-9ac1-0f12d8b1e625,CATV1-P027-R2L,e18c3818-2a8b-56ba-cc27-29de40e424a1,8c5c1baf-c439-321d-5b85-e2af34d5178f,POLICY_APPROVED,843fdc2b2da1c8d47ad2a5d50f81a298e0447fdde38a500fbb375d1e40b867aa,product_images/p027_1_2_shampoo-magia-capialr.jpg,CATALOG_EVIDENCE_CROP,image/jpeg,jpg,lihen-product-web,products/e18c3818-2a8b-56ba-cc27-29de40e424a1/8c5c1baf-c439-321d-5b85-e2af34d5178f/web/843fdc2b2da1c8d47ad2a5d50f81a298e0447fdde38a500fbb375d1e40b867aa.jpg,BLOCKED_EVIDENCE_IS_NOT_CANONICAL_ORIGINAL,READY_LINKAGE
39514b38-f90b-4b15-9ac1-0f12d8b1e625,CATV1-P027-R2R,9ac21c55-ca1b-e977-ad0e-869d623f3d11,a46a9f53-181b-dfd5-9a27-b3a7c8d1b4d3,POLICY_APPROVED,6cefd7ccdd37ce42ee081128d306e7b3cf2b5856ebfc1c82c8fd1f912b8b7815,product_images/p027_2_2_biorepo.jpg,CATALOG_EVIDENCE_CROP,image/jpeg,jpg,lihen-product-web,products/9ac21c55-ca1b-e977-ad0e-869d623f3d11/a46a9f53-181b-dfd5-9a27-b3a7c8d1b4d3/web/6cefd7ccdd37ce42ee081128d306e7b3cf2b5856ebfc1c82c8fd1f912b8b7815.jpg,BLOCKED_EVIDENCE_IS_NOT_CANONICAL_ORIGINAL,READY_LINKAGE
39514b38-f90b-4b15-9ac1-0f12d8b1e625,CATV1-P027-R3L,1321363f-964c-9287-bba9-d9b5861b608a,f8c16baa-2b80-1a66-f044-bfdc7cdd31dd,POLICY_APPROVED,0375df204e2229f9a857456e5bd7f0a5f1fd60b10bfcec7d537fb14db221ba4f,product_images/p027_1_3_trata-emergencia-capilar.jpg,CATALOG_EVIDENCE_CROP,image/jpeg,jpg,lihen-product-web,products/1321363f-964c-9287-bba9-d9b5861b608a/f8c16baa-2b80-1a66-f044-bfdc7cdd31dd/web/0375df204e2229f9a857456e5bd7f0a5f1fd60b10bfcec7d537fb14db221ba4f.jpg,BLOCKED_EVIDENCE_IS_NOT_CANONICAL_ORIGINAL,READY_LINKAGE
39514b38-f90b-4b15-9ac1-0f12d8b1e625,CATV1-P028-R1R,e79855e5-7b11-749b-f37b-0f8b97014d01,70856b8e-42e0-921d-f6ad-614aafc3ea9f,POLICY_APPROVED,fa8f9a930fbf0be73598c21a295181a888336e31f6bfa9beb3482875f5929e06,product_images/p028_2_1_tratamiento-de-rizos.jpg,CATALOG_EVIDENCE_CROP,image/jpeg,jpg,lihen-product-web,products/e79855e5-7b11-749b-f37b-0f8b97014d01/70856b8e-42e0-921d-f6ad-614aafc3ea9f/web/fa8f9a930fbf0be73598c21a295181a888336e31f6bfa9beb3482875f5929e06.jpg,BLOCKED_EVIDENCE_IS_NOT_CANONICAL_ORIGINAL,READY_LINKAGE
39514b38-f90b-4b15-9ac1-0f12d8b1e625,CATV1-P028-R2L,9d501e52-e6e4-bf7d-ef32-90ba0c34ec5d,9e7061ae-2580-5ce7-7b71-f12a50c8be25,POLICY_APPROVED,551647c0878878ad0d2b1c6be54c7c841e980ca19c5192f2d735da648aad5498,product_images/p028_1_2_shampoo-anticaspa.jpg,CATALOG_EVIDENCE_CROP,image/jpeg,jpg,lihen-product-web,products/9d501e52-e6e4-bf7d-ef32-90ba0c34ec5d/9e7061ae-2580-5ce7-7b71-f12a50c8be25/web/551647c0878878ad0d2b1c6be54c7c841e980ca19c5192f2d735da648aad5498.jpg,BLOCKED_EVIDENCE_IS_NOT_CANONICAL_ORIGINAL,READY_LINKAGE
39514b38-f90b-4b15-9ac1-0f12d8b1e625,CATV1-P028-R2R,8793d235-cf76-cf68-67bf-08d097f6a33b,9cfe6229-f534-e472-f40b-b70ad9efa8da,POLICY_APPROVED,b81f746f5a18937ec4a87cd6503a66aed81b5a58a23955c75cb4462bdd5242f9,product_images/p028_2_2_desenredante.jpg,CATALOG_EVIDENCE_CROP,image/jpeg,jpg,lihen-product-web,products/8793d235-cf76-cf68-67bf-08d097f6a33b/9cfe6229-f534-e472-f40b-b70ad9efa8da/web/b81f746f5a18937ec4a87cd6503a66aed81b5a58a23955c75cb4462bdd5242f9.jpg,BLOCKED_EVIDENCE_IS_NOT_CANONICAL_ORIGINAL,READY_LINKAGE
39514b38-f90b-4b15-9ac1-0f12d8b1e625,CATV1-P028-R3L,f54a051a-0b6f-a165-ac78-95d3c3756ff1,c963ebc4-60d0-92e6-d714-38d19840aad9,POLICY_APPROVED,c83ec1820cd1d5eeb787f1ff976ad86a69a21cfb04201e0b120c768cbcb83943,product_images/p028_1_3_tonico-herbal.jpg,CATALOG_EVIDENCE_CROP,image/jpeg,jpg,lihen-product-web,products/f54a051a-0b6f-a165-ac78-95d3c3756ff1/c963ebc4-60d0-92e6-d714-38d19840aad9/web/c83ec1820cd1d5eeb787f1ff976ad86a69a21cfb04201e0b120c768cbcb83943.jpg,BLOCKED_EVIDENCE_IS_NOT_CANONICAL_ORIGINAL,READY_LINKAGE
39514b38-f90b-4b15-9ac1-0f12d8b1e625,CATV1-P028-R3R,f61131a0-dd0d-126f-2b9a-146a3c91108b,bfffab06-344c-7bcc-b122-9e1b0be9072e,HUMAN_APPROVED,f917ae7b7949f2efb13eb0a647480658d8d26ee8902acd60d629b581f2a4ef7d,product_images/p028_2_3_shampoo-biorepo.jpg,CATALOG_EVIDENCE_CROP,image/jpeg,jpg,lihen-product-web,products/f61131a0-dd0d-126f-2b9a-146a3c91108b/bfffab06-344c-7bcc-b122-9e1b0be9072e/web/f917ae7b7949f2efb13eb0a647480658d8d26ee8902acd60d629b581f2a4ef7d.jpg,BLOCKED_EVIDENCE_IS_NOT_CANONICAL_ORIGINAL,READY_LINKAGE
39514b38-f90b-4b15-9ac1-0f12d8b1e625,CATV1-P029-R1L,ed51457f-75ce-45e9-10c6-17a3580b1042,f3d754ac-f441-0a71-275c-36f390db0ed7,POLICY_APPROVED,23ba1515e44d301fa8827fe1615c71dc5b055430b08d631d71ce990ff59c8b62,product_images/p029_1_1_ampolleta.jpg,CATALOG_EVIDENCE_CROP,image/jpeg,jpg,lihen-product-web,products/ed51457f-75ce-45e9-10c6-17a3580b1042/f3d754ac-f441-0a71-275c-36f390db0ed7/web/23ba1515e44d301fa8827fe1615c71dc5b055430b08d631d71ce990ff59c8b62.jpg,BLOCKED_EVIDENCE_IS_NOT_CANONICAL_ORIGINAL,READY_LINKAGE
39514b38-f90b-4b15-9ac1-0f12d8b1e625,CATV1-P029-R1R,4e743be0-2a66-104c-e081-5c514e75e1f5,8693caab-f212-7afa-f72c-1201af189cbf,POLICY_APPROVED,1039f4d55bd050032135980be0ecdf456e313e69b68253b05344370c2aea8569,product_images/p029_2_1_gotas-magicas.jpg,CATALOG_EVIDENCE_CROP,image/jpeg,jpg,lihen-product-web,products/4e743be0-2a66-104c-e081-5c514e75e1f5/8693caab-f212-7afa-f72c-1201af189cbf/web/1039f4d55bd050032135980be0ecdf456e313e69b68253b05344370c2aea8569.jpg,BLOCKED_EVIDENCE_IS_NOT_CANONICAL_ORIGINAL,READY_LINKAGE
39514b38-f90b-4b15-9ac1-0f12d8b1e625,CATV1-P029-R2L,581e8a17-179a-3be2-b149-4505f1c439c6,115b5408-c0e5-da43-c508-c4f205b2cadb,HUMAN_APPROVED,a0d8dd8c3c03136abf5951b89a9a76a6d404e38dca0bbb6df81087344e5a0b27,product_images/p029_1_2_serum-milagros.jpg,CATALOG_EVIDENCE_CROP,image/jpeg,jpg,lihen-product-web,products/581e8a17-179a-3be2-b149-4505f1c439c6/115b5408-c0e5-da43-c508-c4f205b2cadb/web/a0d8dd8c3c03136abf5951b89a9a76a6d404e38dca0bbb6df81087344e5a0b27.jpg,BLOCKED_EVIDENCE_IS_NOT_CANONICAL_ORIGINAL,READY_LINKAGE
39514b38-f90b-4b15-9ac1-0f12d8b1e625,CATV1-P029-R2R,f197d83e-4078-5203-1fa6-1e74e1e1aa8b,5e3cde25-42b4-b04d-a3bb-a0495c76cf54,POLICY_APPROVED,b647a5999c71fa2685a4387a090f5becbd9d24ce5cd20f5f8db085c70527a744,product_images/p029_2_2_perfume-capilar.jpg,CATALOG_EVIDENCE_CROP,image/jpeg,jpg,lihen-product-web,products/f197d83e-4078-5203-1fa6-1e74e1e1aa8b/5e3cde25-42b4-b04d-a3bb-a0495c76cf54/web/b647a5999c71fa2685a4387a090f5becbd9d24ce5cd20f5f8db085c70527a744.jpg,BLOCKED_EVIDENCE_IS_NOT_CANONICAL_ORIGINAL,READY_LINKAGE
39514b38-f90b-4b15-9ac1-0f12d8b1e625,CATV1-P029-R3L,20b1eed7-1cac-ee04-067f-6d76057f55ed,9c6ab613-8a76-1b25-b367-d23d2e195f88,POLICY_APPROVED,1589068fb034ea699eeef27793f33cc2501afda70ae3e8c828a22d134e635333,product_images/p029_1_3_shampoo-romero.jpg,CATALOG_EVIDENCE_CROP,image/jpeg,jpg,lihen-product-web,products/20b1eed7-1cac-ee04-067f-6d76057f55ed/9c6ab613-8a76-1b25-b367-d23d2e195f88/web/1589068fb034ea699eeef27793f33cc2501afda70ae3e8c828a22d134e635333.jpg,BLOCKED_EVIDENCE_IS_NOT_CANONICAL_ORIGINAL,READY_LINKAGE
39514b38-f90b-4b15-9ac1-0f12d8b1e625,CATV1-P030-R1L,0f2eadcc-b7c7-89ee-fcef-0597ac9fbe10,b3e3a87f-896d-beaa-bf12-103b9ab76f93,POLICY_APPROVED,691f878418bb6c3c1b2292f7eb92c66cfede4c18c64479fec5a9c005d1073888,product_images/p030_1_1_ampolleta-elixir.jpg,CATALOG_EVIDENCE_CROP,image/jpeg,jpg,lihen-product-web,products/0f2eadcc-b7c7-89ee-fcef-0597ac9fbe10/b3e3a87f-896d-beaa-bf12-103b9ab76f93/web/691f878418bb6c3c1b2292f7eb92c66cfede4c18c64479fec5a9c005d1073888.jpg,BLOCKED_EVIDENCE_IS_NOT_CANONICAL_ORIGINAL,READY_LINKAGE
39514b38-f90b-4b15-9ac1-0f12d8b1e625,CATV1-P030-R1R,1644cb13-dead-5790-8ba6-34b2c4df5645,041c846c-2632-aaf0-e009-b7b6f88c0e32,POLICY_APPROVED,2aee39841cb2d5d397a39b3619d44dfc29d5de2cebc29c92819264e13f483c1e,product_images/p030_2_1_multivitaminico.jpg,CATALOG_EVIDENCE_CROP,image/jpeg,jpg,lihen-product-web,products/1644cb13-dead-5790-8ba6-34b2c4df5645/041c846c-2632-aaf0-e009-b7b6f88c0e32/web/2aee39841cb2d5d397a39b3619d44dfc29d5de2cebc29c92819264e13f483c1e.jpg,BLOCKED_EVIDENCE_IS_NOT_CANONICAL_ORIGINAL,READY_LINKAGE
39514b38-f90b-4b15-9ac1-0f12d8b1e625,CATV1-P030-R2L,836023ca-3bce-a9ca-e372-d3f79468a388,fe9f310f-24d1-b7ce-7fee-338468588387,POLICY_APPROVED,eb151181c91934c7346be80796165c7a842bc291ea155f986f9c8ecfb6d766d1,product_images/p030_1_2_bloqueador-solar-sin-color.jpg,CATALOG_EVIDENCE_CROP,image/jpeg,jpg,lihen-product-web,products/836023ca-3bce-a9ca-e372-d3f79468a388/fe9f310f-24d1-b7ce-7fee-338468588387/web/eb151181c91934c7346be80796165c7a842bc291ea155f986f9c8ecfb6d766d1.jpg,BLOCKED_EVIDENCE_IS_NOT_CANONICAL_ORIGINAL,READY_LINKAGE
39514b38-f90b-4b15-9ac1-0f12d8b1e625,CATV1-P030-R2R,59cc407c-bff6-83e6-952b-61e64835f14e,2a976af2-4d41-fe14-53f6-2b1ff11c105d,POLICY_APPROVED,8ccf671f2ae87287bd02188e18fc68ec6df0d1a48f89c925b1206162efe2793f,product_images/p030_2_2_bloqueador-solar-color.jpg,CATALOG_EVIDENCE_CROP,image/jpeg,jpg,lihen-product-web,products/59cc407c-bff6-83e6-952b-61e64835f14e/2a976af2-4d41-fe14-53f6-2b1ff11c105d/web/8ccf671f2ae87287bd02188e18fc68ec6df0d1a48f89c925b1206162efe2793f.jpg,BLOCKED_EVIDENCE_IS_NOT_CANONICAL_ORIGINAL,READY_LINKAGE
39514b38-f90b-4b15-9ac1-0f12d8b1e625,CATV1-P030-R3L,8f8ac0d0-0ce6-c81a-81d8-70c89da7dc72,98983d3a-c10c-b9bf-252a-e46737b4018c,POLICY_APPROVED,152cd211bcd82bd32c14daf80a107a47f11092d8a0c239fcfeaa59b920edc217,product_images/p030_1_3_antienredo.jpg,CATALOG_EVIDENCE_CROP,image/jpeg,jpg,lihen-product-web,products/8f8ac0d0-0ce6-c81a-81d8-70c89da7dc72/98983d3a-c10c-b9bf-252a-e46737b4018c/web/152cd211bcd82bd32c14daf80a107a47f11092d8a0c239fcfeaa59b920edc217.jpg,BLOCKED_EVIDENCE_IS_NOT_CANONICAL_ORIGINAL,READY_LINKAGE
39514b38-f90b-4b15-9ac1-0f12d8b1e625,CATV1-P030-R3R,d179848c-6fec-30e6-d704-dadf3ad61295,c3788a0f-5874-90ba-78f8-e186caf7e6a5,POLICY_APPROVED,8aebd86f9584a159cd24bdfff648b557d3ebf03a94ed00a3e1c02111b4a9adf1,product_images/p030_2_3_trat-magia.jpg,CATALOG_EVIDENCE_CROP,image/jpeg,jpg,lihen-product-web,products/d179848c-6fec-30e6-d704-dadf3ad61295/c3788a0f-5874-90ba-78f8-e186caf7e6a5/web/8aebd86f9584a159cd24bdfff648b557d3ebf03a94ed00a3e1c02111b4a9adf1.jpg,BLOCKED_EVIDENCE_IS_NOT_CANONICAL_ORIGINAL,READY_LINKAGE
39514b38-f90b-4b15-9ac1-0f12d8b1e625,CATV1-P031-R1L,e4506798-cbc1-2daa-b82d-14f7d5530403,fdbd8a33-bf23-3678-1c7e-5b86f3a2df05,POLICY_APPROVED,32b5d11675a555aa01623fba77c3f9c4bcc6113d892c994fb8b8986f2a250dce,product_images/p031_1_1_desenredante-herbal.jpg,CATALOG_EVIDENCE_CROP,image/jpeg,jpg,lihen-product-web,products/e4506798-cbc1-2daa-b82d-14f7d5530403/fdbd8a33-bf23-3678-1c7e-5b86f3a2df05/web/32b5d11675a555aa01623fba77c3f9c4bcc6113d892c994fb8b8986f2a250dce.jpg,BLOCKED_EVIDENCE_IS_NOT_CANONICAL_ORIGINAL,READY_LINKAGE
39514b38-f90b-4b15-9ac1-0f12d8b1e625,CATV1-P031-R1R,06a9e178-91d6-4590-5170-1780402dc0ac,d455ed58-7f10-34a7-787c-c4ce5d353aca,POLICY_APPROVED,8ea78a1d43e567d5558649542503e365f8c2e77b5883c8b9f49215de40c0870b,product_images/p031_2_1_cera-capilar.jpg,CATALOG_EVIDENCE_CROP,image/jpeg,jpg,lihen-product-web,products/06a9e178-91d6-4590-5170-1780402dc0ac/d455ed58-7f10-34a7-787c-c4ce5d353aca/web/8ea78a1d43e567d5558649542503e365f8c2e77b5883c8b9f49215de40c0870b.jpg,BLOCKED_EVIDENCE_IS_NOT_CANONICAL_ORIGINAL,READY_LINKAGE
39514b38-f90b-4b15-9ac1-0f12d8b1e625,CATV1-P031-R2L,fb25c133-bf34-398d-fbb3-66f68f650236,77748ad0-6aaa-6f7f-a0ed-f3878a501608,POLICY_APPROVED,4206ee1f589276e4514fb14f9decd99d920b619bbf310628442e509c13e7c5f7,product_images/p031_1_2_mascarilla-herbal.jpg,CATALOG_EVIDENCE_CROP,image/jpeg,jpg,lihen-product-web,products/fb25c133-bf34-398d-fbb3-66f68f650236/77748ad0-6aaa-6f7f-a0ed-f3878a501608/web/4206ee1f589276e4514fb14f9decd99d920b619bbf310628442e509c13e7c5f7.jpg,BLOCKED_EVIDENCE_IS_NOT_CANONICAL_ORIGINAL,READY_LINKAGE
39514b38-f90b-4b15-9ac1-0f12d8b1e625,CATV1-P031-R2R,70b302c1-cc0a-892c-e242-f4aa5da1d0d2,4c0665e1-047d-4bb2-da76-f921d8148bab,POLICY_APPROVED,32382ea20e8c1bd1c3db7a7a5b80d0011f593ee31957bb10a739eb32ae8d8bc3,product_images/p031_2_2_crema-corporal.jpg,CATALOG_EVIDENCE_CROP,image/jpeg,jpg,lihen-product-web,products/70b302c1-cc0a-892c-e242-f4aa5da1d0d2/4c0665e1-047d-4bb2-da76-f921d8148bab/web/32382ea20e8c1bd1c3db7a7a5b80d0011f593ee31957bb10a739eb32ae8d8bc3.jpg,BLOCKED_EVIDENCE_IS_NOT_CANONICAL_ORIGINAL,READY_LINKAGE
39514b38-f90b-4b15-9ac1-0f12d8b1e625,CATV1-P031-R3L,50d00634-db08-c9f0-7cbf-62d7681f9c33,2f83785a-2780-106b-ce2d-320e9c86543c,POLICY_APPROVED,e115a64b6dfa5a41cdae54efd513e7a2cebf38ee75990f65a7d93a46efb5db35,product_images/p031_1_3_kit-perfume-x5.jpg,CATALOG_EVIDENCE_CROP,image/jpeg,jpg,lihen-product-web,products/50d00634-db08-c9f0-7cbf-62d7681f9c33/2f83785a-2780-106b-ce2d-320e9c86543c/web/e115a64b6dfa5a41cdae54efd513e7a2cebf38ee75990f65a7d93a46efb5db35.jpg,BLOCKED_EVIDENCE_IS_NOT_CANONICAL_ORIGINAL,READY_LINKAGE
39514b38-f90b-4b15-9ac1-0f12d8b1e625,CATV1-P031-R3R,c1c8255c-f9f7-e4e9-f775-377cf04a5569,d9f46322-8f11-29bd-0b03-9a0287aedbc6,POLICY_APPROVED,5f7031b08ce206c78eb72e355cdaa8dd166a06f63edded21c72a15713c6f648f,product_images/p031_2_3_perfume-mini-individuales.jpg,CATALOG_EVIDENCE_CROP,image/jpeg,jpg,lihen-product-web,products/c1c8255c-f9f7-e4e9-f775-377cf04a5569/d9f46322-8f11-29bd-0b03-9a0287aedbc6/web/5f7031b08ce206c78eb72e355cdaa8dd166a06f63edded21c72a15713c6f648f.jpg,BLOCKED_EVIDENCE_IS_NOT_CANONICAL_ORIGINAL,READY_LINKAGE
39514b38-f90b-4b15-9ac1-0f12d8b1e625,CATV1-P032-R1L,544bf19b-60f0-8fbb-b417-eae4ba4cec45,dacf2857-328e-02ec-be64-2f3f798d7b5e,POLICY_APPROVED,e023ab1898510c3e7c8c5dc530505a64287405f59c0bf0e56481a54fd3ff54c4,product_images/p032_1_1_mascarilla-profesional.jpg,CATALOG_EVIDENCE_CROP,image/jpeg,jpg,lihen-product-web,products/544bf19b-60f0-8fbb-b417-eae4ba4cec45/dacf2857-328e-02ec-be64-2f3f798d7b5e/web/e023ab1898510c3e7c8c5dc530505a64287405f59c0bf0e56481a54fd3ff54c4.jpg,BLOCKED_EVIDENCE_IS_NOT_CANONICAL_ORIGINAL,READY_LINKAGE
39514b38-f90b-4b15-9ac1-0f12d8b1e625,CATV1-P032-R1R,5e2eca9b-1075-2f02-5cb4-6822b669135b,b1b96eb5-e4fd-6437-4e09-ca86fb19e6ae,POLICY_APPROVED,205157de0fc4de302974f533f6c595edd3fbf1a00d29bb0c421de399b02f5754,product_images/p032_2_1_desenredante-martina.jpg,CATALOG_EVIDENCE_CROP,image/jpeg,jpg,lihen-product-web,products/5e2eca9b-1075-2f02-5cb4-6822b669135b/b1b96eb5-e4fd-6437-4e09-ca86fb19e6ae/web/205157de0fc4de302974f533f6c595edd3fbf1a00d29bb0c421de399b02f5754.jpg,BLOCKED_EVIDENCE_IS_NOT_CANONICAL_ORIGINAL,READY_LINKAGE
39514b38-f90b-4b15-9ac1-0f12d8b1e625,CATV1-P032-R2L,5e3b74af-622f-e36e-52ec-b4592f502cd3,ab86446a-f139-c596-4be3-12fa332921c6,POLICY_APPROVED,7b8acc98749fab8ca41ec5ada79dea5b122c4acaaa7f0e8dcdfeed8f1691e73b,product_images/p032_1_2_acondi-ultra-milagros.jpg,CATALOG_EVIDENCE_CROP,image/jpeg,jpg,lihen-product-web,products/5e3b74af-622f-e36e-52ec-b4592f502cd3/ab86446a-f139-c596-4be3-12fa332921c6/web/7b8acc98749fab8ca41ec5ada79dea5b122c4acaaa7f0e8dcdfeed8f1691e73b.jpg,BLOCKED_EVIDENCE_IS_NOT_CANONICAL_ORIGINAL,READY_LINKAGE
39514b38-f90b-4b15-9ac1-0f12d8b1e625,CATV1-P032-R2R,450fc4fb-04a0-21e6-a7d1-73d63ae2279b,ea782d4b-a31a-3db9-82b7-230a7e5e2be3,POLICY_APPROVED,c894b29af97cdd1f93903b10e3bc091b958aa6ee3cfc7ba1a29f1d0c331a2f00,product_images/p032_2_2_shampoo-exfoliante.jpg,CATALOG_EVIDENCE_CROP,image/jpeg,jpg,lihen-product-web,products/450fc4fb-04a0-21e6-a7d1-73d63ae2279b/ea782d4b-a31a-3db9-82b7-230a7e5e2be3/web/c894b29af97cdd1f93903b10e3bc091b958aa6ee3cfc7ba1a29f1d0c331a2f00.jpg,BLOCKED_EVIDENCE_IS_NOT_CANONICAL_ORIGINAL,READY_LINKAGE
39514b38-f90b-4b15-9ac1-0f12d8b1e625,CATV1-P032-R3L,fdb24274-80ae-e120-d88c-fdd4edf656c9,a13c7c14-058f-49e4-a702-30d8eab248bc,POLICY_APPROVED,b60a9386162056a429a5356c487aec6802093694768f38136b19eeb0d31b477a,product_images/p032_1_3_shampoo-en-seco.jpg,CATALOG_EVIDENCE_CROP,image/jpeg,jpg,lihen-product-web,products/fdb24274-80ae-e120-d88c-fdd4edf656c9/a13c7c14-058f-49e4-a702-30d8eab248bc/web/b60a9386162056a429a5356c487aec6802093694768f38136b19eeb0d31b477a.jpg,BLOCKED_EVIDENCE_IS_NOT_CANONICAL_ORIGINAL,READY_LINKAGE
39514b38-f90b-4b15-9ac1-0f12d8b1e625,CATV1-P032-R3R,ae76e9de-4e92-1649-bb0c-725060f41f04,79b1d3c8-9c26-8e3c-d728-5b38260e7696,HUMAN_APPROVED,fa5e440bbed40a5095a7b0b2c9426f1817f0caefb753ac772844862159859489,product_images/p032_2_3_serum-milagros.jpg,CATALOG_EVIDENCE_CROP,image/jpeg,jpg,lihen-product-web,products/ae76e9de-4e92-1649-bb0c-725060f41f04/79b1d3c8-9c26-8e3c-d728-5b38260e7696/web/fa5e440bbed40a5095a7b0b2c9426f1817f0caefb753ac772844862159859489.jpg,BLOCKED_EVIDENCE_IS_NOT_CANONICAL_ORIGINAL,READY_LINKAGE
39514b38-f90b-4b15-9ac1-0f12d8b1e625,CATV1-P033-R1L,2db1dc52-e86d-f8f0-23bb-146e979f1e9e,215ce830-48fc-d2a5-ffb9-2ed8d8c99a10,POLICY_APPROVED,7a8ef3f0f4837c4cbd2a2e5bb196a229b435b2d37c9b22be8043c8d9f58184bb,product_images/p033_1_1_shampoo-cebolla.jpg,CATALOG_EVIDENCE_CROP,image/jpeg,jpg,lihen-product-web,products/2db1dc52-e86d-f8f0-23bb-146e979f1e9e/215ce830-48fc-d2a5-ffb9-2ed8d8c99a10/web/7a8ef3f0f4837c4cbd2a2e5bb196a229b435b2d37c9b22be8043c8d9f58184bb.jpg,BLOCKED_EVIDENCE_IS_NOT_CANONICAL_ORIGINAL,READY_LINKAGE
39514b38-f90b-4b15-9ac1-0f12d8b1e625,CATV1-P033-R2L,f7190184-ea01-8102-abb5-2c4f779117f4,d88d32ac-71c9-761b-f24e-92687ca87b64,POLICY_APPROVED,90b7d15b21d75946b0b9c110f2f79cfe6d5cda11b4618e6e90f3d56be23d65b0,product_images/p033_1_2_mascarilla-cebolla.jpg,CATALOG_EVIDENCE_CROP,image/jpeg,jpg,lihen-product-web,products/f7190184-ea01-8102-abb5-2c4f779117f4/d88d32ac-71c9-761b-f24e-92687ca87b64/web/90b7d15b21d75946b0b9c110f2f79cfe6d5cda11b4618e6e90f3d56be23d65b0.jpg,BLOCKED_EVIDENCE_IS_NOT_CANONICAL_ORIGINAL,READY_LINKAGE
39514b38-f90b-4b15-9ac1-0f12d8b1e625,CATV1-P033-R2R,f3b2b102-8f5d-c2db-5d8a-ab89c866a6ea,883d0ebc-1c78-1798-403d-fcf9ecabe2d9,POLICY_APPROVED,796e58634b67dc28e8f04ec102173c48230a326fdeb71ab484806b702e1dc390,product_images/p033_2_2_serum-de-pestanas.jpg,CATALOG_EVIDENCE_CROP,image/jpeg,jpg,lihen-product-web,products/f3b2b102-8f5d-c2db-5d8a-ab89c866a6ea/883d0ebc-1c78-1798-403d-fcf9ecabe2d9/web/796e58634b67dc28e8f04ec102173c48230a326fdeb71ab484806b702e1dc390.jpg,BLOCKED_EVIDENCE_IS_NOT_CANONICAL_ORIGINAL,READY_LINKAGE
39514b38-f90b-4b15-9ac1-0f12d8b1e625,CATV1-P033-R3L,4f904d0d-e362-9860-f02e-febf92f30b6a,c40174f2-bcc7-112e-21fe-df71e244f0f8,POLICY_APPROVED,0618f3c8334327be9340d457d1d2b98c24c380105a14285f8c69d3bc9cd5cfce,product_images/p033_1_3_kit-peinetas-x5.jpg,CATALOG_EVIDENCE_CROP,image/jpeg,jpg,lihen-product-web,products/4f904d0d-e362-9860-f02e-febf92f30b6a/c40174f2-bcc7-112e-21fe-df71e244f0f8/web/0618f3c8334327be9340d457d1d2b98c24c380105a14285f8c69d3bc9cd5cfce.jpg,BLOCKED_EVIDENCE_IS_NOT_CANONICAL_ORIGINAL,READY_LINKAGE
39514b38-f90b-4b15-9ac1-0f12d8b1e625,CATV1-P033-R3R,1a83bcd7-3490-fe08-c844-62c9f23efb53,2b24a48d-27b5-3a4b-cd14-2f7777c54079,POLICY_APPROVED,debfedc7a128e6d688ad126f1744b373d8c9cf6fcf1db39972ac0556c7637319,product_images/p033_2_3_parches-sos-con-acido-salicilico.jpg,CATALOG_EVIDENCE_CROP,image/jpeg,jpg,lihen-product-web,products/1a83bcd7-3490-fe08-c844-62c9f23efb53/2b24a48d-27b5-3a4b-cd14-2f7777c54079/web/debfedc7a128e6d688ad126f1744b373d8c9cf6fcf1db39972ac0556c7637319.jpg,BLOCKED_EVIDENCE_IS_NOT_CANONICAL_ORIGINAL,READY_LINKAGE
39514b38-f90b-4b15-9ac1-0f12d8b1e625,CATV1-P034-R1L,e844a92f-886a-5594-03dc-a54a569c5204,4ebb37d9-28bd-2580-50e5-5391dde22c43,POLICY_APPROVED,7d6bd25960bea4bff34f3c9531e1c1f726159b36331c62839d3557b69e940fc9,product_images/p034_1_1_shampoo-y-acondi-ultra.jpg,CATALOG_EVIDENCE_CROP,image/jpeg,jpg,lihen-product-web,products/e844a92f-886a-5594-03dc-a54a569c5204/4ebb37d9-28bd-2580-50e5-5391dde22c43/web/7d6bd25960bea4bff34f3c9531e1c1f726159b36331c62839d3557b69e940fc9.jpg,BLOCKED_EVIDENCE_IS_NOT_CANONICAL_ORIGINAL,READY_LINKAGE
39514b38-f90b-4b15-9ac1-0f12d8b1e625,CATV1-P034-R1R,3ba4509f-b846-989c-1b1f-1142f9ed9c15,7a68e6e6-5dde-abde-e7c9-e15f337ec591,POLICY_APPROVED,bb45bf7cb963e71cd523a79a171990f7824a2cc009a36c9696513b4e864a0c6f,product_images/p034_2_1_biorepo-mini-mini.jpg,CATALOG_EVIDENCE_CROP,image/jpeg,jpg,lihen-product-web,products/3ba4509f-b846-989c-1b1f-1142f9ed9c15/7a68e6e6-5dde-abde-e7c9-e15f337ec591/web/bb45bf7cb963e71cd523a79a171990f7824a2cc009a36c9696513b4e864a0c6f.jpg,BLOCKED_EVIDENCE_IS_NOT_CANONICAL_ORIGINAL,READY_LINKAGE
39514b38-f90b-4b15-9ac1-0f12d8b1e625,CATV1-P034-R2L,c031eda7-6db8-e043-c7c7-287481efa4c6,707f2f11-1310-a6ee-cb7d-4f80c76a7f86,POLICY_APPROVED,ce0215a56d0503b63234bb394de331c427b46b2f79f9ec9c77aa67f9cda1c9e0,product_images/p034_1_2_shampoo-cebolla-mini.jpg,CATALOG_EVIDENCE_CROP,image/jpeg,jpg,lihen-product-web,products/c031eda7-6db8-e043-c7c7-287481efa4c6/707f2f11-1310-a6ee-cb7d-4f80c76a7f86/web/ce0215a56d0503b63234bb394de331c427b46b2f79f9ec9c77aa67f9cda1c9e0.jpg,BLOCKED_EVIDENCE_IS_NOT_CANONICAL_ORIGINAL,READY_LINKAGE
39514b38-f90b-4b15-9ac1-0f12d8b1e625,CATV1-P035-R2L,b0330eca-b068-ffe0-c404-c3d49d5c1c95,e47e2115-3d81-356e-1590-5dfa35d12231,POLICY_APPROVED,7ff77b48ce4c54719907b674bbf1ce67b6af30e8d26ab3d1a2a1327b58054bb5,product_images/p035_1_2_cosmetiquera.jpg,CATALOG_EVIDENCE_CROP,image/jpeg,jpg,lihen-product-web,products/b0330eca-b068-ffe0-c404-c3d49d5c1c95/e47e2115-3d81-356e-1590-5dfa35d12231/web/7ff77b48ce4c54719907b674bbf1ce67b6af30e8d26ab3d1a2a1327b58054bb5.jpg,BLOCKED_EVIDENCE_IS_NOT_CANONICAL_ORIGINAL,READY_LINKAGE
39514b38-f90b-4b15-9ac1-0f12d8b1e625,CATV1-P035-R2R,05b313d8-0cb0-abb3-edf2-607433bb5c6d,9ff11ed0-c51b-6aea-f24a-9590cae6bf29,POLICY_APPROVED,84080bd5e4d80b866c1996296a958059b65a46ab1a6366ffd15d84a9517fee12,product_images/p035_2_2_trata-advance-20-biorepo.jpg,CATALOG_EVIDENCE_CROP,image/jpeg,jpg,lihen-product-web,products/05b313d8-0cb0-abb3-edf2-607433bb5c6d/9ff11ed0-c51b-6aea-f24a-9590cae6bf29/web/84080bd5e4d80b866c1996296a958059b65a46ab1a6366ffd15d84a9517fee12.jpg,BLOCKED_EVIDENCE_IS_NOT_CANONICAL_ORIGINAL,READY_LINKAGE
39514b38-f90b-4b15-9ac1-0f12d8b1e625,CATV1-P035-R3L,9190c109-87c0-2921-c9cd-ff34c746b338,fe3ec640-bb97-9931-d338-7acf21b16818,POLICY_APPROVED,0c1fdcf4e28c1180dd42ccf5eb4e271177d2d4305a5e2f1bd4fbc0124a7ca2c0,product_images/p035_1_3_termo-rose.jpg,CATALOG_EVIDENCE_CROP,image/jpeg,jpg,lihen-product-web,products/9190c109-87c0-2921-c9cd-ff34c746b338/fe3ec640-bb97-9931-d338-7acf21b16818/web/0c1fdcf4e28c1180dd42ccf5eb4e271177d2d4305a5e2f1bd4fbc0124a7ca2c0.jpg,BLOCKED_EVIDENCE_IS_NOT_CANONICAL_ORIGINAL,READY_LINKAGE
39514b38-f90b-4b15-9ac1-0f12d8b1e625,CATV1-P037-R1L,61ecc5ff-e9cd-fb24-4cbc-fe8cc3c7a042,9804e30f-9ca9-0cfa-bc31-1d7d1838b0d9,HUMAN_APPROVED,76227161fc14de8bbeb8e0bd885bdb58d0d53cba9d9c0d4177078971d234280f,product_images/p037_1_1_shampoo-miel.jpg,CATALOG_EVIDENCE_CROP,image/jpeg,jpg,lihen-product-web,products/61ecc5ff-e9cd-fb24-4cbc-fe8cc3c7a042/9804e30f-9ca9-0cfa-bc31-1d7d1838b0d9/web/76227161fc14de8bbeb8e0bd885bdb58d0d53cba9d9c0d4177078971d234280f.jpg,BLOCKED_EVIDENCE_IS_NOT_CANONICAL_ORIGINAL,READY_LINKAGE
39514b38-f90b-4b15-9ac1-0f12d8b1e625,CATV1-P037-R1R,d7d66c38-2d7b-47b8-0ff9-34e98eb59538,9e32ab8a-787f-0dd8-76b0-777f05f114bf,POLICY_APPROVED,822c79ccb64877325a09f24bfdba737e0a3e04fb943033194497d0b60189e5aa,product_images/p037_2_1_miel-capilar.jpg,CATALOG_EVIDENCE_CROP,image/jpeg,jpg,lihen-product-web,products/d7d66c38-2d7b-47b8-0ff9-34e98eb59538/9e32ab8a-787f-0dd8-76b0-777f05f114bf/web/822c79ccb64877325a09f24bfdba737e0a3e04fb943033194497d0b60189e5aa.jpg,BLOCKED_EVIDENCE_IS_NOT_CANONICAL_ORIGINAL,READY_LINKAGE
39514b38-f90b-4b15-9ac1-0f12d8b1e625,CATV1-P037-R2L,2eb43dee-15e9-b274-2a66-760bdbdf55d0,922c86e8-90c5-ede6-4e4e-3d5d40ef68e2,HUMAN_APPROVED,819be1abcaa172865eab8ac0349def6a144714a1e66c54a0b11806c8f5ac4b9f,product_images/p037_1_2_mascarilla-miel.jpg,CATALOG_EVIDENCE_CROP,image/jpeg,jpg,lihen-product-web,products/2eb43dee-15e9-b274-2a66-760bdbdf55d0/922c86e8-90c5-ede6-4e4e-3d5d40ef68e2/web/819be1abcaa172865eab8ac0349def6a144714a1e66c54a0b11806c8f5ac4b9f.jpg,BLOCKED_EVIDENCE_IS_NOT_CANONICAL_ORIGINAL,READY_LINKAGE
39514b38-f90b-4b15-9ac1-0f12d8b1e625,CATV1-P037-R2R,a14897c9-1d67-f7fd-db7a-e35bfd57bfb9,af1a9053-f774-cddc-1821-d969ba38b0f3,POLICY_APPROVED,81111ce1f58e11401fcb26314102bc8c6428b8c73aeb2e3110652a88ee6ed389,product_images/p037_2_2_perfume-capilar.jpg,CATALOG_EVIDENCE_CROP,image/jpeg,jpg,lihen-product-web,products/a14897c9-1d67-f7fd-db7a-e35bfd57bfb9/af1a9053-f774-cddc-1821-d969ba38b0f3/web/81111ce1f58e11401fcb26314102bc8c6428b8c73aeb2e3110652a88ee6ed389.jpg,BLOCKED_EVIDENCE_IS_NOT_CANONICAL_ORIGINAL,READY_LINKAGE
39514b38-f90b-4b15-9ac1-0f12d8b1e625,CATV1-P037-R3L,eb6eb282-5a52-322c-dabe-cec4675a35fd,43abd94d-c8a7-055e-af6b-700ed6f429cf,POLICY_APPROVED,b44de7d89ac93b125f8ba07da0cb41c3c85bfa951f0fb94b565f912d394db603,product_images/p037_1_3_mini-perfumes.jpg,CATALOG_EVIDENCE_CROP,image/jpeg,jpg,lihen-product-web,products/eb6eb282-5a52-322c-dabe-cec4675a35fd/43abd94d-c8a7-055e-af6b-700ed6f429cf/web/b44de7d89ac93b125f8ba07da0cb41c3c85bfa951f0fb94b565f912d394db603.jpg,BLOCKED_EVIDENCE_IS_NOT_CANONICAL_ORIGINAL,READY_LINKAGE
39514b38-f90b-4b15-9ac1-0f12d8b1e625,CATV1-P037-R3R,40a119f8-f86c-a616-f62d-5b04704ced46,db9e1278-a706-fd10-3a20-463d8200b11c,POLICY_APPROVED,dc859c5a762d6b87d5967a98d8b50ae302adf27c655c4088e9bb183aa986c864,product_images/p037_2_3_suero-de-click-hair.jpg,CATALOG_EVIDENCE_CROP,image/jpeg,jpg,lihen-product-web,products/40a119f8-f86c-a616-f62d-5b04704ced46/db9e1278-a706-fd10-3a20-463d8200b11c/web/dc859c5a762d6b87d5967a98d8b50ae302adf27c655c4088e9bb183aa986c864.jpg,BLOCKED_EVIDENCE_IS_NOT_CANONICAL_ORIGINAL,READY_LINKAGE
39514b38-f90b-4b15-9ac1-0f12d8b1e625,CATV1-P038-R1L,4154177b-69da-0187-660e-602e493384a6,b100ecec-3995-06c3-5d5c-df1babd14534,POLICY_APPROVED,a95f264cfb18c0bda9ce46dc5bdf709cbd30e3493c1fb215b1a622312b6f6f47,product_images/p038_1_1_pelinex.jpg,CATALOG_EVIDENCE_CROP,image/jpeg,jpg,lihen-product-web,products/4154177b-69da-0187-660e-602e493384a6/b100ecec-3995-06c3-5d5c-df1babd14534/web/a95f264cfb18c0bda9ce46dc5bdf709cbd30e3493c1fb215b1a622312b6f6f47.jpg,BLOCKED_EVIDENCE_IS_NOT_CANONICAL_ORIGINAL,READY_LINKAGE
39514b38-f90b-4b15-9ac1-0f12d8b1e625,CATV1-P038-R1R,c825d1d4-278e-6c48-e791-2c013d25fb19,11937751-0801-463c-e626-b8912b99ee87,POLICY_APPROVED,35f51223b211d5aaea8713b3704d475e6049f0d9e0aa8d6a9d8df1387de5f9ad,product_images/p038_2_1_energizante-capilar.jpg,CATALOG_EVIDENCE_CROP,image/jpeg,jpg,lihen-product-web,products/c825d1d4-278e-6c48-e791-2c013d25fb19/11937751-0801-463c-e626-b8912b99ee87/web/35f51223b211d5aaea8713b3704d475e6049f0d9e0aa8d6a9d8df1387de5f9ad.jpg,BLOCKED_EVIDENCE_IS_NOT_CANONICAL_ORIGINAL,READY_LINKAGE
39514b38-f90b-4b15-9ac1-0f12d8b1e625,CATV1-P038-R2L,94be1739-df76-a488-47a5-6b2b979accc7,f6e5ef99-adbd-5f23-1afe-3b52a812f0c3,POLICY_APPROVED,6c01368cb0a0715cc948a18dbb1bf8ea46225b24dc1daa9315e187b5343b6302,product_images/p038_1_2_shampoo-cabello-graso.jpg,CATALOG_EVIDENCE_CROP,image/jpeg,jpg,lihen-product-web,products/94be1739-df76-a488-47a5-6b2b979accc7/f6e5ef99-adbd-5f23-1afe-3b52a812f0c3/web/6c01368cb0a0715cc948a18dbb1bf8ea46225b24dc1daa9315e187b5343b6302.jpg,BLOCKED_EVIDENCE_IS_NOT_CANONICAL_ORIGINAL,READY_LINKAGE
39514b38-f90b-4b15-9ac1-0f12d8b1e625,CATV1-P038-R2R,dca2d89d-b05d-a2bc-3109-5bc9746cd875,95173778-3151-fdf8-781a-bfe16bf3359e,POLICY_APPROVED,83b9a2c0d118a28fbb5bff8babfc370ad318bf1600501e3ff1e88fe41a703bd9,product_images/p038_2_2_gomas-click.jpg,CATALOG_EVIDENCE_CROP,image/jpeg,jpg,lihen-product-web,products/dca2d89d-b05d-a2bc-3109-5bc9746cd875/95173778-3151-fdf8-781a-bfe16bf3359e/web/83b9a2c0d118a28fbb5bff8babfc370ad318bf1600501e3ff1e88fe41a703bd9.jpg,BLOCKED_EVIDENCE_IS_NOT_CANONICAL_ORIGINAL,READY_LINKAGE
39514b38-f90b-4b15-9ac1-0f12d8b1e625,CATV1-P038-R3L,33777039-ff5f-61c2-f0ec-dc2f63560af4,7f5b13ca-95f0-5dd9-6dd9-ca6ae63aa9af,POLICY_APPROVED,4e6bf1e3a9804d6e6040f5a732bfd23d71f3e0118da68f2367d36317627cc284,product_images/p038_1_3_mini-kit-de-perfumes.jpg,CATALOG_EVIDENCE_CROP,image/jpeg,jpg,lihen-product-web,products/33777039-ff5f-61c2-f0ec-dc2f63560af4/7f5b13ca-95f0-5dd9-6dd9-ca6ae63aa9af/web/4e6bf1e3a9804d6e6040f5a732bfd23d71f3e0118da68f2367d36317627cc284.jpg,BLOCKED_EVIDENCE_IS_NOT_CANONICAL_ORIGINAL,READY_LINKAGE
39514b38-f90b-4b15-9ac1-0f12d8b1e625,CATV1-P038-R3R,51d047a8-1358-b123-a72d-486c813ce45f,0e1f1fd7-cc50-43a0-d397-ffaef4a66db2,POLICY_APPROVED,d5506e704cf796c855376b5f2e4036cb924c4295625002a1536ffa8bea37441e,product_images/p038_2_3_perfume-pistacho.jpg,CATALOG_EVIDENCE_CROP,image/jpeg,jpg,lihen-product-web,products/51d047a8-1358-b123-a72d-486c813ce45f/0e1f1fd7-cc50-43a0-d397-ffaef4a66db2/web/d5506e704cf796c855376b5f2e4036cb924c4295625002a1536ffa8bea37441e.jpg,BLOCKED_EVIDENCE_IS_NOT_CANONICAL_ORIGINAL,READY_LINKAGE
39514b38-f90b-4b15-9ac1-0f12d8b1e625,CATV1-P039-R1L,21cbd5f9-3b28-0056-fd0e-1f54657eec4f,8dc15c4c-5a39-e46f-31f7-e45950a4f276,HUMAN_APPROVED,b668f67e7c6af649b7abc1630d500aa806ce33cdbf6b285b78296140eca73078,product_images/p039_1_1_acondi-click.jpg,CATALOG_EVIDENCE_CROP,image/jpeg,jpg,lihen-product-web,products/21cbd5f9-3b28-0056-fd0e-1f54657eec4f/8dc15c4c-5a39-e46f-31f7-e45950a4f276/web/b668f67e7c6af649b7abc1630d500aa806ce33cdbf6b285b78296140eca73078.jpg,BLOCKED_EVIDENCE_IS_NOT_CANONICAL_ORIGINAL,READY_LINKAGE
39514b38-f90b-4b15-9ac1-0f12d8b1e625,CATV1-P039-R1R,3b7719d4-6c26-93d8-3b17-a3df08332d74,88c32287-d947-68dc-16c1-9fa9564aec23,POLICY_APPROVED,ceeb5d04cb5b37d177458fac3e3dc9157c675135914adbebca1695fa896e7074,product_images/p039_2_1_perfume-miel.jpg,CATALOG_EVIDENCE_CROP,image/jpeg,jpg,lihen-product-web,products/3b7719d4-6c26-93d8-3b17-a3df08332d74/88c32287-d947-68dc-16c1-9fa9564aec23/web/ceeb5d04cb5b37d177458fac3e3dc9157c675135914adbebca1695fa896e7074.jpg,BLOCKED_EVIDENCE_IS_NOT_CANONICAL_ORIGINAL,READY_LINKAGE
39514b38-f90b-4b15-9ac1-0f12d8b1e625,CATV1-P039-R2L,141fed9b-5777-ddb2-ccce-cb1d4f2307d7,e1b0f3f5-f498-cf4a-ccd4-16d6f10c4e59,POLICY_APPROVED,a0bfd25d05aa2f6e7458a4d5f9f05009916d870e2bfdb426c99a9d4e0a701954,product_images/p039_1_2_jabon-cremoso.jpg,CATALOG_EVIDENCE_CROP,image/jpeg,jpg,lihen-product-web,products/141fed9b-5777-ddb2-ccce-cb1d4f2307d7/e1b0f3f5-f498-cf4a-ccd4-16d6f10c4e59/web/a0bfd25d05aa2f6e7458a4d5f9f05009916d870e2bfdb426c99a9d4e0a701954.jpg,BLOCKED_EVIDENCE_IS_NOT_CANONICAL_ORIGINAL,READY_LINKAGE
39514b38-f90b-4b15-9ac1-0f12d8b1e625,CATV1-P039-R2R,ff83b7b7-7311-8405-6658-ac75b750a39b,257741c0-f97e-7239-d4c9-c9e10547e3f3,POLICY_APPROVED,1fe1f5ce135368a7e414066ab6ca5fb0a68c7ba0f27921572dd0ff30910b8075,product_images/p039_2_2_exfoliante-capilar.jpg,CATALOG_EVIDENCE_CROP,image/jpeg,jpg,lihen-product-web,products/ff83b7b7-7311-8405-6658-ac75b750a39b/257741c0-f97e-7239-d4c9-c9e10547e3f3/web/1fe1f5ce135368a7e414066ab6ca5fb0a68c7ba0f27921572dd0ff30910b8075.jpg,BLOCKED_EVIDENCE_IS_NOT_CANONICAL_ORIGINAL,READY_LINKAGE
39514b38-f90b-4b15-9ac1-0f12d8b1e625,CATV1-P039-R3L,ff962c3a-db80-c9b1-a898-7fafc52de5ce,41fbfc23-763a-1844-7afe-a9d810a55e44,POLICY_APPROVED,7a4a0e56138652099963017fd02a741f002ff84d80a624a6d1381130505e287b,product_images/p039_1_3_mantequilla-con-brillo.jpg,CATALOG_EVIDENCE_CROP,image/jpeg,jpg,lihen-product-web,products/ff962c3a-db80-c9b1-a898-7fafc52de5ce/41fbfc23-763a-1844-7afe-a9d810a55e44/web/7a4a0e56138652099963017fd02a741f002ff84d80a624a6d1381130505e287b.jpg,BLOCKED_EVIDENCE_IS_NOT_CANONICAL_ORIGINAL,READY_LINKAGE
39514b38-f90b-4b15-9ac1-0f12d8b1e625,CATV1-P039-R3R,5f67b85c-e255-f991-768f-76784aa54bc0,d5850b22-9562-74a9-2292-62bd807ff361,POLICY_APPROVED,4eb4b13aea5305f82176662f88d38683a08cae08a5af68d8d0b7d0e8e202f59f,product_images/p039_2_3_perfume-click-dani-duke.jpg,CATALOG_EVIDENCE_CROP,image/jpeg,jpg,lihen-product-web,products/5f67b85c-e255-f991-768f-76784aa54bc0/d5850b22-9562-74a9-2292-62bd807ff361/web/4eb4b13aea5305f82176662f88d38683a08cae08a5af68d8d0b7d0e8e202f59f.jpg,BLOCKED_EVIDENCE_IS_NOT_CANONICAL_ORIGINAL,READY_LINKAGE
39514b38-f90b-4b15-9ac1-0f12d8b1e625,CATV1-P040-R1L,c845d2b1-8528-ab07-7203-07eaacf25aca,69820a87-3808-a83c-40d6-56a6ba4d00d5,POLICY_APPROVED,6f5b2baa5b3e52b351a0f9c2fdcd1b328da285170d286d08606802c1adda43d8,product_images/p040_1_1_pelinex-pequeno.jpg,CATALOG_EVIDENCE_CROP,image/jpeg,jpg,lihen-product-web,products/c845d2b1-8528-ab07-7203-07eaacf25aca/69820a87-3808-a83c-40d6-56a6ba4d00d5/web/6f5b2baa5b3e52b351a0f9c2fdcd1b328da285170d286d08606802c1adda43d8.jpg,BLOCKED_EVIDENCE_IS_NOT_CANONICAL_ORIGINAL,READY_LINKAGE
39514b38-f90b-4b15-9ac1-0f12d8b1e625,CATV1-P040-R1R,6e9b5e9e-4140-0426-9004-8fd41ea5ccb7,37df8eb4-35dd-6055-5e5e-2a1f7aca6de6,HUMAN_APPROVED,07b957818f0c0ce588550c549ba43d72933197f23445b3673d566dd656cbe354,product_images/p040_2_1_acondi-miel.jpg,CATALOG_EVIDENCE_CROP,image/jpeg,jpg,lihen-product-web,products/6e9b5e9e-4140-0426-9004-8fd41ea5ccb7/37df8eb4-35dd-6055-5e5e-2a1f7aca6de6/web/07b957818f0c0ce588550c549ba43d72933197f23445b3673d566dd656cbe354.jpg,BLOCKED_EVIDENCE_IS_NOT_CANONICAL_ORIGINAL,READY_LINKAGE
39514b38-f90b-4b15-9ac1-0f12d8b1e625,CATV1-P040-R2L,a77c93b3-d070-f8ac-b806-6b2139dcf838,32590c01-5024-140c-7570-e3d14d9eaaeb,HUMAN_APPROVED,0ca99cede5f6d2c292d090942c776c6a9f7729e47fe8dc774817dbd7f0e11650,product_images/p040_1_2_perfume-mashmellow.jpg,CATALOG_EVIDENCE_CROP,image/jpeg,jpg,lihen-product-web,products/a77c93b3-d070-f8ac-b806-6b2139dcf838/32590c01-5024-140c-7570-e3d14d9eaaeb/web/0ca99cede5f6d2c292d090942c776c6a9f7729e47fe8dc774817dbd7f0e11650.jpg,BLOCKED_EVIDENCE_IS_NOT_CANONICAL_ORIGINAL,READY_LINKAGE
39514b38-f90b-4b15-9ac1-0f12d8b1e625,CATV1-P040-R2R,23c61b0c-b9e8-f2a7-38ce-38fcaf34e7b2,f3374263-d197-86cd-4f2d-f6bdb7d3ec8b,POLICY_APPROVED,33b3059434ec9405cda9dcb8d78f56ccce73da339ada4ada7d960444e00d423e,product_images/p040_2_2_miel-mini.jpg,CATALOG_EVIDENCE_CROP,image/jpeg,jpg,lihen-product-web,products/23c61b0c-b9e8-f2a7-38ce-38fcaf34e7b2/f3374263-d197-86cd-4f2d-f6bdb7d3ec8b/web/33b3059434ec9405cda9dcb8d78f56ccce73da339ada4ada7d960444e00d423e.jpg,BLOCKED_EVIDENCE_IS_NOT_CANONICAL_ORIGINAL,READY_LINKAGE
39514b38-f90b-4b15-9ac1-0f12d8b1e625,CATV1-P040-R3L,5ba84736-4bbc-2626-09fd-f3d4d9821624,e8b34619-34fd-e7d7-a1b8-5dcddec38cd9,POLICY_APPROVED,7ba86e6897ddd06b8a6fb450c959536715098442fe7ebc6292dee7b3eb62ba7c,product_images/p040_1_3_termoprotector-lech.jpg,CATALOG_EVIDENCE_CROP,image/jpeg,jpg,lihen-product-web,products/5ba84736-4bbc-2626-09fd-f3d4d9821624/e8b34619-34fd-e7d7-a1b8-5dcddec38cd9/web/7ba86e6897ddd06b8a6fb450c959536715098442fe7ebc6292dee7b3eb62ba7c.jpg,BLOCKED_EVIDENCE_IS_NOT_CANONICAL_ORIGINAL,READY_LINKAGE
39514b38-f90b-4b15-9ac1-0f12d8b1e625,CATV1-P042-R1L,7df642c5-a0ad-09c8-2122-3e764ab59799,8b3f4785-0c3d-ed77-7ab8-1006dff6bb40,POLICY_APPROVED,df3c9c192da2b9a9b5e8b9e7d8740e901dffe71f242e155931e7e17433e870e6,product_images/p042_1_1_shampoo-tradicional.jpg,CATALOG_EVIDENCE_CROP,image/jpeg,jpg,lihen-product-web,products/7df642c5-a0ad-09c8-2122-3e764ab59799/8b3f4785-0c3d-ed77-7ab8-1006dff6bb40/web/df3c9c192da2b9a9b5e8b9e7d8740e901dffe71f242e155931e7e17433e870e6.jpg,BLOCKED_EVIDENCE_IS_NOT_CANONICAL_ORIGINAL,READY_LINKAGE
39514b38-f90b-4b15-9ac1-0f12d8b1e625,CATV1-P042-R1R,8b5bc766-c535-ecd6-921e-a54af9c718ab,9817d696-79ad-666d-62e3-97cf1564ec0b,POLICY_APPROVED,dd1110a1c4ae3be34af722290f62f95d9799e9e036d8bb8817a85617089196b9,product_images/p042_2_1_tratamiento-tradicional.jpg,CATALOG_EVIDENCE_CROP,image/jpeg,jpg,lihen-product-web,products/8b5bc766-c535-ecd6-921e-a54af9c718ab/9817d696-79ad-666d-62e3-97cf1564ec0b/web/dd1110a1c4ae3be34af722290f62f95d9799e9e036d8bb8817a85617089196b9.jpg,BLOCKED_EVIDENCE_IS_NOT_CANONICAL_ORIGINAL,READY_LINKAGE
39514b38-f90b-4b15-9ac1-0f12d8b1e625,CATV1-P042-R2L,bbcd824e-8609-7786-4e6a-38ff0a7fedce,6ac1cb7e-25b8-9582-90b2-c3e9b81d0dfb,POLICY_APPROVED,76dd5c9d94ef772cefed35d96374bb76d56d7050199d43c7934c46a8e6fe2add,product_images/p042_1_2_dual-crema-para-peinar.jpg,CATALOG_EVIDENCE_CROP,image/jpeg,jpg,lihen-product-web,products/bbcd824e-8609-7786-4e6a-38ff0a7fedce/6ac1cb7e-25b8-9582-90b2-c3e9b81d0dfb/web/76dd5c9d94ef772cefed35d96374bb76d56d7050199d43c7934c46a8e6fe2add.jpg,BLOCKED_EVIDENCE_IS_NOT_CANONICAL_ORIGINAL,READY_LINKAGE
39514b38-f90b-4b15-9ac1-0f12d8b1e625,CATV1-P042-R2R,77e9636e-1e96-af95-e1b4-78718b233cb4,5f5cb7f6-3bf0-ca8d-de76-828fff077d17,POLICY_APPROVED,76e68148fbd7064d0e99633ee59c7b4b00325593d241df520fdb986e390d11ee,product_images/p042_2_2_ancestral.jpg,CATALOG_EVIDENCE_CROP,image/jpeg,jpg,lihen-product-web,products/77e9636e-1e96-af95-e1b4-78718b233cb4/5f5cb7f6-3bf0-ca8d-de76-828fff077d17/web/76e68148fbd7064d0e99633ee59c7b4b00325593d241df520fdb986e390d11ee.jpg,BLOCKED_EVIDENCE_IS_NOT_CANONICAL_ORIGINAL,READY_LINKAGE
39514b38-f90b-4b15-9ac1-0f12d8b1e625,CATV1-P042-R3L,c7a68c90-43c8-d4fc-c4eb-1a085b060251,369be968-e1a1-7dcb-1255-9e7b1c08c626,POLICY_APPROVED,96320f61c6770106b0174e43075d46bbca8737dd328320919d46c7ca9153faa4,product_images/p042_1_3_tratamiento-banano.jpg,CATALOG_EVIDENCE_CROP,image/jpeg,jpg,lihen-product-web,products/c7a68c90-43c8-d4fc-c4eb-1a085b060251/369be968-e1a1-7dcb-1255-9e7b1c08c626/web/96320f61c6770106b0174e43075d46bbca8737dd328320919d46c7ca9153faa4.jpg,BLOCKED_EVIDENCE_IS_NOT_CANONICAL_ORIGINAL,READY_LINKAGE
39514b38-f90b-4b15-9ac1-0f12d8b1e625,CATV1-P042-R3R,ddc4f1b0-a86a-2829-82ef-d04033a22cb3,ad745fcd-549c-7103-b05a-f0d8f031c86f,POLICY_APPROVED,fe26924d8b2ac60ace673b6caeaefd76efe5c27d45b31a6cea36ce76af88d063,product_images/p042_2_3_perfume-para-el-cabello.jpg,CATALOG_EVIDENCE_CROP,image/jpeg,jpg,lihen-product-web,products/ddc4f1b0-a86a-2829-82ef-d04033a22cb3/ad745fcd-549c-7103-b05a-f0d8f031c86f/web/fe26924d8b2ac60ace673b6caeaefd76efe5c27d45b31a6cea36ce76af88d063.jpg,BLOCKED_EVIDENCE_IS_NOT_CANONICAL_ORIGINAL,READY_LINKAGE
39514b38-f90b-4b15-9ac1-0f12d8b1e625,CATV1-P043-R1L,ae02b7d2-b477-15e0-c1ef-2d4accea6798,84478529-4cec-cbef-f597-625d338cfb81,POLICY_APPROVED,96a14f77cc887e297cf594bbc5082dc975fe68d01727e94048752f8d1160853e,product_images/p043_1_1_duotonic.jpg,CATALOG_EVIDENCE_CROP,image/jpeg,jpg,lihen-product-web,products/ae02b7d2-b477-15e0-c1ef-2d4accea6798/84478529-4cec-cbef-f597-625d338cfb81/web/96a14f77cc887e297cf594bbc5082dc975fe68d01727e94048752f8d1160853e.jpg,BLOCKED_EVIDENCE_IS_NOT_CANONICAL_ORIGINAL,READY_LINKAGE
39514b38-f90b-4b15-9ac1-0f12d8b1e625,CATV1-P043-R1R,1f4e84d5-731d-7e29-1eab-4c362f30afa3,c66e1c9f-91ee-46a6-9f8d-fa39ee342b6d,POLICY_APPROVED,1401d760390e233060de70293f8c5532d0e4ffcb0a0efc30eb9da2513c4bc372,product_images/p043_2_1_shampoo-grasa.jpg,CATALOG_EVIDENCE_CROP,image/jpeg,jpg,lihen-product-web,products/1f4e84d5-731d-7e29-1eab-4c362f30afa3/c66e1c9f-91ee-46a6-9f8d-fa39ee342b6d/web/1401d760390e233060de70293f8c5532d0e4ffcb0a0efc30eb9da2513c4bc372.jpg,BLOCKED_EVIDENCE_IS_NOT_CANONICAL_ORIGINAL,READY_LINKAGE
39514b38-f90b-4b15-9ac1-0f12d8b1e625,CATV1-P043-R2L,d0f45bd8-2b54-07bf-2d62-16c59c836679,e1ce85bb-1e60-bf13-d56c-4e3aca9fd8c0,POLICY_APPROVED,1c7dfed38c0ed0decd8c7fdd9b6782dcdf50e2c72135f1b9e8e0b4ccbee9e3cb,product_images/p043_1_2_tratamiento-tongole.jpg,CATALOG_EVIDENCE_CROP,image/jpeg,jpg,lihen-product-web,products/d0f45bd8-2b54-07bf-2d62-16c59c836679/e1ce85bb-1e60-bf13-d56c-4e3aca9fd8c0/web/1c7dfed38c0ed0decd8c7fdd9b6782dcdf50e2c72135f1b9e8e0b4ccbee9e3cb.jpg,BLOCKED_EVIDENCE_IS_NOT_CANONICAL_ORIGINAL,READY_LINKAGE
39514b38-f90b-4b15-9ac1-0f12d8b1e625,CATV1-P043-R2R,9ddcdccb-03e7-accf-9442-5123662e30b1,dd25994e-0f27-69cb-da79-4696e7979303,POLICY_APPROVED,ae476426c45037f7fe7f319b365cd1be6b03d0be12c5b16e7801b8236603d6ab,product_images/p043_2_2_termo-b8.jpg,CATALOG_EVIDENCE_CROP,image/jpeg,jpg,lihen-product-web,products/9ddcdccb-03e7-accf-9442-5123662e30b1/dd25994e-0f27-69cb-da79-4696e7979303/web/ae476426c45037f7fe7f319b365cd1be6b03d0be12c5b16e7801b8236603d6ab.jpg,BLOCKED_EVIDENCE_IS_NOT_CANONICAL_ORIGINAL,READY_LINKAGE
39514b38-f90b-4b15-9ac1-0f12d8b1e625,CATV1-P043-R3L,d471250d-28ba-22dd-771b-abcd17a3198a,8fe23d76-2c96-0f5e-557e-b428ecf2f25a,POLICY_APPROVED,855e8c3e8e3ae4e462667955aefb1f565b1ca74155131f83ae15e5e10c595210,product_images/p043_1_3_shampoo-tongole.jpg,CATALOG_EVIDENCE_CROP,image/jpeg,jpg,lihen-product-web,products/d471250d-28ba-22dd-771b-abcd17a3198a/8fe23d76-2c96-0f5e-557e-b428ecf2f25a/web/855e8c3e8e3ae4e462667955aefb1f565b1ca74155131f83ae15e5e10c595210.jpg,BLOCKED_EVIDENCE_IS_NOT_CANONICAL_ORIGINAL,READY_LINKAGE
39514b38-f90b-4b15-9ac1-0f12d8b1e625,CATV1-P043-R3R,c78c344a-c89f-2f21-ecb2-24f62f4a6af4,294e6459-5c4d-0e81-4399-19776137185f,POLICY_APPROVED,4db713b5faf9f37db563622fa84d6ff3df93da5e51ea3e6fcdfc30e65f5b6400,product_images/p043_2_3_shampoo-control-caida.jpg,CATALOG_EVIDENCE_CROP,image/jpeg,jpg,lihen-product-web,products/c78c344a-c89f-2f21-ecb2-24f62f4a6af4/294e6459-5c4d-0e81-4399-19776137185f/web/4db713b5faf9f37db563622fa84d6ff3df93da5e51ea3e6fcdfc30e65f5b6400.jpg,BLOCKED_EVIDENCE_IS_NOT_CANONICAL_ORIGINAL,READY_LINKAGE
39514b38-f90b-4b15-9ac1-0f12d8b1e625,CATV1-P044-R1L,decddee1-bff4-f985-6dc8-aebbd46d8818,d1c102b0-bf8c-ec6a-3425-293d180156f6,POLICY_APPROVED,eab91a7166194009f2dda339b5587c0c2d26ace8d8fd68430110f8c8c1351331,product_images/p044_1_1_gel-definidora-de-rizos.jpg,CATALOG_EVIDENCE_CROP,image/jpeg,jpg,lihen-product-web,products/decddee1-bff4-f985-6dc8-aebbd46d8818/d1c102b0-bf8c-ec6a-3425-293d180156f6/web/eab91a7166194009f2dda339b5587c0c2d26ace8d8fd68430110f8c8c1351331.jpg,BLOCKED_EVIDENCE_IS_NOT_CANONICAL_ORIGINAL,READY_LINKAGE
39514b38-f90b-4b15-9ac1-0f12d8b1e625,CATV1-P044-R1R,2e51835c-8d7b-e28b-8b99-87b7160282d0,78e06d4f-9a35-cfcf-3a74-9f5fb785ac0e,POLICY_APPROVED,1675548b8d49ec34c0714467d8a63f526a3e16ca139a9c18df90c9923babcea5,product_images/p044_2_1_crema-de-peinar.jpg,CATALOG_EVIDENCE_CROP,image/jpeg,jpg,lihen-product-web,products/2e51835c-8d7b-e28b-8b99-87b7160282d0/78e06d4f-9a35-cfcf-3a74-9f5fb785ac0e/web/1675548b8d49ec34c0714467d8a63f526a3e16ca139a9c18df90c9923babcea5.jpg,BLOCKED_EVIDENCE_IS_NOT_CANONICAL_ORIGINAL,READY_LINKAGE
39514b38-f90b-4b15-9ac1-0f12d8b1e625,CATV1-P044-R2L,7e001a3c-0a1b-0a4c-a2e1-d6bd8835fad2,e7d4403e-f1c1-1dda-cb42-a49414637465,POLICY_APPROVED,d2a4e78ca6e307b6f5ce36e2893322a8e64141c2239a1bb25661ac28dc2eec97,product_images/p044_1_2_mascarilla-tong.jpg,CATALOG_EVIDENCE_CROP,image/jpeg,jpg,lihen-product-web,products/7e001a3c-0a1b-0a4c-a2e1-d6bd8835fad2/e7d4403e-f1c1-1dda-cb42-a49414637465/web/d2a4e78ca6e307b6f5ce36e2893322a8e64141c2239a1bb25661ac28dc2eec97.jpg,BLOCKED_EVIDENCE_IS_NOT_CANONICAL_ORIGINAL,READY_LINKAGE
39514b38-f90b-4b15-9ac1-0f12d8b1e625,CATV1-P044-R2R,76389cbf-7236-293e-cb7b-bcd49f43df59,67c83dfa-47df-d652-87f2-a6a80ff71053,POLICY_APPROVED,c0ee00621def1d375cc2009ac4cf975ccd8fa3afe13d8e78eeec8ad21fda3aa4,product_images/p044_2_2_tratamiento-booster.jpg,CATALOG_EVIDENCE_CROP,image/jpeg,jpg,lihen-product-web,products/76389cbf-7236-293e-cb7b-bcd49f43df59/67c83dfa-47df-d652-87f2-a6a80ff71053/web/c0ee00621def1d375cc2009ac4cf975ccd8fa3afe13d8e78eeec8ad21fda3aa4.jpg,BLOCKED_EVIDENCE_IS_NOT_CANONICAL_ORIGINAL,READY_LINKAGE
39514b38-f90b-4b15-9ac1-0f12d8b1e625,CATV1-P044-R3L,5932dab0-b1c9-dc86-4e69-b14805374f19,05b03a56-98c3-12a0-3606-cf8a5038eccf,POLICY_APPROVED,0bbcd868e9dbd45621ab582281d5d2d41b6bb0cd21cd29017426f6f85cdf25b0,product_images/p044_1_3_brillo-infinito.jpg,CATALOG_EVIDENCE_CROP,image/jpeg,jpg,lihen-product-web,products/5932dab0-b1c9-dc86-4e69-b14805374f19/05b03a56-98c3-12a0-3606-cf8a5038eccf/web/0bbcd868e9dbd45621ab582281d5d2d41b6bb0cd21cd29017426f6f85cdf25b0.jpg,BLOCKED_EVIDENCE_IS_NOT_CANONICAL_ORIGINAL,READY_LINKAGE
39514b38-f90b-4b15-9ac1-0f12d8b1e625,CATV1-P044-R3R,48571b33-6df3-e1fb-a62b-1c587efeceec,5ed444c9-7673-8d8a-c4f3-b9e91b0eaa2e,POLICY_APPROVED,bc7a0e3adc311f196afc1ec54f0b6ab49c7024c18a72056af7de8584a8f09478,product_images/p044_2_3_sport-ultraproteccion.jpg,CATALOG_EVIDENCE_CROP,image/jpeg,jpg,lihen-product-web,products/48571b33-6df3-e1fb-a62b-1c587efeceec/5ed444c9-7673-8d8a-c4f3-b9e91b0eaa2e/web/bc7a0e3adc311f196afc1ec54f0b6ab49c7024c18a72056af7de8584a8f09478.jpg,BLOCKED_EVIDENCE_IS_NOT_CANONICAL_ORIGINAL,READY_LINKAGE
39514b38-f90b-4b15-9ac1-0f12d8b1e625,CATV1-P045-R1L,aee6d259-2537-80c6-b573-bb529622e076,2a1d8cde-d4a7-9049-852a-3f4ef5887591,POLICY_APPROVED,80f87b7a72fadf3f1232090591eed080fbc7e95bd6cb46db1ee88358d10b157a,product_images/p045_1_1_restar-plex-pocion.jpg,CATALOG_EVIDENCE_CROP,image/jpeg,jpg,lihen-product-web,products/aee6d259-2537-80c6-b573-bb529622e076/2a1d8cde-d4a7-9049-852a-3f4ef5887591/web/80f87b7a72fadf3f1232090591eed080fbc7e95bd6cb46db1ee88358d10b157a.jpg,BLOCKED_EVIDENCE_IS_NOT_CANONICAL_ORIGINAL,READY_LINKAGE
39514b38-f90b-4b15-9ac1-0f12d8b1e625,CATV1-P045-R1R,68d94210-afdb-0cf2-0a00-5dc81f5b8c73,81b03b05-d4ab-d519-4ac4-09fb6981eefd,POLICY_APPROVED,af61d058e50ffa3fe099c1fc03e555d52a268c1f1853a0a98a9319e710c24062,product_images/p045_2_1_shampoo-pocion-kids.jpg,CATALOG_EVIDENCE_CROP,image/jpeg,jpg,lihen-product-web,products/68d94210-afdb-0cf2-0a00-5dc81f5b8c73/81b03b05-d4ab-d519-4ac4-09fb6981eefd/web/af61d058e50ffa3fe099c1fc03e555d52a268c1f1853a0a98a9319e710c24062.jpg,BLOCKED_EVIDENCE_IS_NOT_CANONICAL_ORIGINAL,READY_LINKAGE
39514b38-f90b-4b15-9ac1-0f12d8b1e625,CATV1-P045-R2L,8471cfcc-33b9-2cfa-31f1-aa7431cf2612,b33bb0c2-7b79-00a9-6930-789dbd954c90,POLICY_APPROVED,b5100278a0365cafe0d059f6bc3ab1c4101eeda44b30da5950dbd8e2da224807,product_images/p045_1_2_acondi-pocion-kids.jpg,CATALOG_EVIDENCE_CROP,image/jpeg,jpg,lihen-product-web,products/8471cfcc-33b9-2cfa-31f1-aa7431cf2612/b33bb0c2-7b79-00a9-6930-789dbd954c90/web/b5100278a0365cafe0d059f6bc3ab1c4101eeda44b30da5950dbd8e2da224807.jpg,BLOCKED_EVIDENCE_IS_NOT_CANONICAL_ORIGINAL,READY_LINKAGE
39514b38-f90b-4b15-9ac1-0f12d8b1e625,CATV1-P045-R2R,227a600b-a118-3711-50cf-522c17b94045,cba7bd29-b045-0365-f6c9-c1e3b96e6a12,POLICY_APPROVED,21a35ba47325429199ee85c25c2a4809a028de325bfc76516d4b3cc7a5357316,product_images/p045_2_2_desenredante-kids.jpg,CATALOG_EVIDENCE_CROP,image/jpeg,jpg,lihen-product-web,products/227a600b-a118-3711-50cf-522c17b94045/cba7bd29-b045-0365-f6c9-c1e3b96e6a12/web/21a35ba47325429199ee85c25c2a4809a028de325bfc76516d4b3cc7a5357316.jpg,BLOCKED_EVIDENCE_IS_NOT_CANONICAL_ORIGINAL,READY_LINKAGE
39514b38-f90b-4b15-9ac1-0f12d8b1e625,CATV1-P045-R3L,75599b73-dcb8-672d-8b60-bd87e445a67b,83d38d4b-4e00-f512-3aa9-7de68e16cc10,POLICY_APPROVED,a06f26468ddd6d63610b1a85847c449d558099377504c1c15f5ee1a2f3b40e71,product_images/p045_1_3_tonico-caspa.jpg,CATALOG_EVIDENCE_CROP,image/jpeg,jpg,lihen-product-web,products/75599b73-dcb8-672d-8b60-bd87e445a67b/83d38d4b-4e00-f512-3aa9-7de68e16cc10/web/a06f26468ddd6d63610b1a85847c449d558099377504c1c15f5ee1a2f3b40e71.jpg,BLOCKED_EVIDENCE_IS_NOT_CANONICAL_ORIGINAL,READY_LINKAGE
39514b38-f90b-4b15-9ac1-0f12d8b1e625,CATV1-P045-R3R,ee06c5f5-778d-8454-e8d6-5567d6597db6,5e10e22d-4ceb-b576-a3e5-c00df15b7f28,POLICY_APPROVED,5906a42dc03bafb84a52b3c175c3f956558c7b969d01bfcddc43a76ca1d97ab4,product_images/p045_2_3_shampoo-caspa.jpg,CATALOG_EVIDENCE_CROP,image/jpeg,jpg,lihen-product-web,products/ee06c5f5-778d-8454-e8d6-5567d6597db6/5e10e22d-4ceb-b576-a3e5-c00df15b7f28/web/5906a42dc03bafb84a52b3c175c3f956558c7b969d01bfcddc43a76ca1d97ab4.jpg,BLOCKED_EVIDENCE_IS_NOT_CANONICAL_ORIGINAL,READY_LINKAGE
39514b38-f90b-4b15-9ac1-0f12d8b1e625,CATV1-P047-R1L,daf4f520-216b-1bea-4e38-ccc07e60e865,40c815c0-bebb-5a80-b608-596d226d68a6,POLICY_APPROVED,39c17e406086c7c4c0e535bf40589700ee7318cab2e4b9a285259d8067dca834,product_images/p047_1_1_shromero.jpg,CATALOG_EVIDENCE_CROP,image/jpeg,jpg,lihen-product-web,products/daf4f520-216b-1bea-4e38-ccc07e60e865/40c815c0-bebb-5a80-b608-596d226d68a6/web/39c17e406086c7c4c0e535bf40589700ee7318cab2e4b9a285259d8067dca834.jpg,BLOCKED_EVIDENCE_IS_NOT_CANONICAL_ORIGINAL,READY_LINKAGE
39514b38-f90b-4b15-9ac1-0f12d8b1e625,CATV1-P047-R1R,c0774e09-bf0c-1f1b-3875-88d0039fd2ad,84da802f-b3ba-85ce-8ad2-a4bfdcefcbbe,POLICY_APPROVED,d9983299747f5b4aef87f0eb5dffbe1113b7e5f301e1afce9a11c4c6f452df23,product_images/p047_2_1_shcebolla.jpg,CATALOG_EVIDENCE_CROP,image/jpeg,jpg,lihen-product-web,products/c0774e09-bf0c-1f1b-3875-88d0039fd2ad/84da802f-b3ba-85ce-8ad2-a4bfdcefcbbe/web/d9983299747f5b4aef87f0eb5dffbe1113b7e5f301e1afce9a11c4c6f452df23.jpg,BLOCKED_EVIDENCE_IS_NOT_CANONICAL_ORIGINAL,READY_LINKAGE
39514b38-f90b-4b15-9ac1-0f12d8b1e625,CATV1-P047-R2L,04962268-78c0-3882-5f0d-a4076ecce9ba,22ac0c8b-3a3c-c6c1-2688-ec5ba15a5741,POLICY_APPROVED,f6eef9bab712c6050f1de2ee715d10486e4025e34c907285c48e93b73cc97188,product_images/p047_1_2_tratamientoaguacate.jpg,CATALOG_EVIDENCE_CROP,image/jpeg,jpg,lihen-product-web,products/04962268-78c0-3882-5f0d-a4076ecce9ba/22ac0c8b-3a3c-c6c1-2688-ec5ba15a5741/web/f6eef9bab712c6050f1de2ee715d10486e4025e34c907285c48e93b73cc97188.jpg,BLOCKED_EVIDENCE_IS_NOT_CANONICAL_ORIGINAL,READY_LINKAGE
39514b38-f90b-4b15-9ac1-0f12d8b1e625,CATV1-P047-R2R,679dd63c-2c18-d4bc-0b4c-187be029a512,96401dff-76a4-41e5-a31b-69ba2b264bfb,POLICY_APPROVED,9d113b53af2128d45b92121cb4c6a68fa58145441532b6177f28591d0063fa11,product_images/p047_2_2_shmenta-y-aji.jpg,CATALOG_EVIDENCE_CROP,image/jpeg,jpg,lihen-product-web,products/679dd63c-2c18-d4bc-0b4c-187be029a512/96401dff-76a4-41e5-a31b-69ba2b264bfb/web/9d113b53af2128d45b92121cb4c6a68fa58145441532b6177f28591d0063fa11.jpg,BLOCKED_EVIDENCE_IS_NOT_CANONICAL_ORIGINAL,READY_LINKAGE
39514b38-f90b-4b15-9ac1-0f12d8b1e625,CATV1-P047-R3L,0532506b-252c-1b34-de4d-81ee410e0c5b,15353468-5b31-f29b-03d9-80af43272ad2,POLICY_APPROVED,27125ad4165fc9c1c3ad5207c213fe547fbea90071331af2e9240134e4aa2b80,product_images/p047_1_3_keratina-120ml.jpg,CATALOG_EVIDENCE_CROP,image/jpeg,jpg,lihen-product-web,products/0532506b-252c-1b34-de4d-81ee410e0c5b/15353468-5b31-f29b-03d9-80af43272ad2/web/27125ad4165fc9c1c3ad5207c213fe547fbea90071331af2e9240134e4aa2b80.jpg,BLOCKED_EVIDENCE_IS_NOT_CANONICAL_ORIGINAL,READY_LINKAGE
39514b38-f90b-4b15-9ac1-0f12d8b1e625,CATV1-P047-R3R,6135c16f-487c-b1fd-4e9a-4b9b50b7b149,ddb7d9b8-fb80-e782-191e-2189c9a04731,POLICY_APPROVED,a96bd1fbdf160f0178556072f344ee3069de1e317812056153989e72efe4e7d7,product_images/p047_2_3_keratina-mediana.jpg,CATALOG_EVIDENCE_CROP,image/jpeg,jpg,lihen-product-web,products/6135c16f-487c-b1fd-4e9a-4b9b50b7b149/ddb7d9b8-fb80-e782-191e-2189c9a04731/web/a96bd1fbdf160f0178556072f344ee3069de1e317812056153989e72efe4e7d7.jpg,BLOCKED_EVIDENCE_IS_NOT_CANONICAL_ORIGINAL,READY_LINKAGE
39514b38-f90b-4b15-9ac1-0f12d8b1e625,CATV1-P048-R1L,41e61b10-caec-be3f-4e87-3c0400c663ab,9f8cf9c8-e58c-2939-89f9-f0c6648720a8,POLICY_APPROVED,9eb287bf807f3ec4b9ef5aef1d5e702d2f09b9f371468a68333c122565426f75,product_images/p048_1_1_termo-protector-rosado.jpg,CATALOG_EVIDENCE_CROP,image/jpeg,jpg,lihen-product-web,products/41e61b10-caec-be3f-4e87-3c0400c663ab/9f8cf9c8-e58c-2939-89f9-f0c6648720a8/web/9eb287bf807f3ec4b9ef5aef1d5e702d2f09b9f371468a68333c122565426f75.jpg,BLOCKED_EVIDENCE_IS_NOT_CANONICAL_ORIGINAL,READY_LINKAGE
39514b38-f90b-4b15-9ac1-0f12d8b1e625,CATV1-P048-R1R,0abc8d4b-9d3e-1131-164f-9ad7863f962e,78e591af-cecc-1bfe-a526-76f6f1166f71,POLICY_APPROVED,00ac9e3e48edb2b8c75e6d6861bf9c4cd4e468b1509ffcc2d7185f6eb25f6941,product_images/p048_2_1_termo-protector-azul.jpg,CATALOG_EVIDENCE_CROP,image/jpeg,jpg,lihen-product-web,products/0abc8d4b-9d3e-1131-164f-9ad7863f962e/78e591af-cecc-1bfe-a526-76f6f1166f71/web/00ac9e3e48edb2b8c75e6d6861bf9c4cd4e468b1509ffcc2d7185f6eb25f6941.jpg,BLOCKED_EVIDENCE_IS_NOT_CANONICAL_ORIGINAL,READY_LINKAGE
39514b38-f90b-4b15-9ac1-0f12d8b1e625,CATV1-P048-R2L,af84d138-c7a7-6118-8afa-71282140a88f,9d0e378e-0c46-4c54-7df7-983074c292e4,POLICY_APPROVED,2a87eb1fcf88a605f9bdc5b36603032ba681fc7d9220e71e5b5baa0abd2f4c2e,product_images/p048_1_2_keratina-grande.jpg,CATALOG_EVIDENCE_CROP,image/jpeg,jpg,lihen-product-web,products/af84d138-c7a7-6118-8afa-71282140a88f/9d0e378e-0c46-4c54-7df7-983074c292e4/web/2a87eb1fcf88a605f9bdc5b36603032ba681fc7d9220e71e5b5baa0abd2f4c2e.jpg,BLOCKED_EVIDENCE_IS_NOT_CANONICAL_ORIGINAL,READY_LINKAGE
39514b38-f90b-4b15-9ac1-0f12d8b1e625,CATV1-P048-R2R,8abe4e6e-af2c-8b2b-9e89-f76775b8f44d,ed984289-bc72-a751-e246-c4b7f51f32f6,POLICY_APPROVED,246100d75152079444d6955ff4012b05678a1bfa68fae88feee0cb5163637ee1,product_images/p048_2_2_bomba-ritual.jpg,CATALOG_EVIDENCE_CROP,image/jpeg,jpg,lihen-product-web,products/8abe4e6e-af2c-8b2b-9e89-f76775b8f44d/ed984289-bc72-a751-e246-c4b7f51f32f6/web/246100d75152079444d6955ff4012b05678a1bfa68fae88feee0cb5163637ee1.jpg,BLOCKED_EVIDENCE_IS_NOT_CANONICAL_ORIGINAL,READY_LINKAGE
39514b38-f90b-4b15-9ac1-0f12d8b1e625,CATV1-P048-R3L,a6fdaad9-393f-10bb-6c88-0b81df905bdb,3d9f0350-2203-3f9c-a936-d312fbba2af2,POLICY_APPROVED,e0465f14d4f2b8942389c6cc3c9777d0f7450bd7ec7ee42461a10b0c6ff7ebce,product_images/p048_1_3_kit-termo-mini.jpg,CATALOG_EVIDENCE_CROP,image/jpeg,jpg,lihen-product-web,products/a6fdaad9-393f-10bb-6c88-0b81df905bdb/3d9f0350-2203-3f9c-a936-d312fbba2af2/web/e0465f14d4f2b8942389c6cc3c9777d0f7450bd7ec7ee42461a10b0c6ff7ebce.jpg,BLOCKED_EVIDENCE_IS_NOT_CANONICAL_ORIGINAL,READY_LINKAGE
39514b38-f90b-4b15-9ac1-0f12d8b1e625,CATV1-P048-R3R,25b5cb43-44b3-327e-09b0-1d5c7e2fae8e,943d89f6-788e-9fc7-0e4c-8384c879c560,POLICY_APPROVED,ae0e442a2def4db6fd21f1240ae519fdf6398f94bc21af6d8e60c43d1dafed7b,product_images/p048_2_3_mantequilla-ritual.jpg,CATALOG_EVIDENCE_CROP,image/jpeg,jpg,lihen-product-web,products/25b5cb43-44b3-327e-09b0-1d5c7e2fae8e/943d89f6-788e-9fc7-0e4c-8384c879c560/web/ae0e442a2def4db6fd21f1240ae519fdf6398f94bc21af6d8e60c43d1dafed7b.jpg,BLOCKED_EVIDENCE_IS_NOT_CANONICAL_ORIGINAL,READY_LINKAGE
39514b38-f90b-4b15-9ac1-0f12d8b1e625,CATV1-P049-R1L,e8778989-38ab-4308-6d18-6bf0594062dd,9468a552-dd98-55cc-759d-318faa045e26,POLICY_APPROVED,3a8fd219a7b7c12c1c5c847596b4afbdb5c359423ea5855aeb4db4241ae36cec,product_images/p049_1_1_bronceador-ritual.jpg,CATALOG_EVIDENCE_CROP,image/jpeg,jpg,lihen-product-web,products/e8778989-38ab-4308-6d18-6bf0594062dd/9468a552-dd98-55cc-759d-318faa045e26/web/3a8fd219a7b7c12c1c5c847596b4afbdb5c359423ea5855aeb4db4241ae36cec.jpg,BLOCKED_EVIDENCE_IS_NOT_CANONICAL_ORIGINAL,READY_LINKAGE
39514b38-f90b-4b15-9ac1-0f12d8b1e625,CATV1-P049-R1R,db321009-3487-abad-dd0a-0939c6fb5043,6c95fb87-101d-20dd-250b-d8d9aae4377e,POLICY_APPROVED,60a47c9e668f060ade133e23530e08e69e323a163d55c63446f5313c98f29ca0,product_images/p049_2_1_tratamiento-jalea-miel.jpg,CATALOG_EVIDENCE_CROP,image/jpeg,jpg,lihen-product-web,products/db321009-3487-abad-dd0a-0939c6fb5043/6c95fb87-101d-20dd-250b-d8d9aae4377e/web/60a47c9e668f060ade133e23530e08e69e323a163d55c63446f5313c98f29ca0.jpg,BLOCKED_EVIDENCE_IS_NOT_CANONICAL_ORIGINAL,READY_LINKAGE
39514b38-f90b-4b15-9ac1-0f12d8b1e625,CATV1-P049-R2L,25abcc00-90b2-3ba1-9310-a3ecd9504036,d8805e6e-06f9-05ed-25ec-774693b9f4bd,POLICY_APPROVED,7ab79655eb6840382449d590ad59d1b22ed4cf25d6f0b04691f63f03d7e65253,product_images/p049_1_2_shampoo-jalea-miel.jpg,CATALOG_EVIDENCE_CROP,image/jpeg,jpg,lihen-product-web,products/25abcc00-90b2-3ba1-9310-a3ecd9504036/d8805e6e-06f9-05ed-25ec-774693b9f4bd/web/7ab79655eb6840382449d590ad59d1b22ed4cf25d6f0b04691f63f03d7e65253.jpg,BLOCKED_EVIDENCE_IS_NOT_CANONICAL_ORIGINAL,READY_LINKAGE
39514b38-f90b-4b15-9ac1-0f12d8b1e625,CATV1-P051-R1L,bdbe5e94-3c8b-4443-87e5-e3d5532426eb,0c94b68e-27e8-1372-10b8-a4d47c3120b0,POLICY_APPROVED,2067b1674eaff49bfec65b4a793feb9eefd9f3ea54c194527c4dc02cd0284b0b,product_images/p051_1_1_shampoo-cebolla-gingibre.jpg,CATALOG_EVIDENCE_CROP,image/jpeg,jpg,lihen-product-web,products/bdbe5e94-3c8b-4443-87e5-e3d5532426eb/0c94b68e-27e8-1372-10b8-a4d47c3120b0/web/2067b1674eaff49bfec65b4a793feb9eefd9f3ea54c194527c4dc02cd0284b0b.jpg,BLOCKED_EVIDENCE_IS_NOT_CANONICAL_ORIGINAL,READY_LINKAGE
39514b38-f90b-4b15-9ac1-0f12d8b1e625,CATV1-P051-R1R,b408b1a1-0ff5-fdc3-34a3-f53b9bbe6ba8,11598355-3e05-4dfa-14f0-faa3c147c655,POLICY_APPROVED,1826141d215f1e18cdfdf518fbeca0b48ecff304d77f7a334e0019a0a5dff550,product_images/p051_2_1_shampoo-canela-y-miel.jpg,CATALOG_EVIDENCE_CROP,image/jpeg,jpg,lihen-product-web,products/b408b1a1-0ff5-fdc3-34a3-f53b9bbe6ba8/11598355-3e05-4dfa-14f0-faa3c147c655/web/1826141d215f1e18cdfdf518fbeca0b48ecff304d77f7a334e0019a0a5dff550.jpg,BLOCKED_EVIDENCE_IS_NOT_CANONICAL_ORIGINAL,READY_LINKAGE
39514b38-f90b-4b15-9ac1-0f12d8b1e625,CATV1-P051-R2L,bed2aea1-4fa5-8164-d90d-c4242c323e42,97ddde3c-ff6f-111d-9dc5-0ecab2ee317f,POLICY_APPROVED,5a2864bcb9c3f05884e8634aeeb6f2dc0d2300ed1a3fc09b5d070bd6fa6b446a,product_images/p051_1_2_shampoo-vinagre-de-manzana.jpg,CATALOG_EVIDENCE_CROP,image/jpeg,jpg,lihen-product-web,products/bed2aea1-4fa5-8164-d90d-c4242c323e42/97ddde3c-ff6f-111d-9dc5-0ecab2ee317f/web/5a2864bcb9c3f05884e8634aeeb6f2dc0d2300ed1a3fc09b5d070bd6fa6b446a.jpg,BLOCKED_EVIDENCE_IS_NOT_CANONICAL_ORIGINAL,READY_LINKAGE
39514b38-f90b-4b15-9ac1-0f12d8b1e625,CATV1-P051-R2R,163faa0b-9dd3-6b57-3032-19a421f133c2,9dc6c61a-11f9-8eac-306e-1ab18b2c3a78,POLICY_APPROVED,b41e65206091d5531fe2ce6a7fb372da6058594833dac842782f530bbef00f33,product_images/p051_2_2_shampoo-arroz.jpg,CATALOG_EVIDENCE_CROP,image/jpeg,jpg,lihen-product-web,products/163faa0b-9dd3-6b57-3032-19a421f133c2/9dc6c61a-11f9-8eac-306e-1ab18b2c3a78/web/b41e65206091d5531fe2ce6a7fb372da6058594833dac842782f530bbef00f33.jpg,BLOCKED_EVIDENCE_IS_NOT_CANONICAL_ORIGINAL,READY_LINKAGE
39514b38-f90b-4b15-9ac1-0f12d8b1e625,CATV1-P051-R3L,47673ad6-9aed-10ed-ba56-42e6b66b54a0,cb2f5b8f-aefb-8d77-feec-44a21754b699,POLICY_APPROVED,51bffc648863e3737d78b8d35c1def0f9508cfa74b4c15e0d0eca5aced6bd312,product_images/p051_1_3_shampoo-mix-de-frutas.jpg,CATALOG_EVIDENCE_CROP,image/jpeg,jpg,lihen-product-web,products/47673ad6-9aed-10ed-ba56-42e6b66b54a0/cb2f5b8f-aefb-8d77-feec-44a21754b699/web/51bffc648863e3737d78b8d35c1def0f9508cfa74b4c15e0d0eca5aced6bd312.jpg,BLOCKED_EVIDENCE_IS_NOT_CANONICAL_ORIGINAL,READY_LINKAGE
39514b38-f90b-4b15-9ac1-0f12d8b1e625,CATV1-P051-R3R,a86805b3-b706-15cf-7a1a-5661267d5b11,5f5adf76-0f39-61b4-5e8b-9e59d609c2ea,POLICY_APPROVED,199406fe74cabc0a84cb03a00a8120f5d966509a05504615d5952fa7930cfda7,product_images/p051_2_3_acondi-arroz.jpg,CATALOG_EVIDENCE_CROP,image/jpeg,jpg,lihen-product-web,products/a86805b3-b706-15cf-7a1a-5661267d5b11/5f5adf76-0f39-61b4-5e8b-9e59d609c2ea/web/199406fe74cabc0a84cb03a00a8120f5d966509a05504615d5952fa7930cfda7.jpg,BLOCKED_EVIDENCE_IS_NOT_CANONICAL_ORIGINAL,READY_LINKAGE
39514b38-f90b-4b15-9ac1-0f12d8b1e625,CATV1-P052-R1L,7aea4f0d-f26a-a76a-4831-617aa1b4fd16,75f92826-d073-4377-6908-4cf67ca8cc21,POLICY_APPROVED,fe69269e45deb62f29240d33d9b05be28739e7678088ce28b228d1a98138ec3f,product_images/p052_1_1_acondi-jarabe-de.jpg,CATALOG_EVIDENCE_CROP,image/jpeg,jpg,lihen-product-web,products/7aea4f0d-f26a-a76a-4831-617aa1b4fd16/75f92826-d073-4377-6908-4cf67ca8cc21/web/fe69269e45deb62f29240d33d9b05be28739e7678088ce28b228d1a98138ec3f.jpg,BLOCKED_EVIDENCE_IS_NOT_CANONICAL_ORIGINAL,READY_LINKAGE
39514b38-f90b-4b15-9ac1-0f12d8b1e625,CATV1-P052-R1R,9730f571-af75-0092-cf5a-6f23930c1d30,b5b38818-2c6b-2f20-cc6f-3d218d7a1efc,POLICY_APPROVED,6d2e6b49fcbbe1a0f5b1ec368a802b4838a88b2bba856bb6b51b4da6f4a33db4,product_images/p052_2_1_mango-acondi-algodon-y-coco.jpg,CATALOG_EVIDENCE_CROP,image/jpeg,jpg,lihen-product-web,products/9730f571-af75-0092-cf5a-6f23930c1d30/b5b38818-2c6b-2f20-cc6f-3d218d7a1efc/web/6d2e6b49fcbbe1a0f5b1ec368a802b4838a88b2bba856bb6b51b4da6f4a33db4.jpg,BLOCKED_EVIDENCE_IS_NOT_CANONICAL_ORIGINAL,READY_LINKAGE
39514b38-f90b-4b15-9ac1-0f12d8b1e625,CATV1-P052-R2L,98310947-28b4-30e5-0d21-f490d40e1cf1,ddf88226-ce56-d4fb-187b-9b2ddab31fe1,POLICY_APPROVED,3360cf735e594b7e6611cafe264dbdba7a7a49cfedcc4cb8b33c02ba16b92b9b,product_images/p052_1_2_acondi-extrato-gengibre.jpg,CATALOG_EVIDENCE_CROP,image/jpeg,jpg,lihen-product-web,products/98310947-28b4-30e5-0d21-f490d40e1cf1/ddf88226-ce56-d4fb-187b-9b2ddab31fe1/web/3360cf735e594b7e6611cafe264dbdba7a7a49cfedcc4cb8b33c02ba16b92b9b.jpg,BLOCKED_EVIDENCE_IS_NOT_CANONICAL_ORIGINAL,READY_LINKAGE
39514b38-f90b-4b15-9ac1-0f12d8b1e625,CATV1-P052-R2R,f0e23ce3-b4eb-a376-3208-d584f891b1db,1fe86340-8199-9565-2c9b-c7737ae385c2,POLICY_APPROVED,ff421cb068b8d8050881b9336dda2e46c469bb081bc75f58182ff793f1b09ed1,product_images/p052_2_2_desenredante-con-y-sin-glitter.jpg,CATALOG_EVIDENCE_CROP,image/jpeg,jpg,lihen-product-web,products/f0e23ce3-b4eb-a376-3208-d584f891b1db/1fe86340-8199-9565-2c9b-c7737ae385c2/web/ff421cb068b8d8050881b9336dda2e46c469bb081bc75f58182ff793f1b09ed1.jpg,BLOCKED_EVIDENCE_IS_NOT_CANONICAL_ORIGINAL,READY_LINKAGE
39514b38-f90b-4b15-9ac1-0f12d8b1e625,CATV1-P052-R3L,3709f78e-abb3-155d-8859-e909adb018f5,9c43fe56-c06e-5b38-c50d-e89774ba4c10,POLICY_APPROVED,128f0abc6b222c2e620680c6970d1efa9f08fe9db5e06b6931c17e694b201637,product_images/p052_1_3_aceite-de-puntas-uchuva.jpg,CATALOG_EVIDENCE_CROP,image/jpeg,jpg,lihen-product-web,products/3709f78e-abb3-155d-8859-e909adb018f5/9c43fe56-c06e-5b38-c50d-e89774ba4c10/web/128f0abc6b222c2e620680c6970d1efa9f08fe9db5e06b6931c17e694b201637.jpg,BLOCKED_EVIDENCE_IS_NOT_CANONICAL_ORIGINAL,READY_LINKAGE
39514b38-f90b-4b15-9ac1-0f12d8b1e625,CATV1-P052-R3R,4b8d2b30-8625-3379-91e6-461ad95b1b18,3437f4f4-9d77-3b89-2491-44048a00f966,POLICY_APPROVED,f0d2c01c109354119be4350c1ab580d26571ca23d98a6f05f25dc27669fc54fb,product_images/p052_2_3_frizz-crema-emergencia.jpg,CATALOG_EVIDENCE_CROP,image/jpeg,jpg,lihen-product-web,products/4b8d2b30-8625-3379-91e6-461ad95b1b18/3437f4f4-9d77-3b89-2491-44048a00f966/web/f0d2c01c109354119be4350c1ab580d26571ca23d98a6f05f25dc27669fc54fb.jpg,BLOCKED_EVIDENCE_IS_NOT_CANONICAL_ORIGINAL,READY_LINKAGE
39514b38-f90b-4b15-9ac1-0f12d8b1e625,CATV1-P053-R1L,370f442d-617d-ee79-ed4a-f843fc6b836c,94aa2d23-265c-e7b0-8afd-69ea34431ccd,POLICY_APPROVED,1c05620dea70eb48a3810daadaaed1908359625e5482f759ba21655c8247c59a,product_images/p053_1_1_tratamiento-proteina-de-arroz.jpg,CATALOG_EVIDENCE_CROP,image/jpeg,jpg,lihen-product-web,products/370f442d-617d-ee79-ed4a-f843fc6b836c/94aa2d23-265c-e7b0-8afd-69ea34431ccd/web/1c05620dea70eb48a3810daadaaed1908359625e5482f759ba21655c8247c59a.jpg,BLOCKED_EVIDENCE_IS_NOT_CANONICAL_ORIGINAL,READY_LINKAGE
39514b38-f90b-4b15-9ac1-0f12d8b1e625,CATV1-P053-R1R,f6025984-812c-ef05-a09a-bdc30618c203,98b657c3-836a-cfa7-ebb0-58caa3a2cc40,POLICY_APPROVED,929dac730b478397bedc4e61bfe4c983e1b07d60b18be4de982a2271a79e5623,product_images/p053_2_1_tratamiento-coctel-de-frutas.jpg,CATALOG_EVIDENCE_CROP,image/jpeg,jpg,lihen-product-web,products/f6025984-812c-ef05-a09a-bdc30618c203/98b657c3-836a-cfa7-ebb0-58caa3a2cc40/web/929dac730b478397bedc4e61bfe4c983e1b07d60b18be4de982a2271a79e5623.jpg,BLOCKED_EVIDENCE_IS_NOT_CANONICAL_ORIGINAL,READY_LINKAGE
39514b38-f90b-4b15-9ac1-0f12d8b1e625,CATV1-P053-R2L,fa2b6e9c-b595-5731-cb0c-c0f335eec4d4,056905d1-a9d5-f11b-aa80-4efbcf0e97c1,POLICY_APPROVED,9ca26ac589dcb07a91722c3c41013a0ba34924f646195dc1c998686c7f53b1f1,product_images/p053_1_2_tratamiento-pulpa-coco.jpg,CATALOG_EVIDENCE_CROP,image/jpeg,jpg,lihen-product-web,products/fa2b6e9c-b595-5731-cb0c-c0f335eec4d4/056905d1-a9d5-f11b-aa80-4efbcf0e97c1/web/9ca26ac589dcb07a91722c3c41013a0ba34924f646195dc1c998686c7f53b1f1.jpg,BLOCKED_EVIDENCE_IS_NOT_CANONICAL_ORIGINAL,READY_LINKAGE
39514b38-f90b-4b15-9ac1-0f12d8b1e625,CATV1-P053-R2R,510beaae-3729-fbc2-df0d-21ddbe3cf2b5,402c0ff3-817c-a59a-767c-65040b21f176,POLICY_APPROVED,a9e4fa73eddccb3ff335ca66bae4388e3990125db924b324ff226249ce21b05d,product_images/p053_2_2_tratamiento-pulpa-de-cafe.jpg,CATALOG_EVIDENCE_CROP,image/jpeg,jpg,lihen-product-web,products/510beaae-3729-fbc2-df0d-21ddbe3cf2b5/402c0ff3-817c-a59a-767c-65040b21f176/web/a9e4fa73eddccb3ff335ca66bae4388e3990125db924b324ff226249ce21b05d.jpg,BLOCKED_EVIDENCE_IS_NOT_CANONICAL_ORIGINAL,READY_LINKAGE
39514b38-f90b-4b15-9ac1-0f12d8b1e625,CATV1-P053-R3L,e5a75104-3927-ca2e-e095-aad1f880d4ff,ad6035fb-f65f-536c-ebf1-630f55d1d908,POLICY_APPROVED,51a5a34eb7240cfe1762d3e55ad5f6083ff2f38c8c91bbf068be56218bd65d07,product_images/p053_1_3_exfoliante-capilar-papaya.jpg,CATALOG_EVIDENCE_CROP,image/jpeg,jpg,lihen-product-web,products/e5a75104-3927-ca2e-e095-aad1f880d4ff/ad6035fb-f65f-536c-ebf1-630f55d1d908/web/51a5a34eb7240cfe1762d3e55ad5f6083ff2f38c8c91bbf068be56218bd65d07.jpg,BLOCKED_EVIDENCE_IS_NOT_CANONICAL_ORIGINAL,READY_LINKAGE
39514b38-f90b-4b15-9ac1-0f12d8b1e625,CATV1-P053-R3R,b1fb0a82-cbf1-1386-de3a-12f807567d3f,77c3c7e4-e69e-3b55-2224-364a314b863f,POLICY_APPROVED,bff8d50ddd7ba87d3409bb0e915e3fe08d8b5f7edf75999d46e93167144c98f9,product_images/p053_2_3_tonico-aguita-de-arroz.jpg,CATALOG_EVIDENCE_CROP,image/jpeg,jpg,lihen-product-web,products/b1fb0a82-cbf1-1386-de3a-12f807567d3f/77c3c7e4-e69e-3b55-2224-364a314b863f/web/bff8d50ddd7ba87d3409bb0e915e3fe08d8b5f7edf75999d46e93167144c98f9.jpg,BLOCKED_EVIDENCE_IS_NOT_CANONICAL_ORIGINAL,READY_LINKAGE
39514b38-f90b-4b15-9ac1-0f12d8b1e625,CATV1-P054-R1L,e48404ae-ac15-19f1-a22e-ed1a6675823b,3a93e232-7b6d-b1fd-e565-76db59bcdffb,POLICY_APPROVED,1aad3ea9bb2c3bae157e5f9fb68c5b8c57f65e7943597638f15b0a649da32d78,product_images/p054_1_1_perfume-capilar-galleta-masrshmallow.jpg,CATALOG_EVIDENCE_CROP,image/jpeg,jpg,lihen-product-web,products/e48404ae-ac15-19f1-a22e-ed1a6675823b/3a93e232-7b6d-b1fd-e565-76db59bcdffb/web/1aad3ea9bb2c3bae157e5f9fb68c5b8c57f65e7943597638f15b0a649da32d78.jpg,BLOCKED_EVIDENCE_IS_NOT_CANONICAL_ORIGINAL,READY_LINKAGE
39514b38-f90b-4b15-9ac1-0f12d8b1e625,CATV1-P054-R1R,4c218877-20ad-93cf-ca67-d0f35f8c9fda,09d4b49c-7b5f-1e36-76b1-c4c4d85a17e4,POLICY_APPROVED,b9e8a77c89ef3427c0c9ed449aa3d1dd8c241e79b75e2245885daaf5e0acee49,product_images/p054_2_1_perfume-capilar-flor-de-cerezo.jpg,CATALOG_EVIDENCE_CROP,image/jpeg,jpg,lihen-product-web,products/4c218877-20ad-93cf-ca67-d0f35f8c9fda/09d4b49c-7b5f-1e36-76b1-c4c4d85a17e4/web/b9e8a77c89ef3427c0c9ed449aa3d1dd8c241e79b75e2245885daaf5e0acee49.jpg,BLOCKED_EVIDENCE_IS_NOT_CANONICAL_ORIGINAL,READY_LINKAGE
39514b38-f90b-4b15-9ac1-0f12d8b1e625,CATV1-P054-R2L,d1bb86a5-d8ae-711c-2d64-b10defe2baae,6d1d2977-9460-be24-e8a3-aa6f9708c7a5,POLICY_APPROVED,37b4651260ed38f984d8286ae0b19bce8e69d137c8ab6eeabc2d5d690e6bd302,product_images/p054_1_2_perfume-capilar-flor-de-azucar.jpg,CATALOG_EVIDENCE_CROP,image/jpeg,jpg,lihen-product-web,products/d1bb86a5-d8ae-711c-2d64-b10defe2baae/6d1d2977-9460-be24-e8a3-aa6f9708c7a5/web/37b4651260ed38f984d8286ae0b19bce8e69d137c8ab6eeabc2d5d690e6bd302.jpg,BLOCKED_EVIDENCE_IS_NOT_CANONICAL_ORIGINAL,READY_LINKAGE
39514b38-f90b-4b15-9ac1-0f12d8b1e625,CATV1-P054-R2R,91c8c047-b898-1d8a-9aba-952700bf6302,10c464ad-4fef-6363-0d7c-c2ca0765abcd,POLICY_APPROVED,8f72b5b2daf9b1f621e4db098eb26855fd962cc4b3e42df2738574bca301d1af,product_images/p054_2_2_perfume-capilar-galleta-chocolate.jpg,CATALOG_EVIDENCE_CROP,image/jpeg,jpg,lihen-product-web,products/91c8c047-b898-1d8a-9aba-952700bf6302/10c464ad-4fef-6363-0d7c-c2ca0765abcd/web/8f72b5b2daf9b1f621e4db098eb26855fd962cc4b3e42df2738574bca301d1af.jpg,BLOCKED_EVIDENCE_IS_NOT_CANONICAL_ORIGINAL,READY_LINKAGE
39514b38-f90b-4b15-9ac1-0f12d8b1e625,CATV1-P054-R3L,8830e854-a11e-12d5-8b5e-aa8e1ad6fe37,aa9e08b4-bdc0-fa2c-702f-4150cefd54e4,POLICY_APPROVED,d67de1c08b2da3219dcee008cf8e9c9ec523df1b9190fe543446a2d23b27e755,product_images/p054_1_3_perfume-capilar-flor-de-fuego.jpg,CATALOG_EVIDENCE_CROP,image/jpeg,jpg,lihen-product-web,products/8830e854-a11e-12d5-8b5e-aa8e1ad6fe37/aa9e08b4-bdc0-fa2c-702f-4150cefd54e4/web/d67de1c08b2da3219dcee008cf8e9c9ec523df1b9190fe543446a2d23b27e755.jpg,BLOCKED_EVIDENCE_IS_NOT_CANONICAL_ORIGINAL,READY_LINKAGE
39514b38-f90b-4b15-9ac1-0f12d8b1e625,CATV1-P054-R3R,edfbf264-951d-17fc-44e8-c0d74b034eaa,462fd19d-8dbb-ca4c-f93e-983e54ed335f,POLICY_APPROVED,ae8a1a9e6e271a7ff38a38d92d3d56dbfdf6b73393831bcc48911ca10b107b6a,product_images/p054_2_3_perfume-capilar-pistacho.jpg,CATALOG_EVIDENCE_CROP,image/jpeg,jpg,lihen-product-web,products/edfbf264-951d-17fc-44e8-c0d74b034eaa/462fd19d-8dbb-ca4c-f93e-983e54ed335f/web/ae8a1a9e6e271a7ff38a38d92d3d56dbfdf6b73393831bcc48911ca10b107b6a.jpg,BLOCKED_EVIDENCE_IS_NOT_CANONICAL_ORIGINAL,READY_LINKAGE
39514b38-f90b-4b15-9ac1-0f12d8b1e625,CATV1-P055-R1L,e43be350-97c8-d3b8-68f0-140e5d1c6b9f,57da14b7-17fb-fb7b-460e-7c8405771a27,POLICY_APPROVED,7019369effccbd487ec62aa1cb6205736b6594710259a0dbad7ebd1810cf041f,product_images/p055_1_1_pestanina-antifrizz.jpg,CATALOG_EVIDENCE_CROP,image/jpeg,jpg,lihen-product-web,products/e43be350-97c8-d3b8-68f0-140e5d1c6b9f/57da14b7-17fb-fb7b-460e-7c8405771a27/web/7019369effccbd487ec62aa1cb6205736b6594710259a0dbad7ebd1810cf041f.jpg,BLOCKED_EVIDENCE_IS_NOT_CANONICAL_ORIGINAL,READY_LINKAGE
39514b38-f90b-4b15-9ac1-0f12d8b1e625,CATV1-P055-R1R,23a5ea19-6569-8e09-3288-2f3d5340dc7c,5b47a7ff-b1d3-d62e-04c7-805d30998dec,POLICY_APPROVED,4250f3552109e3924698c4b05a78f7644e8a10225262a760da73e44b7dfa2451,product_images/p055_2_1_termorprotector-viajero.jpg,CATALOG_EVIDENCE_CROP,image/jpeg,jpg,lihen-product-web,products/23a5ea19-6569-8e09-3288-2f3d5340dc7c/5b47a7ff-b1d3-d62e-04c7-805d30998dec/web/4250f3552109e3924698c4b05a78f7644e8a10225262a760da73e44b7dfa2451.jpg,BLOCKED_EVIDENCE_IS_NOT_CANONICAL_ORIGINAL,READY_LINKAGE
39514b38-f90b-4b15-9ac1-0f12d8b1e625,CATV1-P055-R2L,24d72488-5b5e-84f9-b5fc-33ae95def503,67ac3367-bfda-2afd-5617-5045fc55581e,POLICY_APPROVED,1b3ebd0ed4b2c5a93ab51d49a9c826a690099899eb99a1a76158783f1bea9e59,product_images/p055_1_2_cera-antifrizz-ole.jpg,CATALOG_EVIDENCE_CROP,image/jpeg,jpg,lihen-product-web,products/24d72488-5b5e-84f9-b5fc-33ae95def503/67ac3367-bfda-2afd-5617-5045fc55581e/web/1b3ebd0ed4b2c5a93ab51d49a9c826a690099899eb99a1a76158783f1bea9e59.jpg,BLOCKED_EVIDENCE_IS_NOT_CANONICAL_ORIGINAL,READY_LINKAGE
39514b38-f90b-4b15-9ac1-0f12d8b1e625,CATV1-P055-R2R,54ea8263-246f-888d-2fb3-bfd2b1198c90,7d1b8455-a3bc-47a2-798f-6779a40876e9,POLICY_APPROVED,be6dcac9d165313dce374deb90ca0628af38c0fb86e5dd2e3d0ce9e6b3f62c96,product_images/p055_2_2_spray-antifrizz.jpg,CATALOG_EVIDENCE_CROP,image/jpeg,jpg,lihen-product-web,products/54ea8263-246f-888d-2fb3-bfd2b1198c90/7d1b8455-a3bc-47a2-798f-6779a40876e9/web/be6dcac9d165313dce374deb90ca0628af38c0fb86e5dd2e3d0ce9e6b3f62c96.jpg,BLOCKED_EVIDENCE_IS_NOT_CANONICAL_ORIGINAL,READY_LINKAGE
39514b38-f90b-4b15-9ac1-0f12d8b1e625,CATV1-P055-R3L,9dc6749b-ced1-15e7-202f-39839a313984,93c92e39-967d-2a89-fa8d-b6c0da30110f,POLICY_APPROVED,0ed8e08f24dbd62a87568b19620e8996ea06e79af1cd6141a2645c6e6f7370b1,product_images/p055_1_3_shampoo-seco-proteina-de-arroz.jpg,CATALOG_EVIDENCE_CROP,image/jpeg,jpg,lihen-product-web,products/9dc6749b-ced1-15e7-202f-39839a313984/93c92e39-967d-2a89-fa8d-b6c0da30110f/web/0ed8e08f24dbd62a87568b19620e8996ea06e79af1cd6141a2645c6e6f7370b1.jpg,BLOCKED_EVIDENCE_IS_NOT_CANONICAL_ORIGINAL,READY_LINKAGE
39514b38-f90b-4b15-9ac1-0f12d8b1e625,CATV1-P055-R3R,39f3727f-e2d8-3e5f-4973-7088b4588596,365028cd-3e0c-e02b-ad12-8f9558cd4e93,POLICY_APPROVED,f983893aaaf69fcf8b7a5549bb33710fe3dac291bf2c260dc8a4dfba3d5fb94b,product_images/p055_2_3_splash-corporal.jpg,CATALOG_EVIDENCE_CROP,image/jpeg,jpg,lihen-product-web,products/39f3727f-e2d8-3e5f-4973-7088b4588596/365028cd-3e0c-e02b-ad12-8f9558cd4e93/web/f983893aaaf69fcf8b7a5549bb33710fe3dac291bf2c260dc8a4dfba3d5fb94b.jpg,BLOCKED_EVIDENCE_IS_NOT_CANONICAL_ORIGINAL,READY_LINKAGE
39514b38-f90b-4b15-9ac1-0f12d8b1e625,CATV1-P056-R1L,c57527ab-a0af-5abe-25ce-25be739a4fad,5c44fb37-669d-e6d4-580d-698659a7c88b,POLICY_APPROVED,688712b21e9341a5683d7e3c2dda3ebe4c2cba5512452befc20b64b542b6d661,product_images/p056_1_1_mantequilla-corporal.jpg,CATALOG_EVIDENCE_CROP,image/jpeg,jpg,lihen-product-web,products/c57527ab-a0af-5abe-25ce-25be739a4fad/5c44fb37-669d-e6d4-580d-698659a7c88b/web/688712b21e9341a5683d7e3c2dda3ebe4c2cba5512452befc20b64b542b6d661.jpg,BLOCKED_EVIDENCE_IS_NOT_CANONICAL_ORIGINAL,READY_LINKAGE
39514b38-f90b-4b15-9ac1-0f12d8b1e625,CATV1-P056-R1R,dd527a39-afef-c357-a820-284d1512b385,aa0105b8-659e-2080-af64-51b637d7f1c3,POLICY_APPROVED,15edda9297850c328e2b6d37331a2f0fbb58d5c4d501c82a475854291c8e8efa,product_images/p056_2_1_perfume-skin-goddess-stick-jelly.jpg,CATALOG_EVIDENCE_CROP,image/jpeg,jpg,lihen-product-web,products/dd527a39-afef-c357-a820-284d1512b385/aa0105b8-659e-2080-af64-51b637d7f1c3/web/15edda9297850c328e2b6d37331a2f0fbb58d5c4d501c82a475854291c8e8efa.jpg,BLOCKED_EVIDENCE_IS_NOT_CANONICAL_ORIGINAL,READY_LINKAGE
39514b38-f90b-4b15-9ac1-0f12d8b1e625,CATV1-P058-R1L,13b62c19-096d-8fdb-6614-f075f4e073b5,19df1afa-f6f3-9459-8d90-e3099ad76cf7,POLICY_APPROVED,659d8aa510360404913fa67a7ef26f5bfaf9922af2872153faa790fd539f5bfe,product_images/p058_1_1_shampoo-repador.jpg,CATALOG_EVIDENCE_CROP,image/jpeg,jpg,lihen-product-web,products/13b62c19-096d-8fdb-6614-f075f4e073b5/19df1afa-f6f3-9459-8d90-e3099ad76cf7/web/659d8aa510360404913fa67a7ef26f5bfaf9922af2872153faa790fd539f5bfe.jpg,BLOCKED_EVIDENCE_IS_NOT_CANONICAL_ORIGINAL,READY_LINKAGE
39514b38-f90b-4b15-9ac1-0f12d8b1e625,CATV1-P058-R1R,dc24cafa-9b82-00f7-7597-0bb3198ebd88,0fdae742-6902-cd96-c9fa-8366a8a2f7ac,POLICY_APPROVED,2aa4bc321449f0589e8fe7b3ed684c0b8bb5b57118b76c74e95299a82036f058,product_images/p058_2_1_acondi-reparador.jpg,CATALOG_EVIDENCE_CROP,image/jpeg,jpg,lihen-product-web,products/dc24cafa-9b82-00f7-7597-0bb3198ebd88/0fdae742-6902-cd96-c9fa-8366a8a2f7ac/web/2aa4bc321449f0589e8fe7b3ed684c0b8bb5b57118b76c74e95299a82036f058.jpg,BLOCKED_EVIDENCE_IS_NOT_CANONICAL_ORIGINAL,READY_LINKAGE
39514b38-f90b-4b15-9ac1-0f12d8b1e625,CATV1-P058-R2L,7ed2be5e-636c-4573-b14b-76e44914c488,9bd753cf-e83a-7070-7175-af3039857005,POLICY_APPROVED,9400f4b4a9ade840c1997069e4a8860cc0bb8eaf33b4572d3392bf212e0aa408,product_images/p058_1_2_shampoo-nanotecnologia.jpg,CATALOG_EVIDENCE_CROP,image/jpeg,jpg,lihen-product-web,products/7ed2be5e-636c-4573-b14b-76e44914c488/9bd753cf-e83a-7070-7175-af3039857005/web/9400f4b4a9ade840c1997069e4a8860cc0bb8eaf33b4572d3392bf212e0aa408.jpg,BLOCKED_EVIDENCE_IS_NOT_CANONICAL_ORIGINAL,READY_LINKAGE
39514b38-f90b-4b15-9ac1-0f12d8b1e625,CATV1-P058-R2R,3e5c4b45-4ee2-a188-e86f-4d74de970a78,00c8b0a1-f7d9-230f-5f7b-a5d4cb3a81a3,POLICY_APPROVED,07551073b0ff9805afd17ff518fa04100ac37dd137e1cdc488f71cc3431d30d5,product_images/p058_2_2_acondi-nanotecnologia.jpg,CATALOG_EVIDENCE_CROP,image/jpeg,jpg,lihen-product-web,products/3e5c4b45-4ee2-a188-e86f-4d74de970a78/00c8b0a1-f7d9-230f-5f7b-a5d4cb3a81a3/web/07551073b0ff9805afd17ff518fa04100ac37dd137e1cdc488f71cc3431d30d5.jpg,BLOCKED_EVIDENCE_IS_NOT_CANONICAL_ORIGINAL,READY_LINKAGE
39514b38-f90b-4b15-9ac1-0f12d8b1e625,CATV1-P058-R3L,fb31b60c-f1af-b458-8c88-3a49caedc283,e16d75fa-bf46-39c5-4cea-eb655d3a6457,POLICY_APPROVED,d39ae53cb7dd607a0433c2f995e2ff0586dc82d6d4a704dff17d47fcda288757,product_images/p058_1_3_molding-15.jpg,CATALOG_EVIDENCE_CROP,image/jpeg,jpg,lihen-product-web,products/fb31b60c-f1af-b458-8c88-3a49caedc283/e16d75fa-bf46-39c5-4cea-eb655d3a6457/web/d39ae53cb7dd607a0433c2f995e2ff0586dc82d6d4a704dff17d47fcda288757.jpg,BLOCKED_EVIDENCE_IS_NOT_CANONICAL_ORIGINAL,READY_LINKAGE
39514b38-f90b-4b15-9ac1-0f12d8b1e625,CATV1-P058-R3R,d487a513-0419-4b9b-9a6c-cea1eb5ffff5,6a6cc791-d544-d1b2-bd82-1ed9933166e5,POLICY_APPROVED,4477c482043841d4a960c56d9a499e576834139cd4d0b242dd6b372de9b0b18c,product_images/p058_2_3_mascarilla-sos-recue21.jpg,CATALOG_EVIDENCE_CROP,image/jpeg,jpg,lihen-product-web,products/d487a513-0419-4b9b-9a6c-cea1eb5ffff5/6a6cc791-d544-d1b2-bd82-1ed9933166e5/web/4477c482043841d4a960c56d9a499e576834139cd4d0b242dd6b372de9b0b18c.jpg,BLOCKED_EVIDENCE_IS_NOT_CANONICAL_ORIGINAL,READY_LINKAGE
39514b38-f90b-4b15-9ac1-0f12d8b1e625,CATV1-P060-R1L,4d43c4cd-ffa9-9efc-5791-fa5603b4e912,4826d9b1-fc56-ea0f-edc4-569a126a72fa,POLICY_APPROVED,d3f73b229ea46d5840e2ebf598ad245eb4c538d4d4c95c054c4b6e24de3bf120,product_images/p060_1_1_sh-tradicional.jpg,CATALOG_EVIDENCE_CROP,image/jpeg,jpg,lihen-product-web,products/4d43c4cd-ffa9-9efc-5791-fa5603b4e912/4826d9b1-fc56-ea0f-edc4-569a126a72fa/web/d3f73b229ea46d5840e2ebf598ad245eb4c538d4d4c95c054c4b6e24de3bf120.jpg,BLOCKED_EVIDENCE_IS_NOT_CANONICAL_ORIGINAL,READY_LINKAGE
39514b38-f90b-4b15-9ac1-0f12d8b1e625,CATV1-P060-R1R,c58669cf-501f-f941-80d3-f97d52602b2e,63dd1122-ac94-9993-8636-f86fc077eae8,POLICY_APPROVED,535b3309a601b53f61b6f5e9eb2a24f194ba9d7094a1d048de7565cc91640c9e,product_images/p060_2_1_instantaneo.jpg,CATALOG_EVIDENCE_CROP,image/jpeg,jpg,lihen-product-web,products/c58669cf-501f-f941-80d3-f97d52602b2e/63dd1122-ac94-9993-8636-f86fc077eae8/web/535b3309a601b53f61b6f5e9eb2a24f194ba9d7094a1d048de7565cc91640c9e.jpg,BLOCKED_EVIDENCE_IS_NOT_CANONICAL_ORIGINAL,READY_LINKAGE
39514b38-f90b-4b15-9ac1-0f12d8b1e625,CATV1-P060-R2L,180a605f-d590-91c5-a1af-c11e84338425,9d40ba8d-8df2-5074-77c6-44a4dc044176,POLICY_APPROVED,91d0069634cb7bc035996c362cccd100af44a2aad3c49e614f03e16bc7b56b12,product_images/p060_1_2_termo-protector.jpg,CATALOG_EVIDENCE_CROP,image/jpeg,jpg,lihen-product-web,products/180a605f-d590-91c5-a1af-c11e84338425/9d40ba8d-8df2-5074-77c6-44a4dc044176/web/91d0069634cb7bc035996c362cccd100af44a2aad3c49e614f03e16bc7b56b12.jpg,BLOCKED_EVIDENCE_IS_NOT_CANONICAL_ORIGINAL,READY_LINKAGE
39514b38-f90b-4b15-9ac1-0f12d8b1e625,CATV1-P060-R2R,025b0e3c-7fcb-77be-f70b-ddeaf0d86dc7,9dc7d485-1b82-053a-b39b-a89ed5c9a637,POLICY_APPROVED,f197a7af94477a8dfce0abcee9af978a0e23911f98bd0b3605a34511fee11da5,product_images/p060_2_2_termoprotector.jpg,CATALOG_EVIDENCE_CROP,image/jpeg,jpg,lihen-product-web,products/025b0e3c-7fcb-77be-f70b-ddeaf0d86dc7/9dc7d485-1b82-053a-b39b-a89ed5c9a637/web/f197a7af94477a8dfce0abcee9af978a0e23911f98bd0b3605a34511fee11da5.jpg,BLOCKED_EVIDENCE_IS_NOT_CANONICAL_ORIGINAL,READY_LINKAGE
39514b38-f90b-4b15-9ac1-0f12d8b1e625,CATV1-P060-R3L,94e0f3a5-15a3-4e75-58e5-fd1cddbfab75,300bace4-4fc1-5c89-66a3-6ae881266101,POLICY_APPROVED,4e6f57a1f0918c196364e955cfc87e1544c0a6c855d299576cc5d17be2074edc,product_images/p060_1_3_rasy-oe.jpg,CATALOG_EVIDENCE_CROP,image/jpeg,jpg,lihen-product-web,products/94e0f3a5-15a3-4e75-58e5-fd1cddbfab75/300bace4-4fc1-5c89-66a3-6ae881266101/web/4e6f57a1f0918c196364e955cfc87e1544c0a6c855d299576cc5d17be2074edc.jpg,BLOCKED_EVIDENCE_IS_NOT_CANONICAL_ORIGINAL,READY_LINKAGE
39514b38-f90b-4b15-9ac1-0f12d8b1e625,CATV1-P060-R3R,f9740e34-7434-4774-96b9-2f9b1c858f87,685f8ab7-0c38-d3f9-d9a1-14cf1e0b90c0,POLICY_APPROVED,09b9b4c4ef50b6b4815e6e37647ae65a3c5649952ae4cae7af4f7cbe56845a82,product_images/p060_2_3_termo-rizos-ondas.jpg,CATALOG_EVIDENCE_CROP,image/jpeg,jpg,lihen-product-web,products/f9740e34-7434-4774-96b9-2f9b1c858f87/685f8ab7-0c38-d3f9-d9a1-14cf1e0b90c0/web/09b9b4c4ef50b6b4815e6e37647ae65a3c5649952ae4cae7af4f7cbe56845a82.jpg,BLOCKED_EVIDENCE_IS_NOT_CANONICAL_ORIGINAL,READY_LINKAGE
39514b38-f90b-4b15-9ac1-0f12d8b1e625,CATV1-P061-R1L,586d42f0-a291-0b1b-4c18-c089899bac38,ba7aa94d-237b-b2fe-a136-63999ebb8268,POLICY_APPROVED,1f8773ade9e5734ecd2b350b0f93c763d3f4e3d65a5c1dc041669d18579b476b,product_images/p061_1_1_mascarilla-nutritiva.jpg,CATALOG_EVIDENCE_CROP,image/jpeg,jpg,lihen-product-web,products/586d42f0-a291-0b1b-4c18-c089899bac38/ba7aa94d-237b-b2fe-a136-63999ebb8268/web/1f8773ade9e5734ecd2b350b0f93c763d3f4e3d65a5c1dc041669d18579b476b.jpg,BLOCKED_EVIDENCE_IS_NOT_CANONICAL_ORIGINAL,READY_LINKAGE
39514b38-f90b-4b15-9ac1-0f12d8b1e625,CATV1-P061-R1R,0f558602-c59c-9c7d-1c17-9971bf8f69fb,9863d9d4-cc47-d239-ae77-26ddcb9d4e29,POLICY_APPROVED,bb4b922b4870d0b98ed8316ca35bf89d9be923a084e9ebe2cb2a441ef6bb9514,product_images/p061_2_1_definidor-de-rizos.jpg,CATALOG_EVIDENCE_CROP,image/jpeg,jpg,lihen-product-web,products/0f558602-c59c-9c7d-1c17-9971bf8f69fb/9863d9d4-cc47-d239-ae77-26ddcb9d4e29/web/bb4b922b4870d0b98ed8316ca35bf89d9be923a084e9ebe2cb2a441ef6bb9514.jpg,BLOCKED_EVIDENCE_IS_NOT_CANONICAL_ORIGINAL,READY_LINKAGE
39514b38-f90b-4b15-9ac1-0f12d8b1e625,CATV1-P061-R2L,4d1fde0f-f134-7d8d-5ded-ad411bb8ae11,1a0c65e7-a3af-387e-31f1-13068a1754a6,POLICY_APPROVED,2d4e694bfa5c1dfc73dd676656557444e33ef9200cea0160de32c2cb63b4ed1e,product_images/p061_1_2_co-wash.jpg,CATALOG_EVIDENCE_CROP,image/jpeg,jpg,lihen-product-web,products/4d1fde0f-f134-7d8d-5ded-ad411bb8ae11/1a0c65e7-a3af-387e-31f1-13068a1754a6/web/2d4e694bfa5c1dfc73dd676656557444e33ef9200cea0160de32c2cb63b4ed1e.jpg,BLOCKED_EVIDENCE_IS_NOT_CANONICAL_ORIGINAL,READY_LINKAGE
39514b38-f90b-4b15-9ac1-0f12d8b1e625,CATV1-P061-R2R,221f4440-2502-dcb6-a27c-954e812eab2b,20ae9e93-853d-5cbb-d83a-c73ad876b9be,POLICY_APPROVED,9616e9467315bc29e112f9f186b9c2a94f72bdbc291c67a01d33282772753060,product_images/p061_2_2_agua-de-coco.jpg,CATALOG_EVIDENCE_CROP,image/jpeg,jpg,lihen-product-web,products/221f4440-2502-dcb6-a27c-954e812eab2b/20ae9e93-853d-5cbb-d83a-c73ad876b9be/web/9616e9467315bc29e112f9f186b9c2a94f72bdbc291c67a01d33282772753060.jpg,BLOCKED_EVIDENCE_IS_NOT_CANONICAL_ORIGINAL,READY_LINKAGE
39514b38-f90b-4b15-9ac1-0f12d8b1e625,CATV1-P061-R3L,801bdea9-77e8-31b6-23d4-1ba75015bd31,79e5ddd7-2333-2cfb-10be-b7bbd59b532c,POLICY_APPROVED,09080d0dd42c0ef82bce337a7ba0cc85d0f678701f60433238427624e433e9d5,product_images/p061_1_3_mascarilla-7-oleos.jpg,CATALOG_EVIDENCE_CROP,image/jpeg,jpg,lihen-product-web,products/801bdea9-77e8-31b6-23d4-1ba75015bd31/79e5ddd7-2333-2cfb-10be-b7bbd59b532c/web/09080d0dd42c0ef82bce337a7ba0cc85d0f678701f60433238427624e433e9d5.jpg,BLOCKED_EVIDENCE_IS_NOT_CANONICAL_ORIGINAL,READY_LINKAGE
39514b38-f90b-4b15-9ac1-0f12d8b1e625,CATV1-P061-R3R,91831903-aad9-62d2-f470-08c94f1c2366,87955a2e-4986-3255-5a10-5d850cce91b4,POLICY_APPROVED,3f3d352fc4efe7ed660610b818ede32595addee4079d7dee838390586a80fb26,product_images/p061_2_3_mascarilla-wow.jpg,CATALOG_EVIDENCE_CROP,image/jpeg,jpg,lihen-product-web,products/91831903-aad9-62d2-f470-08c94f1c2366/87955a2e-4986-3255-5a10-5d850cce91b4/web/3f3d352fc4efe7ed660610b818ede32595addee4079d7dee838390586a80fb26.jpg,BLOCKED_EVIDENCE_IS_NOT_CANONICAL_ORIGINAL,READY_LINKAGE
39514b38-f90b-4b15-9ac1-0f12d8b1e625,CATV1-P062-R1L,cba4c1dc-ab40-7b3a-4908-84a1ee0c9594,fd491eec-1500-9dec-1c52-1f02ea957bf7,POLICY_APPROVED,21c375ad0e25233c672e3c9da0dded8e58d4e7ee313f4e9cb46fbd42fa593ae8,product_images/p062_1_1_sh-regenerador.jpg,CATALOG_EVIDENCE_CROP,image/jpeg,jpg,lihen-product-web,products/cba4c1dc-ab40-7b3a-4908-84a1ee0c9594/fd491eec-1500-9dec-1c52-1f02ea957bf7/web/21c375ad0e25233c672e3c9da0dded8e58d4e7ee313f4e9cb46fbd42fa593ae8.jpg,BLOCKED_EVIDENCE_IS_NOT_CANONICAL_ORIGINAL,READY_LINKAGE
39514b38-f90b-4b15-9ac1-0f12d8b1e625,CATV1-P062-R1R,d3f95d2a-55ed-9a28-6833-1c9ce0b8f283,f6ba70dd-5706-aa56-2be9-2019869ca65a,POLICY_APPROVED,30e6e6aedc0f53772c880b96bd23569db4ca12c07e9aad30465909ba1a25b48e,product_images/p062_2_1_acondi-regenerador.jpg,CATALOG_EVIDENCE_CROP,image/jpeg,jpg,lihen-product-web,products/d3f95d2a-55ed-9a28-6833-1c9ce0b8f283/f6ba70dd-5706-aa56-2be9-2019869ca65a/web/30e6e6aedc0f53772c880b96bd23569db4ca12c07e9aad30465909ba1a25b48e.jpg,BLOCKED_EVIDENCE_IS_NOT_CANONICAL_ORIGINAL,READY_LINKAGE
39514b38-f90b-4b15-9ac1-0f12d8b1e625,CATV1-P062-R2L,8baf4a87-7975-b387-e97a-8aa7af2cad8e,219efff3-6410-ce07-d94d-bb6e38660e09,POLICY_APPROVED,b14bb099d0225eb3a2c9ff8252bf4c4c7fb2ea01cbe01c64a6e6cf74afe1bb26,product_images/p062_1_2_sh-nutritivo-kids.jpg,CATALOG_EVIDENCE_CROP,image/jpeg,jpg,lihen-product-web,products/8baf4a87-7975-b387-e97a-8aa7af2cad8e/219efff3-6410-ce07-d94d-bb6e38660e09/web/b14bb099d0225eb3a2c9ff8252bf4c4c7fb2ea01cbe01c64a6e6cf74afe1bb26.jpg,BLOCKED_EVIDENCE_IS_NOT_CANONICAL_ORIGINAL,READY_LINKAGE
39514b38-f90b-4b15-9ac1-0f12d8b1e625,CATV1-P062-R2R,fe8e3dd9-6fbc-fa54-42ca-bb84ccac35fa,88a98dcd-ba78-c99d-20ca-7bdb1be6fc6a,POLICY_APPROVED,dfe1202c0a77da40db052c637331d1e7ba9f9d9d3bbeab59d4ecbd67bfb0d32d,product_images/p062_2_2_acondi-kids.jpg,CATALOG_EVIDENCE_CROP,image/jpeg,jpg,lihen-product-web,products/fe8e3dd9-6fbc-fa54-42ca-bb84ccac35fa/88a98dcd-ba78-c99d-20ca-7bdb1be6fc6a/web/dfe1202c0a77da40db052c637331d1e7ba9f9d9d3bbeab59d4ecbd67bfb0d32d.jpg,BLOCKED_EVIDENCE_IS_NOT_CANONICAL_ORIGINAL,READY_LINKAGE
39514b38-f90b-4b15-9ac1-0f12d8b1e625,CATV1-P062-R3L,7a0e0396-2e01-4d0a-b298-e2cafaf8ebbc,666e0879-7c18-d988-881c-a4e289e495f8,POLICY_APPROVED,3d374ec5f2ba1a692f7bffd7a3b7220e8788888fb765ca8b65acb84a7c61a6be,product_images/p062_1_3_crema-de-peinar.jpg,CATALOG_EVIDENCE_CROP,image/jpeg,jpg,lihen-product-web,products/7a0e0396-2e01-4d0a-b298-e2cafaf8ebbc/666e0879-7c18-d988-881c-a4e289e495f8/web/3d374ec5f2ba1a692f7bffd7a3b7220e8788888fb765ca8b65acb84a7c61a6be.jpg,BLOCKED_EVIDENCE_IS_NOT_CANONICAL_ORIGINAL,READY_LINKAGE
39514b38-f90b-4b15-9ac1-0f12d8b1e625,CATV1-P062-R3R,41cd635d-3e33-3144-25f0-05e1633fb623,76a21165-5e3a-a723-62db-f38fd3c6a58d,POLICY_APPROVED,813d9771a0b9a12254fcdfe75844eb6d358870999d8abad8d2b55c192cd4c588,product_images/p062_2_3_desenredante-kids-kids.jpg,CATALOG_EVIDENCE_CROP,image/jpeg,jpg,lihen-product-web,products/41cd635d-3e33-3144-25f0-05e1633fb623/76a21165-5e3a-a723-62db-f38fd3c6a58d/web/813d9771a0b9a12254fcdfe75844eb6d358870999d8abad8d2b55c192cd4c588.jpg,BLOCKED_EVIDENCE_IS_NOT_CANONICAL_ORIGINAL,READY_LINKAGE
39514b38-f90b-4b15-9ac1-0f12d8b1e625,CATV1-P063-R1L,c88fe372-b2af-79f1-77e2-22f7b05b8b9d,9a5bc437-9317-e8d4-23b8-9a12040f4eab,POLICY_APPROVED,26fa6ade154feddf4d1d888b2f991487dc0173c8c25dbdbb3cc557f4d296ccd2,product_images/p063_1_1_sh-kids-rizos.jpg,CATALOG_EVIDENCE_CROP,image/jpeg,jpg,lihen-product-web,products/c88fe372-b2af-79f1-77e2-22f7b05b8b9d/9a5bc437-9317-e8d4-23b8-9a12040f4eab/web/26fa6ade154feddf4d1d888b2f991487dc0173c8c25dbdbb3cc557f4d296ccd2.jpg,BLOCKED_EVIDENCE_IS_NOT_CANONICAL_ORIGINAL,READY_LINKAGE
39514b38-f90b-4b15-9ac1-0f12d8b1e625,CATV1-P063-R1R,932b09a0-a841-46a9-09ca-41f89c195c0e,8a0ff505-bb75-ecbb-d85a-9593ac7e94e4,POLICY_APPROVED,3c4bb13b4bd5bb18f18a405cf663dd23f37832f1875f9f8a8d0003493302bd37,product_images/p063_2_1_acondi-kids-rizos.jpg,CATALOG_EVIDENCE_CROP,image/jpeg,jpg,lihen-product-web,products/932b09a0-a841-46a9-09ca-41f89c195c0e/8a0ff505-bb75-ecbb-d85a-9593ac7e94e4/web/3c4bb13b4bd5bb18f18a405cf663dd23f37832f1875f9f8a8d0003493302bd37.jpg,BLOCKED_EVIDENCE_IS_NOT_CANONICAL_ORIGINAL,READY_LINKAGE
39514b38-f90b-4b15-9ac1-0f12d8b1e625,CATV1-P063-R2L,dc32d95c-197d-a223-d27b-8866951b742c,65a1357a-eef5-949d-0105-8893ad807083,POLICY_APPROVED,8e8fd014ac05653140ea0d2bc7ef5bc3cf66d4717dc6625fadf21ffbbf449a8f,product_images/p063_1_2_crema-rizos-kids.jpg,CATALOG_EVIDENCE_CROP,image/jpeg,jpg,lihen-product-web,products/dc32d95c-197d-a223-d27b-8866951b742c/65a1357a-eef5-949d-0105-8893ad807083/web/8e8fd014ac05653140ea0d2bc7ef5bc3cf66d4717dc6625fadf21ffbbf449a8f.jpg,BLOCKED_EVIDENCE_IS_NOT_CANONICAL_ORIGINAL,READY_LINKAGE
39514b38-f90b-4b15-9ac1-0f12d8b1e625,CATV1-P063-R2R,97d03049-1b5b-2231-a104-5fa6fc0a2597,af7d1299-a25a-3f73-9edd-8421e14f70a8,POLICY_APPROVED,21a99b2ce97d66c0980e2ef61166a5fec748c13ca33c0f3e3a641f02b1063230,product_images/p063_2_2_gelatina-rizos.jpg,CATALOG_EVIDENCE_CROP,image/jpeg,jpg,lihen-product-web,products/97d03049-1b5b-2231-a104-5fa6fc0a2597/af7d1299-a25a-3f73-9edd-8421e14f70a8/web/21a99b2ce97d66c0980e2ef61166a5fec748c13ca33c0f3e3a641f02b1063230.jpg,BLOCKED_EVIDENCE_IS_NOT_CANONICAL_ORIGINAL,READY_LINKAGE
39514b38-f90b-4b15-9ac1-0f12d8b1e625,CATV1-P064-R1L,7e5a04ba-64f6-03c4-5f0c-b85b0f208140,b553ea34-dc15-2b81-f52e-e9986855c5c6,POLICY_APPROVED,eaf46ee71330d9716148669545d2d33e9aa5ee4f8897f9d889ed9d91aa33eb75,product_images/p064_1_1_linea-kids-250-ml.jpg,CATALOG_EVIDENCE_CROP,image/jpeg,jpg,lihen-product-web,products/7e5a04ba-64f6-03c4-5f0c-b85b0f208140/b553ea34-dc15-2b81-f52e-e9986855c5c6/web/eaf46ee71330d9716148669545d2d33e9aa5ee4f8897f9d889ed9d91aa33eb75.jpg,BLOCKED_EVIDENCE_IS_NOT_CANONICAL_ORIGINAL,READY_LINKAGE
39514b38-f90b-4b15-9ac1-0f12d8b1e625,CATV1-P064-R1R,58944e3d-9fe1-5d02-1dd2-bd0d7e4c29cc,19398322-039b-f433-9956-e7a6bc9ac32e,POLICY_APPROVED,5bd0da6e879fa05c23d62cbebb27245a4e8358893cfe9e086b29c55ec8b72962,product_images/p064_2_1_linea-kids-rizos-250.jpg,CATALOG_EVIDENCE_CROP,image/jpeg,jpg,lihen-product-web,products/58944e3d-9fe1-5d02-1dd2-bd0d7e4c29cc/19398322-039b-f433-9956-e7a6bc9ac32e/web/5bd0da6e879fa05c23d62cbebb27245a4e8358893cfe9e086b29c55ec8b72962.jpg,BLOCKED_EVIDENCE_IS_NOT_CANONICAL_ORIGINAL,READY_LINKAGE
39514b38-f90b-4b15-9ac1-0f12d8b1e625,CATV1-P066-R1L,4b36fbfe-7b4e-79d8-42d8-e73ee7d0747c,611c5745-6c7f-9acd-f10e-2096dd4723f9,POLICY_APPROVED,58f3289d1f167f1c5cc270d484dea6591abf0ed12bb6bcdef6251229ebbe0f46,product_images/p066_1_1_shampoo-duo.jpg,CATALOG_EVIDENCE_CROP,image/jpeg,jpg,lihen-product-web,products/4b36fbfe-7b4e-79d8-42d8-e73ee7d0747c/611c5745-6c7f-9acd-f10e-2096dd4723f9/web/58f3289d1f167f1c5cc270d484dea6591abf0ed12bb6bcdef6251229ebbe0f46.jpg,BLOCKED_EVIDENCE_IS_NOT_CANONICAL_ORIGINAL,READY_LINKAGE
39514b38-f90b-4b15-9ac1-0f12d8b1e625,CATV1-P066-R1R,3dfa7f13-ebfd-44c9-6f29-340114bf9328,a00a04ae-8729-736c-4a3e-f987b53fc1b8,POLICY_APPROVED,7a3f2b0fbe857415350e12f4e9a11071e55923d4faa7d468d980b91a46d083c9,product_images/p066_2_1_perfumes.jpg,CATALOG_EVIDENCE_CROP,image/jpeg,jpg,lihen-product-web,products/3dfa7f13-ebfd-44c9-6f29-340114bf9328/a00a04ae-8729-736c-4a3e-f987b53fc1b8/web/7a3f2b0fbe857415350e12f4e9a11071e55923d4faa7d468d980b91a46d083c9.jpg,BLOCKED_EVIDENCE_IS_NOT_CANONICAL_ORIGINAL,READY_LINKAGE
39514b38-f90b-4b15-9ac1-0f12d8b1e625,CATV1-P066-R2L,ff1b14e0-be63-68f4-1c37-6e0c4221e1ef,563ae842-3244-84c3-6881-99a4e6ea28ce,POLICY_APPROVED,cbb7143801f887bf07b3c5d6d78b18204074b8232ff83fba20ac89a84903378b,product_images/p066_1_2_mascarilla-capilar.jpg,CATALOG_EVIDENCE_CROP,image/jpeg,jpg,lihen-product-web,products/ff1b14e0-be63-68f4-1c37-6e0c4221e1ef/563ae842-3244-84c3-6881-99a4e6ea28ce/web/cbb7143801f887bf07b3c5d6d78b18204074b8232ff83fba20ac89a84903378b.jpg,BLOCKED_EVIDENCE_IS_NOT_CANONICAL_ORIGINAL,READY_LINKAGE
39514b38-f90b-4b15-9ac1-0f12d8b1e625,CATV1-P066-R2R,c91cbe67-10f3-82f9-dd67-192ec0afbaf1,534aec5b-167a-e41d-0336-dead08615e80,POLICY_APPROVED,9a7c89b6824d33a40921ba3e2457685a817d969fcd4d8c2c888e88cd2a7f203b,product_images/p066_2_2_shampoo-for-men.jpg,CATALOG_EVIDENCE_CROP,image/jpeg,jpg,lihen-product-web,products/c91cbe67-10f3-82f9-dd67-192ec0afbaf1/534aec5b-167a-e41d-0336-dead08615e80/web/9a7c89b6824d33a40921ba3e2457685a817d969fcd4d8c2c888e88cd2a7f203b.jpg,BLOCKED_EVIDENCE_IS_NOT_CANONICAL_ORIGINAL,READY_LINKAGE
39514b38-f90b-4b15-9ac1-0f12d8b1e625,CATV1-P066-R3L,d87c18af-cd51-1d5c-133a-54c2d2399b48,78c1f3ca-0150-34be-a2e6-b39aaae79d7c,POLICY_APPROVED,e3e2278729c62f6b258825512baf9505ec1a7dfffd444bef08f565e7119e74f4,product_images/p066_1_3_tonico-capilar.jpg,CATALOG_EVIDENCE_CROP,image/jpeg,jpg,lihen-product-web,products/d87c18af-cd51-1d5c-133a-54c2d2399b48/78c1f3ca-0150-34be-a2e6-b39aaae79d7c/web/e3e2278729c62f6b258825512baf9505ec1a7dfffd444bef08f565e7119e74f4.jpg,BLOCKED_EVIDENCE_IS_NOT_CANONICAL_ORIGINAL,READY_LINKAGE
39514b38-f90b-4b15-9ac1-0f12d8b1e625,CATV1-P068-R1L,77406c65-75e8-53b0-642c-54eb80e2e28c,9d130ab1-7307-19ad-b4e8-64277c00f2bc,POLICY_APPROVED,51520f7b86ac588724067781a2a6ecb96fdc770067efd96687948b36e1ec3196,product_images/p068_1_1_mascarilla-karsell-x500ml.jpg,CATALOG_EVIDENCE_CROP,image/jpeg,jpg,lihen-product-web,products/77406c65-75e8-53b0-642c-54eb80e2e28c/9d130ab1-7307-19ad-b4e8-64277c00f2bc/web/51520f7b86ac588724067781a2a6ecb96fdc770067efd96687948b36e1ec3196.jpg,BLOCKED_EVIDENCE_IS_NOT_CANONICAL_ORIGINAL,READY_LINKAGE
39514b38-f90b-4b15-9ac1-0f12d8b1e625,CATV1-P068-R1R,23681dc6-66e2-cddc-2778-ea36dea2f513,b63e55a1-857e-2397-c7e7-76f2684ea67f,POLICY_APPROVED,454eae03fd3e74089fe6b92e68f60c17fbcda1e34d9eed5ae3a049fb77adb8d8,product_images/p068_2_1_aceite-reparador-x50ml.jpg,CATALOG_EVIDENCE_CROP,image/jpeg,jpg,lihen-product-web,products/23681dc6-66e2-cddc-2778-ea36dea2f513/b63e55a1-857e-2397-c7e7-76f2684ea67f/web/454eae03fd3e74089fe6b92e68f60c17fbcda1e34d9eed5ae3a049fb77adb8d8.jpg,BLOCKED_EVIDENCE_IS_NOT_CANONICAL_ORIGINAL,READY_LINKAGE
39514b38-f90b-4b15-9ac1-0f12d8b1e625,CATV1-P068-R2L,3e4d2353-f263-b944-94d1-6e8dacfa29ab,678dba32-1bd3-d7dd-f992-dfb6f8ee13f7,POLICY_APPROVED,b216894df35e7ffd849ca7800320f762d9dd7a7916bb25b8e425ec6a969f423c,product_images/p068_1_2_sh-y-acondi-karsell.jpg,CATALOG_EVIDENCE_CROP,image/jpeg,jpg,lihen-product-web,products/3e4d2353-f263-b944-94d1-6e8dacfa29ab/678dba32-1bd3-d7dd-f992-dfb6f8ee13f7/web/b216894df35e7ffd849ca7800320f762d9dd7a7916bb25b8e425ec6a969f423c.jpg,BLOCKED_EVIDENCE_IS_NOT_CANONICAL_ORIGINAL,READY_LINKAGE
39514b38-f90b-4b15-9ac1-0f12d8b1e625,CATV1-P068-R2R,5d80615e-a3ef-97a4-4b2c-6e3361e838a2,42c4b50b-c48b-58ec-233c-d8c3b743954c,POLICY_APPROVED,23e60be4441e03688f8a5a796f30f23642a93f62e306bcfb0f3c817ab9242abe,product_images/p068_2_2_mascarilla-karsell-sobre.jpg,CATALOG_EVIDENCE_CROP,image/jpeg,jpg,lihen-product-web,products/5d80615e-a3ef-97a4-4b2c-6e3361e838a2/42c4b50b-c48b-58ec-233c-d8c3b743954c/web/23e60be4441e03688f8a5a796f30f23642a93f62e306bcfb0f3c817ab9242abe.jpg,BLOCKED_EVIDENCE_IS_NOT_CANONICAL_ORIGINAL,READY_LINKAGE
39514b38-f90b-4b15-9ac1-0f12d8b1e625,CATV1-P068-R3L,2277ab39-8ea6-2eb3-ab9a-e0623bc62686,4bcaec83-0dc8-4dd3-f07a-d9efd77d0986,POLICY_APPROVED,c4ed905f163bbc633d201497bb5cc10121b60fcef317702022c4d2094e7286e3,product_images/p068_1_3_mascarilla-karsell-nueva.jpg,CATALOG_EVIDENCE_CROP,image/jpeg,jpg,lihen-product-web,products/2277ab39-8ea6-2eb3-ab9a-e0623bc62686/4bcaec83-0dc8-4dd3-f07a-d9efd77d0986/web/c4ed905f163bbc633d201497bb5cc10121b60fcef317702022c4d2094e7286e3.jpg,BLOCKED_EVIDENCE_IS_NOT_CANONICAL_ORIGINAL,READY_LINKAGE
39514b38-f90b-4b15-9ac1-0f12d8b1e625,CATV1-P070-R1L,72873ee2-059e-9bce-2037-2fb523261636,91bc7ead-5be2-6c47-0e1f-997b51e5742a,POLICY_APPROVED,1b87f24f34ee4ae9c4fea580543863d7f7b9501b6b2d72fa3e254d24a5613062,product_images/p070_1_1_shampoo-vegano-recamier.jpg,CATALOG_EVIDENCE_CROP,image/jpeg,jpg,lihen-product-web,products/72873ee2-059e-9bce-2037-2fb523261636/91bc7ead-5be2-6c47-0e1f-997b51e5742a/web/1b87f24f34ee4ae9c4fea580543863d7f7b9501b6b2d72fa3e254d24a5613062.jpg,BLOCKED_EVIDENCE_IS_NOT_CANONICAL_ORIGINAL,READY_LINKAGE
39514b38-f90b-4b15-9ac1-0f12d8b1e625,CATV1-P070-R1R,984b32f0-9faa-6a39-d527-a926690ca384,5cd5aea3-f8f3-9db7-ab30-2fc9f10fdf0d,POLICY_APPROVED,6fa4989303fcecbade6fc21d14d3617e9b6ec6783c54bb78937b994d9ba3a215,product_images/p070_2_1_acondicionador-vegano-recamier.jpg,CATALOG_EVIDENCE_CROP,image/jpeg,jpg,lihen-product-web,products/984b32f0-9faa-6a39-d527-a926690ca384/5cd5aea3-f8f3-9db7-ab30-2fc9f10fdf0d/web/6fa4989303fcecbade6fc21d14d3617e9b6ec6783c54bb78937b994d9ba3a215.jpg,BLOCKED_EVIDENCE_IS_NOT_CANONICAL_ORIGINAL,READY_LINKAGE
39514b38-f90b-4b15-9ac1-0f12d8b1e625,CATV1-P070-R2L,8abab643-533a-ed01-7fa5-fad4b72d3082,fdf23d08-20fb-e602-d8eb-d1872b29fa5a,POLICY_APPROVED,f5c7cae9f5a91875450fb3b1e14aae97c19c0d67bf40c47c71bf2a9d87f40d86,product_images/p070_1_2_tratamiento-vegano-recamier.jpg,CATALOG_EVIDENCE_CROP,image/jpeg,jpg,lihen-product-web,products/8abab643-533a-ed01-7fa5-fad4b72d3082/fdf23d08-20fb-e602-d8eb-d1872b29fa5a/web/f5c7cae9f5a91875450fb3b1e14aae97c19c0d67bf40c47c71bf2a9d87f40d86.jpg,BLOCKED_EVIDENCE_IS_NOT_CANONICAL_ORIGINAL,READY_LINKAGE
39514b38-f90b-4b15-9ac1-0f12d8b1e625,CATV1-P070-R2R,ac7d2f32-ccae-3ffe-ee88-eaaa9662eec8,4df175f0-81ab-ac31-49eb-015cd5115424,POLICY_APPROVED,7a732a4d2ab4512f3a1db052648f2a0b62c7cf1c8f66e41e0fa4a56134bafd7c,product_images/p070_2_2_crema-peinar-vegana-recamier.jpg,CATALOG_EVIDENCE_CROP,image/jpeg,jpg,lihen-product-web,products/ac7d2f32-ccae-3ffe-ee88-eaaa9662eec8/4df175f0-81ab-ac31-49eb-015cd5115424/web/7a732a4d2ab4512f3a1db052648f2a0b62c7cf1c8f66e41e0fa4a56134bafd7c.jpg,BLOCKED_EVIDENCE_IS_NOT_CANONICAL_ORIGINAL,READY_LINKAGE
39514b38-f90b-4b15-9ac1-0f12d8b1e625,CATV1-P070-R3L,037d2ae4-9cf7-c66f-5e5c-0f307ff98f2f,bf81b5e9-9d62-f148-eb8a-740e0bffbe7a,POLICY_APPROVED,49ad21801eabb65d541562ab3300891cf0fcef64fd7cce6c4b92d9860b834a8c,product_images/p070_1_3_termoptrotecto-vegana-recamier.jpg,CATALOG_EVIDENCE_CROP,image/jpeg,jpg,lihen-product-web,products/037d2ae4-9cf7-c66f-5e5c-0f307ff98f2f/bf81b5e9-9d62-f148-eb8a-740e0bffbe7a/web/49ad21801eabb65d541562ab3300891cf0fcef64fd7cce6c4b92d9860b834a8c.jpg,BLOCKED_EVIDENCE_IS_NOT_CANONICAL_ORIGINAL,READY_LINKAGE
39514b38-f90b-4b15-9ac1-0f12d8b1e625,CATV1-P070-R3R,334f3e9b-2acd-f435-5b46-4cf54030152a,529fc43c-3fbe-f058-713a-792224b3a295,POLICY_APPROVED,2413e6a2ec110e5ecde9cee93d27b409fe76bcf5379f8c01316328ceabd9a15d,product_images/p070_2_3_mascarilla-vegana-recamier.jpg,CATALOG_EVIDENCE_CROP,image/jpeg,jpg,lihen-product-web,products/334f3e9b-2acd-f435-5b46-4cf54030152a/529fc43c-3fbe-f058-713a-792224b3a295/web/2413e6a2ec110e5ecde9cee93d27b409fe76bcf5379f8c01316328ceabd9a15d.jpg,BLOCKED_EVIDENCE_IS_NOT_CANONICAL_ORIGINAL,READY_LINKAGE
39514b38-f90b-4b15-9ac1-0f12d8b1e625,CATV1-P072-R1L,ceda5b99-d2a7-ce1a-4c45-7977cdb03fbb,fd168f6f-209b-58f9-00bf-557007056cc6,POLICY_APPROVED,99d993293aeaba13dae8f0ff6cc27e596fc1debf439757bd599fef54f89cdb1c,product_images/p072_1_1_shampoo-minnie.jpg,CATALOG_EVIDENCE_CROP,image/jpeg,jpg,lihen-product-web,products/ceda5b99-d2a7-ce1a-4c45-7977cdb03fbb/fd168f6f-209b-58f9-00bf-557007056cc6/web/99d993293aeaba13dae8f0ff6cc27e596fc1debf439757bd599fef54f89cdb1c.jpg,BLOCKED_EVIDENCE_IS_NOT_CANONICAL_ORIGINAL,READY_LINKAGE
39514b38-f90b-4b15-9ac1-0f12d8b1e625,CATV1-P072-R1R,290e82cf-db37-1f0e-550d-81755688a6c3,6a30b178-71b0-5747-09e0-2adcd3e94b58,POLICY_APPROVED,c7637201bce9eab4c4dbe37b4b4595c2c83afeae9cda4ef2515b0a70a3638f42,product_images/p072_2_1_mascarilla-minnie.jpg,CATALOG_EVIDENCE_CROP,image/jpeg,jpg,lihen-product-web,products/290e82cf-db37-1f0e-550d-81755688a6c3/6a30b178-71b0-5747-09e0-2adcd3e94b58/web/c7637201bce9eab4c4dbe37b4b4595c2c83afeae9cda4ef2515b0a70a3638f42.jpg,BLOCKED_EVIDENCE_IS_NOT_CANONICAL_ORIGINAL,READY_LINKAGE
39514b38-f90b-4b15-9ac1-0f12d8b1e625,CATV1-P072-R2L,4b1ec1a5-9c63-7c1e-0c0e-9930fc5d6f95,0a5a070a-d50c-2c28-7e4a-5338563a9e4f,POLICY_APPROVED,1eee2d3103423c993959df3a0151806a4583f47b7803a0739f4fa810eeff563e,product_images/p072_1_2_termoprotector-minnie.jpg,CATALOG_EVIDENCE_CROP,image/jpeg,jpg,lihen-product-web,products/4b1ec1a5-9c63-7c1e-0c0e-9930fc5d6f95/0a5a070a-d50c-2c28-7e4a-5338563a9e4f/web/1eee2d3103423c993959df3a0151806a4583f47b7803a0739f4fa810eeff563e.jpg,BLOCKED_EVIDENCE_IS_NOT_CANONICAL_ORIGINAL,READY_LINKAGE
39514b38-f90b-4b15-9ac1-0f12d8b1e625,CATV1-P072-R2R,2ff9904f-ea9d-36c9-d3b8-b29d2a44b18e,afa6ca57-7fab-f135-d997-64155135c756,POLICY_APPROVED,fa464225b5cf1cbe45ff644d331989fa67e322b3a5a3de52c2271a3e54cc01dd,product_images/p072_2_2_tonico-capilar-minnie.jpg,CATALOG_EVIDENCE_CROP,image/jpeg,jpg,lihen-product-web,products/2ff9904f-ea9d-36c9-d3b8-b29d2a44b18e/afa6ca57-7fab-f135-d997-64155135c756/web/fa464225b5cf1cbe45ff644d331989fa67e322b3a5a3de52c2271a3e54cc01dd.jpg,BLOCKED_EVIDENCE_IS_NOT_CANONICAL_ORIGINAL,READY_LINKAGE
39514b38-f90b-4b15-9ac1-0f12d8b1e625,CATV1-P072-R3L,45accddf-0a13-2bd6-32cd-8399367c95dd,c5a7d29e-e035-0719-d65b-109825605cf1,POLICY_APPROVED,e8c3b587f994176316bfe1468bfc83dcb557447790ccbb96f3e50972263b6049,product_images/p072_1_3_fragancia.jpg,CATALOG_EVIDENCE_CROP,image/jpeg,jpg,lihen-product-web,products/45accddf-0a13-2bd6-32cd-8399367c95dd/c5a7d29e-e035-0719-d65b-109825605cf1/web/e8c3b587f994176316bfe1468bfc83dcb557447790ccbb96f3e50972263b6049.jpg,BLOCKED_EVIDENCE_IS_NOT_CANONICAL_ORIGINAL,READY_LINKAGE
39514b38-f90b-4b15-9ac1-0f12d8b1e625,CATV1-P072-R3R,ad77ee6b-7f6c-18e5-3c08-4e24edcaa126,3e51ceb0-34fb-099e-12d6-07857564af04,POLICY_APPROVED,54f2e3d465e7c79022d1239e39eec5bd9346496e6252b9207379918c135626c0,product_images/p072_2_3_plancha-minnie.jpg,CATALOG_EVIDENCE_CROP,image/jpeg,jpg,lihen-product-web,products/ad77ee6b-7f6c-18e5-3c08-4e24edcaa126/3e51ceb0-34fb-099e-12d6-07857564af04/web/54f2e3d465e7c79022d1239e39eec5bd9346496e6252b9207379918c135626c0.jpg,BLOCKED_EVIDENCE_IS_NOT_CANONICAL_ORIGINAL,READY_LINKAGE
39514b38-f90b-4b15-9ac1-0f12d8b1e625,CATV1-P073-R1L,49fc82ee-c812-7158-dee8-3e4f53661ba1,bea6d164-6152-da5b-2bbf-34a0a3c270d9,POLICY_APPROVED,fafdda17d4e9214d06049bd2c2bb5ed39f9c40be204470f74d275a37bcc4ff2d,product_images/p073_1_1_secador-minnie.jpg,CATALOG_EVIDENCE_CROP,image/jpeg,jpg,lihen-product-web,products/49fc82ee-c812-7158-dee8-3e4f53661ba1/bea6d164-6152-da5b-2bbf-34a0a3c270d9/web/fafdda17d4e9214d06049bd2c2bb5ed39f9c40be204470f74d275a37bcc4ff2d.jpg,BLOCKED_EVIDENCE_IS_NOT_CANONICAL_ORIGINAL,READY_LINKAGE
39514b38-f90b-4b15-9ac1-0f12d8b1e625,CATV1-P073-R1R,32a30ebc-fc7f-fc87-4e68-58ddc386fa8f,0d0c8421-2d44-18af-e16c-15c010e348aa,POLICY_APPROVED,09a1e1789bb32aedffed74d50b98268aa127ff7a78dcc20294a1bbbd18095501,product_images/p073_2_1_cepillo-secador-minnie.jpg,CATALOG_EVIDENCE_CROP,image/jpeg,jpg,lihen-product-web,products/32a30ebc-fc7f-fc87-4e68-58ddc386fa8f/0d0c8421-2d44-18af-e16c-15c010e348aa/web/09a1e1789bb32aedffed74d50b98268aa127ff7a78dcc20294a1bbbd18095501.jpg,BLOCKED_EVIDENCE_IS_NOT_CANONICAL_ORIGINAL,READY_LINKAGE
39514b38-f90b-4b15-9ac1-0f12d8b1e625,CATV1-P073-R2L,ab6e9cea-af70-b487-57ef-787f890b4a07,5383082a-2ef3-636a-89f5-4b1b6a809961,POLICY_APPROVED,35832935da88d68e7fa6f2b36393e65c8ead0abd1d8e2dd93863bada72d51a53,product_images/p073_1_2_shampoo-princesas.jpg,CATALOG_EVIDENCE_CROP,image/jpeg,jpg,lihen-product-web,products/ab6e9cea-af70-b487-57ef-787f890b4a07/5383082a-2ef3-636a-89f5-4b1b6a809961/web/35832935da88d68e7fa6f2b36393e65c8ead0abd1d8e2dd93863bada72d51a53.jpg,BLOCKED_EVIDENCE_IS_NOT_CANONICAL_ORIGINAL,READY_LINKAGE
39514b38-f90b-4b15-9ac1-0f12d8b1e625,CATV1-P073-R2R,632222d9-3bc7-34ea-826e-5a9a280b3fdc,1b3232e7-5734-6d68-d663-87317b87c445,HUMAN_APPROVED,03a5ca7d982e6fec3d3fc52b6b46bc96cfd5df7548ff371114082290e25ed010,product_images/p073_2_2_princesas.jpg,CATALOG_EVIDENCE_CROP,image/jpeg,jpg,lihen-product-web,products/632222d9-3bc7-34ea-826e-5a9a280b3fdc/1b3232e7-5734-6d68-d663-87317b87c445/web/03a5ca7d982e6fec3d3fc52b6b46bc96cfd5df7548ff371114082290e25ed010.jpg,BLOCKED_EVIDENCE_IS_NOT_CANONICAL_ORIGINAL,READY_LINKAGE
39514b38-f90b-4b15-9ac1-0f12d8b1e625,CATV1-P073-R3L,fb559fa5-c1f6-5ce5-edd0-6e70b94d1595,8156439d-7351-dfc5-6594-4179b918f09a,HUMAN_APPROVED,cc387f7e227e305d192df69c89b849d546f343d8fadc01f2d10e6d752fdd0180,product_images/p073_1_3_princesas.jpg,CATALOG_EVIDENCE_CROP,image/jpeg,jpg,lihen-product-web,products/fb559fa5-c1f6-5ce5-edd0-6e70b94d1595/8156439d-7351-dfc5-6594-4179b918f09a/web/cc387f7e227e305d192df69c89b849d546f343d8fadc01f2d10e6d752fdd0180.jpg,BLOCKED_EVIDENCE_IS_NOT_CANONICAL_ORIGINAL,READY_LINKAGE
39514b38-f90b-4b15-9ac1-0f12d8b1e625,CATV1-P073-R3R,7b46d726-ce67-2e83-311e-92dd49adf5d2,5d78427b-7f9f-3bf1-a468-91cccbaa021d,HUMAN_APPROVED,4f0fdd4eba30b23c7f5dbf3fce86fbbb85a69e05ff3e7b8f2d246e329eb19801,product_images/p073_2_3_princesas.jpg,CATALOG_EVIDENCE_CROP,image/jpeg,jpg,lihen-product-web,products/7b46d726-ce67-2e83-311e-92dd49adf5d2/5d78427b-7f9f-3bf1-a468-91cccbaa021d/web/4f0fdd4eba30b23c7f5dbf3fce86fbbb85a69e05ff3e7b8f2d246e329eb19801.jpg,BLOCKED_EVIDENCE_IS_NOT_CANONICAL_ORIGINAL,READY_LINKAGE
39514b38-f90b-4b15-9ac1-0f12d8b1e625,CATV1-P074-R1L,8f92433b-bff1-3589-d4d5-c686e91d48a7,c639ceca-0d1b-c52c-1fc5-39ac591819cd,HUMAN_APPROVED,76c181428cc80c33760a1cc4d145f41de72df59e226266f2310dec00981cf7ca,product_images/p074_1_1_princesas.jpg,CATALOG_EVIDENCE_CROP,image/jpeg,jpg,lihen-product-web,products/8f92433b-bff1-3589-d4d5-c686e91d48a7/c639ceca-0d1b-c52c-1fc5-39ac591819cd/web/76c181428cc80c33760a1cc4d145f41de72df59e226266f2310dec00981cf7ca.jpg,BLOCKED_EVIDENCE_IS_NOT_CANONICAL_ORIGINAL,READY_LINKAGE
39514b38-f90b-4b15-9ac1-0f12d8b1e625,CATV1-P074-R1R,84d71c17-404b-7c4a-27c7-0640880f9717,89714c5d-e763-586e-9c98-3af2b5a51424,POLICY_APPROVED,14ab6dc146a24c29ec3ad1aa89fc925809cf167a4596d796969179c74373c90e,product_images/p074_2_1_shampoo-airoman.jpg,CATALOG_EVIDENCE_CROP,image/jpeg,jpg,lihen-product-web,products/84d71c17-404b-7c4a-27c7-0640880f9717/89714c5d-e763-586e-9c98-3af2b5a51424/web/14ab6dc146a24c29ec3ad1aa89fc925809cf167a4596d796969179c74373c90e.jpg,BLOCKED_EVIDENCE_IS_NOT_CANONICAL_ORIGINAL,READY_LINKAGE
39514b38-f90b-4b15-9ac1-0f12d8b1e625,CATV1-P074-R2L,8cebe35b-1145-6372-55c7-28af2a0af262,cfca7173-3089-b065-320e-aaa4d3193024,HUMAN_APPROVED,79a2b58e104944bfe35b9eea1f017aa0d33bd20bec62c700dd3e82fa17f3ef54,product_images/p074_1_2_airoman.jpg,CATALOG_EVIDENCE_CROP,image/jpeg,jpg,lihen-product-web,products/8cebe35b-1145-6372-55c7-28af2a0af262/cfca7173-3089-b065-320e-aaa4d3193024/web/79a2b58e104944bfe35b9eea1f017aa0d33bd20bec62c700dd3e82fa17f3ef54.jpg,BLOCKED_EVIDENCE_IS_NOT_CANONICAL_ORIGINAL,READY_LINKAGE
39514b38-f90b-4b15-9ac1-0f12d8b1e625,CATV1-P074-R2R,c6683872-7f65-f036-e3a5-716f3ae32687,f15c39b2-47da-45c2-a376-baa0ef49583c,POLICY_APPROVED,24333bb630aa6c9cd6b8da468d857eb3349a5a66392934c313c557b0d365117d,product_images/p074_2_2_panitos-con-y-sin-aroma.jpg,CATALOG_EVIDENCE_CROP,image/jpeg,jpg,lihen-product-web,products/c6683872-7f65-f036-e3a5-716f3ae32687/f15c39b2-47da-45c2-a376-baa0ef49583c/web/24333bb630aa6c9cd6b8da468d857eb3349a5a66392934c313c557b0d365117d.jpg,BLOCKED_EVIDENCE_IS_NOT_CANONICAL_ORIGINAL,READY_LINKAGE
39514b38-f90b-4b15-9ac1-0f12d8b1e625,CATV1-P075-R1L,4a0466cc-79ad-90ef-0b59-6aea4309d206,07a91ddd-bd97-bfbf-914f-9ab5840d4810,POLICY_APPROVED,fff7c822e5bb05eabcbe59cc84c49a3d32e67f03f7d61830138ca5b75d6f7010,product_images/p075_1_1_shampoo-woody.jpg,CATALOG_EVIDENCE_CROP,image/jpeg,jpg,lihen-product-web,products/4a0466cc-79ad-90ef-0b59-6aea4309d206/07a91ddd-bd97-bfbf-914f-9ab5840d4810/web/fff7c822e5bb05eabcbe59cc84c49a3d32e67f03f7d61830138ca5b75d6f7010.jpg,BLOCKED_EVIDENCE_IS_NOT_CANONICAL_ORIGINAL,READY_LINKAGE
39514b38-f90b-4b15-9ac1-0f12d8b1e625,CATV1-P075-R1R,041c0ff9-2a4c-d6c8-1708-bf1dbe99262e,18b2a451-c43a-24a1-d513-c1047fe64088,POLICY_APPROVED,c82916a5930257196041b782e9033a00aba676380bbd6d81408e46feb1418802,product_images/p075_2_1_shampoo-jessie.jpg,CATALOG_EVIDENCE_CROP,image/jpeg,jpg,lihen-product-web,products/041c0ff9-2a4c-d6c8-1708-bf1dbe99262e/18b2a451-c43a-24a1-d513-c1047fe64088/web/c82916a5930257196041b782e9033a00aba676380bbd6d81408e46feb1418802.jpg,BLOCKED_EVIDENCE_IS_NOT_CANONICAL_ORIGINAL,READY_LINKAGE
39514b38-f90b-4b15-9ac1-0f12d8b1e625,CATV1-P075-R2L,0b49b686-88c3-5c1e-0b82-f787ab14e35e,4bf2667c-80cf-ea19-df03-d90614b47b29,POLICY_APPROVED,14f5e6107ddcb7679de6718776a074c7c01495a6a921d5bf44a3a53fcb355ed1,product_images/p075_1_2_jabon-corporal.jpg,CATALOG_EVIDENCE_CROP,image/jpeg,jpg,lihen-product-web,products/0b49b686-88c3-5c1e-0b82-f787ab14e35e/4bf2667c-80cf-ea19-df03-d90614b47b29/web/14f5e6107ddcb7679de6718776a074c7c01495a6a921d5bf44a3a53fcb355ed1.jpg,BLOCKED_EVIDENCE_IS_NOT_CANONICAL_ORIGINAL,READY_LINKAGE
39514b38-f90b-4b15-9ac1-0f12d8b1e625,CATV1-P075-R2R,5f4f8200-23ce-86e5-4f4b-f111d66bad1b,9b151d67-eba6-3e40-9507-b4040d83204b,POLICY_APPROVED,1b0a5d96133614f9e1f29e38838d85ee3d574d47a84442da1f603f124a2c9e1d,product_images/p075_2_2_jabon-de-manos-con.jpg,CATALOG_EVIDENCE_CROP,image/jpeg,jpg,lihen-product-web,products/5f4f8200-23ce-86e5-4f4b-f111d66bad1b/9b151d67-eba6-3e40-9507-b4040d83204b/web/1b0a5d96133614f9e1f29e38838d85ee3d574d47a84442da1f603f124a2c9e1d.jpg,BLOCKED_EVIDENCE_IS_NOT_CANONICAL_ORIGINAL,READY_LINKAGE
39514b38-f90b-4b15-9ac1-0f12d8b1e625,CATV1-P075-R3L,88fca1f0-b126-0a31-db31-3288a4ec5fe6,7c96bc6d-17f9-e98d-5dc7-022b65132f1a,POLICY_APPROVED,a9c90980c63e2cdab8563086c44f942c9b0fefea7b251a545da7b7767031704f,product_images/p075_1_3_shampoo-micelar-sonido.jpg,CATALOG_EVIDENCE_CROP,image/jpeg,jpg,lihen-product-web,products/88fca1f0-b126-0a31-db31-3288a4ec5fe6/7c96bc6d-17f9-e98d-5dc7-022b65132f1a/web/a9c90980c63e2cdab8563086c44f942c9b0fefea7b251a545da7b7767031704f.jpg,BLOCKED_EVIDENCE_IS_NOT_CANONICAL_ORIGINAL,READY_LINKAGE
39514b38-f90b-4b15-9ac1-0f12d8b1e625,CATV1-P075-R3R,17d535cf-32d9-ea2d-9ffc-57a50d101aae,64df6609-4ffb-7221-a401-06543dfc2c47,POLICY_APPROVED,c5e948320c7f279ae1312bbe74fd4fd3cad34e5d81d7d4a42e2cc85d39cf4dc6,product_images/p075_2_3_shampoo-buzz-lifth.jpg,CATALOG_EVIDENCE_CROP,image/jpeg,jpg,lihen-product-web,products/17d535cf-32d9-ea2d-9ffc-57a50d101aae/64df6609-4ffb-7221-a401-06543dfc2c47/web/c5e948320c7f279ae1312bbe74fd4fd3cad34e5d81d7d4a42e2cc85d39cf4dc6.jpg,BLOCKED_EVIDENCE_IS_NOT_CANONICAL_ORIGINAL,READY_LINKAGE
39514b38-f90b-4b15-9ac1-0f12d8b1e625,CATV1-P076-R1L,6719638d-e14f-9310-823b-a02b01295622,aa3ab0fb-a68a-26c3-d9c9-4ec793ebe94f,POLICY_APPROVED,ae887e8cf7ef72c35102f3675da453f62277058acad91cb8009d86dcc7211025,product_images/p076_1_1_mascarilla-facial.jpg,CATALOG_EVIDENCE_CROP,image/jpeg,jpg,lihen-product-web,products/6719638d-e14f-9310-823b-a02b01295622/aa3ab0fb-a68a-26c3-d9c9-4ec793ebe94f/web/ae887e8cf7ef72c35102f3675da453f62277058acad91cb8009d86dcc7211025.jpg,BLOCKED_EVIDENCE_IS_NOT_CANONICAL_ORIGINAL,READY_LINKAGE
39514b38-f90b-4b15-9ac1-0f12d8b1e625,CATV1-P078-R1L,d7d599c9-e3f8-260f-107b-8f80a073cb8c,810112be-7bde-ce10-c6fa-5c2fbddf696d,POLICY_APPROVED,a85fce1f889505efbc374be230010fbc36b8d66cc457ffd2c98ead675aac9e73,product_images/p078_1_1_jabon-facial-rosas.jpg,CATALOG_EVIDENCE_CROP,image/jpeg,jpg,lihen-product-web,products/d7d599c9-e3f8-260f-107b-8f80a073cb8c/810112be-7bde-ce10-c6fa-5c2fbddf696d/web/a85fce1f889505efbc374be230010fbc36b8d66cc457ffd2c98ead675aac9e73.jpg,BLOCKED_EVIDENCE_IS_NOT_CANONICAL_ORIGINAL,READY_LINKAGE
39514b38-f90b-4b15-9ac1-0f12d8b1e625,CATV1-P078-R1R,12a2c3ce-a3cd-a700-3a03-e829c00c9f04,2791ca1c-3b54-6351-3fb0-6a670ef63999,POLICY_APPROVED,ba4871db49a9b49c57f3434db809b8ab970e9d4994663ad6639ff872074d28e0,product_images/p078_2_1_jabon-facial-hamamelis.jpg,CATALOG_EVIDENCE_CROP,image/jpeg,jpg,lihen-product-web,products/12a2c3ce-a3cd-a700-3a03-e829c00c9f04/2791ca1c-3b54-6351-3fb0-6a670ef63999/web/ba4871db49a9b49c57f3434db809b8ab970e9d4994663ad6639ff872074d28e0.jpg,BLOCKED_EVIDENCE_IS_NOT_CANONICAL_ORIGINAL,READY_LINKAGE
39514b38-f90b-4b15-9ac1-0f12d8b1e625,CATV1-P078-R2L,1b717c47-9518-050d-b213-04386e616be9,78d793c6-ed57-980e-a6f4-24fc0b989803,POLICY_APPROVED,3eddc6536c85d895e4cb841b533d3e9f1ec505967a070898ecca4e6f52b48ae2,product_images/p078_1_2_desmaquillador-bifasico.jpg,CATALOG_EVIDENCE_CROP,image/jpeg,jpg,lihen-product-web,products/1b717c47-9518-050d-b213-04386e616be9/78d793c6-ed57-980e-a6f4-24fc0b989803/web/3eddc6536c85d895e4cb841b533d3e9f1ec505967a070898ecca4e6f52b48ae2.jpg,BLOCKED_EVIDENCE_IS_NOT_CANONICAL_ORIGINAL,READY_LINKAGE
39514b38-f90b-4b15-9ac1-0f12d8b1e625,CATV1-P078-R2R,7e70b3c5-60cf-3ba4-32c3-bd281a5afbae,789ec624-ea0e-40f2-2e8a-7d4f49e079a9,POLICY_APPROVED,0b64e23f85d1f9f3f6192eca60ad6881058e2211fa762d598dedb1bdc029b8ec,product_images/p078_2_2_espuma-facial-niacimanida-y-aloe-vera.jpg,CATALOG_EVIDENCE_CROP,image/jpeg,jpg,lihen-product-web,products/7e70b3c5-60cf-3ba4-32c3-bd281a5afbae/789ec624-ea0e-40f2-2e8a-7d4f49e079a9/web/0b64e23f85d1f9f3f6192eca60ad6881058e2211fa762d598dedb1bdc029b8ec.jpg,BLOCKED_EVIDENCE_IS_NOT_CANONICAL_ORIGINAL,READY_LINKAGE
39514b38-f90b-4b15-9ac1-0f12d8b1e625,CATV1-P078-R3L,b44d0898-e885-63bb-b909-cfcc0b5115cf,f80a14f8-dd6f-438e-8a8b-bb55d0ae0f9f,POLICY_APPROVED,4c6a8408e344919bf28ad965c070555faae7887a1b858e906c83f219962de2a4,product_images/p078_1_3_espuma-facial-rosas.jpg,CATALOG_EVIDENCE_CROP,image/jpeg,jpg,lihen-product-web,products/b44d0898-e885-63bb-b909-cfcc0b5115cf/f80a14f8-dd6f-438e-8a8b-bb55d0ae0f9f/web/4c6a8408e344919bf28ad965c070555faae7887a1b858e906c83f219962de2a4.jpg,BLOCKED_EVIDENCE_IS_NOT_CANONICAL_ORIGINAL,READY_LINKAGE
39514b38-f90b-4b15-9ac1-0f12d8b1e625,CATV1-P078-R3R,f28f26d2-bd59-7f66-6b41-92288a2b91b0,f8b4b741-2267-766b-6ccf-88cb57a0e4f3,POLICY_APPROVED,84de88ebcc0dd623c1dbf8f32b21c80233a413538cd4f1f90c2c2d4ef789961d,product_images/p078_2_3_espuma-facial-acido-hiualu-y-aloe-vera.jpg,CATALOG_EVIDENCE_CROP,image/jpeg,jpg,lihen-product-web,products/f28f26d2-bd59-7f66-6b41-92288a2b91b0/f8b4b741-2267-766b-6ccf-88cb57a0e4f3/web/84de88ebcc0dd623c1dbf8f32b21c80233a413538cd4f1f90c2c2d4ef789961d.jpg,BLOCKED_EVIDENCE_IS_NOT_CANONICAL_ORIGINAL,READY_LINKAGE
39514b38-f90b-4b15-9ac1-0f12d8b1e625,CATV1-P079-R1L,f0c5f995-77ab-32fc-e8fa-19c571106ef9,e01ba1a2-07d4-14ed-94b6-fdc5780ab484,POLICY_APPROVED,12aa78fdd90f0823dba793cd54901428d2308950d2abc529a25442fc1a2b20cd,product_images/p079_1_1_espuma-facial-hamamelis.jpg,CATALOG_EVIDENCE_CROP,image/jpeg,jpg,lihen-product-web,products/f0c5f995-77ab-32fc-e8fa-19c571106ef9/e01ba1a2-07d4-14ed-94b6-fdc5780ab484/web/12aa78fdd90f0823dba793cd54901428d2308950d2abc529a25442fc1a2b20cd.jpg,BLOCKED_EVIDENCE_IS_NOT_CANONICAL_ORIGINAL,READY_LINKAGE
39514b38-f90b-4b15-9ac1-0f12d8b1e625,CATV1-P079-R1R,671ec600-883c-a12e-d763-8ff9edb20a21,016360ed-f9e1-07ac-242d-63250dbb82ba,POLICY_APPROVED,020c2ae7b85ba3e69c195b6bb4b37316be5f13c7aa76417954fe7962a592158d,product_images/p079_2_1_agua-micelar.jpg,CATALOG_EVIDENCE_CROP,image/jpeg,jpg,lihen-product-web,products/671ec600-883c-a12e-d763-8ff9edb20a21/016360ed-f9e1-07ac-242d-63250dbb82ba/web/020c2ae7b85ba3e69c195b6bb4b37316be5f13c7aa76417954fe7962a592158d.jpg,BLOCKED_EVIDENCE_IS_NOT_CANONICAL_ORIGINAL,READY_LINKAGE
39514b38-f90b-4b15-9ac1-0f12d8b1e625,CATV1-P079-R2L,81029079-2282-de92-6df5-ce79d6a1a4a9,7fecde26-7678-ca44-94ef-f938d68c099b,POLICY_APPROVED,8cc975d31738b6b3415302bb9aa790f45874ec8e78e3304bb38814f0c4dd0e6f,product_images/p079_1_2_aceite-corporal-coco-almendra-naranja.jpg,CATALOG_EVIDENCE_CROP,image/jpeg,jpg,lihen-product-web,products/81029079-2282-de92-6df5-ce79d6a1a4a9/7fecde26-7678-ca44-94ef-f938d68c099b/web/8cc975d31738b6b3415302bb9aa790f45874ec8e78e3304bb38814f0c4dd0e6f.jpg,BLOCKED_EVIDENCE_IS_NOT_CANONICAL_ORIGINAL,READY_LINKAGE
39514b38-f90b-4b15-9ac1-0f12d8b1e625,CATV1-P079-R2R,59715d4a-b0ec-ab7b-9642-3546c8f75c0e,ff592b63-5c5f-a442-0f67-70518a6e8c95,POLICY_APPROVED,9d6b179147ecd306e7c5f0bc602bf1447b2e7c4fb055144ac05c36e252c3c92d,product_images/p079_2_2_exfoliante-facial-rosas-y-aguacate.jpg,CATALOG_EVIDENCE_CROP,image/jpeg,jpg,lihen-product-web,products/59715d4a-b0ec-ab7b-9642-3546c8f75c0e/ff592b63-5c5f-a442-0f67-70518a6e8c95/web/9d6b179147ecd306e7c5f0bc602bf1447b2e7c4fb055144ac05c36e252c3c92d.jpg,BLOCKED_EVIDENCE_IS_NOT_CANONICAL_ORIGINAL,READY_LINKAGE
39514b38-f90b-4b15-9ac1-0f12d8b1e625,CATV1-P079-R3L,d3c87040-a354-b2ce-b710-5b36c0925246,91fb016c-a248-b286-6cba-647ec8b77acd,POLICY_APPROVED,3e565cebe899de808f1dfabb62381fa819194e494735b247b3f331559eaf267a,product_images/p079_1_3_tonico-facial-110ml-rosas-y-aloe-vera.jpg,CATALOG_EVIDENCE_CROP,image/jpeg,jpg,lihen-product-web,products/d3c87040-a354-b2ce-b710-5b36c0925246/91fb016c-a248-b286-6cba-647ec8b77acd/web/3e565cebe899de808f1dfabb62381fa819194e494735b247b3f331559eaf267a.jpg,BLOCKED_EVIDENCE_IS_NOT_CANONICAL_ORIGINAL,READY_LINKAGE
39514b38-f90b-4b15-9ac1-0f12d8b1e625,CATV1-P079-R3R,387e26a0-aa52-367d-398a-c1cf70f03385,9e5bb9ef-1114-a2ff-9253-f62ce014bb84,POLICY_APPROVED,54bd32e8cdf5d29a88c358ade411ad993e4814cfb314e6c78e5661c85dbaaaf8,product_images/p079_2_3_tonico-facial-250ml-rosas-y-aloe-vera.jpg,CATALOG_EVIDENCE_CROP,image/jpeg,jpg,lihen-product-web,products/387e26a0-aa52-367d-398a-c1cf70f03385/9e5bb9ef-1114-a2ff-9253-f62ce014bb84/web/54bd32e8cdf5d29a88c358ade411ad993e4814cfb314e6c78e5661c85dbaaaf8.jpg,BLOCKED_EVIDENCE_IS_NOT_CANONICAL_ORIGINAL,READY_LINKAGE
39514b38-f90b-4b15-9ac1-0f12d8b1e625,CATV1-P080-R1L,0d9bf921-8afa-de99-9981-ff775f84b788,bed3e9d2-83f5-f040-3240-12a2f862b16f,POLICY_APPROVED,90082a5f99dd1e9786c3adb14ca293509b556194b478814e29f13c005f54c03e,product_images/p080_1_1_suero-facial.jpg,CATALOG_EVIDENCE_CROP,image/jpeg,jpg,lihen-product-web,products/0d9bf921-8afa-de99-9981-ff775f84b788/bed3e9d2-83f5-f040-3240-12a2f862b16f/web/90082a5f99dd1e9786c3adb14ca293509b556194b478814e29f13c005f54c03e.jpg,BLOCKED_EVIDENCE_IS_NOT_CANONICAL_ORIGINAL,READY_LINKAGE
39514b38-f90b-4b15-9ac1-0f12d8b1e625,CATV1-P080-R1R,96315803-2f1f-ed1f-c932-d9aad1421633,7dd2eee8-e8c2-c3f7-f255-c3d1c9472295,POLICY_APPROVED,f611b75d290126ad02ec9e9f48cc7619c94e713721009879466d85b36ca650f0,product_images/p080_2_1_chispitas.jpg,CATALOG_EVIDENCE_CROP,image/jpeg,jpg,lihen-product-web,products/96315803-2f1f-ed1f-c932-d9aad1421633/7dd2eee8-e8c2-c3f7-f255-c3d1c9472295/web/f611b75d290126ad02ec9e9f48cc7619c94e713721009879466d85b36ca650f0.jpg,BLOCKED_EVIDENCE_IS_NOT_CANONICAL_ORIGINAL,READY_LINKAGE
39514b38-f90b-4b15-9ac1-0f12d8b1e625,CATV1-P080-R2L,78a188a1-33ec-1192-888a-b81c9817f2f5,9a456200-d47f-09e1-502c-aaef8505c251,HUMAN_APPROVED,2a87f8a6bdc5f577b4aa9863ddd94f6cfa366229a4a5b7e605921b0831542bd7,product_images/p080_1_2_exfoliante-azucar-corporal.jpg,CATALOG_EVIDENCE_CROP,image/jpeg,jpg,lihen-product-web,products/78a188a1-33ec-1192-888a-b81c9817f2f5/9a456200-d47f-09e1-502c-aaef8505c251/web/2a87f8a6bdc5f577b4aa9863ddd94f6cfa366229a4a5b7e605921b0831542bd7.jpg,BLOCKED_EVIDENCE_IS_NOT_CANONICAL_ORIGINAL,READY_LINKAGE
39514b38-f90b-4b15-9ac1-0f12d8b1e625,CATV1-P080-R2R,79f62181-0b55-3c37-1642-1a0f874019d2,58962b14-e6d3-1cf0-285c-590275d03b23,HUMAN_APPROVED,8e03e48fa3b2122d7d9bad150a8fc8eaf86b9c92991c10aa707e68b4445571b8,product_images/p080_2_2_gel-exfoliante-corporal.jpg,CATALOG_EVIDENCE_CROP,image/jpeg,jpg,lihen-product-web,products/79f62181-0b55-3c37-1642-1a0f874019d2/58962b14-e6d3-1cf0-285c-590275d03b23/web/8e03e48fa3b2122d7d9bad150a8fc8eaf86b9c92991c10aa707e68b4445571b8.jpg,BLOCKED_EVIDENCE_IS_NOT_CANONICAL_ORIGINAL,READY_LINKAGE
39514b38-f90b-4b15-9ac1-0f12d8b1e625,CATV1-P080-R3L,abcc039d-a95c-6810-ded2-6facfb76a2ed,e12fe823-a8ed-a3be-9e4a-364f59d22afc,HUMAN_APPROVED,8b1a6606a908ca957b162766a89421063a37b2fd39f985bc0c888232e681a606,product_images/p080_1_3_cremas-corporales.jpg,CATALOG_EVIDENCE_CROP,image/jpeg,jpg,lihen-product-web,products/abcc039d-a95c-6810-ded2-6facfb76a2ed/e12fe823-a8ed-a3be-9e4a-364f59d22afc/web/8b1a6606a908ca957b162766a89421063a37b2fd39f985bc0c888232e681a606.jpg,BLOCKED_EVIDENCE_IS_NOT_CANONICAL_ORIGINAL,READY_LINKAGE
39514b38-f90b-4b15-9ac1-0f12d8b1e625,CATV1-P080-R3R,eab03016-9d36-3d9e-f8aa-ffd8cc53eb1c,8e3f4cdf-286f-c232-3df5-5f5ceaece940,POLICY_APPROVED,a639b7a7ab6cd1b34f99dd9e973153052d7b203a1afbacc486fc64b6632299ab,product_images/p080_2_3_crema-faith.jpg,CATALOG_EVIDENCE_CROP,image/jpeg,jpg,lihen-product-web,products/eab03016-9d36-3d9e-f8aa-ffd8cc53eb1c/8e3f4cdf-286f-c232-3df5-5f5ceaece940/web/a639b7a7ab6cd1b34f99dd9e973153052d7b203a1afbacc486fc64b6632299ab.jpg,BLOCKED_EVIDENCE_IS_NOT_CANONICAL_ORIGINAL,READY_LINKAGE
39514b38-f90b-4b15-9ac1-0f12d8b1e625,CATV1-P081-R1L,fc131d88-6814-5482-c5fd-a89cc04761c3,8bedd49a-9429-0cd0-0446-609c17d4dc81,POLICY_APPROVED,a70eb35183ffe53ccdf798d80514931221753ff1dfff90089abda58160ff141d,product_images/p081_1_1_mantequilla-corporal.jpg,CATALOG_EVIDENCE_CROP,image/jpeg,jpg,lihen-product-web,products/fc131d88-6814-5482-c5fd-a89cc04761c3/8bedd49a-9429-0cd0-0446-609c17d4dc81/web/a70eb35183ffe53ccdf798d80514931221753ff1dfff90089abda58160ff141d.jpg,BLOCKED_EVIDENCE_IS_NOT_CANONICAL_ORIGINAL,READY_LINKAGE
39514b38-f90b-4b15-9ac1-0f12d8b1e625,CATV1-P081-R1R,28e80b0a-baf9-ceef-9615-032c4a06e8d9,9a568941-f342-4096-1c0c-870777c9e672,POLICY_APPROVED,059f64b5d127c33b431bd7af6e8d6b597b5a2231397f662edae98ba5803ae853,product_images/p081_2_1_splash-corporal.jpg,CATALOG_EVIDENCE_CROP,image/jpeg,jpg,lihen-product-web,products/28e80b0a-baf9-ceef-9615-032c4a06e8d9/9a568941-f342-4096-1c0c-870777c9e672/web/059f64b5d127c33b431bd7af6e8d6b597b5a2231397f662edae98ba5803ae853.jpg,BLOCKED_EVIDENCE_IS_NOT_CANONICAL_ORIGINAL,READY_LINKAGE
39514b38-f90b-4b15-9ac1-0f12d8b1e625,CATV1-P081-R2L,d14b1f80-590b-b2cb-a0c3-355f43b55989,39596f64-1032-37b1-8359-55926365138d,POLICY_APPROVED,67e46a91223a06a5bc4f74447046c5fb441ae68cd708a74651d3e679f3bb1f9b,product_images/p081_1_2_exfoliante-de-azucar.jpg,CATALOG_EVIDENCE_CROP,image/jpeg,jpg,lihen-product-web,products/d14b1f80-590b-b2cb-a0c3-355f43b55989/39596f64-1032-37b1-8359-55926365138d/web/67e46a91223a06a5bc4f74447046c5fb441ae68cd708a74651d3e679f3bb1f9b.jpg,BLOCKED_EVIDENCE_IS_NOT_CANONICAL_ORIGINAL,READY_LINKAGE
39514b38-f90b-4b15-9ac1-0f12d8b1e625,CATV1-P081-R2R,6d44955c-064e-c0ac-25a4-fba22a1b35e2,9cffd713-11c4-ec1b-2fc0-b24f253309b4,POLICY_APPROVED,6aea943830c6b2fb3462aa42ea43828bbe2e895c57a8f6a82ebc78bb3d3f882c,product_images/p081_2_2_crema-chantilly-corporal.jpg,CATALOG_EVIDENCE_CROP,image/jpeg,jpg,lihen-product-web,products/6d44955c-064e-c0ac-25a4-fba22a1b35e2/9cffd713-11c4-ec1b-2fc0-b24f253309b4/web/6aea943830c6b2fb3462aa42ea43828bbe2e895c57a8f6a82ebc78bb3d3f882c.jpg,BLOCKED_EVIDENCE_IS_NOT_CANONICAL_ORIGINAL,READY_LINKAGE
39514b38-f90b-4b15-9ac1-0f12d8b1e625,CATV1-P081-R3L,8e6d1575-bc11-133b-ee01-7cbd9edddb49,c08c1009-32f6-e078-35fb-8408b9b3f861,POLICY_APPROVED,39adbd63a6a107656d746a22ccb55f017b84c0f2a6cf0fca13168a7385458d0e,product_images/p081_1_3_gel-de-ducha.jpg,CATALOG_EVIDENCE_CROP,image/jpeg,jpg,lihen-product-web,products/8e6d1575-bc11-133b-ee01-7cbd9edddb49/c08c1009-32f6-e078-35fb-8408b9b3f861/web/39adbd63a6a107656d746a22ccb55f017b84c0f2a6cf0fca13168a7385458d0e.jpg,BLOCKED_EVIDENCE_IS_NOT_CANONICAL_ORIGINAL,READY_LINKAGE
39514b38-f90b-4b15-9ac1-0f12d8b1e625,CATV1-P081-R3R,eaa37487-c920-4bf6-0b6c-d4df5d06cd49,77c91117-434a-6818-e214-4a284adfae03,POLICY_APPROVED,3154caf75f72f84a3a87dcda61ec4c4e7df485df96cc3afec64e182e8f209a11,product_images/p081_2_3_chispita-de-luna.jpg,CATALOG_EVIDENCE_CROP,image/jpeg,jpg,lihen-product-web,products/eaa37487-c920-4bf6-0b6c-d4df5d06cd49/77c91117-434a-6818-e214-4a284adfae03/web/3154caf75f72f84a3a87dcda61ec4c4e7df485df96cc3afec64e182e8f209a11.jpg,BLOCKED_EVIDENCE_IS_NOT_CANONICAL_ORIGINAL,READY_LINKAGE
39514b38-f90b-4b15-9ac1-0f12d8b1e625,CATV1-P082-R1L,e7da75aa-01d8-7958-0400-944e5cad50b5,8b743218-d038-4ac9-afa6-b17d0f826bff,POLICY_APPROVED,3ea6afd3e0826bebd52441242646139f7eb3728d521866de281f9939538330ed,product_images/p082_1_1_mantequilla-yummy.jpg,CATALOG_EVIDENCE_CROP,image/jpeg,jpg,lihen-product-web,products/e7da75aa-01d8-7958-0400-944e5cad50b5/8b743218-d038-4ac9-afa6-b17d0f826bff/web/3ea6afd3e0826bebd52441242646139f7eb3728d521866de281f9939538330ed.jpg,BLOCKED_EVIDENCE_IS_NOT_CANONICAL_ORIGINAL,READY_LINKAGE
39514b38-f90b-4b15-9ac1-0f12d8b1e625,CATV1-P082-R1R,a7536a1d-677b-2de2-f1f0-34d670fab863,6882c6f9-97ad-f3f5-490c-09cdfa6a316b,POLICY_APPROVED,2fcb4df2f89614fe7612b2f8a17e4a5e214b35c3432951a4e84247f2168cfede,product_images/p082_2_1_kit-juanito.jpg,CATALOG_EVIDENCE_CROP,image/jpeg,jpg,lihen-product-web,products/a7536a1d-677b-2de2-f1f0-34d670fab863/6882c6f9-97ad-f3f5-490c-09cdfa6a316b/web/2fcb4df2f89614fe7612b2f8a17e4a5e214b35c3432951a4e84247f2168cfede.jpg,BLOCKED_EVIDENCE_IS_NOT_CANONICAL_ORIGINAL,READY_LINKAGE
39514b38-f90b-4b15-9ac1-0f12d8b1e625,CATV1-P084-R1L,062df1cd-c298-f68a-cf07-18c4fd7ceec8,07d96d61-0096-38de-fe55-1517d05dc3c1,POLICY_APPROVED,2a2985e74ae15aaa7eb3e4877660099eb943174bf085429c8c5a65d3a36f8017,product_images/p084_1_1_probioticos-vaginales.jpg,CATALOG_EVIDENCE_CROP,image/jpeg,jpg,lihen-product-web,products/062df1cd-c298-f68a-cf07-18c4fd7ceec8/07d96d61-0096-38de-fe55-1517d05dc3c1/web/2a2985e74ae15aaa7eb3e4877660099eb943174bf085429c8c5a65d3a36f8017.jpg,BLOCKED_EVIDENCE_IS_NOT_CANONICAL_ORIGINAL,READY_LINKAGE
39514b38-f90b-4b15-9ac1-0f12d8b1e625,CATV1-P084-R1R,462f3236-379c-1c57-0434-dc5a1f476ce7,531a886c-ae0a-f29e-f135-a6eee1116285,POLICY_APPROVED,362765ed9c1146fc27917d30ede327695a124fae7bfd61b53de9064f81c24b60,product_images/p084_2_1_fem-mom.jpg,CATALOG_EVIDENCE_CROP,image/jpeg,jpg,lihen-product-web,products/462f3236-379c-1c57-0434-dc5a1f476ce7/531a886c-ae0a-f29e-f135-a6eee1116285/web/362765ed9c1146fc27917d30ede327695a124fae7bfd61b53de9064f81c24b60.jpg,BLOCKED_EVIDENCE_IS_NOT_CANONICAL_ORIGINAL,READY_LINKAGE
39514b38-f90b-4b15-9ac1-0f12d8b1e625,CATV1-P084-R2L,93108551-d6ed-8460-fc54-faab9f55f162,74f55907-2bd3-dcbe-e5b7-b0a20e35bc12,POLICY_APPROVED,f03c636f63c08e2188ff35149680e7b73f538181d28305b1f90bb1e064947be1,product_images/p084_1_2_ovulos-fem.jpg,CATALOG_EVIDENCE_CROP,image/jpeg,jpg,lihen-product-web,products/93108551-d6ed-8460-fc54-faab9f55f162/74f55907-2bd3-dcbe-e5b7-b0a20e35bc12/web/f03c636f63c08e2188ff35149680e7b73f538181d28305b1f90bb1e064947be1.jpg,BLOCKED_EVIDENCE_IS_NOT_CANONICAL_ORIGINAL,READY_LINKAGE
39514b38-f90b-4b15-9ac1-0f12d8b1e625,CATV1-P084-R2R,3d3ac895-5335-08ef-0b13-378628465a54,b5886c70-3177-ccdf-36d4-f80c81ac27e4,POLICY_APPROVED,b946abd4df3af22b897c6c2d6475263f0fe088530475daa6cb1d43728f20e89f,product_images/p084_2_2_jabon-fem.jpg,CATALOG_EVIDENCE_CROP,image/jpeg,jpg,lihen-product-web,products/3d3ac895-5335-08ef-0b13-378628465a54/b5886c70-3177-ccdf-36d4-f80c81ac27e4/web/b946abd4df3af22b897c6c2d6475263f0fe088530475daa6cb1d43728f20e89f.jpg,BLOCKED_EVIDENCE_IS_NOT_CANONICAL_ORIGINAL,READY_LINKAGE
39514b38-f90b-4b15-9ac1-0f12d8b1e625,CATV1-P085-R1L,6b22ac6f-1972-ea00-91a5-0f09b91b73f6,4964a74e-5e46-596b-1dba-8c1717345521,POLICY_APPROVED,40b3fc9a467db02548b181bd07947c569f3c39d1c4d716564ed8bed446afae57,product_images/p085_1_1_reedle-shot-100.jpg,CATALOG_EVIDENCE_CROP,image/jpeg,jpg,lihen-product-web,products/6b22ac6f-1972-ea00-91a5-0f09b91b73f6/4964a74e-5e46-596b-1dba-8c1717345521/web/40b3fc9a467db02548b181bd07947c569f3c39d1c4d716564ed8bed446afae57.jpg,BLOCKED_EVIDENCE_IS_NOT_CANONICAL_ORIGINAL,READY_LINKAGE
39514b38-f90b-4b15-9ac1-0f12d8b1e625,CATV1-P085-R1R,4d2bf1d2-91e4-7213-8ac5-85a4da6a2d2b,a1f34f72-61f9-a5d5-27d7-6c419dd1bad5,POLICY_APPROVED,245067109c95c7080e37c7e96046e2f091757a99ed433b243063cefb967c446a,product_images/p085_2_1_crema-candela.jpg,CATALOG_EVIDENCE_CROP,image/jpeg,jpg,lihen-product-web,products/4d2bf1d2-91e4-7213-8ac5-85a4da6a2d2b/a1f34f72-61f9-a5d5-27d7-6c419dd1bad5/web/245067109c95c7080e37c7e96046e2f091757a99ed433b243063cefb967c446a.jpg,BLOCKED_EVIDENCE_IS_NOT_CANONICAL_ORIGINAL,READY_LINKAGE
39514b38-f90b-4b15-9ac1-0f12d8b1e625,CATV1-P085-R2L,2bc0a090-d689-a5c5-82ab-65c8ee5379c2,a0d1dfbf-8e59-9f41-637a-aa0a390048b2,POLICY_APPROVED,7ae99bfe2b12c3d6dfe98dd07caaaf8b858e4b60e25d151392ae8aac151ec28c,product_images/p085_1_2_oh-my-lash.jpg,CATALOG_EVIDENCE_CROP,image/jpeg,jpg,lihen-product-web,products/2bc0a090-d689-a5c5-82ab-65c8ee5379c2/a0d1dfbf-8e59-9f41-637a-aa0a390048b2/web/7ae99bfe2b12c3d6dfe98dd07caaaf8b858e4b60e25d151392ae8aac151ec28c.jpg,BLOCKED_EVIDENCE_IS_NOT_CANONICAL_ORIGINAL,READY_LINKAGE
39514b38-f90b-4b15-9ac1-0f12d8b1e625,CATV1-P085-R2R,d5691e48-f18b-c2bc-c906-dd65d87c9006,0ac793a1-6086-a73a-a0f3-03424a7d98fe,POLICY_APPROVED,0db430fcbc8b1a8b80fa6de30101593040ccacfb0057b157c9c4f6caeb48b7a6,product_images/p085_2_2_tonico-rapunzel.jpg,CATALOG_EVIDENCE_CROP,image/jpeg,jpg,lihen-product-web,products/d5691e48-f18b-c2bc-c906-dd65d87c9006/0ac793a1-6086-a73a-a0f3-03424a7d98fe/web/0db430fcbc8b1a8b80fa6de30101593040ccacfb0057b157c9c4f6caeb48b7a6.jpg,BLOCKED_EVIDENCE_IS_NOT_CANONICAL_ORIGINAL,READY_LINKAGE
39514b38-f90b-4b15-9ac1-0f12d8b1e625,CATV1-P085-R3L,416892d9-4363-8f55-081e-302658e81388,45a35b51-73a9-f69a-2428-b4cf0480fc13,POLICY_APPROVED,ac00634a3ac5bd6c91aae3b45b55dabe28a7ee15e802fb519ee8d8d35efee173,product_images/p085_1_3_evil-goods.jpg,CATALOG_EVIDENCE_CROP,image/jpeg,jpg,lihen-product-web,products/416892d9-4363-8f55-081e-302658e81388/45a35b51-73a9-f69a-2428-b4cf0480fc13/web/ac00634a3ac5bd6c91aae3b45b55dabe28a7ee15e802fb519ee8d8d35efee173.jpg,BLOCKED_EVIDENCE_IS_NOT_CANONICAL_ORIGINAL,READY_LINKAGE
39514b38-f90b-4b15-9ac1-0f12d8b1e625,CATV1-P085-R3R,abedbcb3-1fa1-e6a1-c89e-a26f6dd9ef85,a59cc8d0-ab2a-309f-20a8-3f9d8468203a,POLICY_APPROVED,790714080073e9198562afa303cbb1a342ed97d1e97002f7ac6c4ceb9f6d343d,product_images/p085_2_3_divalash.jpg,CATALOG_EVIDENCE_CROP,image/jpeg,jpg,lihen-product-web,products/abedbcb3-1fa1-e6a1-c89e-a26f6dd9ef85/a59cc8d0-ab2a-309f-20a8-3f9d8468203a/web/790714080073e9198562afa303cbb1a342ed97d1e97002f7ac6c4ceb9f6d343d.jpg,BLOCKED_EVIDENCE_IS_NOT_CANONICAL_ORIGINAL,READY_LINKAGE
39514b38-f90b-4b15-9ac1-0f12d8b1e625,CATV1-P086-R1L,179b53e0-5e29-1173-c3cf-3b40b694e3bc,675d1b2c-f968-c351-c250-6aa21d9a6926,POLICY_APPROVED,213e0a4b5bb4db84befaa95d57550c4a7e13fe0b8b9caf20d9a8681b12d34224,product_images/p086_1_1_truly-original.jpg,CATALOG_EVIDENCE_CROP,image/jpeg,jpg,lihen-product-web,products/179b53e0-5e29-1173-c3cf-3b40b694e3bc/675d1b2c-f968-c351-c250-6aa21d9a6926/web/213e0a4b5bb4db84befaa95d57550c4a7e13fe0b8b9caf20d9a8681b12d34224.jpg,BLOCKED_EVIDENCE_IS_NOT_CANONICAL_ORIGINAL,READY_LINKAGE
39514b38-f90b-4b15-9ac1-0f12d8b1e625,CATV1-P086-R1R,060cd795-01c8-1ea4-7956-127b03686b4c,a015950f-03f8-40e3-b53d-bb174edf1bb6,POLICY_APPROVED,d1983444723e1f0af396adcc716d37cc1cb66f274de1a5c5bff6b7b8e5631db6,product_images/p086_2_1_carowhite-120-ml.jpg,CATALOG_EVIDENCE_CROP,image/jpeg,jpg,lihen-product-web,products/060cd795-01c8-1ea4-7956-127b03686b4c/a015950f-03f8-40e3-b53d-bb174edf1bb6/web/d1983444723e1f0af396adcc716d37cc1cb66f274de1a5c5bff6b7b8e5631db6.jpg,BLOCKED_EVIDENCE_IS_NOT_CANONICAL_ORIGINAL,READY_LINKAGE
39514b38-f90b-4b15-9ac1-0f12d8b1e625,CATV1-P086-R2L,90ef39cc-72d2-cc9e-597c-650ade6d3a1d,f47b7d06-c740-02c4-2548-5667b09b8ec4,POLICY_APPROVED,943000728100b384a5aab898e666d0300edc8c5e823efc6a4964a2fbb207982b,product_images/p086_1_2_carowhite-300-ml.jpg,CATALOG_EVIDENCE_CROP,image/jpeg,jpg,lihen-product-web,products/90ef39cc-72d2-cc9e-597c-650ade6d3a1d/f47b7d06-c740-02c4-2548-5667b09b8ec4/web/943000728100b384a5aab898e666d0300edc8c5e823efc6a4964a2fbb207982b.jpg,BLOCKED_EVIDENCE_IS_NOT_CANONICAL_ORIGINAL,READY_LINKAGE
39514b38-f90b-4b15-9ac1-0f12d8b1e625,CATV1-P086-R2R,94244769-6709-0384-884a-1acf1918031f,0aef92e1-851c-7d97-0694-e7530c4dffec,POLICY_APPROVED,9b102735a5f0bd286f17b0fe63c2e6d9fd27bab104013016b6ab6639993b73e2,product_images/p086_2_2_carotone-135-ml.jpg,CATALOG_EVIDENCE_CROP,image/jpeg,jpg,lihen-product-web,products/94244769-6709-0384-884a-1acf1918031f/0aef92e1-851c-7d97-0694-e7530c4dffec/web/9b102735a5f0bd286f17b0fe63c2e6d9fd27bab104013016b6ab6639993b73e2.jpg,BLOCKED_EVIDENCE_IS_NOT_CANONICAL_ORIGINAL,READY_LINKAGE
39514b38-f90b-4b15-9ac1-0f12d8b1e625,CATV1-P086-R3L,024b793d-af41-121b-4dba-0ad629ca74f2,9b44d860-ff52-d428-e247-0c0c6d5a401b,POLICY_APPROVED,e790b7ba4fd515031a6b4521a198b40918f12e13b3a95ba08136cf1533ace65b,product_images/p086_1_3_carotone-300-ml.jpg,CATALOG_EVIDENCE_CROP,image/jpeg,jpg,lihen-product-web,products/024b793d-af41-121b-4dba-0ad629ca74f2/9b44d860-ff52-d428-e247-0c0c6d5a401b/web/e790b7ba4fd515031a6b4521a198b40918f12e13b3a95ba08136cf1533ace65b.jpg,BLOCKED_EVIDENCE_IS_NOT_CANONICAL_ORIGINAL,READY_LINKAGE
39514b38-f90b-4b15-9ac1-0f12d8b1e625,CATV1-P086-R3R,2cdcf17d-d88d-472c-b4ce-83349bdc92f0,056dd3fd-7b9b-7fb9-20ce-42e70447b192,POLICY_APPROVED,7c1c1db2f1645d9dda81895bdc16802bfe19e2659049b89e9828773da07840b9,product_images/p086_2_3_aceite-de-castor.jpg,CATALOG_EVIDENCE_CROP,image/jpeg,jpg,lihen-product-web,products/2cdcf17d-d88d-472c-b4ce-83349bdc92f0/056dd3fd-7b9b-7fb9-20ce-42e70447b192/web/7c1c1db2f1645d9dda81895bdc16802bfe19e2659049b89e9828773da07840b9.jpg,BLOCKED_EVIDENCE_IS_NOT_CANONICAL_ORIGINAL,READY_LINKAGE
39514b38-f90b-4b15-9ac1-0f12d8b1e625,CATV1-P087-R1L,7f0c2ec1-0cc4-a0d2-3419-d105eea50abf,6daf7c09-0765-6b43-03a1-e8c93b3fdb1c,POLICY_APPROVED,a04b064f246097355960b0968b43a3653aa068fac5b7332ff2f9e100242e84df,product_images/p087_1_1_splash-100-original.jpg,CATALOG_EVIDENCE_CROP,image/jpeg,jpg,lihen-product-web,products/7f0c2ec1-0cc4-a0d2-3419-d105eea50abf/6daf7c09-0765-6b43-03a1-e8c93b3fdb1c/web/a04b064f246097355960b0968b43a3653aa068fac5b7332ff2f9e100242e84df.jpg,BLOCKED_EVIDENCE_IS_NOT_CANONICAL_ORIGINAL,READY_LINKAGE
39514b38-f90b-4b15-9ac1-0f12d8b1e625,CATV1-P087-R1R,84d7eba1-7980-89e8-006d-b23ae9f746d4,4ea9c3c2-5985-e85d-a65d-3f00af5a4558,HUMAN_APPROVED,41e80ed442023a8ed1c2b4b0c83cde99f938016dd2eab960bef40cb314254f6c,product_images/p087_2_1_kit-arruru-tamano-pequeno.jpg,CATALOG_EVIDENCE_CROP,image/jpeg,jpg,lihen-product-web,products/84d7eba1-7980-89e8-006d-b23ae9f746d4/4ea9c3c2-5985-e85d-a65d-3f00af5a4558/web/41e80ed442023a8ed1c2b4b0c83cde99f938016dd2eab960bef40cb314254f6c.jpg,BLOCKED_EVIDENCE_IS_NOT_CANONICAL_ORIGINAL,READY_LINKAGE
39514b38-f90b-4b15-9ac1-0f12d8b1e625,CATV1-P089-R1L,2f397c5c-7eed-2d3b-0822-2aa4f95ed11a,265fac25-87ff-f297-feed-430190e7ee9b,POLICY_APPROVED,e0f5a8563dc0a5095f6ce8800517bd507a941afbc61ce45ae9c76603650593e5,product_images/p089_1_1_jabon-arana.jpg,CATALOG_EVIDENCE_CROP,image/jpeg,jpg,lihen-product-web,products/2f397c5c-7eed-2d3b-0822-2aa4f95ed11a/265fac25-87ff-f297-feed-430190e7ee9b/web/e0f5a8563dc0a5095f6ce8800517bd507a941afbc61ce45ae9c76603650593e5.jpg,BLOCKED_EVIDENCE_IS_NOT_CANONICAL_ORIGINAL,READY_LINKAGE
39514b38-f90b-4b15-9ac1-0f12d8b1e625,CATV1-P089-R1R,04c4c745-fd3b-bc4d-3a4b-9209a02e038e,309a7d99-8fe7-1239-4a31-54bbb25896f1,POLICY_APPROVED,b08d0d10ca9e9530350746d85e1851ad853418e2436f19c13056c4a4a1f08c9e,product_images/p089_2_1_tinta-arana-tonos-fucsia-y-rojo.jpg,CATALOG_EVIDENCE_CROP,image/jpeg,jpg,lihen-product-web,products/04c4c745-fd3b-bc4d-3a4b-9209a02e038e/309a7d99-8fe7-1239-4a31-54bbb25896f1/web/b08d0d10ca9e9530350746d85e1851ad853418e2436f19c13056c4a4a1f08c9e.jpg,BLOCKED_EVIDENCE_IS_NOT_CANONICAL_ORIGINAL,READY_LINKAGE
39514b38-f90b-4b15-9ac1-0f12d8b1e625,CATV1-P089-R2L,344e164e-5855-4917-55c3-01395d787009,8e44a849-cfcb-9472-762a-669441aea5c9,POLICY_APPROVED,b2cbc3fb03a43b73e31f38b5a9e4bc3ea0dab1dabff79f6595e8d14fd399a0cd,product_images/p089_1_2_serum-arana.jpg,CATALOG_EVIDENCE_CROP,image/jpeg,jpg,lihen-product-web,products/344e164e-5855-4917-55c3-01395d787009/8e44a849-cfcb-9472-762a-669441aea5c9/web/b2cbc3fb03a43b73e31f38b5a9e4bc3ea0dab1dabff79f6595e8d14fd399a0cd.jpg,BLOCKED_EVIDENCE_IS_NOT_CANONICAL_ORIGINAL,READY_LINKAGE
39514b38-f90b-4b15-9ac1-0f12d8b1e625,CATV1-P091-R1L,0e80f4ba-754b-9afd-6c71-aac7c34f2dbc,db07250b-716f-ccc3-8d84-8b3ef2961515,HUMAN_APPROVED,5fc2a8c41ede5a20b9d30e8f144e3759679e7baf795415b4a6701575719eede8,product_images/p091_1_1_kit-x3-truly.jpg,CATALOG_EVIDENCE_CROP,image/jpeg,jpg,lihen-product-web,products/0e80f4ba-754b-9afd-6c71-aac7c34f2dbc/db07250b-716f-ccc3-8d84-8b3ef2961515/web/5fc2a8c41ede5a20b9d30e8f144e3759679e7baf795415b4a6701575719eede8.jpg,BLOCKED_EVIDENCE_IS_NOT_CANONICAL_ORIGINAL,READY_LINKAGE
39514b38-f90b-4b15-9ac1-0f12d8b1e625,CATV1-P091-R1R,43636c17-6119-d1da-9d39-26ecc17831ac,42895689-3f56-8c43-5717-d22cf75f0784,HUMAN_APPROVED,0e8ec31f0d0860a15e4886e37bf6996cae320a48413886ae6dcdf1f9fd55f8b2,product_images/p091_2_1_kit-x5.jpg,CATALOG_EVIDENCE_CROP,image/jpeg,jpg,lihen-product-web,products/43636c17-6119-d1da-9d39-26ecc17831ac/42895689-3f56-8c43-5717-d22cf75f0784/web/0e8ec31f0d0860a15e4886e37bf6996cae320a48413886ae6dcdf1f9fd55f8b2.jpg,BLOCKED_EVIDENCE_IS_NOT_CANONICAL_ORIGINAL,READY_LINKAGE
39514b38-f90b-4b15-9ac1-0f12d8b1e625,CATV1-P091-R2L,df8152aa-b095-a8f3-64d5-c3a9118619c6,0e24d74b-5448-bae7-3fb8-792a13d38cab,HUMAN_APPROVED,b4355d615249bbd7036e38f575a9c8b506b650bcbec517073ce8b5dc2cea96b6,product_images/p091_1_2_truly-serum-y-aceite-peq.jpg,CATALOG_EVIDENCE_CROP,image/jpeg,jpg,lihen-product-web,products/df8152aa-b095-a8f3-64d5-c3a9118619c6/0e24d74b-5448-bae7-3fb8-792a13d38cab/web/b4355d615249bbd7036e38f575a9c8b506b650bcbec517073ce8b5dc2cea96b6.jpg,BLOCKED_EVIDENCE_IS_NOT_CANONICAL_ORIGINAL,READY_LINKAGE
39514b38-f90b-4b15-9ac1-0f12d8b1e625,CATV1-P093-R1L,09708c5f-0e37-0b46-6327-efd20c48bc34,72d16f93-fac3-a89a-67df-d777e36fc7b6,POLICY_APPROVED,b034b808fd37cbfe09b02532649326826bd979f7f6b6013d98f3ec5e139a32be,product_images/p093_1_1_mantequilla-fresa.jpg,CATALOG_EVIDENCE_CROP,image/jpeg,jpg,lihen-product-web,products/09708c5f-0e37-0b46-6327-efd20c48bc34/72d16f93-fac3-a89a-67df-d777e36fc7b6/web/b034b808fd37cbfe09b02532649326826bd979f7f6b6013d98f3ec5e139a32be.jpg,BLOCKED_EVIDENCE_IS_NOT_CANONICAL_ORIGINAL,READY_LINKAGE
39514b38-f90b-4b15-9ac1-0f12d8b1e625,CATV1-P093-R1R,13b37b90-08bc-33dc-0b1f-329b386519b2,b1e9b965-fc5b-2154-e3a3-43482cf44179,POLICY_APPROVED,41b8adf55c072faace5b026d97c554d458007e77ed8d76cc9d47d44c02623fd9,product_images/p093_2_1_mantequilla-sandia.jpg,CATALOG_EVIDENCE_CROP,image/jpeg,jpg,lihen-product-web,products/13b37b90-08bc-33dc-0b1f-329b386519b2/b1e9b965-fc5b-2154-e3a3-43482cf44179/web/41b8adf55c072faace5b026d97c554d458007e77ed8d76cc9d47d44c02623fd9.jpg,BLOCKED_EVIDENCE_IS_NOT_CANONICAL_ORIGINAL,READY_LINKAGE
39514b38-f90b-4b15-9ac1-0f12d8b1e625,CATV1-P093-R2L,d54ee21b-80d2-4f5e-658b-d60fc211488f,fcd90723-d4b6-e734-1531-e7b87b85c3ea,POLICY_APPROVED,a16b30bf1cea113a4397d63c51b9f672bc9bbe725c098d4e0e2f5aaa41696b42,product_images/p093_1_2_mantequilla-durazno.jpg,CATALOG_EVIDENCE_CROP,image/jpeg,jpg,lihen-product-web,products/d54ee21b-80d2-4f5e-658b-d60fc211488f/fcd90723-d4b6-e734-1531-e7b87b85c3ea/web/a16b30bf1cea113a4397d63c51b9f672bc9bbe725c098d4e0e2f5aaa41696b42.jpg,BLOCKED_EVIDENCE_IS_NOT_CANONICAL_ORIGINAL,READY_LINKAGE
39514b38-f90b-4b15-9ac1-0f12d8b1e625,CATV1-P093-R2R,7ff7adfe-ec6e-b3bc-1d32-7a6982a46fa6,64da5d6f-e273-c926-dc52-8cab3f6a4b31,POLICY_APPROVED,19d5d857a33fcd71f58ff0b5012650ce97828e4f26e874e5f9f0b560643fd442,product_images/p093_2_2_mantequilla-canela.jpg,CATALOG_EVIDENCE_CROP,image/jpeg,jpg,lihen-product-web,products/7ff7adfe-ec6e-b3bc-1d32-7a6982a46fa6/64da5d6f-e273-c926-dc52-8cab3f6a4b31/web/19d5d857a33fcd71f58ff0b5012650ce97828e4f26e874e5f9f0b560643fd442.jpg,BLOCKED_EVIDENCE_IS_NOT_CANONICAL_ORIGINAL,READY_LINKAGE
39514b38-f90b-4b15-9ac1-0f12d8b1e625,CATV1-P093-R3L,9b183455-f10c-a6a8-f154-e9d8bbcb33f6,3255d50e-518e-0a23-2d35-5f4619b7aa8f,POLICY_APPROVED,9d155568e9d639b37a814afbf8e3548834505bf379579c7b0c7e40d06557e257,product_images/p093_1_3_splash-corporal.jpg,CATALOG_EVIDENCE_CROP,image/jpeg,jpg,lihen-product-web,products/9b183455-f10c-a6a8-f154-e9d8bbcb33f6/3255d50e-518e-0a23-2d35-5f4619b7aa8f/web/9d155568e9d639b37a814afbf8e3548834505bf379579c7b0c7e40d06557e257.jpg,BLOCKED_EVIDENCE_IS_NOT_CANONICAL_ORIGINAL,READY_LINKAGE
39514b38-f90b-4b15-9ac1-0f12d8b1e625,CATV1-P093-R3R,86ff7c30-3672-3759-0a9e-5653e75dc72b,cca86740-6d84-bc1c-5420-d1b2cd2fa27e,POLICY_APPROVED,a83e50fa99153de667afe5cd18b3d0c9c08600aea45ef2b77fe804d6d9b769ca,product_images/p093_2_3_mini-perfume-capilar.jpg,CATALOG_EVIDENCE_CROP,image/jpeg,jpg,lihen-product-web,products/86ff7c30-3672-3759-0a9e-5653e75dc72b/cca86740-6d84-bc1c-5420-d1b2cd2fa27e/web/a83e50fa99153de667afe5cd18b3d0c9c08600aea45ef2b77fe804d6d9b769ca.jpg,BLOCKED_EVIDENCE_IS_NOT_CANONICAL_ORIGINAL,READY_LINKAGE
39514b38-f90b-4b15-9ac1-0f12d8b1e625,CATV1-P094-R1L,70e840be-0b35-9112-acb8-62cd1708eeb2,571cde0f-3b9d-5b60-e642-5e407ef7dfc6,POLICY_APPROVED,8ce832ae3c312942aa96b962401ae22ed6f5135425398ed13be09d8079a8c985,product_images/p094_1_1_perfume-capilar.jpg,CATALOG_EVIDENCE_CROP,image/jpeg,jpg,lihen-product-web,products/70e840be-0b35-9112-acb8-62cd1708eeb2/571cde0f-3b9d-5b60-e642-5e407ef7dfc6/web/8ce832ae3c312942aa96b962401ae22ed6f5135425398ed13be09d8079a8c985.jpg,BLOCKED_EVIDENCE_IS_NOT_CANONICAL_ORIGINAL,READY_LINKAGE
39514b38-f90b-4b15-9ac1-0f12d8b1e625,CATV1-P094-R1R,0745f810-f9b9-fc5f-d71c-c2332c8d8c88,2fb185e1-fa9b-fec4-3693-d87bf307a75d,POLICY_APPROVED,fc03cc25508ea13938e2305701594533a146fa5a8cd721ced7fa2fd6b12da6a1,product_images/p094_2_1_baby-cream-mini.jpg,CATALOG_EVIDENCE_CROP,image/jpeg,jpg,lihen-product-web,products/0745f810-f9b9-fc5f-d71c-c2332c8d8c88/2fb185e1-fa9b-fec4-3693-d87bf307a75d/web/fc03cc25508ea13938e2305701594533a146fa5a8cd721ced7fa2fd6b12da6a1.jpg,BLOCKED_EVIDENCE_IS_NOT_CANONICAL_ORIGINAL,READY_LINKAGE
39514b38-f90b-4b15-9ac1-0f12d8b1e625,CATV1-P094-R2L,e51167d3-accc-2a14-14f4-f77428b8d472,b673b6c1-e8fc-8af9-d4f8-3c38ccaab107,POLICY_APPROVED,29025f9dbd5ff509283111091ab6ad6f3e969fcded01fa7e46fae3e1620819a7,product_images/p094_1_2_baby-cream-grande.jpg,CATALOG_EVIDENCE_CROP,image/jpeg,jpg,lihen-product-web,products/e51167d3-accc-2a14-14f4-f77428b8d472/b673b6c1-e8fc-8af9-d4f8-3c38ccaab107/web/29025f9dbd5ff509283111091ab6ad6f3e969fcded01fa7e46fae3e1620819a7.jpg,BLOCKED_EVIDENCE_IS_NOT_CANONICAL_ORIGINAL,READY_LINKAGE
39514b38-f90b-4b15-9ac1-0f12d8b1e625,CATV1-P094-R2R,34dbbf23-3758-f9ac-8cfd-03bac38e1dd9,e2355e37-9106-6448-3be6-2da264a7f51c,POLICY_APPROVED,50e977974cbd333714a6b0921f3d7d5d8cb8675b73aab4cb0afaca299734cc2f,product_images/p094_2_2_crema-autobronceadora.jpg,CATALOG_EVIDENCE_CROP,image/jpeg,jpg,lihen-product-web,products/34dbbf23-3758-f9ac-8cfd-03bac38e1dd9/e2355e37-9106-6448-3be6-2da264a7f51c/web/50e977974cbd333714a6b0921f3d7d5d8cb8675b73aab4cb0afaca299734cc2f.jpg,BLOCKED_EVIDENCE_IS_NOT_CANONICAL_ORIGINAL,READY_LINKAGE
39514b38-f90b-4b15-9ac1-0f12d8b1e625,CATV1-P094-R3L,f97b4ec5-472d-3a8b-2c78-06114c6fc2ad,90022261-ca81-1d76-bb7c-ed6c249bbb80,POLICY_APPROVED,dbe8b52984348f8ce59fe4ef5715636030e80dd9d802ac4fcaf694ffcfbc7204,product_images/p094_1_3_mascarilla-miel-rosada.jpg,CATALOG_EVIDENCE_CROP,image/jpeg,jpg,lihen-product-web,products/f97b4ec5-472d-3a8b-2c78-06114c6fc2ad/90022261-ca81-1d76-bb7c-ed6c249bbb80/web/dbe8b52984348f8ce59fe4ef5715636030e80dd9d802ac4fcaf694ffcfbc7204.jpg,BLOCKED_EVIDENCE_IS_NOT_CANONICAL_ORIGINAL,READY_LINKAGE
39514b38-f90b-4b15-9ac1-0f12d8b1e625,CATV1-P094-R3R,0500e158-f1b0-e9f0-e56e-5a070a314f80,79b9d0de-4948-a6c8-ad2e-5901befe7db3,POLICY_APPROVED,a4a9567a1feb3733ac30d826287d7faed641759027b6eaea018690a466c8bccd,product_images/p094_2_3_shampoo-miel-rosada.jpg,CATALOG_EVIDENCE_CROP,image/jpeg,jpg,lihen-product-web,products/0500e158-f1b0-e9f0-e56e-5a070a314f80/79b9d0de-4948-a6c8-ad2e-5901befe7db3/web/a4a9567a1feb3733ac30d826287d7faed641759027b6eaea018690a466c8bccd.jpg,BLOCKED_EVIDENCE_IS_NOT_CANONICAL_ORIGINAL,READY_LINKAGE
39514b38-f90b-4b15-9ac1-0f12d8b1e625,CATV1-P095-R1L,35be90f0-a5cc-b26a-35d3-a1327dbc6201,7bc2ac89-2286-b232-c655-4d2957e3ede9,POLICY_APPROVED,292ccf0e1ebd2d7ffd71a379ecc254798b4bd2fb839865966251aae9f4824c85,product_images/p095_1_1_acondicionador-miel-rosada.jpg,CATALOG_EVIDENCE_CROP,image/jpeg,jpg,lihen-product-web,products/35be90f0-a5cc-b26a-35d3-a1327dbc6201/7bc2ac89-2286-b232-c655-4d2957e3ede9/web/292ccf0e1ebd2d7ffd71a379ecc254798b4bd2fb839865966251aae9f4824c85.jpg,BLOCKED_EVIDENCE_IS_NOT_CANONICAL_ORIGINAL,READY_LINKAGE
39514b38-f90b-4b15-9ac1-0f12d8b1e625,CATV1-P095-R1R,abac154d-05ee-2d3a-aba1-84a4b59adb92,e02e310b-2796-5d98-1021-9b608571a9b4,POLICY_APPROVED,99aee7671c8455d49438050ec99ab96ecf4e6c3f912f82ae094200b10856b5b7,product_images/p095_2_1_shampoo-chocolate.jpg,CATALOG_EVIDENCE_CROP,image/jpeg,jpg,lihen-product-web,products/abac154d-05ee-2d3a-aba1-84a4b59adb92/e02e310b-2796-5d98-1021-9b608571a9b4/web/99aee7671c8455d49438050ec99ab96ecf4e6c3f912f82ae094200b10856b5b7.jpg,BLOCKED_EVIDENCE_IS_NOT_CANONICAL_ORIGINAL,READY_LINKAGE
39514b38-f90b-4b15-9ac1-0f12d8b1e625,CATV1-P095-R2L,b11bbaca-48c1-b963-abc8-9bf4f4425cae,c620e92f-f2ed-ba63-1741-fabef862e48e,POLICY_APPROVED,75e4502e3227f7e40e22010b2638c34de60b479d5a9ed704c34f1706275a8f4d,product_images/p095_1_2_acondi-chocolate.jpg,CATALOG_EVIDENCE_CROP,image/jpeg,jpg,lihen-product-web,products/b11bbaca-48c1-b963-abc8-9bf4f4425cae/c620e92f-f2ed-ba63-1741-fabef862e48e/web/75e4502e3227f7e40e22010b2638c34de60b479d5a9ed704c34f1706275a8f4d.jpg,BLOCKED_EVIDENCE_IS_NOT_CANONICAL_ORIGINAL,READY_LINKAGE
39514b38-f90b-4b15-9ac1-0f12d8b1e625,CATV1-P095-R2R,36942c22-321d-cd4d-f782-1c18befd6085,e2eea504-67d1-9545-0dbd-07a3b96c2d63,POLICY_APPROVED,a86bfa6dfe97176097351a2119f478350c774e09ee19be9d76e725fe82a9cfca,product_images/p095_2_2_mascarilla-chocolate.jpg,CATALOG_EVIDENCE_CROP,image/jpeg,jpg,lihen-product-web,products/36942c22-321d-cd4d-f782-1c18befd6085/e2eea504-67d1-9545-0dbd-07a3b96c2d63/web/a86bfa6dfe97176097351a2119f478350c774e09ee19be9d76e725fe82a9cfca.jpg,BLOCKED_EVIDENCE_IS_NOT_CANONICAL_ORIGINAL,READY_LINKAGE
39514b38-f90b-4b15-9ac1-0f12d8b1e625,CATV1-P097-R1L,d32a8e2c-d86f-3171-fffd-3b93479ed30b,0a348f95-b1aa-8e75-e92f-5fc29ff26f3f,POLICY_APPROVED,03e9ae9b6ad5c1aa9915f3ffe9950bc0bb4cae35463d99b18accab79ad632515,product_images/p097_1_1_splash-diferentes-varios-aromas.jpg,CATALOG_EVIDENCE_CROP,image/jpeg,jpg,lihen-product-web,products/d32a8e2c-d86f-3171-fffd-3b93479ed30b/0a348f95-b1aa-8e75-e92f-5fc29ff26f3f/web/03e9ae9b6ad5c1aa9915f3ffe9950bc0bb4cae35463d99b18accab79ad632515.jpg,BLOCKED_EVIDENCE_IS_NOT_CANONICAL_ORIGINAL,READY_LINKAGE
39514b38-f90b-4b15-9ac1-0f12d8b1e625,CATV1-P097-R1R,1a413ecc-a07d-0ce3-d947-551a03dedb03,764cb63a-7bbf-17c1-9404-31e0f84b4559,POLICY_APPROVED,f734c29edb6868e31adcf40ea467d63bf1553b87fa6cfa17f9376f2253f4da89,product_images/p097_2_1_splash-con-shimmer-varios-aromas.jpg,CATALOG_EVIDENCE_CROP,image/jpeg,jpg,lihen-product-web,products/1a413ecc-a07d-0ce3-d947-551a03dedb03/764cb63a-7bbf-17c1-9404-31e0f84b4559/web/f734c29edb6868e31adcf40ea467d63bf1553b87fa6cfa17f9376f2253f4da89.jpg,BLOCKED_EVIDENCE_IS_NOT_CANONICAL_ORIGINAL,READY_LINKAGE
39514b38-f90b-4b15-9ac1-0f12d8b1e625,CATV1-P097-R2L,ddb59dab-ece3-78f1-f25b-819cdf9f3efb,38a7badb-30e7-d11f-f6d0-a4056c0c9123,POLICY_APPROVED,4fd12ccd0243906fbf6ca09a377ebcc5851608aea9f759bfff6894fbfe431c07,product_images/p097_1_2_crema-corporal-victoria-1-1.jpg,CATALOG_EVIDENCE_CROP,image/jpeg,jpg,lihen-product-web,products/ddb59dab-ece3-78f1-f25b-819cdf9f3efb/38a7badb-30e7-d11f-f6d0-a4056c0c9123/web/4fd12ccd0243906fbf6ca09a377ebcc5851608aea9f759bfff6894fbfe431c07.jpg,BLOCKED_EVIDENCE_IS_NOT_CANONICAL_ORIGINAL,READY_LINKAGE
39514b38-f90b-4b15-9ac1-0f12d8b1e625,CATV1-P099-R1L,85df9091-7d2b-79fb-3f21-b02bb215e1c1,c70f643b-d670-6fa9-2e26-af737efb3f73,POLICY_APPROVED,6ef733c2e5c34a311da77ab889d13c9c5ab6bbae1b8b15ed66e1d3ae71eab882,product_images/p099_1_1_bloqueador-ollie.jpg,CATALOG_EVIDENCE_CROP,image/jpeg,jpg,lihen-product-web,products/85df9091-7d2b-79fb-3f21-b02bb215e1c1/c70f643b-d670-6fa9-2e26-af737efb3f73/web/6ef733c2e5c34a311da77ab889d13c9c5ab6bbae1b8b15ed66e1d3ae71eab882.jpg,BLOCKED_EVIDENCE_IS_NOT_CANONICAL_ORIGINAL,READY_LINKAGE
39514b38-f90b-4b15-9ac1-0f12d8b1e625,CATV1-P099-R1R,effa670a-cf91-816d-7090-de51fcb56046,da1c9fe8-037f-93d0-c460-1f478a28724b,POLICY_APPROVED,9942898d24c29acbe2e235803e903f5e3d82fa189e6d643ad4326e85a41c88b4,product_images/p099_2_1_rubor-en-barra-ollie.jpg,CATALOG_EVIDENCE_CROP,image/jpeg,jpg,lihen-product-web,products/effa670a-cf91-816d-7090-de51fcb56046/da1c9fe8-037f-93d0-c460-1f478a28724b/web/9942898d24c29acbe2e235803e903f5e3d82fa189e6d643ad4326e85a41c88b4.jpg,BLOCKED_EVIDENCE_IS_NOT_CANONICAL_ORIGINAL,READY_LINKAGE
39514b38-f90b-4b15-9ac1-0f12d8b1e625,CATV1-P099-R2L,ca59f28d-b2a9-6fda-ab39-415636c455cc,d578d66b-9196-e03e-c96a-fd8645f28294,POLICY_APPROVED,a73011e253d0687cac302b297bfeacf351656267b57d1f77b1c9fea07b6ea411,product_images/p099_1_2_sin-fragancia-ollie.jpg,CATALOG_EVIDENCE_CROP,image/jpeg,jpg,lihen-product-web,products/ca59f28d-b2a9-6fda-ab39-415636c455cc/d578d66b-9196-e03e-c96a-fd8645f28294/web/a73011e253d0687cac302b297bfeacf351656267b57d1f77b1c9fea07b6ea411.jpg,BLOCKED_EVIDENCE_IS_NOT_CANONICAL_ORIGINAL,READY_LINKAGE
39514b38-f90b-4b15-9ac1-0f12d8b1e625,CATV1-P099-R2R,02f13716-6585-7117-8106-85b4a3864ea6,3cc44225-3aef-68a9-7b5d-7cb180c91533,POLICY_APPROVED,c8fad3dd29f94cae9e2fc45d3879f99784f759e6342370d3694f978489d4fdbe,product_images/p099_2_2_labial-hidratante-ollie.jpg,CATALOG_EVIDENCE_CROP,image/jpeg,jpg,lihen-product-web,products/02f13716-6585-7117-8106-85b4a3864ea6/3cc44225-3aef-68a9-7b5d-7cb180c91533/web/c8fad3dd29f94cae9e2fc45d3879f99784f759e6342370d3694f978489d4fdbe.jpg,BLOCKED_EVIDENCE_IS_NOT_CANONICAL_ORIGINAL,READY_LINKAGE
39514b38-f90b-4b15-9ac1-0f12d8b1e625,CATV1-P099-R3L,ea57da20-22d4-0315-f4cf-2b7afe7452cd,ee097c58-f0b1-c32c-4f03-8dfa31696d57,POLICY_APPROVED,190fc89db2a428d0d9ae513ea006d2979ac15ae2802fc616546f1bfcbf2c1cc2,product_images/p099_1_3_protector-fluido.jpg,CATALOG_EVIDENCE_CROP,image/jpeg,jpg,lihen-product-web,products/ea57da20-22d4-0315-f4cf-2b7afe7452cd/ee097c58-f0b1-c32c-4f03-8dfa31696d57/web/190fc89db2a428d0d9ae513ea006d2979ac15ae2802fc616546f1bfcbf2c1cc2.jpg,BLOCKED_EVIDENCE_IS_NOT_CANONICAL_ORIGINAL,READY_LINKAGE
39514b38-f90b-4b15-9ac1-0f12d8b1e625,CATV1-P101-R1L,6cc47e24-de26-cab3-0f0a-985e885767e1,eda98e01-1a29-07ae-b011-a9aad797186c,POLICY_APPROVED,4570f9f23e0a8838ce5d5abb93e74d6f85cf7763ac4e247f62868ea2f7a59d27,product_images/p101_1_1_dr-althea-345-relief-cream.jpg,CATALOG_EVIDENCE_CROP,image/jpeg,jpg,lihen-product-web,products/6cc47e24-de26-cab3-0f0a-985e885767e1/eda98e01-1a29-07ae-b011-a9aad797186c/web/4570f9f23e0a8838ce5d5abb93e74d6f85cf7763ac4e247f62868ea2f7a59d27.jpg,BLOCKED_EVIDENCE_IS_NOT_CANONICAL_ORIGINAL,READY_LINKAGE
39514b38-f90b-4b15-9ac1-0f12d8b1e625,CATV1-P101-R1R,c62b5bf2-e076-9425-7483-a38ce379a10b,d4fca1da-f08f-7f96-50b2-a2089a88145c,POLICY_APPROVED,fbf9a19cdd1b2d47e2c4f289cfc6844f0b5e3ec19f981bff61dbff88fb67d430,product_images/p101_2_1_dr-althea-147-relief-cream.jpg,CATALOG_EVIDENCE_CROP,image/jpeg,jpg,lihen-product-web,products/c62b5bf2-e076-9425-7483-a38ce379a10b/d4fca1da-f08f-7f96-50b2-a2089a88145c/web/fbf9a19cdd1b2d47e2c4f289cfc6844f0b5e3ec19f981bff61dbff88fb67d430.jpg,BLOCKED_EVIDENCE_IS_NOT_CANONICAL_ORIGINAL,READY_LINKAGE
39514b38-f90b-4b15-9ac1-0f12d8b1e625,CATV1-P103-R1L,b3fd46e4-8b23-64b5-8076-71ce05360998,13ee1f49-4cc9-7d6e-beda-ff6cdcc0ec99,POLICY_APPROVED,6cb71fdc0c5d1706896d9b8086867aaf68370ab9a5fc41134aba998ae26a6cd2,product_images/p103_1_1_bloqueador-solar-en-barra.jpg,CATALOG_EVIDENCE_CROP,image/jpeg,jpg,lihen-product-web,products/b3fd46e4-8b23-64b5-8076-71ce05360998/13ee1f49-4cc9-7d6e-beda-ff6cdcc0ec99/web/6cb71fdc0c5d1706896d9b8086867aaf68370ab9a5fc41134aba998ae26a6cd2.jpg,BLOCKED_EVIDENCE_IS_NOT_CANONICAL_ORIGINAL,READY_LINKAGE
39514b38-f90b-4b15-9ac1-0f12d8b1e625,CATV1-P103-R1R,7d1424ca-7d0f-eeac-1f4d-b14e8f93e297,f8768c3e-33a5-cad1-80f0-d0f75ba8d856,POLICY_APPROVED,569ea4bcb8c1bb4f5074ba0684119a8c4e658d68a91e49c285a605fa5401e581,product_images/p103_2_1_mini-bloqueador-en-barra.jpg,CATALOG_EVIDENCE_CROP,image/jpeg,jpg,lihen-product-web,products/7d1424ca-7d0f-eeac-1f4d-b14e8f93e297/f8768c3e-33a5-cad1-80f0-d0f75ba8d856/web/569ea4bcb8c1bb4f5074ba0684119a8c4e658d68a91e49c285a605fa5401e581.jpg,BLOCKED_EVIDENCE_IS_NOT_CANONICAL_ORIGINAL,READY_LINKAGE
39514b38-f90b-4b15-9ac1-0f12d8b1e625,CATV1-P103-R2L,a63150a9-cb09-fb85-8578-74f972d46b87,2654842f-2bee-92bc-5c1b-5a0a75e6cfa8,POLICY_APPROVED,e19d7003d1a364d4be6ace307a4fa5f985dfe65119ea82d9f9989537854b5e15,product_images/p103_1_2_bloqueador-solar-aclarante-spf50.jpg,CATALOG_EVIDENCE_CROP,image/jpeg,jpg,lihen-product-web,products/a63150a9-cb09-fb85-8578-74f972d46b87/2654842f-2bee-92bc-5c1b-5a0a75e6cfa8/web/e19d7003d1a364d4be6ace307a4fa5f985dfe65119ea82d9f9989537854b5e15.jpg,BLOCKED_EVIDENCE_IS_NOT_CANONICAL_ORIGINAL,READY_LINKAGE
39514b38-f90b-4b15-9ac1-0f12d8b1e625,CATV1-P103-R2R,8ae3ed41-1ab2-baa5-458f-a14ce8f3632a,f463df57-0215-b8b6-81a3-9f68a458680d,POLICY_APPROVED,7a7dde4b1412c2ac875bf13e6e4c651176c930561e83693db7e2c84d29f87076,product_images/p103_2_2_contorno-de-ojos-en-gel.jpg,CATALOG_EVIDENCE_CROP,image/jpeg,jpg,lihen-product-web,products/8ae3ed41-1ab2-baa5-458f-a14ce8f3632a/f463df57-0215-b8b6-81a3-9f68a458680d/web/7a7dde4b1412c2ac875bf13e6e4c651176c930561e83693db7e2c84d29f87076.jpg,BLOCKED_EVIDENCE_IS_NOT_CANONICAL_ORIGINAL,READY_LINKAGE
39514b38-f90b-4b15-9ac1-0f12d8b1e625,CATV1-P103-R3L,8a7fdde1-9185-84d4-d96d-98e26f115be3,1b9c73e7-34ab-36dc-2579-cfba884b732e,POLICY_APPROVED,9b804464aa14473cfc8f1bf4ef17b7da8812bdf48ecdecececbe8d641bbdaff6,product_images/p103_1_3_x150ml.jpg,CATALOG_EVIDENCE_CROP,image/jpeg,jpg,lihen-product-web,products/8a7fdde1-9185-84d4-d96d-98e26f115be3/1b9c73e7-34ab-36dc-2579-cfba884b732e/web/9b804464aa14473cfc8f1bf4ef17b7da8812bdf48ecdecececbe8d641bbdaff6.jpg,BLOCKED_EVIDENCE_IS_NOT_CANONICAL_ORIGINAL,READY_LINKAGE
39514b38-f90b-4b15-9ac1-0f12d8b1e625,CATV1-P103-R3R,7baac762-96f0-e6db-225f-ba8edd6caf57,9d6efce8-8572-2b64-c93d-2067c40cc400,POLICY_APPROVED,810b3dc3a85c303ee39dc4a2293ea080a48ec447eb9179d6b4d92f0c94af8c48,product_images/p103_2_3_bloqueador-solar-spf50.jpg,CATALOG_EVIDENCE_CROP,image/jpeg,jpg,lihen-product-web,products/7baac762-96f0-e6db-225f-ba8edd6caf57/9d6efce8-8572-2b64-c93d-2067c40cc400/web/810b3dc3a85c303ee39dc4a2293ea080a48ec447eb9179d6b4d92f0c94af8c48.jpg,BLOCKED_EVIDENCE_IS_NOT_CANONICAL_ORIGINAL,READY_LINKAGE
39514b38-f90b-4b15-9ac1-0f12d8b1e625,CATV1-P104-R1L,883c0eeb-b903-866a-d307-66ee5333e708,fd7a6a6c-5a78-20b0-aeba-ba58b888d67a,POLICY_APPROVED,6a3582d52c90087dbcb08286b0d91bf756cabeb6a52d41989600782df05bed25,product_images/p104_1_1_bloqueador-solar-centella.jpg,CATALOG_EVIDENCE_CROP,image/jpeg,jpg,lihen-product-web,products/883c0eeb-b903-866a-d307-66ee5333e708/fd7a6a6c-5a78-20b0-aeba-ba58b888d67a/web/6a3582d52c90087dbcb08286b0d91bf756cabeb6a52d41989600782df05bed25.jpg,BLOCKED_EVIDENCE_IS_NOT_CANONICAL_ORIGINAL,READY_LINKAGE
39514b38-f90b-4b15-9ac1-0f12d8b1e625,CATV1-P104-R1R,89effbeb-8802-989c-7009-ba167dd3cc4f,e3ad2886-5b10-f6c2-bc47-c4daad4e703b,POLICY_APPROVED,56b84f70bf37c1bfae7b1713573992787d621fd964f958ddbabdc7ace12b5db2,product_images/p104_2_1_bloqueador-solar-vitamina-e.jpg,CATALOG_EVIDENCE_CROP,image/jpeg,jpg,lihen-product-web,products/89effbeb-8802-989c-7009-ba167dd3cc4f/e3ad2886-5b10-f6c2-bc47-c4daad4e703b/web/56b84f70bf37c1bfae7b1713573992787d621fd964f958ddbabdc7ace12b5db2.jpg,BLOCKED_EVIDENCE_IS_NOT_CANONICAL_ORIGINAL,READY_LINKAGE
39514b38-f90b-4b15-9ac1-0f12d8b1e625,CATV1-P104-R2L,23e8af79-6c90-5711-7c6f-fcc6bb93868d,8c5da6c0-c0fc-c9ac-e178-50874737f262,POLICY_APPROVED,8b819f8c977353336a27ad355f7dd7a9e868b3efafe67f13854f790cd9f982f3,product_images/p104_1_2_lip-oil-juicy-berry-plumpling.jpg,CATALOG_EVIDENCE_CROP,image/jpeg,jpg,lihen-product-web,products/23e8af79-6c90-5711-7c6f-fcc6bb93868d/8c5da6c0-c0fc-c9ac-e178-50874737f262/web/8b819f8c977353336a27ad355f7dd7a9e868b3efafe67f13854f790cd9f982f3.jpg,BLOCKED_EVIDENCE_IS_NOT_CANONICAL_ORIGINAL,READY_LINKAGE
39514b38-f90b-4b15-9ac1-0f12d8b1e625,CATV1-P104-R2R,f3bc28cd-2bcf-5056-4fe3-3b88095a8080,466339d8-4bbd-81f1-1f41-d4937a75c3f8,POLICY_APPROVED,afd28bc6dbbb80bcde6b02afd48e3c6fc9dac47f604592147a44a8bffaa7e7d2,product_images/p104_2_2_bifida-biome-essence-50-ml.jpg,CATALOG_EVIDENCE_CROP,image/jpeg,jpg,lihen-product-web,products/f3bc28cd-2bcf-5056-4fe3-3b88095a8080/466339d8-4bbd-81f1-1f41-d4937a75c3f8/web/afd28bc6dbbb80bcde6b02afd48e3c6fc9dac47f604592147a44a8bffaa7e7d2.jpg,BLOCKED_EVIDENCE_IS_NOT_CANONICAL_ORIGINAL,READY_LINKAGE
39514b38-f90b-4b15-9ac1-0f12d8b1e625,CATV1-P104-R3L,38f2d809-0e96-7db0-59c2-4eefecbbe0c0,88ea686f-d410-d661-edd6-a6dd47cdc616,POLICY_APPROVED,4dc1bad165e397fb921eb4c9dee99fe72064cdcd4413b95ed4adde30c7ef9725,product_images/p104_1_3_estuche-para-bloqueador-mini-en-barra.jpg,CATALOG_EVIDENCE_CROP,image/jpeg,jpg,lihen-product-web,products/38f2d809-0e96-7db0-59c2-4eefecbbe0c0/88ea686f-d410-d661-edd6-a6dd47cdc616/web/4dc1bad165e397fb921eb4c9dee99fe72064cdcd4413b95ed4adde30c7ef9725.jpg,BLOCKED_EVIDENCE_IS_NOT_CANONICAL_ORIGINAL,READY_LINKAGE
39514b38-f90b-4b15-9ac1-0f12d8b1e625,CATV1-P104-R3R,01cc2bb0-2166-6f91-2559-7c069d269f99,4e88223f-c291-bde6-3077-5f3962073ffc,POLICY_APPROVED,2125f50fe935450ae9b294a846361a9f1285f017933dae40a83bd2bffcb31f5b,product_images/p104_2_3_serum-cica-calming-5-ml.jpg,CATALOG_EVIDENCE_CROP,image/jpeg,jpg,lihen-product-web,products/01cc2bb0-2166-6f91-2559-7c069d269f99/4e88223f-c291-bde6-3077-5f3962073ffc/web/2125f50fe935450ae9b294a846361a9f1285f017933dae40a83bd2bffcb31f5b.jpg,BLOCKED_EVIDENCE_IS_NOT_CANONICAL_ORIGINAL,READY_LINKAGE
39514b38-f90b-4b15-9ac1-0f12d8b1e625,CATV1-P106-R1L,80aa3cb4-0120-01ad-0501-ea85c93a94a3,002df671-cfa8-ad71-61de-39875deaffe7,POLICY_APPROVED,32ec9b63f0bb2652d33d05b1e90295faa1c2a79beeba8d445dc4b328ebda75f3,product_images/p106_1_1_tonico-calmante-anua.jpg,CATALOG_EVIDENCE_CROP,image/jpeg,jpg,lihen-product-web,products/80aa3cb4-0120-01ad-0501-ea85c93a94a3/002df671-cfa8-ad71-61de-39875deaffe7/web/32ec9b63f0bb2652d33d05b1e90295faa1c2a79beeba8d445dc4b328ebda75f3.jpg,BLOCKED_EVIDENCE_IS_NOT_CANONICAL_ORIGINAL,READY_LINKAGE
39514b38-f90b-4b15-9ac1-0f12d8b1e625,CATV1-P106-R1R,41084c80-8dad-e0fa-691c-9bf5e01cefe0,37b59a5c-907a-d9d6-bcb4-d143b4cd65b5,POLICY_APPROVED,cef276cc20f254b0a3047c685c7eb30ee31dfb942db59a9eedd7c061312bc55c,product_images/p106_2_1_leche-arroz-70-ceramida.jpg,CATALOG_EVIDENCE_CROP,image/jpeg,jpg,lihen-product-web,products/41084c80-8dad-e0fa-691c-9bf5e01cefe0/37b59a5c-907a-d9d6-bcb4-d143b4cd65b5/web/cef276cc20f254b0a3047c685c7eb30ee31dfb942db59a9eedd7c061312bc55c.jpg,BLOCKED_EVIDENCE_IS_NOT_CANONICAL_ORIGINAL,READY_LINKAGE
39514b38-f90b-4b15-9ac1-0f12d8b1e625,CATV1-P106-R2L,f4dfd34a-2e90-d88d-58ad-2081d678d67e,d08f730d-edfe-1983-a814-e69276c903a5,POLICY_APPROVED,93616e1929615699d277c24d8136444ab96de3fc228159bdbea42cb606a731d5,product_images/p106_1_2_aceite-limpiador-heartleaf-pore-control.jpg,CATALOG_EVIDENCE_CROP,image/jpeg,jpg,lihen-product-web,products/f4dfd34a-2e90-d88d-58ad-2081d678d67e/d08f730d-edfe-1983-a814-e69276c903a5/web/93616e1929615699d277c24d8136444ab96de3fc228159bdbea42cb606a731d5.jpg,BLOCKED_EVIDENCE_IS_NOT_CANONICAL_ORIGINAL,READY_LINKAGE
39514b38-f90b-4b15-9ac1-0f12d8b1e625,CATV1-P106-R2R,465b7fed-a8f6-6274-f4d9-b62871e6a4d8,1cbb2a1c-8e5b-4c85-c073-2c70a478b71b,POLICY_APPROVED,acc33b89b7b50ea14653bc3a8acbd9153f5177e051b1bf94cff58d51b2309bc6,product_images/p106_2_2_serum-niacinamida-peach.jpg,CATALOG_EVIDENCE_CROP,image/jpeg,jpg,lihen-product-web,products/465b7fed-a8f6-6274-f4d9-b62871e6a4d8/1cbb2a1c-8e5b-4c85-c073-2c70a478b71b/web/acc33b89b7b50ea14653bc3a8acbd9153f5177e051b1bf94cff58d51b2309bc6.jpg,BLOCKED_EVIDENCE_IS_NOT_CANONICAL_ORIGINAL,READY_LINKAGE
39514b38-f90b-4b15-9ac1-0f12d8b1e625,CATV1-P106-R3L,3a800110-5716-a151-d752-41dedc98d592,2c46dd91-222d-6dd7-3c1b-ff2061c56c7f,POLICY_APPROVED,0294e42a6e07c07e03f75ece120becb05f6fe4a0702834b512ceefa0f5fc7bb1,product_images/p106_1_3_serum-niacinamida.jpg,CATALOG_EVIDENCE_CROP,image/jpeg,jpg,lihen-product-web,products/3a800110-5716-a151-d752-41dedc98d592/2c46dd91-222d-6dd7-3c1b-ff2061c56c7f/web/0294e42a6e07c07e03f75ece120becb05f6fe4a0702834b512ceefa0f5fc7bb1.jpg,BLOCKED_EVIDENCE_IS_NOT_CANONICAL_ORIGINAL,READY_LINKAGE
39514b38-f90b-4b15-9ac1-0f12d8b1e625,CATV1-P106-R3R,fb6f28ca-23fc-5db0-ce21-9b4eb62622a5,e1258548-d920-2002-be0e-10e436739507,POLICY_APPROVED,fe6ab95c272faf514c5082375f34f6ab51636254b959f43229b7f38e6f4fd06c,product_images/p106_2_3_serum-arroz-ceramida.jpg,CATALOG_EVIDENCE_CROP,image/jpeg,jpg,lihen-product-web,products/fb6f28ca-23fc-5db0-ce21-9b4eb62622a5/e1258548-d920-2002-be0e-10e436739507/web/fe6ab95c272faf514c5082375f34f6ab51636254b959f43229b7f38e6f4fd06c.jpg,BLOCKED_EVIDENCE_IS_NOT_CANONICAL_ORIGINAL,READY_LINKAGE
39514b38-f90b-4b15-9ac1-0f12d8b1e625,CATV1-P107-R1L,116e5619-5f95-c77e-df36-8d8f70214d86,f1461dcd-bb4d-1048-9907-c73902eba748,POLICY_APPROVED,32eab6487528fcec026bf846e752d71d9da5069dcfea354aa18974eb18c346b1,product_images/p107_1_1_tonico-arroz-ceraminada.jpg,CATALOG_EVIDENCE_CROP,image/jpeg,jpg,lihen-product-web,products/116e5619-5f95-c77e-df36-8d8f70214d86/f1461dcd-bb4d-1048-9907-c73902eba748/web/32eab6487528fcec026bf846e752d71d9da5069dcfea354aa18974eb18c346b1.jpg,BLOCKED_EVIDENCE_IS_NOT_CANONICAL_ORIGINAL,READY_LINKAGE
39514b38-f90b-4b15-9ac1-0f12d8b1e625,CATV1-P107-R1R,72fe1429-c9ef-7437-e9de-59def4091fdc,4c11e7e0-7cb9-193c-6f0d-3cc151b272b6,POLICY_APPROVED,eeb21a7e9172ee446cec12b54710639a20c2707ec371cd83a5aab3024644c9b3,product_images/p107_2_1_espuma-limpiadora-heartleaf-bha.jpg,CATALOG_EVIDENCE_CROP,image/jpeg,jpg,lihen-product-web,products/72fe1429-c9ef-7437-e9de-59def4091fdc/4c11e7e0-7cb9-193c-6f0d-3cc151b272b6/web/eeb21a7e9172ee446cec12b54710639a20c2707ec371cd83a5aab3024644c9b3.jpg,BLOCKED_EVIDENCE_IS_NOT_CANONICAL_ORIGINAL,READY_LINKAGE
39514b38-f90b-4b15-9ac1-0f12d8b1e625,CATV1-P107-R2L,ac965611-407a-a78c-b2a1-8b41fa7e943d,c8b131c7-6b24-bf0c-0fc3-7a57aef510b5,HUMAN_APPROVED,2e856281cf4c15f06c44e138887522c6200c86d590f53f13d35f7859ae16548c,product_images/p107_1_2_serum-azulaico-y-hialuronico.jpg,CATALOG_EVIDENCE_CROP,image/jpeg,jpg,lihen-product-web,products/ac965611-407a-a78c-b2a1-8b41fa7e943d/c8b131c7-6b24-bf0c-0fc3-7a57aef510b5/web/2e856281cf4c15f06c44e138887522c6200c86d590f53f13d35f7859ae16548c.jpg,BLOCKED_EVIDENCE_IS_NOT_CANONICAL_ORIGINAL,READY_LINKAGE
39514b38-f90b-4b15-9ac1-0f12d8b1e625,CATV1-P107-R2R,af71bef6-8a3c-5ae7-b8ef-b40f6ab1314a,60b89326-8594-f888-163f-6627328b8aed,POLICY_APPROVED,3f61e995ee135e45a1e57c6118b807e568f6d2d6bf72f79612c2a00961e30c42,product_images/p107_2_2_limpiador-iluminador-arroz-ceramida.jpg,CATALOG_EVIDENCE_CROP,image/jpeg,jpg,lihen-product-web,products/af71bef6-8a3c-5ae7-b8ef-b40f6ab1314a/60b89326-8594-f888-163f-6627328b8aed/web/3f61e995ee135e45a1e57c6118b807e568f6d2d6bf72f79612c2a00961e30c42.jpg,BLOCKED_EVIDENCE_IS_NOT_CANONICAL_ORIGINAL,READY_LINKAGE
39514b38-f90b-4b15-9ac1-0f12d8b1e625,CATV1-P109-R1L,8692ede6-1479-3397-1164-233fd1a254c9,40577dd1-f9b5-de6c-2c2d-6c79e821c2c4,POLICY_APPROVED,07589ed51e2bb85b6be2f434f17a2d8e0cc06b6d7546c0f8180ad889ddc7fc88,product_images/p109_1_1_bean-essence-hidratante-30-ml-peeling.jpg,CATALOG_EVIDENCE_CROP,image/jpeg,jpg,lihen-product-web,products/8692ede6-1479-3397-1164-233fd1a254c9/40577dd1-f9b5-de6c-2c2d-6c79e821c2c4/web/07589ed51e2bb85b6be2f434f17a2d8e0cc06b6d7546c0f8180ad889ddc7fc88.jpg,BLOCKED_EVIDENCE_IS_NOT_CANONICAL_ORIGINAL,READY_LINKAGE
39514b38-f90b-4b15-9ac1-0f12d8b1e625,CATV1-P109-R1R,75c8e0b0-9bea-fb27-b208-f4b46fcb90de,b0fa0ee7-953d-bedf-89d8-34f8a402ddff,POLICY_APPROVED,5165837a57d90acac944b42ea8867ea5e8f24ce9e88712e8ef0540111e9971ed,product_images/p109_2_1_bean-essence-hidratante-50-ml-peeling.jpg,CATALOG_EVIDENCE_CROP,image/jpeg,jpg,lihen-product-web,products/75c8e0b0-9bea-fb27-b208-f4b46fcb90de/b0fa0ee7-953d-bedf-89d8-34f8a402ddff/web/5165837a57d90acac944b42ea8867ea5e8f24ce9e88712e8ef0540111e9971ed.jpg,BLOCKED_EVIDENCE_IS_NOT_CANONICAL_ORIGINAL,READY_LINKAGE
39514b38-f90b-4b15-9ac1-0f12d8b1e625,CATV1-P109-R2L,bcd2c79a-0af9-882e-e9ab-263c75405064,a1976ec5-3a55-3444-f0eb-3f9c1b63fdb4,POLICY_APPROVED,8c06ad7281872828c662196a3137a55b0af55a861274cd1fd501a62e3cecbd92,product_images/p109_1_2_mini-kit-esenciales-pure-glow.jpg,CATALOG_EVIDENCE_CROP,image/jpeg,jpg,lihen-product-web,products/bcd2c79a-0af9-882e-e9ab-263c75405064/a1976ec5-3a55-3444-f0eb-3f9c1b63fdb4/web/8c06ad7281872828c662196a3137a55b0af55a861274cd1fd501a62e3cecbd92.jpg,BLOCKED_EVIDENCE_IS_NOT_CANONICAL_ORIGINAL,READY_LINKAGE
39514b38-f90b-4b15-9ac1-0f12d8b1e625,CATV1-P111-R1L,958b521c-ad4f-a2d3-ff4d-2a87acdd87e6,e877b03b-47f3-cabf-31ab-5ea76d2c7499,POLICY_APPROVED,0312fb85efd5dbcd527713ae95ef07e8c96d10ae435edfcb89736c9787182e25,product_images/p111_1_1_tonico-triple-collagen.jpg,CATALOG_EVIDENCE_CROP,image/jpeg,jpg,lihen-product-web,products/958b521c-ad4f-a2d3-ff4d-2a87acdd87e6/e877b03b-47f3-cabf-31ab-5ea76d2c7499/web/0312fb85efd5dbcd527713ae95ef07e8c96d10ae435edfcb89736c9787182e25.jpg,BLOCKED_EVIDENCE_IS_NOT_CANONICAL_ORIGINAL,READY_LINKAGE
39514b38-f90b-4b15-9ac1-0f12d8b1e625,CATV1-P111-R1R,2f8606dc-105a-c6a9-5591-8112b8b66ea3,2d8ddb7b-fcc5-8ce3-5fd4-0a56d0da997c,POLICY_APPROVED,6a638e74dc3f556bdf9b3ce1c659eb7c4087bc7e04b09a643a79d1a2a184d20d,product_images/p111_2_1_crema-colageno-en-gel.jpg,CATALOG_EVIDENCE_CROP,image/jpeg,jpg,lihen-product-web,products/2f8606dc-105a-c6a9-5591-8112b8b66ea3/2d8ddb7b-fcc5-8ce3-5fd4-0a56d0da997c/web/6a638e74dc3f556bdf9b3ce1c659eb7c4087bc7e04b09a643a79d1a2a184d20d.jpg,BLOCKED_EVIDENCE_IS_NOT_CANONICAL_ORIGINAL,READY_LINKAGE
39514b38-f90b-4b15-9ac1-0f12d8b1e625,CATV1-P111-R2L,92f6b917-1a75-0ee6-4103-93dfd34be1cc,6fb66f59-366f-5157-b70d-578415db71cd,POLICY_APPROVED,bc95744e5e2bfa9c96909a69a349d7090c725e474b2612b4b5c48a3cbea5b5f8,product_images/p111_1_2_crema-solar-reafirmante.jpg,CATALOG_EVIDENCE_CROP,image/jpeg,jpg,lihen-product-web,products/92f6b917-1a75-0ee6-4103-93dfd34be1cc/6fb66f59-366f-5157-b70d-578415db71cd/web/bc95744e5e2bfa9c96909a69a349d7090c725e474b2612b4b5c48a3cbea5b5f8.jpg,BLOCKED_EVIDENCE_IS_NOT_CANONICAL_ORIGINAL,READY_LINKAGE
39514b38-f90b-4b15-9ac1-0f12d8b1e625,CATV1-P111-R2R,5a311f39-d3b2-2318-47ef-0a423c1dd08c,d379653c-4343-daee-11ea-e28bf6d8ac8b,POLICY_APPROVED,9aa6e73d18b1f426a6f5c03101f6d6e127cd4d762acdd57d7a8c40fa38de1aa8,product_images/p111_2_2_crema-capsule-pink-pdrn.jpg,CATALOG_EVIDENCE_CROP,image/jpeg,jpg,lihen-product-web,products/5a311f39-d3b2-2318-47ef-0a423c1dd08c/d379653c-4343-daee-11ea-e28bf6d8ac8b/web/9aa6e73d18b1f426a6f5c03101f6d6e127cd4d762acdd57d7a8c40fa38de1aa8.jpg,BLOCKED_EVIDENCE_IS_NOT_CANONICAL_ORIGINAL,READY_LINKAGE
39514b38-f90b-4b15-9ac1-0f12d8b1e625,CATV1-P111-R3L,cc69cb77-2014-f318-5255-56ed5cef28a4,743da1e1-a83a-1813-d937-283594166965,POLICY_APPROVED,da28403df523b97565fe71d1cdbeb1472fbdb3f54fad16158614eebb1ca24338,product_images/p111_1_3_crema-capsule-acido-acido-kojico-y-curcuma.jpg,CATALOG_EVIDENCE_CROP,image/jpeg,jpg,lihen-product-web,products/cc69cb77-2014-f318-5255-56ed5cef28a4/743da1e1-a83a-1813-d937-283594166965/web/da28403df523b97565fe71d1cdbeb1472fbdb3f54fad16158614eebb1ca24338.jpg,BLOCKED_EVIDENCE_IS_NOT_CANONICAL_ORIGINAL,READY_LINKAGE
39514b38-f90b-4b15-9ac1-0f12d8b1e625,CATV1-P111-R3R,9b9fd529-9398-9292-ee93-84c1d358796b,a0e9f2f6-da4f-b28d-c0f2-3fb0493604fe,POLICY_APPROVED,d42f07105b9cc39f5b371538dcdc4f0037318fc1159d5360c665c7445769c297,product_images/p111_2_3_mascarilla-nocturna-cafeina-rosa.jpg,CATALOG_EVIDENCE_CROP,image/jpeg,jpg,lihen-product-web,products/9b9fd529-9398-9292-ee93-84c1d358796b/a0e9f2f6-da4f-b28d-c0f2-3fb0493604fe/web/d42f07105b9cc39f5b371538dcdc4f0037318fc1159d5360c665c7445769c297.jpg,BLOCKED_EVIDENCE_IS_NOT_CANONICAL_ORIGINAL,READY_LINKAGE
39514b38-f90b-4b15-9ac1-0f12d8b1e625,CATV1-P112-R1L,9183d20e-f46d-ccfb-8ae9-572b0bfcf27a,ed54dcae-31ae-0a05-7601-3a02ee6f55c1,POLICY_APPROVED,31bdde595eb8153577fe09d52e5ecf108f4c3049b8903c753197bff56975b794,product_images/p112_1_1_serum-colageno-rosa-2000-suave.jpg,CATALOG_EVIDENCE_CROP,image/jpeg,jpg,lihen-product-web,products/9183d20e-f46d-ccfb-8ae9-572b0bfcf27a/ed54dcae-31ae-0a05-7601-3a02ee6f55c1/web/31bdde595eb8153577fe09d52e5ecf108f4c3049b8903c753197bff56975b794.jpg,BLOCKED_EVIDENCE_IS_NOT_CANONICAL_ORIGINAL,READY_LINKAGE
39514b38-f90b-4b15-9ac1-0f12d8b1e625,CATV1-P112-R1R,c55799cf-15b3-b74d-7f59-1239766378a8,73bb781c-f9c4-1c2f-7010-559ba22eb6a1,POLICY_APPROVED,16b964a5020d66542b8a06efd51843fa29ff44be7fa50a399a50532c9fb37ad4,product_images/p112_2_1_serum-niacinamida-shot.jpg,CATALOG_EVIDENCE_CROP,image/jpeg,jpg,lihen-product-web,products/c55799cf-15b3-b74d-7f59-1239766378a8/73bb781c-f9c4-1c2f-7010-559ba22eb6a1/web/16b964a5020d66542b8a06efd51843fa29ff44be7fa50a399a50532c9fb37ad4.jpg,BLOCKED_EVIDENCE_IS_NOT_CANONICAL_ORIGINAL,READY_LINKAGE
39514b38-f90b-4b15-9ac1-0f12d8b1e625,CATV1-P112-R2L,638a7137-9faf-c47b-3d73-19fdd4297b28,e249e8be-af25-95eb-5544-44087ff591b8,POLICY_APPROVED,c328e88e8f2bc87dc45e2537555d30fcf028ba952e6ee1f7afd8fba0993b5f0e,product_images/p112_1_2_serum-peptido-rosa-30ml-pdrn.jpg,CATALOG_EVIDENCE_CROP,image/jpeg,jpg,lihen-product-web,products/638a7137-9faf-c47b-3d73-19fdd4297b28/e249e8be-af25-95eb-5544-44087ff591b8/web/c328e88e8f2bc87dc45e2537555d30fcf028ba952e6ee1f7afd8fba0993b5f0e.jpg,BLOCKED_EVIDENCE_IS_NOT_CANONICAL_ORIGINAL,READY_LINKAGE
39514b38-f90b-4b15-9ac1-0f12d8b1e625,CATV1-P112-R2R,7333ac3c-32cc-43f5-cbeb-9d136bf19951,ffe9b566-8cbf-70c4-904f-89daf4d7a853,POLICY_APPROVED,b2b401fd9cae579fdc5774051659a263ab320b526f1d01648a1f8ec4c37bae8c,product_images/p112_2_2_bruma-facial-tipo-serum.jpg,CATALOG_EVIDENCE_CROP,image/jpeg,jpg,lihen-product-web,products/7333ac3c-32cc-43f5-cbeb-9d136bf19951/ffe9b566-8cbf-70c4-904f-89daf4d7a853/web/b2b401fd9cae579fdc5774051659a263ab320b526f1d01648a1f8ec4c37bae8c.jpg,BLOCKED_EVIDENCE_IS_NOT_CANONICAL_ORIGINAL,READY_LINKAGE
39514b38-f90b-4b15-9ac1-0f12d8b1e625,CATV1-P112-R3L,4d144420-74ea-a149-83b6-42e4ff9714df,6c23996e-a9cd-be77-9ded-dd30f755dc1f,POLICY_APPROVED,4a5d0403b519108af049017442396e63be061182cb398ba8b4f894a17aa9eaea,product_images/p112_1_3_contorno-de-ojos-rosa-peptidos.jpg,CATALOG_EVIDENCE_CROP,image/jpeg,jpg,lihen-product-web,products/4d144420-74ea-a149-83b6-42e4ff9714df/6c23996e-a9cd-be77-9ded-dd30f755dc1f/web/4a5d0403b519108af049017442396e63be061182cb398ba8b4f894a17aa9eaea.jpg,BLOCKED_EVIDENCE_IS_NOT_CANONICAL_ORIGINAL,READY_LINKAGE
39514b38-f90b-4b15-9ac1-0f12d8b1e625,CATV1-P112-R3R,b23ebf37-1d38-b007-b275-d63bfaac9352,bbc260d3-a300-90b2-a173-75c155c2a6a6,POLICY_APPROVED,cf6f47578f9055498bbdbe34c83a76a8b857736f24fc993fc2475e98558a5df0,product_images/p112_2_3_crema-niacinamida-roja-para-pieles-sensibles-capsulas.jpg,CATALOG_EVIDENCE_CROP,image/jpeg,jpg,lihen-product-web,products/b23ebf37-1d38-b007-b275-d63bfaac9352/bbc260d3-a300-90b2-a173-75c155c2a6a6/web/cf6f47578f9055498bbdbe34c83a76a8b857736f24fc993fc2475e98558a5df0.jpg,BLOCKED_EVIDENCE_IS_NOT_CANONICAL_ORIGINAL,READY_LINKAGE
39514b38-f90b-4b15-9ac1-0f12d8b1e625,CATV1-P113-R1L,e22ed717-7ebe-6830-12ee-ed285012573f,4e5d3ef7-01ca-c1eb-0eec-bf8d3c69a0ca,POLICY_APPROVED,679c651f1661205a84f0760ce1e4a62e68b31d4e46338f81d27fcfd06f47f8e6,product_images/p113_1_1_tonico-para-pieles-sensibles-100-ml.jpg,CATALOG_EVIDENCE_CROP,image/jpeg,jpg,lihen-product-web,products/e22ed717-7ebe-6830-12ee-ed285012573f/4e5d3ef7-01ca-c1eb-0eec-bf8d3c69a0ca/web/679c651f1661205a84f0760ce1e4a62e68b31d4e46338f81d27fcfd06f47f8e6.jpg,BLOCKED_EVIDENCE_IS_NOT_CANONICAL_ORIGINAL,READY_LINKAGE
39514b38-f90b-4b15-9ac1-0f12d8b1e625,CATV1-P113-R1R,868eb354-01ff-43af-17c3-a199ee67586f,cb2b5713-b54b-32f3-fef1-7d838a3681dd,POLICY_APPROVED,e382de53870ccfe73b7471ab6265c9fb524306c9154c64179ff9e842ad371f79,product_images/p113_2_1_mascarilla-colageno-nocturna.jpg,CATALOG_EVIDENCE_CROP,image/jpeg,jpg,lihen-product-web,products/868eb354-01ff-43af-17c3-a199ee67586f/cb2b5713-b54b-32f3-fef1-7d838a3681dd/web/e382de53870ccfe73b7471ab6265c9fb524306c9154c64179ff9e842ad371f79.jpg,BLOCKED_EVIDENCE_IS_NOT_CANONICAL_ORIGINAL,READY_LINKAGE
39514b38-f90b-4b15-9ac1-0f12d8b1e625,CATV1-P113-R2L,585e1ae4-878d-3564-5fab-c7293304c6ff,b5ef0b18-e9bf-5092-c67c-2061da85a83c,POLICY_APPROVED,58acaf5dd8a026dd1c9cfce3f1d113443e1fcaf57a39c04f613cd2ac2b44b5cd,product_images/p113_1_2_crema-en-capsula-vitamina-c.jpg,CATALOG_EVIDENCE_CROP,image/jpeg,jpg,lihen-product-web,products/585e1ae4-878d-3564-5fab-c7293304c6ff/b5ef0b18-e9bf-5092-c67c-2061da85a83c/web/58acaf5dd8a026dd1c9cfce3f1d113443e1fcaf57a39c04f613cd2ac2b44b5cd.jpg,BLOCKED_EVIDENCE_IS_NOT_CANONICAL_ORIGINAL,READY_LINKAGE
39514b38-f90b-4b15-9ac1-0f12d8b1e625,CATV1-P113-R2R,a1462b75-67c1-fa5e-5b90-d379eabf5351,bbf2f1b8-f4a1-c50b-3fb7-12085d051b9b,POLICY_APPROVED,db96c5ed70c0f55eb47e1d1c3357e36dde17426e498fa428a57fea58738cbeaf,product_images/p113_2_2_red-erasing-cream-crema-antirojeces.jpg,CATALOG_EVIDENCE_CROP,image/jpeg,jpg,lihen-product-web,products/a1462b75-67c1-fa5e-5b90-d379eabf5351/bbf2f1b8-f4a1-c50b-3fb7-12085d051b9b/web/db96c5ed70c0f55eb47e1d1c3357e36dde17426e498fa428a57fea58738cbeaf.jpg,BLOCKED_EVIDENCE_IS_NOT_CANONICAL_ORIGINAL,READY_LINKAGE
39514b38-f90b-4b15-9ac1-0f12d8b1e625,CATV1-P113-R3L,06a00d85-0d26-411f-2125-0807ebe0dc7f,3d52ee15-9530-16be-fc6f-9811791c3d06,POLICY_APPROVED,80694137f88d00d082950fa355d741b37a1513a6ecd7beb0dcb1a1b7b5500a63,product_images/p113_1_3_serum-exfoliante-azul-one-day.jpg,CATALOG_EVIDENCE_CROP,image/jpeg,jpg,lihen-product-web,products/06a00d85-0d26-411f-2125-0807ebe0dc7f/3d52ee15-9530-16be-fc6f-9811791c3d06/web/80694137f88d00d082950fa355d741b37a1513a6ecd7beb0dcb1a1b7b5500a63.jpg,BLOCKED_EVIDENCE_IS_NOT_CANONICAL_ORIGINAL,READY_LINKAGE
39514b38-f90b-4b15-9ac1-0f12d8b1e625,CATV1-P113-R3R,43e75c08-b423-0968-b445-549e8282091a,76dbae42-f0b3-40d6-5914-4a88c34bc951,POLICY_APPROVED,720e9bdfebee6a5ec1190728ba5b610611a3257e97a8d14cebe12e9060b39a08,product_images/p113_2_3_serum-colageno-7500-intensivo.jpg,CATALOG_EVIDENCE_CROP,image/jpeg,jpg,lihen-product-web,products/43e75c08-b423-0968-b445-549e8282091a/76dbae42-f0b3-40d6-5914-4a88c34bc951/web/720e9bdfebee6a5ec1190728ba5b610611a3257e97a8d14cebe12e9060b39a08.jpg,BLOCKED_EVIDENCE_IS_NOT_CANONICAL_ORIGINAL,READY_LINKAGE
39514b38-f90b-4b15-9ac1-0f12d8b1e625,CATV1-P114-R1L,c078358b-3951-483c-af9c-3b6d4e67d203,d160bf70-1da5-3020-d79e-97182cc5f50c,POLICY_APPROVED,d74ad06950a4e97731a198b2d3c374b065fd371729dec2622b84617bb5437048,product_images/p114_1_1_serum-de-acido-succinico-rojo-acne.jpg,CATALOG_EVIDENCE_CROP,image/jpeg,jpg,lihen-product-web,products/c078358b-3951-483c-af9c-3b6d4e67d203/d160bf70-1da5-3020-d79e-97182cc5f50c/web/d74ad06950a4e97731a198b2d3c374b065fd371729dec2622b84617bb5437048.jpg,BLOCKED_EVIDENCE_IS_NOT_CANONICAL_ORIGINAL,READY_LINKAGE
39514b38-f90b-4b15-9ac1-0f12d8b1e625,CATV1-P114-R1R,8ddf8210-2ce2-36e6-ee21-cf02907ef880,80ec99d4-5b6d-6d4b-d1e7-54d78b9645c7,POLICY_APPROVED,472c350b9324766e2c62da55bb586dcd1b91b4058c25bade5b378fe4dc2837d6,product_images/p114_2_1_serum-red-2-0-para-peiles-sensibles.jpg,CATALOG_EVIDENCE_CROP,image/jpeg,jpg,lihen-product-web,products/8ddf8210-2ce2-36e6-ee21-cf02907ef880/80ec99d4-5b6d-6d4b-d1e7-54d78b9645c7/web/472c350b9324766e2c62da55bb586dcd1b91b4058c25bade5b378fe4dc2837d6.jpg,BLOCKED_EVIDENCE_IS_NOT_CANONICAL_ORIGINAL,READY_LINKAGE
39514b38-f90b-4b15-9ac1-0f12d8b1e625,CATV1-P114-R2L,0d15cde9-b610-2db7-33c5-a67e07c29ec8,2902f5e5-a42e-329a-6abb-4570275880e5,POLICY_APPROVED,5c34d2a2b408bc4acd5a9a56c14964301155a585fdf5da5ca860af3212cb83fb,product_images/p114_1_2_crema-hidrante-rosa-acido-hialuronico.jpg,CATALOG_EVIDENCE_CROP,image/jpeg,jpg,lihen-product-web,products/0d15cde9-b610-2db7-33c5-a67e07c29ec8/2902f5e5-a42e-329a-6abb-4570275880e5/web/5c34d2a2b408bc4acd5a9a56c14964301155a585fdf5da5ca860af3212cb83fb.jpg,BLOCKED_EVIDENCE_IS_NOT_CANONICAL_ORIGINAL,READY_LINKAGE
39514b38-f90b-4b15-9ac1-0f12d8b1e625,CATV1-P114-R2R,4a353b63-7ccb-c6fc-772a-6f9bc74b41f1,1eb79603-668c-fec4-cb23-4dcbccdd342c,POLICY_APPROVED,5ef238df7e98293a198c27839111da0b491ee61576deae78a0e1949f917bff4f,product_images/p114_2_2_mascarilla-colageno-velo-facial.jpg,CATALOG_EVIDENCE_CROP,image/jpeg,jpg,lihen-product-web,products/4a353b63-7ccb-c6fc-772a-6f9bc74b41f1/1eb79603-668c-fec4-cb23-4dcbccdd342c/web/5ef238df7e98293a198c27839111da0b491ee61576deae78a0e1949f917bff4f.jpg,BLOCKED_EVIDENCE_IS_NOT_CANONICAL_ORIGINAL,READY_LINKAGE
39514b38-f90b-4b15-9ac1-0f12d8b1e625,CATV1-P116-R1L,349e8944-3ad8-9d92-593f-978a2ba23c36,21eee9ea-75e3-db59-2e8d-d5f32cda6fc1,POLICY_APPROVED,ad14856068b2e1a5d4325c982bc7894069f14f92a211bd5afb1897e754f42a9a,product_images/p116_1_1_centella-ligth-cleasing.jpg,CATALOG_EVIDENCE_CROP,image/jpeg,jpg,lihen-product-web,products/349e8944-3ad8-9d92-593f-978a2ba23c36/21eee9ea-75e3-db59-2e8d-d5f32cda6fc1/web/ad14856068b2e1a5d4325c982bc7894069f14f92a211bd5afb1897e754f42a9a.jpg,BLOCKED_EVIDENCE_IS_NOT_CANONICAL_ORIGINAL,READY_LINKAGE
39514b38-f90b-4b15-9ac1-0f12d8b1e625,CATV1-P116-R1R,42fd7957-2e35-5bd2-c3eb-adcb919fc352,9ce89f20-6ad7-6f92-2b64-55817e31ae18,POLICY_APPROVED,fd1223b7b34b926f52340610a69a94f37b62d30ab5930f35dde7850979a13b35,product_images/p116_2_1_oil-kit-travel-centella.jpg,CATALOG_EVIDENCE_CROP,image/jpeg,jpg,lihen-product-web,products/42fd7957-2e35-5bd2-c3eb-adcb919fc352/9ce89f20-6ad7-6f92-2b64-55817e31ae18/web/fd1223b7b34b926f52340610a69a94f37b62d30ab5930f35dde7850979a13b35.jpg,BLOCKED_EVIDENCE_IS_NOT_CANONICAL_ORIGINAL,READY_LINKAGE
39514b38-f90b-4b15-9ac1-0f12d8b1e625,CATV1-P116-R2L,e8b4e02c-17d9-323d-782b-5c126d97ac3d,42630061-6ea9-cecc-7d58-92b26dfe26f3,POLICY_APPROVED,5783ad731936b784d090e88c91f166aa86f772187a3a74e4ed0ae470dc84633c,product_images/p116_1_2_air-suncream-plus-50.jpg,CATALOG_EVIDENCE_CROP,image/jpeg,jpg,lihen-product-web,products/e8b4e02c-17d9-323d-782b-5c126d97ac3d/42630061-6ea9-cecc-7d58-92b26dfe26f3/web/5783ad731936b784d090e88c91f166aa86f772187a3a74e4ed0ae470dc84633c.jpg,BLOCKED_EVIDENCE_IS_NOT_CANONICAL_ORIGINAL,READY_LINKAGE
39514b38-f90b-4b15-9ac1-0f12d8b1e625,CATV1-P116-R2R,56a2a639-d1a0-18d4-d1c8-7c91a3251bd7,8fb20a7b-e329-e8be-b8b9-44a4c2577be5,POLICY_APPROVED,f3a33b477134f7e463edc3fb088a5167dbbb761b4bda65856c2228ca2bfbfa12,product_images/p116_2_2_airfit-suncream-liftg.jpg,CATALOG_EVIDENCE_CROP,image/jpeg,jpg,lihen-product-web,products/56a2a639-d1a0-18d4-d1c8-7c91a3251bd7/8fb20a7b-e329-e8be-b8b9-44a4c2577be5/web/f3a33b477134f7e463edc3fb088a5167dbbb761b4bda65856c2228ca2bfbfa12.jpg,BLOCKED_EVIDENCE_IS_NOT_CANONICAL_ORIGINAL,READY_LINKAGE
39514b38-f90b-4b15-9ac1-0f12d8b1e625,CATV1-P116-R3L,703968dc-456e-b621-2ea5-caafd9bc814f,8a504e2a-ee68-5783-e9ad-11508382f8a2,POLICY_APPROVED,e0a08c688ff9426689af0d5a4d94a4deb7ebb14fd93e02607b2c0a995757e6d3,product_images/p116_1_3_porezing-ligth-gel-cream.jpg,CATALOG_EVIDENCE_CROP,image/jpeg,jpg,lihen-product-web,products/703968dc-456e-b621-2ea5-caafd9bc814f/8a504e2a-ee68-5783-e9ad-11508382f8a2/web/e0a08c688ff9426689af0d5a4d94a4deb7ebb14fd93e02607b2c0a995757e6d3.jpg,BLOCKED_EVIDENCE_IS_NOT_CANONICAL_ORIGINAL,READY_LINKAGE
39514b38-f90b-4b15-9ac1-0f12d8b1e625,CATV1-P116-R3R,bdaaf197-58d8-6f74-9138-7d4a1d9f556d,27feecde-0da3-d18f-3014-c2a4054253ef,POLICY_APPROVED,3c8f4cc1371e9325d6009b745dffc939cc5bdca80773a00e607082edf0c5e12c,product_images/p116_2_3_quick-clay-stick.jpg,CATALOG_EVIDENCE_CROP,image/jpeg,jpg,lihen-product-web,products/bdaaf197-58d8-6f74-9138-7d4a1d9f556d/27feecde-0da3-d18f-3014-c2a4054253ef/web/3c8f4cc1371e9325d6009b745dffc939cc5bdca80773a00e607082edf0c5e12c.jpg,BLOCKED_EVIDENCE_IS_NOT_CANONICAL_ORIGINAL,READY_LINKAGE
39514b38-f90b-4b15-9ac1-0f12d8b1e625,CATV1-P117-R1L,3d4d4c2b-2126-c93d-6d89-1e41a0b93cc2,1cbcf52a-1a01-1a6e-1a44-48197a7c191e,POLICY_APPROVED,ffc8f7fe3e8dad1a3da5e6b582863266c650c381da9f13effe9a019699ebbaeb,product_images/p117_1_1_tea-trica-purifing.jpg,CATALOG_EVIDENCE_CROP,image/jpeg,jpg,lihen-product-web,products/3d4d4c2b-2126-c93d-6d89-1e41a0b93cc2/1cbcf52a-1a01-1a6e-1a44-48197a7c191e/web/ffc8f7fe3e8dad1a3da5e6b582863266c650c381da9f13effe9a019699ebbaeb.jpg,BLOCKED_EVIDENCE_IS_NOT_CANONICAL_ORIGINAL,READY_LINKAGE
39514b38-f90b-4b15-9ac1-0f12d8b1e625,CATV1-P117-R1R,d896f764-2f78-080a-88e3-f0f17cf3063f,2012c332-8b5d-3c88-274a-cc27a92e50b3,POLICY_APPROVED,b9c85f3218dc09037a1fc6b5d14fd323b5e1ea9e4df12aee2012676ef531f2c5,product_images/p117_2_1_tea-trica-b5-cream.jpg,CATALOG_EVIDENCE_CROP,image/jpeg,jpg,lihen-product-web,products/d896f764-2f78-080a-88e3-f0f17cf3063f/2012c332-8b5d-3c88-274a-cc27a92e50b3/web/b9c85f3218dc09037a1fc6b5d14fd323b5e1ea9e4df12aee2012676ef531f2c5.jpg,BLOCKED_EVIDENCE_IS_NOT_CANONICAL_ORIGINAL,READY_LINKAGE
39514b38-f90b-4b15-9ac1-0f12d8b1e625,CATV1-P117-R2L,b1f2d8bc-869d-e797-f744-3fe69c69f065,6df71db3-6aad-4f0c-57e8-5027f83cc654,POLICY_APPROVED,8325db6e77df0e536e06f408edeefc77a1e91e3fd7ee95ab549c3e86d41c7b41,product_images/p117_1_2_tone-brightening-cream.jpg,CATALOG_EVIDENCE_CROP,image/jpeg,jpg,lihen-product-web,products/b1f2d8bc-869d-e797-f744-3fe69c69f065/6df71db3-6aad-4f0c-57e8-5027f83cc654/web/8325db6e77df0e536e06f408edeefc77a1e91e3fd7ee95ab549c3e86d41c7b41.jpg,BLOCKED_EVIDENCE_IS_NOT_CANONICAL_ORIGINAL,READY_LINKAGE
39514b38-f90b-4b15-9ac1-0f12d8b1e625,CATV1-P117-R2R,a24c629e-ceab-6f8f-b469-c273c02436e8,c9a1059c-32ff-7dc8-8f00-8ab5eecbbfa7,POLICY_APPROVED,4676b9af828d527cdf0b1b9f6a6d5767a96f2efdbb310164d78352c12a988473,product_images/p117_2_2_kit-mini-centella-porezing.jpg,CATALOG_EVIDENCE_CROP,image/jpeg,jpg,lihen-product-web,products/a24c629e-ceab-6f8f-b469-c273c02436e8/c9a1059c-32ff-7dc8-8f00-8ab5eecbbfa7/web/4676b9af828d527cdf0b1b9f6a6d5767a96f2efdbb310164d78352c12a988473.jpg,BLOCKED_EVIDENCE_IS_NOT_CANONICAL_ORIGINAL,READY_LINKAGE
39514b38-f90b-4b15-9ac1-0f12d8b1e625,CATV1-P119-R1L,95aec163-03f7-83f7-9ea6-7b76e7c9a4eb,a6cebf9a-8454-31f8-ff47-410b6b8f8cdb,POLICY_APPROVED,d762717ec1904b5bb92cdc498137b9c5cc5772a9dd28443f1003d6a32ad90427,product_images/p119_1_1_vaseline-sunlit-glow.jpg,CATALOG_EVIDENCE_CROP,image/jpeg,jpg,lihen-product-web,products/95aec163-03f7-83f7-9ea6-7b76e7c9a4eb/a6cebf9a-8454-31f8-ff47-410b6b8f8cdb/web/d762717ec1904b5bb92cdc498137b9c5cc5772a9dd28443f1003d6a32ad90427.jpg,BLOCKED_EVIDENCE_IS_NOT_CANONICAL_ORIGINAL,READY_LINKAGE
39514b38-f90b-4b15-9ac1-0f12d8b1e625,CATV1-P119-R1R,8cf3cd8e-050c-82eb-4dfe-bb20da1d27e2,cc6749c9-4508-04b1-e9cb-cc6025edbf8b,POLICY_APPROVED,0ecfba98d34f07187203478648be0487c9544fa3a7785d28afe74dd3af4f4ea4,product_images/p119_2_1_golden-hour-glow.jpg,CATALOG_EVIDENCE_CROP,image/jpeg,jpg,lihen-product-web,products/8cf3cd8e-050c-82eb-4dfe-bb20da1d27e2/cc6749c9-4508-04b1-e9cb-cc6025edbf8b/web/0ecfba98d34f07187203478648be0487c9544fa3a7785d28afe74dd3af4f4ea4.jpg,BLOCKED_EVIDENCE_IS_NOT_CANONICAL_ORIGINAL,READY_LINKAGE
39514b38-f90b-4b15-9ac1-0f12d8b1e625,CATV1-P119-R2L,1ac158a8-92e1-52ce-143a-e72fba574203,94c5713b-5db5-8565-24da-1fa20e851e6a,POLICY_APPROVED,c7d7e0528af4672448e0c4222ce650dacf519eaed4d0b67e66e143117d338fc3,product_images/p119_1_2_coco-radiant.jpg,CATALOG_EVIDENCE_CROP,image/jpeg,jpg,lihen-product-web,products/1ac158a8-92e1-52ce-143a-e72fba574203/94c5713b-5db5-8565-24da-1fa20e851e6a/web/c7d7e0528af4672448e0c4222ce650dacf519eaed4d0b67e66e143117d338fc3.jpg,BLOCKED_EVIDENCE_IS_NOT_CANONICAL_ORIGINAL,READY_LINKAGE
39514b38-f90b-4b15-9ac1-0f12d8b1e625,CATV1-P119-R2R,c2983b59-3308-55c4-0de7-a9f7c3b76bb9,feac99b9-b8d8-df1d-aea5-90a7685944b2,POLICY_APPROVED,1debd9c5e49b301ca655a64fae6dc61d320306a12243b5c4438daa6d18d6c407,product_images/p119_2_2_vaseline-mini-hidratante-labios.jpg,CATALOG_EVIDENCE_CROP,image/jpeg,jpg,lihen-product-web,products/c2983b59-3308-55c4-0de7-a9f7c3b76bb9/feac99b9-b8d8-df1d-aea5-90a7685944b2/web/1debd9c5e49b301ca655a64fae6dc61d320306a12243b5c4438daa6d18d6c407.jpg,BLOCKED_EVIDENCE_IS_NOT_CANONICAL_ORIGINAL,READY_LINKAGE
39514b38-f90b-4b15-9ac1-0f12d8b1e625,CATV1-P121-R1L,418a43ef-981f-c369-4931-1bbb3b978326,852e42e5-34a1-68b6-93be-75b2c8281df3,POLICY_APPROVED,2d3d38096a7e0393da7f35c6ba331b6609662430d474c74db4942460bacc7c9d,product_images/p121_1_1_jabon-liquido-eos.jpg,CATALOG_EVIDENCE_CROP,image/jpeg,jpg,lihen-product-web,products/418a43ef-981f-c369-4931-1bbb3b978326/852e42e5-34a1-68b6-93be-75b2c8281df3/web/2d3d38096a7e0393da7f35c6ba331b6609662430d474c74db4942460bacc7c9d.jpg,BLOCKED_EVIDENCE_IS_NOT_CANONICAL_ORIGINAL,READY_LINKAGE
39514b38-f90b-4b15-9ac1-0f12d8b1e625,CATV1-P121-R1R,4564c39a-095e-b632-6f6f-2323063b28af,923baff4-98b8-5294-67d2-8b6d15fdfc07,POLICY_APPROVED,417da140f201094275266d4a9c47e2a8ad8e2a5ffed320b392b9a686d90ab985,product_images/p121_2_1_crema-eos.jpg,CATALOG_EVIDENCE_CROP,image/jpeg,jpg,lihen-product-web,products/4564c39a-095e-b632-6f6f-2323063b28af/923baff4-98b8-5294-67d2-8b6d15fdfc07/web/417da140f201094275266d4a9c47e2a8ad8e2a5ffed320b392b9a686d90ab985.jpg,BLOCKED_EVIDENCE_IS_NOT_CANONICAL_ORIGINAL,READY_LINKAGE
39514b38-f90b-4b15-9ac1-0f12d8b1e625,CATV1-P123-R1L,51feba95-0e14-7d87-5010-4c685c8aafb8,3b5f07a6-ed3a-55c3-8c4c-902b9f56cf83,POLICY_APPROVED,518d7319f36c3015440e2725657b805e106ba5e498af115f0c025b7571d7e227,product_images/p123_1_1_gomas-relaxing-magnesio.jpg,CATALOG_EVIDENCE_CROP,image/jpeg,jpg,lihen-product-web,products/51feba95-0e14-7d87-5010-4c685c8aafb8/3b5f07a6-ed3a-55c3-8c4c-902b9f56cf83/web/518d7319f36c3015440e2725657b805e106ba5e498af115f0c025b7571d7e227.jpg,BLOCKED_EVIDENCE_IS_NOT_CANONICAL_ORIGINAL,READY_LINKAGE
39514b38-f90b-4b15-9ac1-0f12d8b1e625,CATV1-P123-R1R,e4f9a913-0a7e-eb5c-43ec-dca1a83533eb,90897e03-790d-8289-f1a5-f77197df3640,POLICY_APPROVED,5105171d0e6781b45abeab827cbf9179b90e37968023612b6db51de3af55d487,product_images/p123_2_1_gomas-beauty-undeniable.jpg,CATALOG_EVIDENCE_CROP,image/jpeg,jpg,lihen-product-web,products/e4f9a913-0a7e-eb5c-43ec-dca1a83533eb/90897e03-790d-8289-f1a5-f77197df3640/web/5105171d0e6781b45abeab827cbf9179b90e37968023612b6db51de3af55d487.jpg,BLOCKED_EVIDENCE_IS_NOT_CANONICAL_ORIGINAL,READY_LINKAGE
39514b38-f90b-4b15-9ac1-0f12d8b1e625,CATV1-P123-R2L,679f0d6c-6513-e966-bbc8-9412bc43bb4e,d4bc2874-0aeb-c7d3-37f8-af46db0cbd21,POLICY_APPROVED,34effbb421c1d0f99f1bb070599fc696aa1e9d0ab36cb59b8be69453642e4f2e,product_images/p123_1_2_sueno-saludable.jpg,CATALOG_EVIDENCE_CROP,image/jpeg,jpg,lihen-product-web,products/679f0d6c-6513-e966-bbc8-9412bc43bb4e/d4bc2874-0aeb-c7d3-37f8-af46db0cbd21/web/34effbb421c1d0f99f1bb070599fc696aa1e9d0ab36cb59b8be69453642e4f2e.jpg,BLOCKED_EVIDENCE_IS_NOT_CANONICAL_ORIGINAL,READY_LINKAGE
39514b38-f90b-4b15-9ac1-0f12d8b1e625,CATV1-P125-R1L,afa2e640-9b53-6bd7-7dcc-a8234f57ca91,ffce09fd-d796-b8e7-e971-3ca3ac07f1ca,POLICY_APPROVED,8d6aca69c5217c321a9f02480c617ee9a8e32353c1a894d95eb5706c7e26e490,product_images/p125_1_1_rice-serum.jpg,CATALOG_EVIDENCE_CROP,image/jpeg,jpg,lihen-product-web,products/afa2e640-9b53-6bd7-7dcc-a8234f57ca91/ffce09fd-d796-b8e7-e971-3ca3ac07f1ca/web/8d6aca69c5217c321a9f02480c617ee9a8e32353c1a894d95eb5706c7e26e490.jpg,BLOCKED_EVIDENCE_IS_NOT_CANONICAL_ORIGINAL,READY_LINKAGE
39514b38-f90b-4b15-9ac1-0f12d8b1e625,CATV1-P125-R1R,7c17413c-ab8a-df79-7f4e-086de3574ad2,2664758d-775e-ce78-a9a5-288e05843c3c,HUMAN_APPROVED,0ba9f01c7dd6b4dcc509ed312a156d25214fe599ffbbcffb5cddf7604ebc75f7,product_images/p125_2_1_rice-cream.jpg,CATALOG_EVIDENCE_CROP,image/jpeg,jpg,lihen-product-web,products/7c17413c-ab8a-df79-7f4e-086de3574ad2/2664758d-775e-ce78-a9a5-288e05843c3c/web/0ba9f01c7dd6b4dcc509ed312a156d25214fe599ffbbcffb5cddf7604ebc75f7.jpg,BLOCKED_EVIDENCE_IS_NOT_CANONICAL_ORIGINAL,READY_LINKAGE
39514b38-f90b-4b15-9ac1-0f12d8b1e625,CATV1-P125-R2L,38ea2b1f-c616-f7d8-411a-bed509caa749,3cf8ea44-94ab-2e8b-be9b-bd896392bb9c,POLICY_APPROVED,bd1910578f087e7df418d0cdfb87d602442e1a002345057e01ab0a11693011e9,product_images/p125_1_2_rice-toner.jpg,CATALOG_EVIDENCE_CROP,image/jpeg,jpg,lihen-product-web,products/38ea2b1f-c616-f7d8-411a-bed509caa749/3cf8ea44-94ab-2e8b-be9b-bd896392bb9c/web/bd1910578f087e7df418d0cdfb87d602442e1a002345057e01ab0a11693011e9.jpg,BLOCKED_EVIDENCE_IS_NOT_CANONICAL_ORIGINAL,READY_LINKAGE
39514b38-f90b-4b15-9ac1-0f12d8b1e625,CATV1-P125-R2R,74c3fdc3-0f96-619e-5563-5ea39aa774d6,0f768691-ef21-5179-f3f0-2ffd8a64c269,POLICY_APPROVED,364d747edf73235be4e64382d8bb2db4a72462f3f3392e5d0b800a867843a31f,product_images/p125_2_2_rice-facial-cleasner.jpg,CATALOG_EVIDENCE_CROP,image/jpeg,jpg,lihen-product-web,products/74c3fdc3-0f96-619e-5563-5ea39aa774d6/0f768691-ef21-5179-f3f0-2ffd8a64c269/web/364d747edf73235be4e64382d8bb2db4a72462f3f3392e5d0b800a867843a31f.jpg,BLOCKED_EVIDENCE_IS_NOT_CANONICAL_ORIGINAL,READY_LINKAGE
39514b38-f90b-4b15-9ac1-0f12d8b1e625,CATV1-P125-R3L,41e2d450-b55f-7b63-4969-45fb6f53b631,5b9b5e81-3539-f988-f915-99304f086075,POLICY_APPROVED,e7dc2d663baf845f755f9aeab0e90ac68f07a64d28876af8118ce0e16cff926b,product_images/p125_1_3_water-melon-cream.jpg,CATALOG_EVIDENCE_CROP,image/jpeg,jpg,lihen-product-web,products/41e2d450-b55f-7b63-4969-45fb6f53b631/5b9b5e81-3539-f988-f915-99304f086075/web/e7dc2d663baf845f755f9aeab0e90ac68f07a64d28876af8118ce0e16cff926b.jpg,BLOCKED_EVIDENCE_IS_NOT_CANONICAL_ORIGINAL,READY_LINKAGE
39514b38-f90b-4b15-9ac1-0f12d8b1e625,CATV1-P125-R3R,60a2fe9d-bcf8-805a-a1e7-afc1ba0e998f,c0055864-56b4-f01d-55f5-9e35769df627,POLICY_APPROVED,ff36c235e544e43ef39bc0e6c742a4ec40e2a09722e2f9eccab5e7b48d03594d,product_images/p125_2_3_water-melon-toner.jpg,CATALOG_EVIDENCE_CROP,image/jpeg,jpg,lihen-product-web,products/60a2fe9d-bcf8-805a-a1e7-afc1ba0e998f/c0055864-56b4-f01d-55f5-9e35769df627/web/ff36c235e544e43ef39bc0e6c742a4ec40e2a09722e2f9eccab5e7b48d03594d.jpg,BLOCKED_EVIDENCE_IS_NOT_CANONICAL_ORIGINAL,READY_LINKAGE
39514b38-f90b-4b15-9ac1-0f12d8b1e625,CATV1-P126-R1L,3e635218-0bf2-a3e5-aa9d-f2035ea8bd5a,353a4fbe-33b7-3c5b-0e19-80f2fb4aab02,POLICY_APPROVED,9af850cc0d8be3e36da97d47549b8d7f2fd2797255808f813c8a657ebbd435a5,product_images/p126_1_1_water-melon-facial-cleasner.jpg,CATALOG_EVIDENCE_CROP,image/jpeg,jpg,lihen-product-web,products/3e635218-0bf2-a3e5-aa9d-f2035ea8bd5a/353a4fbe-33b7-3c5b-0e19-80f2fb4aab02/web/9af850cc0d8be3e36da97d47549b8d7f2fd2797255808f813c8a657ebbd435a5.jpg,BLOCKED_EVIDENCE_IS_NOT_CANONICAL_ORIGINAL,READY_LINKAGE
39514b38-f90b-4b15-9ac1-0f12d8b1e625,CATV1-P126-R1R,7ee24855-b8ca-e4c7-67e8-68b40320bf91,3c7ef368-8fd7-de33-61d4-b1fc4f407ab5,POLICY_APPROVED,2bca7b0c60201d029b5fdca7b7db52140149ecb02215ddfa0850c2f26b9f90a9,product_images/p126_2_1_water-melon-essence-serum.jpg,CATALOG_EVIDENCE_CROP,image/jpeg,jpg,lihen-product-web,products/7ee24855-b8ca-e4c7-67e8-68b40320bf91/3c7ef368-8fd7-de33-61d4-b1fc4f407ab5/web/2bca7b0c60201d029b5fdca7b7db52140149ecb02215ddfa0850c2f26b9f90a9.jpg,BLOCKED_EVIDENCE_IS_NOT_CANONICAL_ORIGINAL,READY_LINKAGE
39514b38-f90b-4b15-9ac1-0f12d8b1e625,CATV1-P126-R2L,a1a2a6bc-78c8-0143-3747-7d72f98716e5,13cdcaf2-544b-03d8-88c7-55ecffc7e26f,POLICY_APPROVED,4d353e9a92c4409ad3d6b9a798e857c1e1ad763cce3268e58bfb9f44caeab079,product_images/p126_1_2_tea-tree-toner.jpg,CATALOG_EVIDENCE_CROP,image/jpeg,jpg,lihen-product-web,products/a1a2a6bc-78c8-0143-3747-7d72f98716e5/13cdcaf2-544b-03d8-88c7-55ecffc7e26f/web/4d353e9a92c4409ad3d6b9a798e857c1e1ad763cce3268e58bfb9f44caeab079.jpg,BLOCKED_EVIDENCE_IS_NOT_CANONICAL_ORIGINAL,READY_LINKAGE
39514b38-f90b-4b15-9ac1-0f12d8b1e625,CATV1-P126-R2R,2f242220-532f-9513-a23d-7d695e0b6bf8,118a9f25-9eb8-8bdc-2b81-59445bb2eeb8,POLICY_APPROVED,4fac9d6e55e46c9c417e9690aac4cf9f3d1cf31a6687b5a5326512773bbbe0c3,product_images/p126_2_2_tea-tree-facial-cream.jpg,CATALOG_EVIDENCE_CROP,image/jpeg,jpg,lihen-product-web,products/2f242220-532f-9513-a23d-7d695e0b6bf8/118a9f25-9eb8-8bdc-2b81-59445bb2eeb8/web/4fac9d6e55e46c9c417e9690aac4cf9f3d1cf31a6687b5a5326512773bbbe0c3.jpg,BLOCKED_EVIDENCE_IS_NOT_CANONICAL_ORIGINAL,READY_LINKAGE
39514b38-f90b-4b15-9ac1-0f12d8b1e625,CATV1-P126-R3L,d0ef7419-4a3c-a1bd-dadd-f0aa6414b1d4,5366118e-83f6-0768-3e62-5824eaca0b21,POLICY_APPROVED,b9a0bd2b2f73cc02341f9f422ca90dea1a71c61060146378db0e06dfcfab8309,product_images/p126_1_3_tea-tree-serum.jpg,CATALOG_EVIDENCE_CROP,image/jpeg,jpg,lihen-product-web,products/d0ef7419-4a3c-a1bd-dadd-f0aa6414b1d4/5366118e-83f6-0768-3e62-5824eaca0b21/web/b9a0bd2b2f73cc02341f9f422ca90dea1a71c61060146378db0e06dfcfab8309.jpg,BLOCKED_EVIDENCE_IS_NOT_CANONICAL_ORIGINAL,READY_LINKAGE
39514b38-f90b-4b15-9ac1-0f12d8b1e625,CATV1-P126-R3R,6bee7f06-4ea2-f969-f081-56d9964f95b0,23eda7af-4417-302a-7109-8ba819dcf295,POLICY_APPROVED,3d2f39c3accecced9b30edfa2637698a16480151232747a7d8b6aca79b3ea51f,product_images/p126_2_3_tea-tree-facial-cleanser.jpg,CATALOG_EVIDENCE_CROP,image/jpeg,jpg,lihen-product-web,products/6bee7f06-4ea2-f969-f081-56d9964f95b0/23eda7af-4417-302a-7109-8ba819dcf295/web/3d2f39c3accecced9b30edfa2637698a16480151232747a7d8b6aca79b3ea51f.jpg,BLOCKED_EVIDENCE_IS_NOT_CANONICAL_ORIGINAL,READY_LINKAGE
39514b38-f90b-4b15-9ac1-0f12d8b1e625,CATV1-P128-R1L,7476dc15-a7f9-c0e1-6ea0-04741f0227f3,3d96c112-e5d5-31a0-1a68-3c79aacf0cb4,POLICY_APPROVED,41c969059499d423c1367c93240548c14813c42f6e350d4bdb9934ccf7bf3b73,product_images/p128_1_1_tinta-girly.jpg,CATALOG_EVIDENCE_CROP,image/jpeg,jpg,lihen-product-web,products/7476dc15-a7f9-c0e1-6ea0-04741f0227f3/3d96c112-e5d5-31a0-1a68-3c79aacf0cb4/web/41c969059499d423c1367c93240548c14813c42f6e350d4bdb9934ccf7bf3b73.jpg,BLOCKED_EVIDENCE_IS_NOT_CANONICAL_ORIGINAL,READY_LINKAGE
39514b38-f90b-4b15-9ac1-0f12d8b1e625,CATV1-P128-R1R,a9a2df7b-e243-72d8-8734-f2edddfb11cd,07fe84f2-f15a-4359-814d-673d0b59e903,POLICY_APPROVED,3bef182de0ec3cb50fc95295420fce5848c68130e4be8a4f070cf75bf5f95504,product_images/p128_2_1_gel-aloe-vera.jpg,CATALOG_EVIDENCE_CROP,image/jpeg,jpg,lihen-product-web,products/a9a2df7b-e243-72d8-8734-f2edddfb11cd/07fe84f2-f15a-4359-814d-673d0b59e903/web/3bef182de0ec3cb50fc95295420fce5848c68130e4be8a4f070cf75bf5f95504.jpg,BLOCKED_EVIDENCE_IS_NOT_CANONICAL_ORIGINAL,READY_LINKAGE
39514b38-f90b-4b15-9ac1-0f12d8b1e625,CATV1-P128-R2L,d745a03d-cbce-c218-8a0e-c184f96e28a5,d7b08662-da44-81da-67f4-0a2a19f3cd05,POLICY_APPROVED,e2a1eb6e29f37f01b37d7d2969e90be6667f6c34bc4c78784f70b53a0143e837,product_images/p128_1_2_bloqueador-girly-3-tonos.jpg,CATALOG_EVIDENCE_CROP,image/jpeg,jpg,lihen-product-web,products/d745a03d-cbce-c218-8a0e-c184f96e28a5/d7b08662-da44-81da-67f4-0a2a19f3cd05/web/e2a1eb6e29f37f01b37d7d2969e90be6667f6c34bc4c78784f70b53a0143e837.jpg,BLOCKED_EVIDENCE_IS_NOT_CANONICAL_ORIGINAL,READY_LINKAGE
39514b38-f90b-4b15-9ac1-0f12d8b1e625,CATV1-P128-R2R,582b031c-1b62-a03e-f615-21024b93f04d,b89eb9a9-a98d-8b72-3add-18b75c95f044,POLICY_APPROVED,e97da9359f0391426a3d709baed1dcb0f7fc2d7956b68f45e3815a0bd54af00a,product_images/p128_2_2_mantequilla-corporal.jpg,CATALOG_EVIDENCE_CROP,image/jpeg,jpg,lihen-product-web,products/582b031c-1b62-a03e-f615-21024b93f04d/b89eb9a9-a98d-8b72-3add-18b75c95f044/web/e97da9359f0391426a3d709baed1dcb0f7fc2d7956b68f45e3815a0bd54af00a.jpg,BLOCKED_EVIDENCE_IS_NOT_CANONICAL_ORIGINAL,READY_LINKAGE
39514b38-f90b-4b15-9ac1-0f12d8b1e625,CATV1-P128-R3L,0cd3abe1-e12e-8225-53d0-a89693af5d6a,2e4bff33-9e88-6f9b-9e84-2178442b983b,POLICY_APPROVED,89ee3e8e2281d3f7149be887deea8d9b232cc5b3ba76ba08701f2854b483f308,product_images/p128_1_3_bruma-facial.jpg,CATALOG_EVIDENCE_CROP,image/jpeg,jpg,lihen-product-web,products/0cd3abe1-e12e-8225-53d0-a89693af5d6a/2e4bff33-9e88-6f9b-9e84-2178442b983b/web/89ee3e8e2281d3f7149be887deea8d9b232cc5b3ba76ba08701f2854b483f308.jpg,BLOCKED_EVIDENCE_IS_NOT_CANONICAL_ORIGINAL,READY_LINKAGE
39514b38-f90b-4b15-9ac1-0f12d8b1e625,CATV1-P128-R3R,5eebea5e-95a8-4bab-79f9-66f490863d44,ecf210e8-ede8-87d3-f2c1-3bb0b58a4930,POLICY_APPROVED,77ee6f191c523c663fd982f6864b23e6791c77ee18b1e56c18e6d39f3858642b,product_images/p128_2_3_agua-micelar.jpg,CATALOG_EVIDENCE_CROP,image/jpeg,jpg,lihen-product-web,products/5eebea5e-95a8-4bab-79f9-66f490863d44/ecf210e8-ede8-87d3-f2c1-3bb0b58a4930/web/77ee6f191c523c663fd982f6864b23e6791c77ee18b1e56c18e6d39f3858642b.jpg,BLOCKED_EVIDENCE_IS_NOT_CANONICAL_ORIGINAL,READY_LINKAGE
39514b38-f90b-4b15-9ac1-0f12d8b1e625,CATV1-P129-R1L,6458f18a-9145-0765-a61b-edc82c23c42c,b7640ca7-6efc-0618-243a-a0bf3c4fa59c,POLICY_APPROVED,0fcd8c70e68afa26421a4a62adb3b5aabf2fafd94c9674cf7253e9f113d44ffd,product_images/p129_1_1_mascarilla-nutritiva.jpg,CATALOG_EVIDENCE_CROP,image/jpeg,jpg,lihen-product-web,products/6458f18a-9145-0765-a61b-edc82c23c42c/b7640ca7-6efc-0618-243a-a0bf3c4fa59c/web/0fcd8c70e68afa26421a4a62adb3b5aabf2fafd94c9674cf7253e9f113d44ffd.jpg,BLOCKED_EVIDENCE_IS_NOT_CANONICAL_ORIGINAL,READY_LINKAGE
39514b38-f90b-4b15-9ac1-0f12d8b1e625,CATV1-P129-R1R,eefbf73e-eb94-885e-12fc-aa93fa9c25d7,2b565132-dcc3-7049-659b-b1f4c581360a,POLICY_APPROVED,7ca8767f370e0b249abb8c9dd7e537e6581cb9c90007bedd2aae7827b6a5231c,product_images/p129_2_1_jabon-limpiador.jpg,CATALOG_EVIDENCE_CROP,image/jpeg,jpg,lihen-product-web,products/eefbf73e-eb94-885e-12fc-aa93fa9c25d7/2b565132-dcc3-7049-659b-b1f4c581360a/web/7ca8767f370e0b249abb8c9dd7e537e6581cb9c90007bedd2aae7827b6a5231c.jpg,BLOCKED_EVIDENCE_IS_NOT_CANONICAL_ORIGINAL,READY_LINKAGE
39514b38-f90b-4b15-9ac1-0f12d8b1e625,CATV1-P129-R2L,5b1be833-fecf-649d-27d4-8b125adf0cd4,5c5f1897-0f55-01db-abf1-1b79c75f9be6,POLICY_APPROVED,b217d14a43168e86149eb1e5b6bf8a711e5fbb6eec3845e4db55a9acea0f45ed,product_images/p129_1_2_fijador-grande.jpg,CATALOG_EVIDENCE_CROP,image/jpeg,jpg,lihen-product-web,products/5b1be833-fecf-649d-27d4-8b125adf0cd4/5c5f1897-0f55-01db-abf1-1b79c75f9be6/web/b217d14a43168e86149eb1e5b6bf8a711e5fbb6eec3845e4db55a9acea0f45ed.jpg,BLOCKED_EVIDENCE_IS_NOT_CANONICAL_ORIGINAL,READY_LINKAGE
39514b38-f90b-4b15-9ac1-0f12d8b1e625,CATV1-P129-R2R,d255cdae-330a-9f41-7e1e-83a1ed00af8a,ba01e4ee-ff42-2f69-21ef-472e35886ab7,POLICY_APPROVED,11629e264de6f67a312fd4c483c37c14705c446664de65727a6a89f2f2654a11,product_images/p129_2_2_lapiz-de-labios.jpg,CATALOG_EVIDENCE_CROP,image/jpeg,jpg,lihen-product-web,products/d255cdae-330a-9f41-7e1e-83a1ed00af8a/ba01e4ee-ff42-2f69-21ef-472e35886ab7/web/11629e264de6f67a312fd4c483c37c14705c446664de65727a6a89f2f2654a11.jpg,BLOCKED_EVIDENCE_IS_NOT_CANONICAL_ORIGINAL,READY_LINKAGE
39514b38-f90b-4b15-9ac1-0f12d8b1e625,CATV1-P129-R3L,5eea07df-c6ff-03a5-db54-e4cd3dcfe00b,21912468-5ec8-7534-ecef-df9db90b931f,POLICY_APPROVED,ad76b732d929ecce334014b7ee96db3179affe3266915e4d9a65eb4bc2591779,product_images/p129_1_3_lip-balm.jpg,CATALOG_EVIDENCE_CROP,image/jpeg,jpg,lihen-product-web,products/5eea07df-c6ff-03a5-db54-e4cd3dcfe00b/21912468-5ec8-7534-ecef-df9db90b931f/web/ad76b732d929ecce334014b7ee96db3179affe3266915e4d9a65eb4bc2591779.jpg,BLOCKED_EVIDENCE_IS_NOT_CANONICAL_ORIGINAL,READY_LINKAGE
39514b38-f90b-4b15-9ac1-0f12d8b1e625,CATV1-P129-R3R,b62e85b0-de09-7a17-4860-9a27788d09c1,7e467fc6-76ce-e8c3-4903-ef9c02ec7b9a,POLICY_APPROVED,2837c1d9b8202873750b57e121d733f1b9432b497db2cff0b0c3ac16d3418f1d,product_images/p129_2_3_crema-hidratante.jpg,CATALOG_EVIDENCE_CROP,image/jpeg,jpg,lihen-product-web,products/b62e85b0-de09-7a17-4860-9a27788d09c1/7e467fc6-76ce-e8c3-4903-ef9c02ec7b9a/web/2837c1d9b8202873750b57e121d733f1b9432b497db2cff0b0c3ac16d3418f1d.jpg,BLOCKED_EVIDENCE_IS_NOT_CANONICAL_ORIGINAL,READY_LINKAGE
39514b38-f90b-4b15-9ac1-0f12d8b1e625,CATV1-P130-R1L,feea3881-9c32-18d4-b303-2b441ebc246e,0d0d9fec-63ba-5977-20db-2947b0586636,HUMAN_APPROVED,cf34daa841b4c5422915f92e62fb91cde217bc7ecb72ede3d14400829efdbce9,product_images/p130_1_1_kit-viajero.jpg,CATALOG_EVIDENCE_CROP,image/jpeg,jpg,lihen-product-web,products/feea3881-9c32-18d4-b303-2b441ebc246e/0d0d9fec-63ba-5977-20db-2947b0586636/web/cf34daa841b4c5422915f92e62fb91cde217bc7ecb72ede3d14400829efdbce9.jpg,BLOCKED_EVIDENCE_IS_NOT_CANONICAL_ORIGINAL,READY_LINKAGE
39514b38-f90b-4b15-9ac1-0f12d8b1e625,CATV1-P130-R1R,89cbc679-3f87-4445-4287-3b8faf589312,c3267ddc-c0b1-dd68-7480-cd4f2b20439c,POLICY_APPROVED,445528f14b67a40ae16e48b9563fe9bcd2ca40eb117eea0cd6894d2ce2266891,product_images/p130_2_1_polvos-sueltos.jpg,CATALOG_EVIDENCE_CROP,image/jpeg,jpg,lihen-product-web,products/89cbc679-3f87-4445-4287-3b8faf589312/c3267ddc-c0b1-dd68-7480-cd4f2b20439c/web/445528f14b67a40ae16e48b9563fe9bcd2ca40eb117eea0cd6894d2ce2266891.jpg,BLOCKED_EVIDENCE_IS_NOT_CANONICAL_ORIGINAL,READY_LINKAGE
39514b38-f90b-4b15-9ac1-0f12d8b1e625,CATV1-P130-R2L,bdd38f8e-8755-bfec-3598-4a0d4ede3d92,5c738104-bf26-1db6-e9e1-c6b31004b4df,POLICY_APPROVED,cfe708925f6be52cb53494d97e0aa9633b2fee4b9b6f2351a6c809e886e90c8f,product_images/p130_1_2_contorno-ojos.jpg,CATALOG_EVIDENCE_CROP,image/jpeg,jpg,lihen-product-web,products/bdd38f8e-8755-bfec-3598-4a0d4ede3d92/5c738104-bf26-1db6-e9e1-c6b31004b4df/web/cfe708925f6be52cb53494d97e0aa9633b2fee4b9b6f2351a6c809e886e90c8f.jpg,BLOCKED_EVIDENCE_IS_NOT_CANONICAL_ORIGINAL,READY_LINKAGE
39514b38-f90b-4b15-9ac1-0f12d8b1e625,CATV1-P130-R2R,d02d5235-78a7-bebe-baa6-57746ac7fc41,bcd021e7-05d0-cab5-42c8-b3daea948ce2,POLICY_APPROVED,eb8b1c3df423a5e36508bb220c6f185f1aaf5bed10e5deadcce65d803c342a62,product_images/p130_2_2_pestanina-girly.jpg,CATALOG_EVIDENCE_CROP,image/jpeg,jpg,lihen-product-web,products/d02d5235-78a7-bebe-baa6-57746ac7fc41/bcd021e7-05d0-cab5-42c8-b3daea948ce2/web/eb8b1c3df423a5e36508bb220c6f185f1aaf5bed10e5deadcce65d803c342a62.jpg,BLOCKED_EVIDENCE_IS_NOT_CANONICAL_ORIGINAL,READY_LINKAGE
39514b38-f90b-4b15-9ac1-0f12d8b1e625,CATV1-P130-R3L,4f1484e6-0ebe-6033-acb0-1a0e503a0d0d,b2afe234-a9af-322c-398c-97e27cfcf985,POLICY_APPROVED,21afa81b6d99fda407dce7083da30021f6b5a208606d38c4d970e305bde476c3,product_images/p130_1_3_lip-stick-milan-y-roma.jpg,CATALOG_EVIDENCE_CROP,image/jpeg,jpg,lihen-product-web,products/4f1484e6-0ebe-6033-acb0-1a0e503a0d0d/b2afe234-a9af-322c-398c-97e27cfcf985/web/21afa81b6d99fda407dce7083da30021f6b5a208606d38c4d970e305bde476c3.jpg,BLOCKED_EVIDENCE_IS_NOT_CANONICAL_ORIGINAL,READY_LINKAGE
39514b38-f90b-4b15-9ac1-0f12d8b1e625,CATV1-P130-R3R,ece48832-aba7-6b99-9f4f-3c682fd3ca23,903865a7-22e2-ca10-ba0d-a7b4993ce52a,POLICY_APPROVED,cf51fa66dd089714e188d91aabd10b1d2fc100f0e139f91be065dccbfe842e47,product_images/p130_2_3_crema-de-noche.jpg,CATALOG_EVIDENCE_CROP,image/jpeg,jpg,lihen-product-web,products/ece48832-aba7-6b99-9f4f-3c682fd3ca23/903865a7-22e2-ca10-ba0d-a7b4993ce52a/web/cf51fa66dd089714e188d91aabd10b1d2fc100f0e139f91be065dccbfe842e47.jpg,BLOCKED_EVIDENCE_IS_NOT_CANONICAL_ORIGINAL,READY_LINKAGE
39514b38-f90b-4b15-9ac1-0f12d8b1e625,CATV1-P131-R1L,ac541719-b60b-1241-e5f8-aaab75bf21fb,dbbc5651-8a96-a35b-be5a-c857acec292b,POLICY_APPROVED,861b346cbb7dbe0780636613c017d16638960fe20a3dc388e4bff32890aaa8ad,product_images/p131_1_1_lip-balm-peptide.jpg,CATALOG_EVIDENCE_CROP,image/jpeg,jpg,lihen-product-web,products/ac541719-b60b-1241-e5f8-aaab75bf21fb/dbbc5651-8a96-a35b-be5a-c857acec292b/web/861b346cbb7dbe0780636613c017d16638960fe20a3dc388e4bff32890aaa8ad.jpg,BLOCKED_EVIDENCE_IS_NOT_CANONICAL_ORIGINAL,READY_LINKAGE
39514b38-f90b-4b15-9ac1-0f12d8b1e625,CATV1-P131-R1R,3efd0b1a-9e6f-6e66-7985-928f85e4003f,5e400bc3-58e8-5124-e1f8-6884ba1d8424,POLICY_APPROVED,a04f687c8d528095958b821154d284cb5b04a0a3b9ac562731a3bcd950a3717d,product_images/p131_2_1_desmaquillador-de-ojos.jpg,CATALOG_EVIDENCE_CROP,image/jpeg,jpg,lihen-product-web,products/3efd0b1a-9e6f-6e66-7985-928f85e4003f/5e400bc3-58e8-5124-e1f8-6884ba1d8424/web/a04f687c8d528095958b821154d284cb5b04a0a3b9ac562731a3bcd950a3717d.jpg,BLOCKED_EVIDENCE_IS_NOT_CANONICAL_ORIGINAL,READY_LINKAGE
39514b38-f90b-4b15-9ac1-0f12d8b1e625,CATV1-P131-R2L,2bfbd126-44e1-637e-9593-9a7762657447,1efbb500-178e-6b8a-37c8-466ed0bb4e02,POLICY_APPROVED,459de8a97b2378bf9cc045ff3af6c493aec62e1066665dd00b5069674d6eed3f,product_images/p131_1_2_lip-bar.jpg,CATALOG_EVIDENCE_CROP,image/jpeg,jpg,lihen-product-web,products/2bfbd126-44e1-637e-9593-9a7762657447/1efbb500-178e-6b8a-37c8-466ed0bb4e02/web/459de8a97b2378bf9cc045ff3af6c493aec62e1066665dd00b5069674d6eed3f.jpg,BLOCKED_EVIDENCE_IS_NOT_CANONICAL_ORIGINAL,READY_LINKAGE
39514b38-f90b-4b15-9ac1-0f12d8b1e625,CATV1-P131-R2R,9db5610b-a195-6228-46ab-4b2ddcf238ac,175b9f93-34a7-51d6-6906-25eeb2ef6a53,POLICY_APPROVED,0414001f6c6e0e94163d0904cedab7b2ccc2df9325f953f41c0b8ebc2b977047,product_images/p131_2_2_leche-limpiadora.jpg,CATALOG_EVIDENCE_CROP,image/jpeg,jpg,lihen-product-web,products/9db5610b-a195-6228-46ab-4b2ddcf238ac/175b9f93-34a7-51d6-6906-25eeb2ef6a53/web/0414001f6c6e0e94163d0904cedab7b2ccc2df9325f953f41c0b8ebc2b977047.jpg,BLOCKED_EVIDENCE_IS_NOT_CANONICAL_ORIGINAL,READY_LINKAGE
39514b38-f90b-4b15-9ac1-0f12d8b1e625,CATV1-P133-R1L,3cf5025a-58c0-6f3d-1e18-45d9bb93b76c,6329e663-5430-70d8-785f-d6c826562302,POLICY_APPROVED,cb68e73278beaf7684814e787122abb9486766d237a9d6b3bade9a23a07a3c08,product_images/p133_1_1_despigmentante-lb.jpg,CATALOG_EVIDENCE_CROP,image/jpeg,jpg,lihen-product-web,products/3cf5025a-58c0-6f3d-1e18-45d9bb93b76c/6329e663-5430-70d8-785f-d6c826562302/web/cb68e73278beaf7684814e787122abb9486766d237a9d6b3bade9a23a07a3c08.jpg,BLOCKED_EVIDENCE_IS_NOT_CANONICAL_ORIGINAL,READY_LINKAGE
39514b38-f90b-4b15-9ac1-0f12d8b1e625,CATV1-P133-R1R,04b076e8-a347-ce4d-54c9-e55626be7b67,f6224bfd-1108-a795-0542-ac361ae46c58,POLICY_APPROVED,6f63b2996c07fbb3b3c5a233421c2690df8b1bf4d93980daf8d97e31b379bfac,product_images/p133_2_1_antitranspirante.jpg,CATALOG_EVIDENCE_CROP,image/jpeg,jpg,lihen-product-web,products/04b076e8-a347-ce4d-54c9-e55626be7b67/f6224bfd-1108-a795-0542-ac361ae46c58/web/6f63b2996c07fbb3b3c5a233421c2690df8b1bf4d93980daf8d97e31b379bfac.jpg,BLOCKED_EVIDENCE_IS_NOT_CANONICAL_ORIGINAL,READY_LINKAGE
39514b38-f90b-4b15-9ac1-0f12d8b1e625,CATV1-P133-R2L,317bd0aa-caf7-e0f2-fc27-2521f6e532d3,498de07c-0ff8-ea70-43bc-202ea7c38b91,POLICY_APPROVED,aad5371d00074d5e191070451182d74370b56659be5997c0c053ee5e075af919,product_images/p133_1_2_gel-renovador-intimo.jpg,CATALOG_EVIDENCE_CROP,image/jpeg,jpg,lihen-product-web,products/317bd0aa-caf7-e0f2-fc27-2521f6e532d3/498de07c-0ff8-ea70-43bc-202ea7c38b91/web/aad5371d00074d5e191070451182d74370b56659be5997c0c053ee5e075af919.jpg,BLOCKED_EVIDENCE_IS_NOT_CANONICAL_ORIGINAL,READY_LINKAGE
39514b38-f90b-4b15-9ac1-0f12d8b1e625,CATV1-P133-R2R,97cbff7d-bdfb-7262-8d61-1145b50e8e0b,d54ecc6e-55de-d060-e04d-30e9f3a0bb17,POLICY_APPROVED,2cac504775226242c770a8029da36048e04a90f516297f677d153cce38efa334,product_images/p133_2_2_pantalla-solar.jpg,CATALOG_EVIDENCE_CROP,image/jpeg,jpg,lihen-product-web,products/97cbff7d-bdfb-7262-8d61-1145b50e8e0b/d54ecc6e-55de-d060-e04d-30e9f3a0bb17/web/2cac504775226242c770a8029da36048e04a90f516297f677d153cce38efa334.jpg,BLOCKED_EVIDENCE_IS_NOT_CANONICAL_ORIGINAL,READY_LINKAGE
39514b38-f90b-4b15-9ac1-0f12d8b1e625,CATV1-P135-R1L,60fe7a29-3226-b29f-8259-56b52e07f1f4,67c59cad-d06e-13d6-e763-0ea0e7b96fb9,POLICY_APPROVED,08ba51147da70f059b02c79aa43857cf074b75213979e68d7e7d7c0c68270fdf,product_images/p135_1_1_cepillo-desenredante-54.jpg,CATALOG_EVIDENCE_CROP,image/jpeg,jpg,lihen-product-web,products/60fe7a29-3226-b29f-8259-56b52e07f1f4/67c59cad-d06e-13d6-e763-0ea0e7b96fb9/web/08ba51147da70f059b02c79aa43857cf074b75213979e68d7e7d7c0c68270fdf.jpg,BLOCKED_EVIDENCE_IS_NOT_CANONICAL_ORIGINAL,READY_LINKAGE
39514b38-f90b-4b15-9ac1-0f12d8b1e625,CATV1-P135-R1R,14b08abe-7dca-4ff0-ee60-406aa4c18fe5,3cfd0f8f-937a-73d6-751f-be12baa9e34c,POLICY_APPROVED,57933e0a22663a0c74c5ab1343da74dd47ed5c76e375d29d34d92fcf666748ec,product_images/p135_2_1_minimariposa.jpg,CATALOG_EVIDENCE_CROP,image/jpeg,jpg,lihen-product-web,products/14b08abe-7dca-4ff0-ee60-406aa4c18fe5/3cfd0f8f-937a-73d6-751f-be12baa9e34c/web/57933e0a22663a0c74c5ab1343da74dd47ed5c76e375d29d34d92fcf666748ec.jpg,BLOCKED_EVIDENCE_IS_NOT_CANONICAL_ORIGINAL,READY_LINKAGE
39514b38-f90b-4b15-9ac1-0f12d8b1e625,CATV1-P135-R2L,2afab49b-f446-6dfb-508b-b16e3cd037ea,f9cda7e4-5020-d30f-b301-2ec99e45f78b,POLICY_APPROVED,567be40cbaa91980677e06556e71079b9c5b1c851b5fb19603edb3711a9616b4,product_images/p135_1_2_deadema-delgada-pregunta-colores.jpg,CATALOG_EVIDENCE_CROP,image/jpeg,jpg,lihen-product-web,products/2afab49b-f446-6dfb-508b-b16e3cd037ea/f9cda7e4-5020-d30f-b301-2ec99e45f78b/web/567be40cbaa91980677e06556e71079b9c5b1c851b5fb19603edb3711a9616b4.jpg,BLOCKED_EVIDENCE_IS_NOT_CANONICAL_ORIGINAL,READY_LINKAGE
39514b38-f90b-4b15-9ac1-0f12d8b1e625,CATV1-P135-R2R,bb3f550a-2f85-5f12-cf87-7f26797e5a0a,3162a1c3-64f5-91a6-7451-b5fe2363948e,POLICY_APPROVED,301c874ccaf034d083a914d827bb04c767b219439d5741992ff3ca2cb5f93939,product_images/p135_2_2_gancho-doble-mariposa.jpg,CATALOG_EVIDENCE_CROP,image/jpeg,jpg,lihen-product-web,products/bb3f550a-2f85-5f12-cf87-7f26797e5a0a/3162a1c3-64f5-91a6-7451-b5fe2363948e/web/301c874ccaf034d083a914d827bb04c767b219439d5741992ff3ca2cb5f93939.jpg,BLOCKED_EVIDENCE_IS_NOT_CANONICAL_ORIGINAL,READY_LINKAGE
39514b38-f90b-4b15-9ac1-0f12d8b1e625,CATV1-P135-R3L,1509213a-1895-b399-87c6-f55f6cdd6a18,ab9c55c1-1322-a928-b774-48b5eecfac63,POLICY_APPROVED,a68945dd3f38abf54bbce929074861c2c6c9cd2b273f293ddb9fae283e495fef,product_images/p135_1_3_scrunchi-mediana.jpg,CATALOG_EVIDENCE_CROP,image/jpeg,jpg,lihen-product-web,products/1509213a-1895-b399-87c6-f55f6cdd6a18/ab9c55c1-1322-a928-b774-48b5eecfac63/web/a68945dd3f38abf54bbce929074861c2c6c9cd2b273f293ddb9fae283e495fef.jpg,BLOCKED_EVIDENCE_IS_NOT_CANONICAL_ORIGINAL,READY_LINKAGE
39514b38-f90b-4b15-9ac1-0f12d8b1e625,CATV1-P135-R3R,10e1f784-57fc-45b2-6bc4-7f931a6ff5f8,5f217002-5e2f-04e5-7d12-99c7ba6d592c,POLICY_APPROVED,7b66fe469f0e3803caeafac02efd94792349e2822956ec534412dd38044e8b40,product_images/p135_2_3_diadema-mediana.jpg,CATALOG_EVIDENCE_CROP,image/jpeg,jpg,lihen-product-web,products/10e1f784-57fc-45b2-6bc4-7f931a6ff5f8/5f217002-5e2f-04e5-7d12-99c7ba6d592c/web/7b66fe469f0e3803caeafac02efd94792349e2822956ec534412dd38044e8b40.jpg,BLOCKED_EVIDENCE_IS_NOT_CANONICAL_ORIGINAL,READY_LINKAGE
39514b38-f90b-4b15-9ac1-0f12d8b1e625,CATV1-P136-R1L,2936618d-ff4e-5cd2-9fb3-8ddb58cd9661,10f09370-0ec5-f1bd-34fc-fdc9dfd73050,POLICY_APPROVED,ae434c70626380fe24f4c956b4f05199483c510bbbe9b96788ff6c1213241a7f,product_images/p136_1_1_gorro-satin-doble-varios-colores.jpg,CATALOG_EVIDENCE_CROP,image/jpeg,jpg,lihen-product-web,products/2936618d-ff4e-5cd2-9fb3-8ddb58cd9661/10f09370-0ec5-f1bd-34fc-fdc9dfd73050/web/ae434c70626380fe24f4c956b4f05199483c510bbbe9b96788ff6c1213241a7f.jpg,BLOCKED_EVIDENCE_IS_NOT_CANONICAL_ORIGINAL,READY_LINKAGE
39514b38-f90b-4b15-9ac1-0f12d8b1e625,CATV1-P136-R1R,84366edf-c417-c8d7-7c4e-5d8b09f6e000,28ab3da3-131d-20f3-d8bc-b1066b1080fa,POLICY_APPROVED,a7f763b38bcce477d114059a0ae8ba418c794ac6451499845ebf4f93c5604861,product_images/p136_2_1_mona-mediana.jpg,CATALOG_EVIDENCE_CROP,image/jpeg,jpg,lihen-product-web,products/84366edf-c417-c8d7-7c4e-5d8b09f6e000/28ab3da3-131d-20f3-d8bc-b1066b1080fa/web/a7f763b38bcce477d114059a0ae8ba418c794ac6451499845ebf4f93c5604861.jpg,BLOCKED_EVIDENCE_IS_NOT_CANONICAL_ORIGINAL,READY_LINKAGE
39514b38-f90b-4b15-9ac1-0f12d8b1e625,CATV1-P136-R2L,d00f4d82-ab21-0e1b-3f13-243a1127b80b,52a654e7-9fb9-f162-f55b-04fd045847d8,HUMAN_APPROVED,26a502e9f54560a1232f61ceb00ddfab54e43a2d60adb75ae95a6461a7955523,product_images/p136_1_2_cepillo-masajeador.jpg,CATALOG_EVIDENCE_CROP,image/jpeg,jpg,lihen-product-web,products/d00f4d82-ab21-0e1b-3f13-243a1127b80b/52a654e7-9fb9-f162-f55b-04fd045847d8/web/26a502e9f54560a1232f61ceb00ddfab54e43a2d60adb75ae95a6461a7955523.jpg,BLOCKED_EVIDENCE_IS_NOT_CANONICAL_ORIGINAL,READY_LINKAGE
39514b38-f90b-4b15-9ac1-0f12d8b1e625,CATV1-P136-R2R,f42a9131-2df7-f9fe-fd84-d6ad004d0a21,74a1459e-a129-0525-2c31-b19ac703d08e,POLICY_APPROVED,0fc29a9d3e6d951d5e409e7020dbcf84376b765242224bff9557642e2cca30d4,product_images/p136_2_2_scrunchi-pequena.jpg,CATALOG_EVIDENCE_CROP,image/jpeg,jpg,lihen-product-web,products/f42a9131-2df7-f9fe-fd84-d6ad004d0a21/74a1459e-a129-0525-2c31-b19ac703d08e/web/0fc29a9d3e6d951d5e409e7020dbcf84376b765242224bff9557642e2cca30d4.jpg,BLOCKED_EVIDENCE_IS_NOT_CANONICAL_ORIGINAL,READY_LINKAGE
39514b38-f90b-4b15-9ac1-0f12d8b1e625,CATV1-P136-R3L,07ac616e-5f04-454a-e6a9-a26e9205d06f,39db25b2-b060-84a9-ad86-952af95400b7,POLICY_APPROVED,dcbe787d81dbee93af08f1fa61815fcac789d7fed54f11c93dcc15d2b7e0b172,product_images/p136_1_3_monas-pequena.jpg,CATALOG_EVIDENCE_CROP,image/jpeg,jpg,lihen-product-web,products/07ac616e-5f04-454a-e6a9-a26e9205d06f/39db25b2-b060-84a9-ad86-952af95400b7/web/dcbe787d81dbee93af08f1fa61815fcac789d7fed54f11c93dcc15d2b7e0b172.jpg,BLOCKED_EVIDENCE_IS_NOT_CANONICAL_ORIGINAL,READY_LINKAGE
39514b38-f90b-4b15-9ac1-0f12d8b1e625,CATV1-P136-R3R,8d94fdb5-ccf4-85f1-efc3-7b83f304ce19,d5270992-96c8-5d98-ac20-f29eb4b70993,POLICY_APPROVED,e4739ca89bb0fb14e630387bee25a9a866d878c10e91bc83699aee792930b78f,product_images/p136_2_3_deademas-nube-con-munequera.jpg,CATALOG_EVIDENCE_CROP,image/jpeg,jpg,lihen-product-web,products/8d94fdb5-ccf4-85f1-efc3-7b83f304ce19/d5270992-96c8-5d98-ac20-f29eb4b70993/web/e4739ca89bb0fb14e630387bee25a9a866d878c10e91bc83699aee792930b78f.jpg,BLOCKED_EVIDENCE_IS_NOT_CANONICAL_ORIGINAL,READY_LINKAGE
39514b38-f90b-4b15-9ac1-0f12d8b1e625,CATV1-P137-R1L,cde0fa65-4c72-fdf1-fe1d-5113fa89ba72,61c04308-1e7d-d23c-b8f6-ef90a942d165,POLICY_APPROVED,bc744733fba2397bf7ec85840eefb4a7c5105e3271646609bac87ba860b4d4e1,product_images/p137_1_1_cepillo-pulidor.jpg,CATALOG_EVIDENCE_CROP,image/jpeg,jpg,lihen-product-web,products/cde0fa65-4c72-fdf1-fe1d-5113fa89ba72/61c04308-1e7d-d23c-b8f6-ef90a942d165/web/bc744733fba2397bf7ec85840eefb4a7c5105e3271646609bac87ba860b4d4e1.jpg,BLOCKED_EVIDENCE_IS_NOT_CANONICAL_ORIGINAL,READY_LINKAGE
39514b38-f90b-4b15-9ac1-0f12d8b1e625,CATV1-P137-R1R,8d13765f-9113-0cd0-c222-7eb8f15bfa78,c2ac58c4-d7eb-b7c6-2804-ccd1e26d3422,POLICY_APPROVED,3051f4d2263718f95cc98e79af11b85c1e995b218c63f14196ec51d1f0d8fd5b,product_images/p137_2_1_cepillo-desenredante.jpg,CATALOG_EVIDENCE_CROP,image/jpeg,jpg,lihen-product-web,products/8d13765f-9113-0cd0-c222-7eb8f15bfa78/c2ac58c4-d7eb-b7c6-2804-ccd1e26d3422/web/3051f4d2263718f95cc98e79af11b85c1e995b218c63f14196ec51d1f0d8fd5b.jpg,BLOCKED_EVIDENCE_IS_NOT_CANONICAL_ORIGINAL,READY_LINKAGE
39514b38-f90b-4b15-9ac1-0f12d8b1e625,CATV1-P137-R2L,1a226819-8aac-f7b7-e8c0-4b08bd29fae3,cc903a12-f27b-095a-9182-7c97f30e23d5,POLICY_APPROVED,65b24706216f057840c99119143e6e1279d562a5653dc7b98f76299bb8eb7e49,product_images/p137_1_2_gorro-satin-sencillo-varios-colores.jpg,CATALOG_EVIDENCE_CROP,image/jpeg,jpg,lihen-product-web,products/1a226819-8aac-f7b7-e8c0-4b08bd29fae3/cc903a12-f27b-095a-9182-7c97f30e23d5/web/65b24706216f057840c99119143e6e1279d562a5653dc7b98f76299bb8eb7e49.jpg,BLOCKED_EVIDENCE_IS_NOT_CANONICAL_ORIGINAL,READY_LINKAGE
39514b38-f90b-4b15-9ac1-0f12d8b1e625,CATV1-P137-R3L,567d7711-697c-f46a-1fd5-7e38ac658307,a88976a2-ade8-3052-6c61-093a5a995ad8,POLICY_APPROVED,fef48d22a00ee1b069c13e425d84b8e63026f8e4a3692f70c3a29a5337ddd0da,product_images/p137_1_3_scrunchi-grande.jpg,CATALOG_EVIDENCE_CROP,image/jpeg,jpg,lihen-product-web,products/567d7711-697c-f46a-1fd5-7e38ac658307/a88976a2-ade8-3052-6c61-093a5a995ad8/web/fef48d22a00ee1b069c13e425d84b8e63026f8e4a3692f70c3a29a5337ddd0da.jpg,BLOCKED_EVIDENCE_IS_NOT_CANONICAL_ORIGINAL,READY_LINKAGE
39514b38-f90b-4b15-9ac1-0f12d8b1e625,CATV1-P137-R3R,38f9e499-99da-cb1b-fc35-e2b40772f78c,c0cd8e95-b0e6-20f4-74d5-0a71412c1ef2,POLICY_APPROVED,7647db0d516f759a884ee225754c0914a236d6f78cc2623f53ef1c05f5358dd8,product_images/p137_2_3_cepillo-bambu.jpg,CATALOG_EVIDENCE_CROP,image/jpeg,jpg,lihen-product-web,products/38f9e499-99da-cb1b-fc35-e2b40772f78c/c0cd8e95-b0e6-20f4-74d5-0a71412c1ef2/web/7647db0d516f759a884ee225754c0914a236d6f78cc2623f53ef1c05f5358dd8.jpg,BLOCKED_EVIDENCE_IS_NOT_CANONICAL_ORIGINAL,READY_LINKAGE
39514b38-f90b-4b15-9ac1-0f12d8b1e625,CATV1-P138-R1L,d992dfba-b7c1-64d4-ca16-d6e17808196e,7bc955a1-898e-595e-6644-8b778c381024,HUMAN_APPROVED,c39303465fb9c1b168ccc77301f9d21f6cdd8c9563584eb3c0b0a776c465f490,product_images/p138_1_1_masajeador-capilar.jpg,CATALOG_EVIDENCE_CROP,image/jpeg,jpg,lihen-product-web,products/d992dfba-b7c1-64d4-ca16-d6e17808196e/7bc955a1-898e-595e-6644-8b778c381024/web/c39303465fb9c1b168ccc77301f9d21f6cdd8c9563584eb3c0b0a776c465f490.jpg,BLOCKED_EVIDENCE_IS_NOT_CANONICAL_ORIGINAL,READY_LINKAGE
39514b38-f90b-4b15-9ac1-0f12d8b1e625,CATV1-P138-R1R,9adc2cea-6604-b598-eb65-cd067c14dfc2,3942ba86-d1f2-c513-b569-186508c0779c,POLICY_APPROVED,9ff8f0772ba9b029e3ba8e23de9466e16819338f3a553db72696f10eaa6fac89,product_images/p138_2_1_gancho-mariposa-nacar.jpg,CATALOG_EVIDENCE_CROP,image/jpeg,jpg,lihen-product-web,products/9adc2cea-6604-b598-eb65-cd067c14dfc2/3942ba86-d1f2-c513-b569-186508c0779c/web/9ff8f0772ba9b029e3ba8e23de9466e16819338f3a553db72696f10eaa6fac89.jpg,BLOCKED_EVIDENCE_IS_NOT_CANONICAL_ORIGINAL,READY_LINKAGE
39514b38-f90b-4b15-9ac1-0f12d8b1e625,CATV1-P138-R2L,a1e4f0b4-9868-9ea2-e075-646a22dea96e,9da1979c-4233-7a1c-55c3-9c684917d2a8,POLICY_APPROVED,a7ddbf3c425851396c02a655f71f4e23b4f0a8c1f18778b0fc205f9a0b337d9f,product_images/p138_1_2_pony-cuff-media-luna.jpg,CATALOG_EVIDENCE_CROP,image/jpeg,jpg,lihen-product-web,products/a1e4f0b4-9868-9ea2-e075-646a22dea96e/9da1979c-4233-7a1c-55c3-9c684917d2a8/web/a7ddbf3c425851396c02a655f71f4e23b4f0a8c1f18778b0fc205f9a0b337d9f.jpg,BLOCKED_EVIDENCE_IS_NOT_CANONICAL_ORIGINAL,READY_LINKAGE
39514b38-f90b-4b15-9ac1-0f12d8b1e625,CATV1-P138-R2R,e09fd753-55c4-ef1b-663b-895adf3f8187,88ca3a94-7b9a-d7cd-0da7-4a162b91f77e,POLICY_APPROVED,272cc02b7f3b7945afad223fcb09a21eb08caa4b0016ac8b8ed435e0272c5595,product_images/p138_2_2_ponycuff.jpg,CATALOG_EVIDENCE_CROP,image/jpeg,jpg,lihen-product-web,products/e09fd753-55c4-ef1b-663b-895adf3f8187/88ca3a94-7b9a-d7cd-0da7-4a162b91f77e/web/272cc02b7f3b7945afad223fcb09a21eb08caa4b0016ac8b8ed435e0272c5595.jpg,BLOCKED_EVIDENCE_IS_NOT_CANONICAL_ORIGINAL,READY_LINKAGE
39514b38-f90b-4b15-9ac1-0f12d8b1e625,CATV1-P138-R3L,ec0a7471-5c16-b1f8-47ae-ac568f4f0af0,d7fb7699-c83d-0324-274f-52f7efc5fc21,POLICY_APPROVED,f8d4ad1cc1f6d6a9d0df210c9b6c931ebb156ca718c34138530a7590c843eb68,product_images/p138_1_3_mariposa-nacar-doble.jpg,CATALOG_EVIDENCE_CROP,image/jpeg,jpg,lihen-product-web,products/ec0a7471-5c16-b1f8-47ae-ac568f4f0af0/d7fb7699-c83d-0324-274f-52f7efc5fc21/web/f8d4ad1cc1f6d6a9d0df210c9b6c931ebb156ca718c34138530a7590c843eb68.jpg,BLOCKED_EVIDENCE_IS_NOT_CANONICAL_ORIGINAL,READY_LINKAGE
39514b38-f90b-4b15-9ac1-0f12d8b1e625,CATV1-P138-R3R,45d756a2-b3c4-321b-e819-860c8aa1b51e,3ac8956a-9d9c-41fe-daa2-12d4655f723e,HUMAN_APPROVED,78d67f4d5a0bd5be4abc53b1bae36288aeea8125e1dc790c8ea5db978ca993b4,product_images/p138_2_3_cepillo-masajeador.jpg,CATALOG_EVIDENCE_CROP,image/jpeg,jpg,lihen-product-web,products/45d756a2-b3c4-321b-e819-860c8aa1b51e/3ac8956a-9d9c-41fe-daa2-12d4655f723e/web/78d67f4d5a0bd5be4abc53b1bae36288aeea8125e1dc790c8ea5db978ca993b4.jpg,BLOCKED_EVIDENCE_IS_NOT_CANONICAL_ORIGINAL,READY_LINKAGE
39514b38-f90b-4b15-9ac1-0f12d8b1e625,CATV1-P139-R1L,b8cf6d2c-84b7-e74b-5792-f8aa6f2f4b83,b5540f3d-2935-51e6-87ea-528ef73f225c,POLICY_APPROVED,4bb40a587e8fd0f5f5cf9fdb465d01778eceecb406bf0d7dec2f52ae8b776799,product_images/p139_1_1_kitganchos.jpg,CATALOG_EVIDENCE_CROP,image/jpeg,jpg,lihen-product-web,products/b8cf6d2c-84b7-e74b-5792-f8aa6f2f4b83/b5540f3d-2935-51e6-87ea-528ef73f225c/web/4bb40a587e8fd0f5f5cf9fdb465d01778eceecb406bf0d7dec2f52ae8b776799.jpg,BLOCKED_EVIDENCE_IS_NOT_CANONICAL_ORIGINAL,READY_LINKAGE
39514b38-f90b-4b15-9ac1-0f12d8b1e625,CATV1-P139-R1R,d6b6240d-096b-294d-9151-5974c9b35fd8,017b2b90-b719-d9d6-bd9d-b93894a49158,HUMAN_APPROVED,b1e35e86cf0d9f2d76c40ba799b9c7170b3ee025af3b08e7019c5fae4de53c17,product_images/p139_2_1_deademas-nube.jpg,CATALOG_EVIDENCE_CROP,image/jpeg,jpg,lihen-product-web,products/d6b6240d-096b-294d-9151-5974c9b35fd8/017b2b90-b719-d9d6-bd9d-b93894a49158/web/b1e35e86cf0d9f2d76c40ba799b9c7170b3ee025af3b08e7019c5fae4de53c17.jpg,BLOCKED_EVIDENCE_IS_NOT_CANONICAL_ORIGINAL,READY_LINKAGE
39514b38-f90b-4b15-9ac1-0f12d8b1e625,CATV1-P139-R2L,5ec0fdae-b9ae-0cc7-ab5c-83735b2b0902,61d02e0f-69d5-daeb-82be-7ef88f739cce,POLICY_APPROVED,5820ab1a73b2b153d1fb7be0b818f2a76db2bb6a9101ac436e864695bca906a2,product_images/p139_1_2_fundas-de-satin.jpg,CATALOG_EVIDENCE_CROP,image/jpeg,jpg,lihen-product-web,products/5ec0fdae-b9ae-0cc7-ab5c-83735b2b0902/61d02e0f-69d5-daeb-82be-7ef88f739cce/web/5820ab1a73b2b153d1fb7be0b818f2a76db2bb6a9101ac436e864695bca906a2.jpg,BLOCKED_EVIDENCE_IS_NOT_CANONICAL_ORIGINAL,READY_LINKAGE
39514b38-f90b-4b15-9ac1-0f12d8b1e625,CATV1-P139-R2R,c455179a-00e5-f31e-e124-8280aa4a3b6b,64ad56e7-4a68-ed2e-4573-1e96c9745f23,POLICY_APPROVED,7b49dec94a746cf3eff1b29a171034dd23a71af9b54b007e10e471593c1fb163,product_images/p139_2_2_pinza-mariposa.jpg,CATALOG_EVIDENCE_CROP,image/jpeg,jpg,lihen-product-web,products/c455179a-00e5-f31e-e124-8280aa4a3b6b/64ad56e7-4a68-ed2e-4573-1e96c9745f23/web/7b49dec94a746cf3eff1b29a171034dd23a71af9b54b007e10e471593c1fb163.jpg,BLOCKED_EVIDENCE_IS_NOT_CANONICAL_ORIGINAL,READY_LINKAGE
39514b38-f90b-4b15-9ac1-0f12d8b1e625,CATV1-P139-R3L,ddb9b0d4-e397-8207-e057-75a900b70174,895a6bc7-2b47-98f5-5339-8e85ccc9b3b2,POLICY_APPROVED,8f815e1a0ce04d07946046ea3b378c62ee0c9e70e814955d4872b126293be4da,product_images/p139_1_3_mona-tulipan.jpg,CATALOG_EVIDENCE_CROP,image/jpeg,jpg,lihen-product-web,products/ddb9b0d4-e397-8207-e057-75a900b70174/895a6bc7-2b47-98f5-5339-8e85ccc9b3b2/web/8f815e1a0ce04d07946046ea3b378c62ee0c9e70e814955d4872b126293be4da.jpg,BLOCKED_EVIDENCE_IS_NOT_CANONICAL_ORIGINAL,READY_LINKAGE
39514b38-f90b-4b15-9ac1-0f12d8b1e625,CATV1-P139-R3R,58a56e3a-c4cc-7af6-fa5b-78b59cc068e4,6628d970-cbd7-14d4-60c9-879d3c98e9d4,POLICY_APPROVED,92fffbc07131e24687b2b927b2d97ad641d590976a8c1e0cb438705d55a3db78,product_images/p139_2_3_funda-estampada-diferentes.jpg,CATALOG_EVIDENCE_CROP,image/jpeg,jpg,lihen-product-web,products/58a56e3a-c4cc-7af6-fa5b-78b59cc068e4/6628d970-cbd7-14d4-60c9-879d3c98e9d4/web/92fffbc07131e24687b2b927b2d97ad641d590976a8c1e0cb438705d55a3db78.jpg,BLOCKED_EVIDENCE_IS_NOT_CANONICAL_ORIGINAL,READY_LINKAGE
39514b38-f90b-4b15-9ac1-0f12d8b1e625,CATV1-P140-R1L,aa81ea4a-e427-734e-1f96-512663141408,4eaba544-8b2d-3e43-6941-d39d388ed2f4,HUMAN_APPROVED,029420cc6334f37789f221cc930e4a40ed09806769ce12b15ab1a91d772332a8,product_images/p140_1_1_pinza-coreana-x.jpg,CATALOG_EVIDENCE_CROP,image/jpeg,jpg,lihen-product-web,products/aa81ea4a-e427-734e-1f96-512663141408/4eaba544-8b2d-3e43-6941-d39d388ed2f4/web/029420cc6334f37789f221cc930e4a40ed09806769ce12b15ab1a91d772332a8.jpg,BLOCKED_EVIDENCE_IS_NOT_CANONICAL_ORIGINAL,READY_LINKAGE
39514b38-f90b-4b15-9ac1-0f12d8b1e625,CATV1-P140-R2L,501fa0a7-c459-e538-a93a-f90912fa97c0,a2c37269-7098-afa9-2ded-e47b1c184eda,POLICY_APPROVED,4f0b0eed1dd0e17f38aed46b383cc183944ed5d6a1d499f318b519913a57d077,product_images/p140_1_2_gancho-cebra.jpg,CATALOG_EVIDENCE_CROP,image/jpeg,jpg,lihen-product-web,products/501fa0a7-c459-e538-a93a-f90912fa97c0/a2c37269-7098-afa9-2ded-e47b1c184eda/web/4f0b0eed1dd0e17f38aed46b383cc183944ed5d6a1d499f318b519913a57d077.jpg,BLOCKED_EVIDENCE_IS_NOT_CANONICAL_ORIGINAL,READY_LINKAGE
39514b38-f90b-4b15-9ac1-0f12d8b1e625,CATV1-P140-R2R,c7bf4f03-e0e6-6437-6939-45c4aaf1ff2f,ac512196-4286-05b8-a9a7-3eeed8c37d8e,POLICY_APPROVED,e8a61380c8d1b18b70477494a6652a978d6dbb639577246be3656d5d06edda04,product_images/p140_2_2_monos-x2.jpg,CATALOG_EVIDENCE_CROP,image/jpeg,jpg,lihen-product-web,products/c7bf4f03-e0e6-6437-6939-45c4aaf1ff2f/ac512196-4286-05b8-a9a7-3eeed8c37d8e/web/e8a61380c8d1b18b70477494a6652a978d6dbb639577246be3656d5d06edda04.jpg,BLOCKED_EVIDENCE_IS_NOT_CANONICAL_ORIGINAL,READY_LINKAGE
39514b38-f90b-4b15-9ac1-0f12d8b1e625,CATV1-P141-R1R,0c39e15a-c45a-f62e-b8a4-16ee520ea898,1008c0a6-8d96-fe0b-0306-d11762b4636f,HUMAN_APPROVED,efb6e53e598efdd888db8699347f633e374083cc3b665afefce3a0d76d82c3ec,product_images/p141_2_1_pinza-corenana-x.jpg,CATALOG_EVIDENCE_CROP,image/jpeg,jpg,lihen-product-web,products/0c39e15a-c45a-f62e-b8a4-16ee520ea898/1008c0a6-8d96-fe0b-0306-d11762b4636f/web/efb6e53e598efdd888db8699347f633e374083cc3b665afefce3a0d76d82c3ec.jpg,BLOCKED_EVIDENCE_IS_NOT_CANONICAL_ORIGINAL,READY_LINKAGE
39514b38-f90b-4b15-9ac1-0f12d8b1e625,CATV1-P141-R2L,d5d84e8c-574f-eae0-e07a-334d74e42016,866a45c3-a0f4-8aaf-1342-e47c980c5513,POLICY_APPROVED,273ec9cd967c17e0c6df70f7cfb83ddfbe7434f88d4d069cd37c3268f8186c63,product_images/p141_1_2_cepillo-rizos.jpg,CATALOG_EVIDENCE_CROP,image/jpeg,jpg,lihen-product-web,products/d5d84e8c-574f-eae0-e07a-334d74e42016/866a45c3-a0f4-8aaf-1342-e47c980c5513/web/273ec9cd967c17e0c6df70f7cfb83ddfbe7434f88d4d069cd37c3268f8186c63.jpg,BLOCKED_EVIDENCE_IS_NOT_CANONICAL_ORIGINAL,READY_LINKAGE
39514b38-f90b-4b15-9ac1-0f12d8b1e625,CATV1-P141-R3L,c112b9a3-8321-8430-e0b0-d2c7122b3025,48408787-e257-fe08-f236-50a310a4ec2b,POLICY_APPROVED,b646587e3a066ac7b5fb839c47574b12c27d24e7c7ec3d6a725b7651e9c46aa9,product_images/p141_1_3_gangcho-flor-hawa-vaquita.jpg,CATALOG_EVIDENCE_CROP,image/jpeg,jpg,lihen-product-web,products/c112b9a3-8321-8430-e0b0-d2c7122b3025/48408787-e257-fe08-f236-50a310a4ec2b/web/b646587e3a066ac7b5fb839c47574b12c27d24e7c7ec3d6a725b7651e9c46aa9.jpg,BLOCKED_EVIDENCE_IS_NOT_CANONICAL_ORIGINAL,READY_LINKAGE
39514b38-f90b-4b15-9ac1-0f12d8b1e625,CATV1-P142-R1L,cf87885c-5382-2e14-d64e-1f8b528eee87,318452ba-3d9c-5c24-d1fa-4ef43e10c75e,POLICY_APPROVED,d410dcf3e7781548452c67be03037d1fa6b9ecbef8887de321ab0c55069fc4d0,product_images/p142_1_1_gancho-flor-grande.jpg,CATALOG_EVIDENCE_CROP,image/jpeg,jpg,lihen-product-web,products/cf87885c-5382-2e14-d64e-1f8b528eee87/318452ba-3d9c-5c24-d1fa-4ef43e10c75e/web/d410dcf3e7781548452c67be03037d1fa6b9ecbef8887de321ab0c55069fc4d0.jpg,BLOCKED_EVIDENCE_IS_NOT_CANONICAL_ORIGINAL,READY_LINKAGE
39514b38-f90b-4b15-9ac1-0f12d8b1e625,CATV1-P142-R2L,8618d71b-bb7d-d391-2e01-60d5756150bd,36d785f2-8818-a2b8-9f16-4b630d6852d9,POLICY_APPROVED,782027bf574eb0af30b9d2b55c94fab7fa5f93f673bd0655794b3312f0d1a7e5,product_images/p142_1_2_kit-peinetas.jpg,CATALOG_EVIDENCE_CROP,image/jpeg,jpg,lihen-product-web,products/8618d71b-bb7d-d391-2e01-60d5756150bd/36d785f2-8818-a2b8-9f16-4b630d6852d9/web/782027bf574eb0af30b9d2b55c94fab7fa5f93f673bd0655794b3312f0d1a7e5.jpg,BLOCKED_EVIDENCE_IS_NOT_CANONICAL_ORIGINAL,READY_LINKAGE
39514b38-f90b-4b15-9ac1-0f12d8b1e625,CATV1-P142-R2R,5918483b-db44-2c70-3675-d32db0e36a5a,b5bfbae4-cc56-b040-2716-aedb23feed62,POLICY_APPROVED,59fda67cd8eef0d42cc3dbf0be9d68ca76447a85daedb5f77ce44e23a86a78a3,product_images/p142_2_2_cepillo-con-espejo.jpg,CATALOG_EVIDENCE_CROP,image/jpeg,jpg,lihen-product-web,products/5918483b-db44-2c70-3675-d32db0e36a5a/b5bfbae4-cc56-b040-2716-aedb23feed62/web/59fda67cd8eef0d42cc3dbf0be9d68ca76447a85daedb5f77ce44e23a86a78a3.jpg,BLOCKED_EVIDENCE_IS_NOT_CANONICAL_ORIGINAL,READY_LINKAGE
39514b38-f90b-4b15-9ac1-0f12d8b1e625,CATV1-P142-R3L,f1ea32fe-8a3b-c5bb-6719-c0d74c48aee1,13b1954a-f620-78a5-da43-6726b33633e7,POLICY_APPROVED,fa64067834cd9fc7c5cc59648490d4ae949ed39c122c1dc43105e94ac129e95d,product_images/p142_1_3_deademas-orejitas-con-munequera.jpg,CATALOG_EVIDENCE_CROP,image/jpeg,jpg,lihen-product-web,products/f1ea32fe-8a3b-c5bb-6719-c0d74c48aee1/13b1954a-f620-78a5-da43-6726b33633e7/web/fa64067834cd9fc7c5cc59648490d4ae949ed39c122c1dc43105e94ac129e95d.jpg,BLOCKED_EVIDENCE_IS_NOT_CANONICAL_ORIGINAL,READY_LINKAGE
39514b38-f90b-4b15-9ac1-0f12d8b1e625,CATV1-P142-R3R,e0e4ab7a-fa6e-fa0a-502f-5186d7a900b0,14725f41-0ecb-a763-3440-1bd3595a5dcd,POLICY_APPROVED,611668078050ecbe0b3ea3806dfe31fab2567609cbe8a233d4dadebed3fc4698,product_images/p142_2_3_masajeador-con-borlas.jpg,CATALOG_EVIDENCE_CROP,image/jpeg,jpg,lihen-product-web,products/e0e4ab7a-fa6e-fa0a-502f-5186d7a900b0/14725f41-0ecb-a763-3440-1bd3595a5dcd/web/611668078050ecbe0b3ea3806dfe31fab2567609cbe8a233d4dadebed3fc4698.jpg,BLOCKED_EVIDENCE_IS_NOT_CANONICAL_ORIGINAL,READY_LINKAGE
39514b38-f90b-4b15-9ac1-0f12d8b1e625,CATV1-P144-R1L,f3686cc1-401b-828d-62ab-4a8daf99a76c,6ef29abd-740d-70b0-d48e-0f1a35ac708e,HUMAN_APPROVED,24da711148989ae3490d7d8ffe19b8c2c97326ec40c2be0bd87912c2df5d948f,product_images/p144_1_1_rubor-og-yess-queen.jpg,CATALOG_EVIDENCE_CROP,image/jpeg,jpg,lihen-product-web,products/f3686cc1-401b-828d-62ab-4a8daf99a76c/6ef29abd-740d-70b0-d48e-0f1a35ac708e/web/24da711148989ae3490d7d8ffe19b8c2c97326ec40c2be0bd87912c2df5d948f.jpg,BLOCKED_EVIDENCE_IS_NOT_CANONICAL_ORIGINAL,READY_LINKAGE
39514b38-f90b-4b15-9ac1-0f12d8b1e625,CATV1-P144-R1R,472bc2b4-f9de-0a9e-b4a8-3d1c938fd41e,00883963-a85c-96d3-62fb-3080fe4aa750,HUMAN_APPROVED,87167d3d8985887c403e11cb5dbbdaf5204369ae2588d2e0d3f9e345c3388423,product_images/p144_2_1_rubor-og-yess-queen.jpg,CATALOG_EVIDENCE_CROP,image/jpeg,jpg,lihen-product-web,products/472bc2b4-f9de-0a9e-b4a8-3d1c938fd41e/00883963-a85c-96d3-62fb-3080fe4aa750/web/87167d3d8985887c403e11cb5dbbdaf5204369ae2588d2e0d3f9e345c3388423.jpg,BLOCKED_EVIDENCE_IS_NOT_CANONICAL_ORIGINAL,READY_LINKAGE
39514b38-f90b-4b15-9ac1-0f12d8b1e625,CATV1-P144-R2L,2c409f84-220e-8d1c-7adb-ba36faa9b35d,d0c4a582-f84f-0f63-1446-afce84461503,POLICY_APPROVED,d255911b90810dc46f1d2d90b6ff0de1136177e61df77dd63c1fe2c89663f60c,product_images/p144_1_2_iluminador-uff-og.jpg,CATALOG_EVIDENCE_CROP,image/jpeg,jpg,lihen-product-web,products/2c409f84-220e-8d1c-7adb-ba36faa9b35d/d0c4a582-f84f-0f63-1446-afce84461503/web/d255911b90810dc46f1d2d90b6ff0de1136177e61df77dd63c1fe2c89663f60c.jpg,BLOCKED_EVIDENCE_IS_NOT_CANONICAL_ORIGINAL,READY_LINKAGE
39514b38-f90b-4b15-9ac1-0f12d8b1e625,CATV1-P144-R2R,1595933a-f4db-28a4-c290-f1fa96a3f9f6,bde1d2e9-207a-3286-4009-bd0a4544669f,POLICY_APPROVED,d7d9162571ff8cee1ab68c0a0163daa0989eada83b8a2a33c9dc75c2ce2ac75e,product_images/p144_2_2_iluminador-daily-og.jpg,CATALOG_EVIDENCE_CROP,image/jpeg,jpg,lihen-product-web,products/1595933a-f4db-28a4-c290-f1fa96a3f9f6/bde1d2e9-207a-3286-4009-bd0a4544669f/web/d7d9162571ff8cee1ab68c0a0163daa0989eada83b8a2a33c9dc75c2ce2ac75e.jpg,BLOCKED_EVIDENCE_IS_NOT_CANONICAL_ORIGINAL,READY_LINKAGE
39514b38-f90b-4b15-9ac1-0f12d8b1e625,CATV1-P144-R3L,e2779449-0176-d283-6065-57a57a96b3e6,05f629be-c689-f3a3-f157-baf4cd490e2b,POLICY_APPROVED,9d484359c69dbb17bc1cc71e5789a4c5fe2919e62259a87722cdc041c6c41a58,product_images/p144_1_3_corrector-og.jpg,CATALOG_EVIDENCE_CROP,image/jpeg,jpg,lihen-product-web,products/e2779449-0176-d283-6065-57a57a96b3e6/05f629be-c689-f3a3-f157-baf4cd490e2b/web/9d484359c69dbb17bc1cc71e5789a4c5fe2919e62259a87722cdc041c6c41a58.jpg,BLOCKED_EVIDENCE_IS_NOT_CANONICAL_ORIGINAL,READY_LINKAGE
39514b38-f90b-4b15-9ac1-0f12d8b1e625,CATV1-P144-R3R,82a4166e-2e97-5bd6-594d-f72d77031c3f,041de436-d289-2fd7-cade-c007a4b6bac8,POLICY_APPROVED,7f0ee6a8be22ee8556ba1ccf7b629a22a9d5b9210e1f149c5c6c12ad96e7f0f7,product_images/p144_2_3_base-aqua-og.jpg,CATALOG_EVIDENCE_CROP,image/jpeg,jpg,lihen-product-web,products/82a4166e-2e97-5bd6-594d-f72d77031c3f/041de436-d289-2fd7-cade-c007a4b6bac8/web/7f0ee6a8be22ee8556ba1ccf7b629a22a9d5b9210e1f149c5c6c12ad96e7f0f7.jpg,BLOCKED_EVIDENCE_IS_NOT_CANONICAL_ORIGINAL,READY_LINKAGE
39514b38-f90b-4b15-9ac1-0f12d8b1e625,CATV1-P145-R1L,239d9bfb-9ee8-c2c8-d421-7c12ff134b5c,6efbd8be-1697-a10d-5a94-84048053713c,POLICY_APPROVED,055caa967fd0487b8e22c6a80e4a6aa2ebf8e73b0402195581e3fc2a78c45950,product_images/p145_1_1_brocha-profesional-bd02.jpg,CATALOG_EVIDENCE_CROP,image/jpeg,jpg,lihen-product-web,products/239d9bfb-9ee8-c2c8-d421-7c12ff134b5c/6efbd8be-1697-a10d-5a94-84048053713c/web/055caa967fd0487b8e22c6a80e4a6aa2ebf8e73b0402195581e3fc2a78c45950.jpg,BLOCKED_EVIDENCE_IS_NOT_CANONICAL_ORIGINAL,READY_LINKAGE
39514b38-f90b-4b15-9ac1-0f12d8b1e625,CATV1-P145-R1R,d7acf381-36d2-96cf-2ca2-10cfde498f7e,1ff9cf96-00aa-e681-02fc-a6ab0beb3fdf,POLICY_APPROVED,88a0043e1972cf8b1436650c5ef598c89cc4699a147776472f593d12f1be449c,product_images/p145_2_1_brocha-profesional-bd01.jpg,CATALOG_EVIDENCE_CROP,image/jpeg,jpg,lihen-product-web,products/d7acf381-36d2-96cf-2ca2-10cfde498f7e/1ff9cf96-00aa-e681-02fc-a6ab0beb3fdf/web/88a0043e1972cf8b1436650c5ef598c89cc4699a147776472f593d12f1be449c.jpg,BLOCKED_EVIDENCE_IS_NOT_CANONICAL_ORIGINAL,READY_LINKAGE
39514b38-f90b-4b15-9ac1-0f12d8b1e625,CATV1-P145-R2L,8ce78b01-64b5-0511-3614-3fbc045b8774,6cb4fc89-2758-7082-a486-7dfd12b5022e,POLICY_APPROVED,1fffc9992bbb504abf6117f044fc1694b3b791eec8e555e40daadb90f9ac7cdd,product_images/p145_1_2_brocha-profesional-bd03.jpg,CATALOG_EVIDENCE_CROP,image/jpeg,jpg,lihen-product-web,products/8ce78b01-64b5-0511-3614-3fbc045b8774/6cb4fc89-2758-7082-a486-7dfd12b5022e/web/1fffc9992bbb504abf6117f044fc1694b3b791eec8e555e40daadb90f9ac7cdd.jpg,BLOCKED_EVIDENCE_IS_NOT_CANONICAL_ORIGINAL,READY_LINKAGE
39514b38-f90b-4b15-9ac1-0f12d8b1e625,CATV1-P145-R2R,10f14800-aade-8d5e-76df-e6ccc20db2cb,5d0c6b4f-507b-58cc-32e3-5d1ff5b444e6,POLICY_APPROVED,20a721e89b3fd63abdab70091248fe4dfa28f43a9df93f6e72159a00a40ec971,product_images/p145_2_2_brocha-profesional-bd04.jpg,CATALOG_EVIDENCE_CROP,image/jpeg,jpg,lihen-product-web,products/10f14800-aade-8d5e-76df-e6ccc20db2cb/5d0c6b4f-507b-58cc-32e3-5d1ff5b444e6/web/20a721e89b3fd63abdab70091248fe4dfa28f43a9df93f6e72159a00a40ec971.jpg,BLOCKED_EVIDENCE_IS_NOT_CANONICAL_ORIGINAL,READY_LINKAGE
39514b38-f90b-4b15-9ac1-0f12d8b1e625,CATV1-P145-R3R,f0a0d213-df2e-e510-c69f-f5d7bed41cae,626a9e21-8815-b352-737b-03a9afd996e8,POLICY_APPROVED,3bd1ba8c9314dd9f5cc1ce6bdb8fb80222e8ccbaacddf23461c327a51545c296,product_images/p145_2_3_pestanina-dramatic-og.jpg,CATALOG_EVIDENCE_CROP,image/jpeg,jpg,lihen-product-web,products/f0a0d213-df2e-e510-c69f-f5d7bed41cae/626a9e21-8815-b352-737b-03a9afd996e8/web/3bd1ba8c9314dd9f5cc1ce6bdb8fb80222e8ccbaacddf23461c327a51545c296.jpg,BLOCKED_EVIDENCE_IS_NOT_CANONICAL_ORIGINAL,READY_LINKAGE
39514b38-f90b-4b15-9ac1-0f12d8b1e625,CATV1-P146-R2R,466b2d9b-fdf3-825c-0263-f0a77009f637,d8e82913-260e-8117-34c5-06cec9d3267b,POLICY_APPROVED,5fb460f220534464666866c5cea5e313e88289d96596cc99028017512fed7ea2,product_images/p146_2_2_polvo-og.jpg,CATALOG_EVIDENCE_CROP,image/jpeg,jpg,lihen-product-web,products/466b2d9b-fdf3-825c-0263-f0a77009f637/d8e82913-260e-8117-34c5-06cec9d3267b/web/5fb460f220534464666866c5cea5e313e88289d96596cc99028017512fed7ea2.jpg,BLOCKED_EVIDENCE_IS_NOT_CANONICAL_ORIGINAL,READY_LINKAGE
39514b38-f90b-4b15-9ac1-0f12d8b1e625,CATV1-P148-R1L,9791c028-8ec4-5201-cc6d-519f958464fd,4b52997e-f9bf-f9f5-a5db-3e76f1d36457,POLICY_APPROVED,349df36e895908013128be4ee3758212deae05220df4d0d97da02eb1c99b91ea,product_images/p148_1_1_serum-cejas-y-pestanas.jpg,CATALOG_EVIDENCE_CROP,image/jpeg,jpg,lihen-product-web,products/9791c028-8ec4-5201-cc6d-519f958464fd/4b52997e-f9bf-f9f5-a5db-3e76f1d36457/web/349df36e895908013128be4ee3758212deae05220df4d0d97da02eb1c99b91ea.jpg,BLOCKED_EVIDENCE_IS_NOT_CANONICAL_ORIGINAL,READY_LINKAGE
39514b38-f90b-4b15-9ac1-0f12d8b1e625,CATV1-P148-R1R,cfaac384-92de-187a-15b2-aaa67c73b4fb,6345fc03-bc0b-7926-bc45-99f273e34e32,POLICY_APPROVED,6265e084735a053929661fa19529000fde22548702ca2262768e1e9b1dbe01e8,product_images/p148_2_1_encrespador-profesional.jpg,CATALOG_EVIDENCE_CROP,image/jpeg,jpg,lihen-product-web,products/cfaac384-92de-187a-15b2-aaa67c73b4fb/6345fc03-bc0b-7926-bc45-99f273e34e32/web/6265e084735a053929661fa19529000fde22548702ca2262768e1e9b1dbe01e8.jpg,BLOCKED_EVIDENCE_IS_NOT_CANONICAL_ORIGINAL,READY_LINKAGE
39514b38-f90b-4b15-9ac1-0f12d8b1e625,CATV1-P148-R2L,0d47d6b2-5926-f83c-a41b-d9ca0e187b55,3fdb765d-8d9b-d261-1e5b-cf886bf2de6c,POLICY_APPROVED,c8ff658189c3943edfb152da5e3c124a8e2205d054e36663876219878b69dd59,product_images/p148_1_2_bi-fasil-peq.jpg,CATALOG_EVIDENCE_CROP,image/jpeg,jpg,lihen-product-web,products/0d47d6b2-5926-f83c-a41b-d9ca0e187b55/3fdb765d-8d9b-d261-1e5b-cf886bf2de6c/web/c8ff658189c3943edfb152da5e3c124a8e2205d054e36663876219878b69dd59.jpg,BLOCKED_EVIDENCE_IS_NOT_CANONICAL_ORIGINAL,READY_LINKAGE
39514b38-f90b-4b15-9ac1-0f12d8b1e625,CATV1-P148-R2R,6c710564-ae11-10f7-b8b5-d05fe63d29ad,88c8be15-43c4-5b37-3ab4-624e99b4a224,POLICY_APPROVED,5bb617c0020f3fc7b5011bc6c33247056c7298dc73326cd372a8567958e252c6,product_images/p148_2_2_bi-fasil-grande.jpg,CATALOG_EVIDENCE_CROP,image/jpeg,jpg,lihen-product-web,products/6c710564-ae11-10f7-b8b5-d05fe63d29ad/88c8be15-43c4-5b37-3ab4-624e99b4a224/web/5bb617c0020f3fc7b5011bc6c33247056c7298dc73326cd372a8567958e252c6.jpg,BLOCKED_EVIDENCE_IS_NOT_CANONICAL_ORIGINAL,READY_LINKAGE
39514b38-f90b-4b15-9ac1-0f12d8b1e625,CATV1-P150-R1L,db7c17c1-6ac4-5be1-d209-bf859e58697d,b6c9dbb3-12da-58ba-e463-c2d3684bdc77,POLICY_APPROVED,0c48026223c28e88da86b4b6027b18a9cde9d1366a2ea03d77598143bb307a56,product_images/p150_1_1_lip-gloss-litchi-honey.jpg,CATALOG_EVIDENCE_CROP,image/jpeg,jpg,lihen-product-web,products/db7c17c1-6ac4-5be1-d209-bf859e58697d/b6c9dbb3-12da-58ba-e463-c2d3684bdc77/web/0c48026223c28e88da86b4b6027b18a9cde9d1366a2ea03d77598143bb307a56.jpg,BLOCKED_EVIDENCE_IS_NOT_CANONICAL_ORIGINAL,READY_LINKAGE
39514b38-f90b-4b15-9ac1-0f12d8b1e625,CATV1-P150-R2L,301ce96f-be5d-6a6d-d6b2-4249b5b4a1c9,e1136ac8-7daa-8f72-416c-cd1ea7987220,HUMAN_APPROVED,2f912e8ad33b9fab3dc9ad0242ae98a78db328f0f4e799ea56488d7c1489d451,product_images/p150_1_2_tropical-lust.jpg,CATALOG_EVIDENCE_CROP,image/jpeg,jpg,lihen-product-web,products/301ce96f-be5d-6a6d-d6b2-4249b5b4a1c9/e1136ac8-7daa-8f72-416c-cd1ea7987220/web/2f912e8ad33b9fab3dc9ad0242ae98a78db328f0f4e799ea56488d7c1489d451.jpg,BLOCKED_EVIDENCE_IS_NOT_CANONICAL_ORIGINAL,READY_LINKAGE
39514b38-f90b-4b15-9ac1-0f12d8b1e625,CATV1-P150-R2R,e14fe03c-dbc9-26c4-1dab-00c0975c6c8e,af909952-b568-b264-de4c-51bc6cfa6f9f,POLICY_APPROVED,4535ae4be700ffd6664212840df72711bc7feeb4cf5fac0eca0326da5eca559b,product_images/p150_2_2_lip-gloss-sangria-kiss.jpg,CATALOG_EVIDENCE_CROP,image/jpeg,jpg,lihen-product-web,products/e14fe03c-dbc9-26c4-1dab-00c0975c6c8e/af909952-b568-b264-de4c-51bc6cfa6f9f/web/4535ae4be700ffd6664212840df72711bc7feeb4cf5fac0eca0326da5eca559b.jpg,BLOCKED_EVIDENCE_IS_NOT_CANONICAL_ORIGINAL,READY_LINKAGE
39514b38-f90b-4b15-9ac1-0f12d8b1e625,CATV1-P150-R3R,a170abba-bbb8-fae3-13b9-93db23874663,adf8810c-a7e3-63c8-dc06-79c98a893bf9,HUMAN_APPROVED,47d9ad00776c057aa3c32722028ae1b14c77edf43d4a9d6389752d652e991e74,product_images/p150_2_3_berry-fondue.jpg,CATALOG_EVIDENCE_CROP,image/jpeg,jpg,lihen-product-web,products/a170abba-bbb8-fae3-13b9-93db23874663/adf8810c-a7e3-63c8-dc06-79c98a893bf9/web/47d9ad00776c057aa3c32722028ae1b14c77edf43d4a9d6389752d652e991e74.jpg,BLOCKED_EVIDENCE_IS_NOT_CANONICAL_ORIGINAL,READY_LINKAGE
39514b38-f90b-4b15-9ac1-0f12d8b1e625,CATV1-P151-R1L,72d9786d-8daf-6329-a1f7-86431efbe9c6,a4cb8944-8f82-a7bd-70b0-bb546b2c451b,POLICY_APPROVED,70f211a16be0e68cf30aaf300a03ee3b6dc9cc24eda7d78e5e79fb316dea4cd1,product_images/p151_1_1_lip-gloss-fairy-dust.jpg,CATALOG_EVIDENCE_CROP,image/jpeg,jpg,lihen-product-web,products/72d9786d-8daf-6329-a1f7-86431efbe9c6/a4cb8944-8f82-a7bd-70b0-bb546b2c451b/web/70f211a16be0e68cf30aaf300a03ee3b6dc9cc24eda7d78e5e79fb316dea4cd1.jpg,BLOCKED_EVIDENCE_IS_NOT_CANONICAL_ORIGINAL,READY_LINKAGE
39514b38-f90b-4b15-9ac1-0f12d8b1e625,CATV1-P151-R2L,fb181e28-0657-9552-13e3-22e18d1e3460,60a4ca60-fc60-3b1d-9b58-26e9e12778f8,HUMAN_APPROVED,9ad79b6acb29ced794ca913a83b6e277305a91b4d2ab85a4716f10fb28644a2e,product_images/p151_1_2_velvet-cherry.jpg,CATALOG_EVIDENCE_CROP,image/jpeg,jpg,lihen-product-web,products/fb181e28-0657-9552-13e3-22e18d1e3460/60a4ca60-fc60-3b1d-9b58-26e9e12778f8/web/9ad79b6acb29ced794ca913a83b6e277305a91b4d2ab85a4716f10fb28644a2e.jpg,BLOCKED_EVIDENCE_IS_NOT_CANONICAL_ORIGINAL,READY_LINKAGE
39514b38-f90b-4b15-9ac1-0f12d8b1e625,CATV1-P151-R2R,7aebbd72-d33f-a89b-e465-14677e9fddad,98f79104-f243-5a38-aa87-eda20461aae6,POLICY_APPROVED,cc9ffcefd9085b3d21ccb8fc97da26b75eb2c0baf373bbe3652bf464bc94fdcd,product_images/p151_2_2_lip-llinerlitchi-honey.jpg,CATALOG_EVIDENCE_CROP,image/jpeg,jpg,lihen-product-web,products/7aebbd72-d33f-a89b-e465-14677e9fddad/98f79104-f243-5a38-aa87-eda20461aae6/web/cc9ffcefd9085b3d21ccb8fc97da26b75eb2c0baf373bbe3652bf464bc94fdcd.jpg,BLOCKED_EVIDENCE_IS_NOT_CANONICAL_ORIGINAL,READY_LINKAGE
39514b38-f90b-4b15-9ac1-0f12d8b1e625,CATV1-P152-R1L,285701f5-62c8-544b-7682-99ce84041b08,fa5be8ea-a947-e25d-289a-2ba7007ba0e0,POLICY_APPROVED,e3600f9b54290eddc19bbe8c60e7740779d1179754fe9a61aed4c7a8966ce164,product_images/p152_1_1_lip-liner-fairy-dust.jpg,CATALOG_EVIDENCE_CROP,image/jpeg,jpg,lihen-product-web,products/285701f5-62c8-544b-7682-99ce84041b08/fa5be8ea-a947-e25d-289a-2ba7007ba0e0/web/e3600f9b54290eddc19bbe8c60e7740779d1179754fe9a61aed4c7a8966ce164.jpg,BLOCKED_EVIDENCE_IS_NOT_CANONICAL_ORIGINAL,READY_LINKAGE
39514b38-f90b-4b15-9ac1-0f12d8b1e625,CATV1-P152-R1R,b67aaf63-5498-c945-a3a4-7b7047b575dd,5a5a986a-a0ff-85af-6536-9b78db3592ed,POLICY_APPROVED,af520f16585fd688edd55be87209cc8a68418a85285af00ff85411e1beb1373d,product_images/p152_2_1_sangria-kiss.jpg,CATALOG_EVIDENCE_CROP,image/jpeg,jpg,lihen-product-web,products/b67aaf63-5498-c945-a3a4-7b7047b575dd/5a5a986a-a0ff-85af-6536-9b78db3592ed/web/af520f16585fd688edd55be87209cc8a68418a85285af00ff85411e1beb1373d.jpg,BLOCKED_EVIDENCE_IS_NOT_CANONICAL_ORIGINAL,READY_LINKAGE
39514b38-f90b-4b15-9ac1-0f12d8b1e625,CATV1-P152-R2L,24d9a0f6-af7b-5047-8c6d-32ba8292e771,67932eff-04ed-3292-49db-5234d80a6186,POLICY_APPROVED,0b43c86bd0c5a724767a5c7b9c7d058cd0c3fd581845192a5738a95fdaa4fd71,product_images/p152_1_2_lip-liner-velvet-cherry.jpg,CATALOG_EVIDENCE_CROP,image/jpeg,jpg,lihen-product-web,products/24d9a0f6-af7b-5047-8c6d-32ba8292e771/67932eff-04ed-3292-49db-5234d80a6186/web/0b43c86bd0c5a724767a5c7b9c7d058cd0c3fd581845192a5738a95fdaa4fd71.jpg,BLOCKED_EVIDENCE_IS_NOT_CANONICAL_ORIGINAL,READY_LINKAGE
39514b38-f90b-4b15-9ac1-0f12d8b1e625,CATV1-P152-R3L,1a7cd973-8868-dfc5-85ea-589b862cf629,529a73b8-2583-f959-0376-219b89a2d417,HUMAN_APPROVED,e2a7501aaf9db032b2d91f3c5d554a14c43d48f775ff5cff97b0b62a47744325,product_images/p152_1_3_berry-fondue.jpg,CATALOG_EVIDENCE_CROP,image/jpeg,jpg,lihen-product-web,products/1a7cd973-8868-dfc5-85ea-589b862cf629/529a73b8-2583-f959-0376-219b89a2d417/web/e2a7501aaf9db032b2d91f3c5d554a14c43d48f775ff5cff97b0b62a47744325.jpg,BLOCKED_EVIDENCE_IS_NOT_CANONICAL_ORIGINAL,READY_LINKAGE
39514b38-f90b-4b15-9ac1-0f12d8b1e625,CATV1-P153-R1L,2f98b077-d750-db84-3bb9-2895b6b61a9e,49f639ef-0bcb-959c-58b7-6ecf9580aded,POLICY_APPROVED,ca9fde2ff74295316a2b9e5ddaac774e5eea7f3019e8863f5cd91c8dd9be0283,product_images/p153_1_1_duo-lip-liner-y-lip-gloss-tropical-lust.jpg,CATALOG_EVIDENCE_CROP,image/jpeg,jpg,lihen-product-web,products/2f98b077-d750-db84-3bb9-2895b6b61a9e/49f639ef-0bcb-959c-58b7-6ecf9580aded/web/ca9fde2ff74295316a2b9e5ddaac774e5eea7f3019e8863f5cd91c8dd9be0283.jpg,BLOCKED_EVIDENCE_IS_NOT_CANONICAL_ORIGINAL,READY_LINKAGE
39514b38-f90b-4b15-9ac1-0f12d8b1e625,CATV1-P153-R1R,f29d2c86-37be-19e6-93f6-d3605cc5290b,bb6a4f61-3a4e-c6f5-81bf-53e78abeed73,POLICY_APPROVED,1eab58711b554a7921142aff21cfc117e9cb552dd4b4160a3aa3f0f4036e28dd,product_images/p153_2_1_duo-lip-liner-y-lip-gloss-fairy-dust.jpg,CATALOG_EVIDENCE_CROP,image/jpeg,jpg,lihen-product-web,products/f29d2c86-37be-19e6-93f6-d3605cc5290b/bb6a4f61-3a4e-c6f5-81bf-53e78abeed73/web/1eab58711b554a7921142aff21cfc117e9cb552dd4b4160a3aa3f0f4036e28dd.jpg,BLOCKED_EVIDENCE_IS_NOT_CANONICAL_ORIGINAL,READY_LINKAGE
39514b38-f90b-4b15-9ac1-0f12d8b1e625,CATV1-P153-R2L,87e1a3a8-008d-f60b-1d47-c292634bbf0a,4da22805-67e7-1cfe-0133-ae0ddfd08668,POLICY_APPROVED,48f618292483d8532519b7a3a09524e900cadd0591ad91066f4c24dfed597442,product_images/p153_1_2_duo-lip-liner-y-lip-gloss-sangria-kiss.jpg,CATALOG_EVIDENCE_CROP,image/jpeg,jpg,lihen-product-web,products/87e1a3a8-008d-f60b-1d47-c292634bbf0a/4da22805-67e7-1cfe-0133-ae0ddfd08668/web/48f618292483d8532519b7a3a09524e900cadd0591ad91066f4c24dfed597442.jpg,BLOCKED_EVIDENCE_IS_NOT_CANONICAL_ORIGINAL,READY_LINKAGE
39514b38-f90b-4b15-9ac1-0f12d8b1e625,CATV1-P153-R2R,9d9fdd85-2675-b6c7-23aa-cfeaa37dd639,17f5db45-2d81-61b4-57e7-e3f008b3bde2,POLICY_APPROVED,abe6f0098cdae04a881cdbcb31291de6c0718dae2ee88dff3b680ee286535893,product_images/p153_2_2_duo-lip-liner-y-lip-gloss-velvet-cherry.jpg,CATALOG_EVIDENCE_CROP,image/jpeg,jpg,lihen-product-web,products/9d9fdd85-2675-b6c7-23aa-cfeaa37dd639/17f5db45-2d81-61b4-57e7-e3f008b3bde2/web/abe6f0098cdae04a881cdbcb31291de6c0718dae2ee88dff3b680ee286535893.jpg,BLOCKED_EVIDENCE_IS_NOT_CANONICAL_ORIGINAL,READY_LINKAGE
39514b38-f90b-4b15-9ac1-0f12d8b1e625,CATV1-P153-R3L,7f183b85-f567-b5b2-c2e4-8f22c4155359,2ac8dd54-ebf4-a32a-58f0-905acb8a2f6d,POLICY_APPROVED,8df4f314b4481ed49448f56204599c48b09e0e239bd55b3a115ad43952bbf078,product_images/p153_1_3_duo-lip-liner-y-lip-gloss-berry-fondue.jpg,CATALOG_EVIDENCE_CROP,image/jpeg,jpg,lihen-product-web,products/7f183b85-f567-b5b2-c2e4-8f22c4155359/2ac8dd54-ebf4-a32a-58f0-905acb8a2f6d/web/8df4f314b4481ed49448f56204599c48b09e0e239bd55b3a115ad43952bbf078.jpg,BLOCKED_EVIDENCE_IS_NOT_CANONICAL_ORIGINAL,READY_LINKAGE
39514b38-f90b-4b15-9ac1-0f12d8b1e625,CATV1-P153-R3R,4d92a42a-0f49-25c6-f16c-2334dedfacb0,f6d43a2e-0756-09bd-ead4-b9e2f22f1747,POLICY_APPROVED,3cacbc925bd7e680f950b79bdff7611a624f3c29710ecabf14559740c1f5b9df,product_images/p153_2_3_duo-lip-liner-y-lip-gloss-litchie-honey.jpg,CATALOG_EVIDENCE_CROP,image/jpeg,jpg,lihen-product-web,products/4d92a42a-0f49-25c6-f16c-2334dedfacb0/f6d43a2e-0756-09bd-ead4-b9e2f22f1747/web/3cacbc925bd7e680f950b79bdff7611a624f3c29710ecabf14559740c1f5b9df.jpg,BLOCKED_EVIDENCE_IS_NOT_CANONICAL_ORIGINAL,READY_LINKAGE
39514b38-f90b-4b15-9ac1-0f12d8b1e625,CATV1-P155-R1L,d519d93f-04ee-e454-3461-f11ce9ac19f1,bb026320-c3a3-504b-1076-53276b5149ef,POLICY_APPROVED,63eb3721443e41d31fa3ed83d84f25862cb2b067fa2e763d5bdfbb668fbcd154,product_images/p155_1_1_base-atenea-30ml.jpg,CATALOG_EVIDENCE_CROP,image/jpeg,jpg,lihen-product-web,products/d519d93f-04ee-e454-3461-f11ce9ac19f1/bb026320-c3a3-504b-1076-53276b5149ef/web/63eb3721443e41d31fa3ed83d84f25862cb2b067fa2e763d5bdfbb668fbcd154.jpg,BLOCKED_EVIDENCE_IS_NOT_CANONICAL_ORIGINAL,READY_LINKAGE
39514b38-f90b-4b15-9ac1-0f12d8b1e625,CATV1-P155-R1R,769c81cf-0d22-73d9-f682-ec420d4c4e3b,e3c40e9f-8216-6a01-83e9-f1f17b153ef4,POLICY_APPROVED,fb9a5b507833441afe1c9b5e68abea100055a369eb8a20d90de21a3be5577195,product_images/p155_2_1_polvo-traslucido-peq.jpg,CATALOG_EVIDENCE_CROP,image/jpeg,jpg,lihen-product-web,products/769c81cf-0d22-73d9-f682-ec420d4c4e3b/e3c40e9f-8216-6a01-83e9-f1f17b153ef4/web/fb9a5b507833441afe1c9b5e68abea100055a369eb8a20d90de21a3be5577195.jpg,BLOCKED_EVIDENCE_IS_NOT_CANONICAL_ORIGINAL,READY_LINKAGE
39514b38-f90b-4b15-9ac1-0f12d8b1e625,CATV1-P155-R2L,c8ad3d24-2fc3-fe23-c5e2-994c62c97dc4,8725c67e-d34f-a4f4-6914-944469135dd1,POLICY_APPROVED,1548f57aaade28eec129410c92e4afd7e8cc144c5865e5d56081f2403b112385,product_images/p155_1_2_polvo-traslucido-grande.jpg,CATALOG_EVIDENCE_CROP,image/jpeg,jpg,lihen-product-web,products/c8ad3d24-2fc3-fe23-c5e2-994c62c97dc4/8725c67e-d34f-a4f4-6914-944469135dd1/web/1548f57aaade28eec129410c92e4afd7e8cc144c5865e5d56081f2403b112385.jpg,BLOCKED_EVIDENCE_IS_NOT_CANONICAL_ORIGINAL,READY_LINKAGE
39514b38-f90b-4b15-9ac1-0f12d8b1e625,CATV1-P155-R2R,de926d9f-5326-297f-a18d-06ea3fa54f7e,8baee193-ab66-4c2a-29bc-11af3e45acbd,POLICY_APPROVED,f348c555b9f6828a3d01ba72eb626e2f125b0b72a5ef9592ac35f4827115be72,product_images/p155_2_2_mini-peptide-lip-balm.jpg,CATALOG_EVIDENCE_CROP,image/jpeg,jpg,lihen-product-web,products/de926d9f-5326-297f-a18d-06ea3fa54f7e/8baee193-ab66-4c2a-29bc-11af3e45acbd/web/f348c555b9f6828a3d01ba72eb626e2f125b0b72a5ef9592ac35f4827115be72.jpg,BLOCKED_EVIDENCE_IS_NOT_CANONICAL_ORIGINAL,READY_LINKAGE
39514b38-f90b-4b15-9ac1-0f12d8b1e625,CATV1-P155-R3L,dc17f77f-e8b1-6d2d-56b1-0728a683ce85,03751e7d-ca49-0ee0-2e70-6468244c1b81,POLICY_APPROVED,ecae8a955b695e2f4fe77cf7808b1a77e7b4152d969ae46380757ff394d2e209,product_images/p155_1_3_corrector-atenea.jpg,CATALOG_EVIDENCE_CROP,image/jpeg,jpg,lihen-product-web,products/dc17f77f-e8b1-6d2d-56b1-0728a683ce85/03751e7d-ca49-0ee0-2e70-6468244c1b81/web/ecae8a955b695e2f4fe77cf7808b1a77e7b4152d969ae46380757ff394d2e209.jpg,BLOCKED_EVIDENCE_IS_NOT_CANONICAL_ORIGINAL,READY_LINKAGE
39514b38-f90b-4b15-9ac1-0f12d8b1e625,CATV1-P155-R3R,16ef60f4-cd62-247b-c7a8-1f2d924388e0,36f72619-11a7-adf7-e8c5-122c33cf02f3,POLICY_APPROVED,b44b8665849c97e0d78bf130501a2a5799551ad52ca09af0f49c1fcb7c289198,product_images/p155_2_3_rubor-compacto-x2.jpg,CATALOG_EVIDENCE_CROP,image/jpeg,jpg,lihen-product-web,products/16ef60f4-cd62-247b-c7a8-1f2d924388e0/36f72619-11a7-adf7-e8c5-122c33cf02f3/web/b44b8665849c97e0d78bf130501a2a5799551ad52ca09af0f49c1fcb7c289198.jpg,BLOCKED_EVIDENCE_IS_NOT_CANONICAL_ORIGINAL,READY_LINKAGE
39514b38-f90b-4b15-9ac1-0f12d8b1e625,CATV1-P156-R1L,e5500cb7-29e4-a6b3-1e3a-6fb5d10b8cf6,e6741dc0-09a7-2fab-a963-fc93e1a5ca87,POLICY_APPROVED,0a5ce04728a4fad68b93caac557850c565e7d9998c71a8f53b9351bb45b9466e,product_images/p156_1_1_lip-gloss-atenea.jpg,CATALOG_EVIDENCE_CROP,image/jpeg,jpg,lihen-product-web,products/e5500cb7-29e4-a6b3-1e3a-6fb5d10b8cf6/e6741dc0-09a7-2fab-a963-fc93e1a5ca87/web/0a5ce04728a4fad68b93caac557850c565e7d9998c71a8f53b9351bb45b9466e.jpg,BLOCKED_EVIDENCE_IS_NOT_CANONICAL_ORIGINAL,READY_LINKAGE
39514b38-f90b-4b15-9ac1-0f12d8b1e625,CATV1-P156-R1R,dea2e6dc-0e1b-3c47-66c7-39a0d58dae5c,f4e59cb9-e0ee-74dd-68dd-2383dfa9f14b,POLICY_APPROVED,fdfca0d9ca960d449f47594a1f15e16c8fae6c394c32fb61060f5a98eeea4ca6,product_images/p156_2_1_lip-oil-tinted.jpg,CATALOG_EVIDENCE_CROP,image/jpeg,jpg,lihen-product-web,products/dea2e6dc-0e1b-3c47-66c7-39a0d58dae5c/f4e59cb9-e0ee-74dd-68dd-2383dfa9f14b/web/fdfca0d9ca960d449f47594a1f15e16c8fae6c394c32fb61060f5a98eeea4ca6.jpg,BLOCKED_EVIDENCE_IS_NOT_CANONICAL_ORIGINAL,READY_LINKAGE
39514b38-f90b-4b15-9ac1-0f12d8b1e625,CATV1-P156-R2L,07e08f80-f4e4-5a77-9d0e-82fabdba8643,8ad6434d-b8c0-ba6f-470a-1c8a228a1253,POLICY_APPROVED,12b545f7654403c4e664dad2c3a79bc18b1b591be71ae9778e63bf4c6cbc43c7,product_images/p156_1_2_sticks-minis-cremosos.jpg,CATALOG_EVIDENCE_CROP,image/jpeg,jpg,lihen-product-web,products/07e08f80-f4e4-5a77-9d0e-82fabdba8643/8ad6434d-b8c0-ba6f-470a-1c8a228a1253/web/12b545f7654403c4e664dad2c3a79bc18b1b591be71ae9778e63bf4c6cbc43c7.jpg,BLOCKED_EVIDENCE_IS_NOT_CANONICAL_ORIGINAL,READY_LINKAGE
39514b38-f90b-4b15-9ac1-0f12d8b1e625,CATV1-P156-R2R,4f33bd1a-fb06-4728-a925-07c2666cc646,e605ad82-c5df-f3ea-8036-6df5e387dbab,POLICY_APPROVED,a4060d7e4abfc8b2a6a49cd107e30cec360b4a541e353d3ee5a73cae9e107c6e,product_images/p156_2_2_peptide-lip-balm-atenea.jpg,CATALOG_EVIDENCE_CROP,image/jpeg,jpg,lihen-product-web,products/4f33bd1a-fb06-4728-a925-07c2666cc646/e605ad82-c5df-f3ea-8036-6df5e387dbab/web/a4060d7e4abfc8b2a6a49cd107e30cec360b4a541e353d3ee5a73cae9e107c6e.jpg,BLOCKED_EVIDENCE_IS_NOT_CANONICAL_ORIGINAL,READY_LINKAGE
39514b38-f90b-4b15-9ac1-0f12d8b1e625,CATV1-P156-R3L,946ad3cb-cbcf-cac8-0168-803c4cb0d6fd,67d164b4-a14c-080b-dbae-682342f4b944,POLICY_APPROVED,504a47c821f601a8f483405c21ba9cbe2b7fe8f52c97d3ba527c409397b9d761,product_images/p156_1_3_stick-iluminador.jpg,CATALOG_EVIDENCE_CROP,image/jpeg,jpg,lihen-product-web,products/946ad3cb-cbcf-cac8-0168-803c4cb0d6fd/67d164b4-a14c-080b-dbae-682342f4b944/web/504a47c821f601a8f483405c21ba9cbe2b7fe8f52c97d3ba527c409397b9d761.jpg,BLOCKED_EVIDENCE_IS_NOT_CANONICAL_ORIGINAL,READY_LINKAGE
39514b38-f90b-4b15-9ac1-0f12d8b1e625,CATV1-P156-R3R,24916872-b2ec-0ad7-c289-abe1623c41f2,c7fe9249-0682-03f4-3179-071a8309b1cb,POLICY_APPROVED,65b2431ebc960669d484b9cba91f781abfb156e602feb729d00a5a11b7ff67c5,product_images/p156_2_3_stick-blush.jpg,CATALOG_EVIDENCE_CROP,image/jpeg,jpg,lihen-product-web,products/24916872-b2ec-0ad7-c289-abe1623c41f2/c7fe9249-0682-03f4-3179-071a8309b1cb/web/65b2431ebc960669d484b9cba91f781abfb156e602feb729d00a5a11b7ff67c5.jpg,BLOCKED_EVIDENCE_IS_NOT_CANONICAL_ORIGINAL,READY_LINKAGE
39514b38-f90b-4b15-9ac1-0f12d8b1e625,CATV1-P157-R1L,81436f71-c876-6f48-d7b6-7e5e627fba4e,8a31cf38-c890-412a-4648-1ef356a80fb0,POLICY_APPROVED,791907236939e74ee76f142c5838510826fcf12ff345aa30251b606743d06c56,product_images/p157_1_1_stikc-bronzer.jpg,CATALOG_EVIDENCE_CROP,image/jpeg,jpg,lihen-product-web,products/81436f71-c876-6f48-d7b6-7e5e627fba4e/8a31cf38-c890-412a-4648-1ef356a80fb0/web/791907236939e74ee76f142c5838510826fcf12ff345aa30251b606743d06c56.jpg,BLOCKED_EVIDENCE_IS_NOT_CANONICAL_ORIGINAL,READY_LINKAGE
39514b38-f90b-4b15-9ac1-0f12d8b1e625,CATV1-P157-R1R,5d8d9db7-ab47-9fa1-f1eb-a3da1f42a39a,d376badc-c6b1-7f43-4c7e-3cdf1a0a1c26,POLICY_APPROVED,5bf7ba07a09dd4b139942c5e584030efcb61a0f782790359354f047a24895d59,product_images/p157_2_1_fijador-atenea-mini.jpg,CATALOG_EVIDENCE_CROP,image/jpeg,jpg,lihen-product-web,products/5d8d9db7-ab47-9fa1-f1eb-a3da1f42a39a/d376badc-c6b1-7f43-4c7e-3cdf1a0a1c26/web/5bf7ba07a09dd4b139942c5e584030efcb61a0f782790359354f047a24895d59.jpg,BLOCKED_EVIDENCE_IS_NOT_CANONICAL_ORIGINAL,READY_LINKAGE
39514b38-f90b-4b15-9ac1-0f12d8b1e625,CATV1-P157-R2L,23939bf0-f528-bf08-e263-3dfbc72876cc,75ebde90-e2a3-c4a4-c607-7b9a4f3557c5,POLICY_APPROVED,3caf1591b01b6fe3f1cd9cdc0c822bf3c5d50d1746708f28f4be20c1364be8e4,product_images/p157_1_2_rubor-nacarado.jpg,CATALOG_EVIDENCE_CROP,image/jpeg,jpg,lihen-product-web,products/23939bf0-f528-bf08-e263-3dfbc72876cc/75ebde90-e2a3-c4a4-c607-7b9a4f3557c5/web/3caf1591b01b6fe3f1cd9cdc0c822bf3c5d50d1746708f28f4be20c1364be8e4.jpg,BLOCKED_EVIDENCE_IS_NOT_CANONICAL_ORIGINAL,READY_LINKAGE
39514b38-f90b-4b15-9ac1-0f12d8b1e625,CATV1-P157-R2R,51e62e5c-eda2-eebe-031e-516b8c9bc841,b7107100-0df6-6952-3104-8e938f6d5348,POLICY_APPROVED,a352e0fd246d04c5e8722720a4dfc2bab9d18279ed2810b45c7de0a230afcd7c,product_images/p157_2_2_gel-de-cejas-13ml.jpg,CATALOG_EVIDENCE_CROP,image/jpeg,jpg,lihen-product-web,products/51e62e5c-eda2-eebe-031e-516b8c9bc841/b7107100-0df6-6952-3104-8e938f6d5348/web/a352e0fd246d04c5e8722720a4dfc2bab9d18279ed2810b45c7de0a230afcd7c.jpg,BLOCKED_EVIDENCE_IS_NOT_CANONICAL_ORIGINAL,READY_LINKAGE
39514b38-f90b-4b15-9ac1-0f12d8b1e625,CATV1-P157-R3L,8152bba2-9d9f-cb6f-34a5-e269ea4a3df7,c83b4a30-50d7-ea64-c1bf-cf08d56dd48b,POLICY_APPROVED,211b274aa96966a74236dc8ab7d96ec52580de9342b76df6bd3b66a8a5f9cb45,product_images/p157_1_3_fijador-atenea-80ml.jpg,CATALOG_EVIDENCE_CROP,image/jpeg,jpg,lihen-product-web,products/8152bba2-9d9f-cb6f-34a5-e269ea4a3df7/c83b4a30-50d7-ea64-c1bf-cf08d56dd48b/web/211b274aa96966a74236dc8ab7d96ec52580de9342b76df6bd3b66a8a5f9cb45.jpg,BLOCKED_EVIDENCE_IS_NOT_CANONICAL_ORIGINAL,READY_LINKAGE
39514b38-f90b-4b15-9ac1-0f12d8b1e625,CATV1-P157-R3R,b272b24c-01dc-04e8-9e5f-5199e81f6339,98a4f323-03fd-0a01-d11d-d4adc96fe764,POLICY_APPROVED,e95cb5b3a8ee25ef2827b0794976b3e5646f7b27a48dfd22995efc9093281352,product_images/p157_2_3_rubor-compacto.jpg,CATALOG_EVIDENCE_CROP,image/jpeg,jpg,lihen-product-web,products/b272b24c-01dc-04e8-9e5f-5199e81f6339/98a4f323-03fd-0a01-d11d-d4adc96fe764/web/e95cb5b3a8ee25ef2827b0794976b3e5646f7b27a48dfd22995efc9093281352.jpg,BLOCKED_EVIDENCE_IS_NOT_CANONICAL_ORIGINAL,READY_LINKAGE
39514b38-f90b-4b15-9ac1-0f12d8b1e625,CATV1-P158-R1L,7baadd7a-3dd8-2af6-524d-68a7fc5c9900,97a876c9-8afc-e81a-3373-4a8638b859d7,POLICY_APPROVED,812506d753ad9149061db666615fe900d9c02a116885bc68568781145817bb13,product_images/p158_1_1_tinta-serum-atenea.jpg,CATALOG_EVIDENCE_CROP,image/jpeg,jpg,lihen-product-web,products/7baadd7a-3dd8-2af6-524d-68a7fc5c9900/97a876c9-8afc-e81a-3373-4a8638b859d7/web/812506d753ad9149061db666615fe900d9c02a116885bc68568781145817bb13.jpg,BLOCKED_EVIDENCE_IS_NOT_CANONICAL_ORIGINAL,READY_LINKAGE
39514b38-f90b-4b15-9ac1-0f12d8b1e625,CATV1-P158-R1R,c96c2803-7cf0-82f4-a73a-a11d6986b931,dbb208d1-9161-46d9-d5c2-fceee2754a8b,POLICY_APPROVED,131a5596bea045fd45fb0a916af26044e009183451c06fdb04f94159d2c63573,product_images/p158_2_1_gel-fijador-de-cejas-5ml.jpg,CATALOG_EVIDENCE_CROP,image/jpeg,jpg,lihen-product-web,products/c96c2803-7cf0-82f4-a73a-a11d6986b931/dbb208d1-9161-46d9-d5c2-fceee2754a8b/web/131a5596bea045fd45fb0a916af26044e009183451c06fdb04f94159d2c63573.jpg,BLOCKED_EVIDENCE_IS_NOT_CANONICAL_ORIGINAL,READY_LINKAGE
39514b38-f90b-4b15-9ac1-0f12d8b1e625,CATV1-P158-R2L,edace9c8-dc74-7b93-86a5-28704d55e213,e5821906-55db-c5d7-c47c-676aac4ddba4,POLICY_APPROVED,56eaacf9b5a79bf5bb94af29b07696b915add03055f93a31e74d8d35f516c25f,product_images/p158_1_2_rubor-stick-atenea-4-tonos.jpg,CATALOG_EVIDENCE_CROP,image/jpeg,jpg,lihen-product-web,products/edace9c8-dc74-7b93-86a5-28704d55e213/e5821906-55db-c5d7-c47c-676aac4ddba4/web/56eaacf9b5a79bf5bb94af29b07696b915add03055f93a31e74d8d35f516c25f.jpg,BLOCKED_EVIDENCE_IS_NOT_CANONICAL_ORIGINAL,READY_LINKAGE
39514b38-f90b-4b15-9ac1-0f12d8b1e625,CATV1-P158-R2R,d24f621e-a638-4c86-b6b4-501c224b4815,515ec27b-dac6-787b-a65f-85d6104c99c7,HUMAN_APPROVED,4b1255662181bdcd6084e6754f4487e25d3ae86572f8318630a33ba17a1fea18,product_images/p158_2_2_ilumindor-stick-2-tonos.jpg,CATALOG_EVIDENCE_CROP,image/jpeg,jpg,lihen-product-web,products/d24f621e-a638-4c86-b6b4-501c224b4815/515ec27b-dac6-787b-a65f-85d6104c99c7/web/4b1255662181bdcd6084e6754f4487e25d3ae86572f8318630a33ba17a1fea18.jpg,BLOCKED_EVIDENCE_IS_NOT_CANONICAL_ORIGINAL,READY_LINKAGE
39514b38-f90b-4b15-9ac1-0f12d8b1e625,CATV1-P158-R3L,ecc40510-1184-025b-e3cd-6ca8be65de28,b399d510-c707-217f-4c2d-1bc8991b729c,POLICY_APPROVED,7b8648f589b12718fd08b76a20924c4fb8bdaca17d6b52790d76d1094333059c,product_images/p158_1_3_4-tonos.jpg,CATALOG_EVIDENCE_CROP,image/jpeg,jpg,lihen-product-web,products/ecc40510-1184-025b-e3cd-6ca8be65de28/b399d510-c707-217f-4c2d-1bc8991b729c/web/7b8648f589b12718fd08b76a20924c4fb8bdaca17d6b52790d76d1094333059c.jpg,BLOCKED_EVIDENCE_IS_NOT_CANONICAL_ORIGINAL,READY_LINKAGE
39514b38-f90b-4b15-9ac1-0f12d8b1e625,CATV1-P158-R3R,60a2f4d1-ed5e-f96a-8bc1-8b97dda55e90,eeec294b-15aa-1f94-8212-dc79da513df2,POLICY_APPROVED,a1a46d58416c310805a0894d46d048e0e461a617541bdc6bada4b347e26a0d23,product_images/p158_2_3_iluminador-compacto-4-tonos.jpg,CATALOG_EVIDENCE_CROP,image/jpeg,jpg,lihen-product-web,products/60a2f4d1-ed5e-f96a-8bc1-8b97dda55e90/eeec294b-15aa-1f94-8212-dc79da513df2/web/a1a46d58416c310805a0894d46d048e0e461a617541bdc6bada4b347e26a0d23.jpg,BLOCKED_EVIDENCE_IS_NOT_CANONICAL_ORIGINAL,READY_LINKAGE
39514b38-f90b-4b15-9ac1-0f12d8b1e625,CATV1-P159-R1L,e03df104-d0e0-057d-dad0-06e5c795e2b3,eba2612a-fa34-e1d4-0364-90817589767a,POLICY_APPROVED,4fe3446d57b8fd3648ce7da1fc0db127fc2bbd66c44bec36fd50a97f94737507,product_images/p159_1_1_contorno-compacto-4-tonos.jpg,CATALOG_EVIDENCE_CROP,image/jpeg,jpg,lihen-product-web,products/e03df104-d0e0-057d-dad0-06e5c795e2b3/eba2612a-fa34-e1d4-0364-90817589767a/web/4fe3446d57b8fd3648ce7da1fc0db127fc2bbd66c44bec36fd50a97f94737507.jpg,BLOCKED_EVIDENCE_IS_NOT_CANONICAL_ORIGINAL,READY_LINKAGE
39514b38-f90b-4b15-9ac1-0f12d8b1e625,CATV1-P159-R1R,43573b5a-684a-04b7-d184-b8924aa8a70c,addddf01-7c93-70a9-7bcd-89455b4b99ff,POLICY_APPROVED,c964172da57ea84d9cd6ccf5866302ec0fc7e03477c1e20066f39a85618353c3,product_images/p159_2_1_base-atenea-50ml.jpg,CATALOG_EVIDENCE_CROP,image/jpeg,jpg,lihen-product-web,products/43573b5a-684a-04b7-d184-b8924aa8a70c/addddf01-7c93-70a9-7bcd-89455b4b99ff/web/c964172da57ea84d9cd6ccf5866302ec0fc7e03477c1e20066f39a85618353c3.jpg,BLOCKED_EVIDENCE_IS_NOT_CANONICAL_ORIGINAL,READY_LINKAGE
39514b38-f90b-4b15-9ac1-0f12d8b1e625,CATV1-P159-R2L,16ebe997-9254-e13a-9120-4ccc03917652,2a98c6ae-d10d-782d-d04a-da33c36b3714,POLICY_APPROVED,d1a000b8393ec67883e2184d0147a218c746bd4de67689f07cc3be9b163ed3e6,product_images/p159_1_2_corrector-mini-atenea.jpg,CATALOG_EVIDENCE_CROP,image/jpeg,jpg,lihen-product-web,products/16ebe997-9254-e13a-9120-4ccc03917652/2a98c6ae-d10d-782d-d04a-da33c36b3714/web/d1a000b8393ec67883e2184d0147a218c746bd4de67689f07cc3be9b163ed3e6.jpg,BLOCKED_EVIDENCE_IS_NOT_CANONICAL_ORIGINAL,READY_LINKAGE
39514b38-f90b-4b15-9ac1-0f12d8b1e625,CATV1-P159-R2R,8079452f-5f15-c5df-1931-c999a7681743,0f2b8b57-9e36-0980-caa1-f4d31cc47abc,POLICY_APPROVED,96b824ee22d230643dac5827aff28a15f41a709b6999f5448032696b7dd6b092,product_images/p159_2_2_brocha-tipo-gota-para-corrector-atenea.jpg,CATALOG_EVIDENCE_CROP,image/jpeg,jpg,lihen-product-web,products/8079452f-5f15-c5df-1931-c999a7681743/0f2b8b57-9e36-0980-caa1-f4d31cc47abc/web/96b824ee22d230643dac5827aff28a15f41a709b6999f5448032696b7dd6b092.jpg,BLOCKED_EVIDENCE_IS_NOT_CANONICAL_ORIGINAL,READY_LINKAGE
39514b38-f90b-4b15-9ac1-0f12d8b1e625,CATV1-P159-R3L,ec59d227-3275-26e1-0878-cfa6daba92fc,4dc9e405-9360-b5f3-917d-5d53a100966f,POLICY_APPROVED,ab05fd6d3af99dec065edfcf864743ce7e0becfdb3cb8c53e033e3cd991dc406,product_images/p159_1_3_brocha-rubor-polvo-atenea.jpg,CATALOG_EVIDENCE_CROP,image/jpeg,jpg,lihen-product-web,products/ec59d227-3275-26e1-0878-cfa6daba92fc/4dc9e405-9360-b5f3-917d-5d53a100966f/web/ab05fd6d3af99dec065edfcf864743ce7e0becfdb3cb8c53e033e3cd991dc406.jpg,BLOCKED_EVIDENCE_IS_NOT_CANONICAL_ORIGINAL,READY_LINKAGE
39514b38-f90b-4b15-9ac1-0f12d8b1e625,CATV1-P159-R3R,72479cb0-7199-1425-36de-3190abf9f395,a540fd70-f132-0491-23c5-c455a9a87f65,POLICY_APPROVED,eabb14ea0a6bb4e2354ec1c0edf99be7092b963ef6e4155a5f09c10f15054f5a,product_images/p159_2_3_atenea.jpg,CATALOG_EVIDENCE_CROP,image/jpeg,jpg,lihen-product-web,products/72479cb0-7199-1425-36de-3190abf9f395/a540fd70-f132-0491-23c5-c455a9a87f65/web/eabb14ea0a6bb4e2354ec1c0edf99be7092b963ef6e4155a5f09c10f15054f5a.jpg,BLOCKED_EVIDENCE_IS_NOT_CANONICAL_ORIGINAL,READY_LINKAGE
39514b38-f90b-4b15-9ac1-0f12d8b1e625,CATV1-P160-R1L,42541b38-c69d-8b0a-872b-a2ad818469d9,02f40c92-293a-dc45-23fc-079a4a701656,POLICY_APPROVED,c8f06953073d2d9506f90e408bef7d686573cf9a598295c0388cefd9c9364a97,product_images/p160_1_1_brocha-polvo-y-corrector-atenea.jpg,CATALOG_EVIDENCE_CROP,image/jpeg,jpg,lihen-product-web,products/42541b38-c69d-8b0a-872b-a2ad818469d9/02f40c92-293a-dc45-23fc-079a4a701656/web/c8f06953073d2d9506f90e408bef7d686573cf9a598295c0388cefd9c9364a97.jpg,BLOCKED_EVIDENCE_IS_NOT_CANONICAL_ORIGINAL,READY_LINKAGE
39514b38-f90b-4b15-9ac1-0f12d8b1e625,CATV1-P160-R1R,90acf6d0-eda2-5c57-9e47-56235d686a87,03ad32b1-0160-7526-1700-a6ccb1c2afde,POLICY_APPROVED,efd635299d74ebdb6a88f781704051008297e86116b4fc0390c9878a53a4dbff,product_images/p160_2_1_brocha-iluminador-y-polvo-suelto-atenea.jpg,CATALOG_EVIDENCE_CROP,image/jpeg,jpg,lihen-product-web,products/90acf6d0-eda2-5c57-9e47-56235d686a87/03ad32b1-0160-7526-1700-a6ccb1c2afde/web/efd635299d74ebdb6a88f781704051008297e86116b4fc0390c9878a53a4dbff.jpg,BLOCKED_EVIDENCE_IS_NOT_CANONICAL_ORIGINAL,READY_LINKAGE
39514b38-f90b-4b15-9ac1-0f12d8b1e625,CATV1-P160-R2L,c1b6be4e-c7f8-38d9-ffff-4d0888fcdf38,d1540fe8-eb13-640a-ae07-f7a5af16fe1e,POLICY_APPROVED,12b1552992343554a7043a62be9efb7ff79a4559ed649959a28bccb44e88f4c1,product_images/p160_1_2_brocha-difuminadora.jpg,CATALOG_EVIDENCE_CROP,image/jpeg,jpg,lihen-product-web,products/c1b6be4e-c7f8-38d9-ffff-4d0888fcdf38/d1540fe8-eb13-640a-ae07-f7a5af16fe1e/web/12b1552992343554a7043a62be9efb7ff79a4559ed649959a28bccb44e88f4c1.jpg,BLOCKED_EVIDENCE_IS_NOT_CANONICAL_ORIGINAL,READY_LINKAGE
39514b38-f90b-4b15-9ac1-0f12d8b1e625,CATV1-P160-R2R,508a16b9-d332-bf39-2cec-3962a3549c7a,fe3abfc6-81b0-079a-9d8b-42a4fad4cff8,POLICY_APPROVED,6d11252c85e04a436bbef038e91c098e5d597a4e9cb0b34c7981b9b8d1a5acf9,product_images/p160_2_2_brocha-laminado-de-cejas.jpg,CATALOG_EVIDENCE_CROP,image/jpeg,jpg,lihen-product-web,products/508a16b9-d332-bf39-2cec-3962a3549c7a/fe3abfc6-81b0-079a-9d8b-42a4fad4cff8/web/6d11252c85e04a436bbef038e91c098e5d597a4e9cb0b34c7981b9b8d1a5acf9.jpg,BLOCKED_EVIDENCE_IS_NOT_CANONICAL_ORIGINAL,READY_LINKAGE
39514b38-f90b-4b15-9ac1-0f12d8b1e625,CATV1-P160-R3L,178d1ff7-535b-799e-66bd-e3de5772f079,2ce15ff8-a1fd-741a-ea70-e1389b14b35f,POLICY_APPROVED,07a0463c66d0a689c262de5968df941115759da4c855deb5564770d8330875c1,product_images/p160_1_3_pestanina-prueba-de-agua.jpg,CATALOG_EVIDENCE_CROP,image/jpeg,jpg,lihen-product-web,products/178d1ff7-535b-799e-66bd-e3de5772f079/2ce15ff8-a1fd-741a-ea70-e1389b14b35f/web/07a0463c66d0a689c262de5968df941115759da4c855deb5564770d8330875c1.jpg,BLOCKED_EVIDENCE_IS_NOT_CANONICAL_ORIGINAL,READY_LINKAGE
39514b38-f90b-4b15-9ac1-0f12d8b1e625,CATV1-P160-R3R,fd09bb6b-58fd-4e63-7e93-cc8ddc1a91fd,7a746eed-82db-d485-339c-1f20933f8aba,POLICY_APPROVED,0ab1df7f55f3a2219128ec2453de1427ef37415775397828f85f8800c5cb7e6f,product_images/p160_2_3_pestanina-lavable.jpg,CATALOG_EVIDENCE_CROP,image/jpeg,jpg,lihen-product-web,products/fd09bb6b-58fd-4e63-7e93-cc8ddc1a91fd/7a746eed-82db-d485-339c-1f20933f8aba/web/0ab1df7f55f3a2219128ec2453de1427ef37415775397828f85f8800c5cb7e6f.jpg,BLOCKED_EVIDENCE_IS_NOT_CANONICAL_ORIGINAL,READY_LINKAGE
39514b38-f90b-4b15-9ac1-0f12d8b1e625,CATV1-P161-R1L,30b11752-4438-f136-6f7c-beefa8c0c3ab,bbe1f487-5e8e-63b7-b8f0-07c8c39f67b8,POLICY_APPROVED,09da15ffce329147a6c24d03196e17989b703328feeda44a9d2e4555c423bc73,product_images/p161_1_1_lip-balm-atenea.jpg,CATALOG_EVIDENCE_CROP,image/jpeg,jpg,lihen-product-web,products/30b11752-4438-f136-6f7c-beefa8c0c3ab/bbe1f487-5e8e-63b7-b8f0-07c8c39f67b8/web/09da15ffce329147a6c24d03196e17989b703328feeda44a9d2e4555c423bc73.jpg,BLOCKED_EVIDENCE_IS_NOT_CANONICAL_ORIGINAL,READY_LINKAGE
39514b38-f90b-4b15-9ac1-0f12d8b1e625,CATV1-P161-R1R,592cec37-c446-b6b6-bd4b-995d762fcecc,8cb44158-d2f6-02d9-a5ad-cb243375dbe8,POLICY_APPROVED,14ba9e3e7239ad533dc4e588bf41ebdcaa832240d5d178a77dd346395083d481,product_images/p161_2_1_color-pencil.jpg,CATALOG_EVIDENCE_CROP,image/jpeg,jpg,lihen-product-web,products/592cec37-c446-b6b6-bd4b-995d762fcecc/8cb44158-d2f6-02d9-a5ad-cb243375dbe8/web/14ba9e3e7239ad533dc4e588bf41ebdcaa832240d5d178a77dd346395083d481.jpg,BLOCKED_EVIDENCE_IS_NOT_CANONICAL_ORIGINAL,READY_LINKAGE
39514b38-f90b-4b15-9ac1-0f12d8b1e625,CATV1-P163-R1L,af3cd659-9ec5-b0c8-818f-6840e5fab5b5,84cd45d7-b3ea-1b46-2c5a-eac83697f0b6,POLICY_APPROVED,981426c660aea46393b723c15a4466a0b1c48a555cd9251271214f5d22b32131,product_images/p163_1_1_corrector-majikal.jpg,CATALOG_EVIDENCE_CROP,image/jpeg,jpg,lihen-product-web,products/af3cd659-9ec5-b0c8-818f-6840e5fab5b5/84cd45d7-b3ea-1b46-2c5a-eac83697f0b6/web/981426c660aea46393b723c15a4466a0b1c48a555cd9251271214f5d22b32131.jpg,BLOCKED_EVIDENCE_IS_NOT_CANONICAL_ORIGINAL,READY_LINKAGE
39514b38-f90b-4b15-9ac1-0f12d8b1e625,CATV1-P163-R1R,94a3d7ad-66e9-b68c-fb02-f0fef88732c9,3720a6ee-d71c-9e28-0daa-9b8b9faef364,POLICY_APPROVED,d7aac9156f24e7ed9aa449921417c483157efdd017d289e85d20e51264eec72b,product_images/p163_2_1_rubor-flor.jpg,CATALOG_EVIDENCE_CROP,image/jpeg,jpg,lihen-product-web,products/94a3d7ad-66e9-b68c-fb02-f0fef88732c9/3720a6ee-d71c-9e28-0daa-9b8b9faef364/web/d7aac9156f24e7ed9aa449921417c483157efdd017d289e85d20e51264eec72b.jpg,BLOCKED_EVIDENCE_IS_NOT_CANONICAL_ORIGINAL,READY_LINKAGE
39514b38-f90b-4b15-9ac1-0f12d8b1e625,CATV1-P163-R2L,2a8e80c9-8e9a-1af0-f37a-0c34c8bec73e,c963f0d0-7d02-c7ad-89f8-0e26eac3b254,POLICY_APPROVED,902275f3b4bf5e5ed077dadeb323f75664e682c5be5da6e77fec592929b8e9f8,product_images/p163_1_2_contorno-en-crema.jpg,CATALOG_EVIDENCE_CROP,image/jpeg,jpg,lihen-product-web,products/2a8e80c9-8e9a-1af0-f37a-0c34c8bec73e/c963f0d0-7d02-c7ad-89f8-0e26eac3b254/web/902275f3b4bf5e5ed077dadeb323f75664e682c5be5da6e77fec592929b8e9f8.jpg,BLOCKED_EVIDENCE_IS_NOT_CANONICAL_ORIGINAL,READY_LINKAGE
39514b38-f90b-4b15-9ac1-0f12d8b1e625,CATV1-P163-R2R,c91a4658-4058-1925-50f6-2c08b4fd84db,4c272b87-d485-af6d-a1ec-3a834f91c1a9,POLICY_APPROVED,9d6367a61b6928bbd7931223a38c574b93da2fc1c9c4c3951a4dcd96ed14dc8a,product_images/p163_2_2_paleta-x4-multiusos.jpg,CATALOG_EVIDENCE_CROP,image/jpeg,jpg,lihen-product-web,products/c91a4658-4058-1925-50f6-2c08b4fd84db/4c272b87-d485-af6d-a1ec-3a834f91c1a9/web/9d6367a61b6928bbd7931223a38c574b93da2fc1c9c4c3951a4dcd96ed14dc8a.jpg,BLOCKED_EVIDENCE_IS_NOT_CANONICAL_ORIGINAL,READY_LINKAGE
39514b38-f90b-4b15-9ac1-0f12d8b1e625,CATV1-P163-R3L,c08124dd-626b-8f92-7571-cbe6022eec9e,388613bb-5ce2-e2d1-1efd-1074dc47a572,POLICY_APPROVED,2985b0d6afdacb2aa37f0b93be93f69a7d4061c3c6ab67b91dcbd3fe4cccd939,product_images/p163_1_3_polvo-majikal.jpg,CATALOG_EVIDENCE_CROP,image/jpeg,jpg,lihen-product-web,products/c08124dd-626b-8f92-7571-cbe6022eec9e/388613bb-5ce2-e2d1-1efd-1074dc47a572/web/2985b0d6afdacb2aa37f0b93be93f69a7d4061c3c6ab67b91dcbd3fe4cccd939.jpg,BLOCKED_EVIDENCE_IS_NOT_CANONICAL_ORIGINAL,READY_LINKAGE
39514b38-f90b-4b15-9ac1-0f12d8b1e625,CATV1-P163-R3R,41106aa9-69e2-e115-1c71-7393c934547d,bc84b706-6673-495c-4802-553e66c151be,POLICY_APPROVED,d464cdb3be9912520c1ff85dadec3c6b25078f73a114eb91165e616a49320e61,product_images/p163_2_3_protector-solar.jpg,CATALOG_EVIDENCE_CROP,image/jpeg,jpg,lihen-product-web,products/41106aa9-69e2-e115-1c71-7393c934547d/bc84b706-6673-495c-4802-553e66c151be/web/d464cdb3be9912520c1ff85dadec3c6b25078f73a114eb91165e616a49320e61.jpg,BLOCKED_EVIDENCE_IS_NOT_CANONICAL_ORIGINAL,READY_LINKAGE
39514b38-f90b-4b15-9ac1-0f12d8b1e625,CATV1-P164-R1L,16469e65-6e27-cff6-8aa4-fcea12321ed9,0fd4aaa7-5e79-fb7f-c808-0c630987c8bb,POLICY_APPROVED,514795a74e8a74fb422df9c78812cad91bd5f51301dfc504ad292af887762b12,product_images/p164_1_1_lip-oil-glos-majikal.jpg,CATALOG_EVIDENCE_CROP,image/jpeg,jpg,lihen-product-web,products/16469e65-6e27-cff6-8aa4-fcea12321ed9/0fd4aaa7-5e79-fb7f-c808-0c630987c8bb/web/514795a74e8a74fb422df9c78812cad91bd5f51301dfc504ad292af887762b12.jpg,BLOCKED_EVIDENCE_IS_NOT_CANONICAL_ORIGINAL,READY_LINKAGE
39514b38-f90b-4b15-9ac1-0f12d8b1e625,CATV1-P164-R1R,a75185de-5167-40a2-e890-6bedd28851d8,13629aba-0341-e3fb-52ba-ac53576c9b27,POLICY_APPROVED,2d007dff3e67b95af5878b4b747efe7f3a0067a92efba5e28bcf3a49174d9da2,product_images/p164_2_1_llavero-kiss-majikal.jpg,CATALOG_EVIDENCE_CROP,image/jpeg,jpg,lihen-product-web,products/a75185de-5167-40a2-e890-6bedd28851d8/13629aba-0341-e3fb-52ba-ac53576c9b27/web/2d007dff3e67b95af5878b4b747efe7f3a0067a92efba5e28bcf3a49174d9da2.jpg,BLOCKED_EVIDENCE_IS_NOT_CANONICAL_ORIGINAL,READY_LINKAGE
39514b38-f90b-4b15-9ac1-0f12d8b1e625,CATV1-P164-R2L,bdbd5fd3-5c7f-75f9-95f3-15ec211eb155,b6772933-9a0a-f289-60d3-aa2995f54bd1,POLICY_APPROVED,48885f789000b5b322c4deb33bd0570705d46e571801039c0df313a31fd24b14,product_images/p164_1_2_lapiz-delineado-magico-majikal.jpg,CATALOG_EVIDENCE_CROP,image/jpeg,jpg,lihen-product-web,products/bdbd5fd3-5c7f-75f9-95f3-15ec211eb155/b6772933-9a0a-f289-60d3-aa2995f54bd1/web/48885f789000b5b322c4deb33bd0570705d46e571801039c0df313a31fd24b14.jpg,BLOCKED_EVIDENCE_IS_NOT_CANONICAL_ORIGINAL,READY_LINKAGE
39514b38-f90b-4b15-9ac1-0f12d8b1e625,CATV1-P164-R2R,16329776-43c9-4bc7-02d8-734e13b45e46,ad50f2ce-64b0-f838-b398-36f3f966e04c,POLICY_APPROVED,6d465dd0c011ab7f92c79036f7e198b872e0d1b2332372e43e7404ff8a47cc59,product_images/p164_2_2_mantequilla-majikal.jpg,CATALOG_EVIDENCE_CROP,image/jpeg,jpg,lihen-product-web,products/16329776-43c9-4bc7-02d8-734e13b45e46/ad50f2ce-64b0-f838-b398-36f3f966e04c/web/6d465dd0c011ab7f92c79036f7e198b872e0d1b2332372e43e7404ff8a47cc59.jpg,BLOCKED_EVIDENCE_IS_NOT_CANONICAL_ORIGINAL,READY_LINKAGE
39514b38-f90b-4b15-9ac1-0f12d8b1e625,CATV1-P164-R3L,e1a9d336-2e4d-257d-975d-5bbe5a587faf,aceea1ce-5d01-0a85-7ccb-dbd3c382bff1,HUMAN_APPROVED,2985b0d6afdacb2aa37f0b93be93f69a7d4061c3c6ab67b91dcbd3fe4cccd939,product_images/p164_1_3_polvo-majikal-mini.jpg,CATALOG_EVIDENCE_CROP,image/jpeg,jpg,lihen-product-web,products/e1a9d336-2e4d-257d-975d-5bbe5a587faf/aceea1ce-5d01-0a85-7ccb-dbd3c382bff1/web/2985b0d6afdacb2aa37f0b93be93f69a7d4061c3c6ab67b91dcbd3fe4cccd939.jpg,BLOCKED_EVIDENCE_IS_NOT_CANONICAL_ORIGINAL,READY_LINKAGE
39514b38-f90b-4b15-9ac1-0f12d8b1e625,CATV1-P164-R3R,29790fa7-8eee-202f-4732-ebca915731bf,166cf6fe-c2d6-34a6-c5f0-9e6c91705ff8,HUMAN_APPROVED,d0a44af5f0b532ec3ee256b809c820dcafc3395a363fd78aca128c189116a549,product_images/p164_2_3_polvo-majikal-mini.jpg,CATALOG_EVIDENCE_CROP,image/jpeg,jpg,lihen-product-web,products/29790fa7-8eee-202f-4732-ebca915731bf/166cf6fe-c2d6-34a6-c5f0-9e6c91705ff8/web/d0a44af5f0b532ec3ee256b809c820dcafc3395a363fd78aca128c189116a549.jpg,BLOCKED_EVIDENCE_IS_NOT_CANONICAL_ORIGINAL,READY_LINKAGE
39514b38-f90b-4b15-9ac1-0f12d8b1e625,CATV1-P166-R1L,f2789951-41f9-afa9-6e3a-105f90b8ffe5,1a7e4528-1d86-c028-f6fc-edb24218fc30,POLICY_APPROVED,33204fdb47a34a9257339ecaebd001870ce404e11604475a632d0af50febf2d8,product_images/p166_1_1_fijador-pequeno-naba.jpg,CATALOG_EVIDENCE_CROP,image/jpeg,jpg,lihen-product-web,products/f2789951-41f9-afa9-6e3a-105f90b8ffe5/1a7e4528-1d86-c028-f6fc-edb24218fc30/web/33204fdb47a34a9257339ecaebd001870ce404e11604475a632d0af50febf2d8.jpg,BLOCKED_EVIDENCE_IS_NOT_CANONICAL_ORIGINAL,READY_LINKAGE
39514b38-f90b-4b15-9ac1-0f12d8b1e625,CATV1-P166-R1R,0319098c-8005-8af4-f4c3-d6a66bb00737,bcfad7b4-bffa-71a9-1232-e4ae8a36ec16,POLICY_APPROVED,132154133cb02af333b4dfa27e04653d130f71967f0a818d6ac25be623f0c886,product_images/p166_2_1_fijador-mediano-naba.jpg,CATALOG_EVIDENCE_CROP,image/jpeg,jpg,lihen-product-web,products/0319098c-8005-8af4-f4c3-d6a66bb00737/bcfad7b4-bffa-71a9-1232-e4ae8a36ec16/web/132154133cb02af333b4dfa27e04653d130f71967f0a818d6ac25be623f0c886.jpg,BLOCKED_EVIDENCE_IS_NOT_CANONICAL_ORIGINAL,READY_LINKAGE
39514b38-f90b-4b15-9ac1-0f12d8b1e625,CATV1-P166-R2L,1b39a53f-b851-8dfc-de60-de1135b07e01,4ed06708-a274-ea4a-baf7-0805c8ea7d7f,POLICY_APPROVED,fd7ace1caa36195d1cc67ecb413a14b90ce7236adfeb1bc039a2475a074f1eb6,product_images/p166_1_2_fijador-grande-naba.jpg,CATALOG_EVIDENCE_CROP,image/jpeg,jpg,lihen-product-web,products/1b39a53f-b851-8dfc-de60-de1135b07e01/4ed06708-a274-ea4a-baf7-0805c8ea7d7f/web/fd7ace1caa36195d1cc67ecb413a14b90ce7236adfeb1bc039a2475a074f1eb6.jpg,BLOCKED_EVIDENCE_IS_NOT_CANONICAL_ORIGINAL,READY_LINKAGE
39514b38-f90b-4b15-9ac1-0f12d8b1e625,CATV1-P168-R1L,a69128b3-62e6-df8c-7b5b-4bab43c8a776,7d35c59b-3f44-3cf4-24fe-4b09549d288f,POLICY_APPROVED,c02eee43c392a5be6f01d37ec81cf6b9d0e31d2ae28300ea1a0d5406de0d2ad6,product_images/p168_1_1_rubor-mineralizado.jpg,CATALOG_EVIDENCE_CROP,image/jpeg,jpg,lihen-product-web,products/a69128b3-62e6-df8c-7b5b-4bab43c8a776/7d35c59b-3f44-3cf4-24fe-4b09549d288f/web/c02eee43c392a5be6f01d37ec81cf6b9d0e31d2ae28300ea1a0d5406de0d2ad6.jpg,BLOCKED_EVIDENCE_IS_NOT_CANONICAL_ORIGINAL,READY_LINKAGE
39514b38-f90b-4b15-9ac1-0f12d8b1e625,CATV1-P168-R1R,1477159e-df6a-94fe-1319-6211597e9e74,de153b47-043c-a7b6-9d8d-66baf4f01c83,POLICY_APPROVED,0e8dc83c5078c539e280410d59d747840198666144990b3c20ea2d27c4f29ae3,product_images/p168_2_1_polvos-anik.jpg,CATALOG_EVIDENCE_CROP,image/jpeg,jpg,lihen-product-web,products/1477159e-df6a-94fe-1319-6211597e9e74/de153b47-043c-a7b6-9d8d-66baf4f01c83/web/0e8dc83c5078c539e280410d59d747840198666144990b3c20ea2d27c4f29ae3.jpg,BLOCKED_EVIDENCE_IS_NOT_CANONICAL_ORIGINAL,READY_LINKAGE
39514b38-f90b-4b15-9ac1-0f12d8b1e625,CATV1-P168-R2L,27c0402d-88ee-124e-d3a6-51f19d01087e,22897266-4767-fd25-54e0-45bd89d1fff3,POLICY_APPROVED,23c8fd1ed9393990be4e7f822468987c9c7c617d5b5c2bb8f21d8c753d285595,product_images/p168_1_2_baseanik.jpg,CATALOG_EVIDENCE_CROP,image/jpeg,jpg,lihen-product-web,products/27c0402d-88ee-124e-d3a6-51f19d01087e/22897266-4767-fd25-54e0-45bd89d1fff3/web/23c8fd1ed9393990be4e7f822468987c9c7c617d5b5c2bb8f21d8c753d285595.jpg,BLOCKED_EVIDENCE_IS_NOT_CANONICAL_ORIGINAL,READY_LINKAGE
39514b38-f90b-4b15-9ac1-0f12d8b1e625,CATV1-P168-R2R,5f0e58ce-4da2-2570-d005-6c45f6d18c8a,41bd9e16-9196-cc66-5ce3-5ba882d2e5aa,POLICY_APPROVED,ffe97616b7d317fd86a47f42fbc841386a904179a6f628dc8adbd6838caa9eed,product_images/p168_2_2_iluminador-anik.jpg,CATALOG_EVIDENCE_CROP,image/jpeg,jpg,lihen-product-web,products/5f0e58ce-4da2-2570-d005-6c45f6d18c8a/41bd9e16-9196-cc66-5ce3-5ba882d2e5aa/web/ffe97616b7d317fd86a47f42fbc841386a904179a6f628dc8adbd6838caa9eed.jpg,BLOCKED_EVIDENCE_IS_NOT_CANONICAL_ORIGINAL,READY_LINKAGE
39514b38-f90b-4b15-9ac1-0f12d8b1e625,CATV1-P168-R3L,e0b26641-0bcf-e200-5e7d-9d9cbcd25941,f452aa57-13ee-7a30-9a54-972f9057c99c,POLICY_APPROVED,e77fb7d954a3796c1ca431abae7c63053e2886e6470ae8e86088b8ee4bd93582,product_images/p168_1_3_betun-anik.jpg,CATALOG_EVIDENCE_CROP,image/jpeg,jpg,lihen-product-web,products/e0b26641-0bcf-e200-5e7d-9d9cbcd25941/f452aa57-13ee-7a30-9a54-972f9057c99c/web/e77fb7d954a3796c1ca431abae7c63053e2886e6470ae8e86088b8ee4bd93582.jpg,BLOCKED_EVIDENCE_IS_NOT_CANONICAL_ORIGINAL,READY_LINKAGE
39514b38-f90b-4b15-9ac1-0f12d8b1e625,CATV1-P168-R3R,cf5b6671-ecf4-bf66-aca7-eb3885cf15cf,8ec59f49-27e8-de0c-5cd7-0516af60dfa6,POLICY_APPROVED,b675d841258a0f03890ab2e62978cb8e100fb0a98dc42638095b856e9b5415ba,product_images/p168_2_3_glossanik.jpg,CATALOG_EVIDENCE_CROP,image/jpeg,jpg,lihen-product-web,products/cf5b6671-ecf4-bf66-aca7-eb3885cf15cf/8ec59f49-27e8-de0c-5cd7-0516af60dfa6/web/b675d841258a0f03890ab2e62978cb8e100fb0a98dc42638095b856e9b5415ba.jpg,BLOCKED_EVIDENCE_IS_NOT_CANONICAL_ORIGINAL,READY_LINKAGE
39514b38-f90b-4b15-9ac1-0f12d8b1e625,CATV1-P169-R1L,2e8d74fa-aac5-e67d-d763-6dcb63785d62,b4a7ec52-756d-118d-d4c8-1629181ff88d,POLICY_APPROVED,e7e23648b5a29d73c6369adc0495256710ce77434c665872e34335b2029f696c,product_images/p169_1_1_rubor-bonitaen-polvo.jpg,CATALOG_EVIDENCE_CROP,image/jpeg,jpg,lihen-product-web,products/2e8d74fa-aac5-e67d-d763-6dcb63785d62/b4a7ec52-756d-118d-d4c8-1629181ff88d/web/e7e23648b5a29d73c6369adc0495256710ce77434c665872e34335b2029f696c.jpg,BLOCKED_EVIDENCE_IS_NOT_CANONICAL_ORIGINAL,READY_LINKAGE
39514b38-f90b-4b15-9ac1-0f12d8b1e625,CATV1-P169-R1R,81872368-19ce-e24a-f911-455b2754d683,21d6348c-fd40-edc6-8844-541a2e11d430,POLICY_APPROVED,a0563b3b63d2adb84abadff859ef0641c100915f4993be69fafd831c01522bdb,product_images/p169_2_1_iluminador-radiante-ank.jpg,CATALOG_EVIDENCE_CROP,image/jpeg,jpg,lihen-product-web,products/81872368-19ce-e24a-f911-455b2754d683/21d6348c-fd40-edc6-8844-541a2e11d430/web/a0563b3b63d2adb84abadff859ef0641c100915f4993be69fafd831c01522bdb.jpg,BLOCKED_EVIDENCE_IS_NOT_CANONICAL_ORIGINAL,READY_LINKAGE
39514b38-f90b-4b15-9ac1-0f12d8b1e625,CATV1-P169-R2L,fcfa2b39-8a55-02b0-f12b-deca31f03452,485c33a6-e48d-8e19-12b8-6e7f9eec09eb,POLICY_APPROVED,834c91cd58e9f49690f0d64658d8d65b1fd6bbd864f3938a6dfa7c3c9193f25e,product_images/p169_1_2_ruborbonita.jpg,CATALOG_EVIDENCE_CROP,image/jpeg,jpg,lihen-product-web,products/fcfa2b39-8a55-02b0-f12b-deca31f03452/485c33a6-e48d-8e19-12b8-6e7f9eec09eb/web/834c91cd58e9f49690f0d64658d8d65b1fd6bbd864f3938a6dfa7c3c9193f25e.jpg,BLOCKED_EVIDENCE_IS_NOT_CANONICAL_ORIGINAL,READY_LINKAGE
39514b38-f90b-4b15-9ac1-0f12d8b1e625,CATV1-P169-R2R,cea9c593-6f22-6680-38ca-a1ca856dad6d,f92df4ab-bdc6-409e-e49c-33af7ac36e2b,POLICY_APPROVED,8196b4a5894c97a271e64feb59a97f49b2d52689b177f40ff0020bdfe83e9187,product_images/p169_2_2_corrector-anik-nuevo.jpg,CATALOG_EVIDENCE_CROP,image/jpeg,jpg,lihen-product-web,products/cea9c593-6f22-6680-38ca-a1ca856dad6d/f92df4ab-bdc6-409e-e49c-33af7ac36e2b/web/8196b4a5894c97a271e64feb59a97f49b2d52689b177f40ff0020bdfe83e9187.jpg,BLOCKED_EVIDENCE_IS_NOT_CANONICAL_ORIGINAL,READY_LINKAGE
39514b38-f90b-4b15-9ac1-0f12d8b1e625,CATV1-P169-R3L,2de9de95-0df5-4236-15c1-fa94dec7cdbb,f3a271a2-451d-c735-3cbf-785865bd5cf8,POLICY_APPROVED,1e4b3cd919aee549d94a65cc0ee9e3b01816527d5f9265e7e4527d7d1b6f033f,product_images/p169_1_3_pestanina-anik-solo-rosada.jpg,CATALOG_EVIDENCE_CROP,image/jpeg,jpg,lihen-product-web,products/2de9de95-0df5-4236-15c1-fa94dec7cdbb/f3a271a2-451d-c735-3cbf-785865bd5cf8/web/1e4b3cd919aee549d94a65cc0ee9e3b01816527d5f9265e7e4527d7d1b6f033f.jpg,BLOCKED_EVIDENCE_IS_NOT_CANONICAL_ORIGINAL,READY_LINKAGE
39514b38-f90b-4b15-9ac1-0f12d8b1e625,CATV1-P169-R3R,260ba260-382c-9d1d-d2aa-041f37e22992,bbf3633c-f4ff-97b8-d98b-365dd9a23458,POLICY_APPROVED,4d80c0a2dc57d84443e46c4c73056d53ae59c7606164013ea5f582fa17a13a70,product_images/p169_2_3_pestanina-anik-cafe.jpg,CATALOG_EVIDENCE_CROP,image/jpeg,jpg,lihen-product-web,products/260ba260-382c-9d1d-d2aa-041f37e22992/bbf3633c-f4ff-97b8-d98b-365dd9a23458/web/4d80c0a2dc57d84443e46c4c73056d53ae59c7606164013ea5f582fa17a13a70.jpg,BLOCKED_EVIDENCE_IS_NOT_CANONICAL_ORIGINAL,READY_LINKAGE
39514b38-f90b-4b15-9ac1-0f12d8b1e625,CATV1-P170-R1L,45f3eaf0-d501-6387-7c8e-64610e68fb6e,570eda8f-fa10-22d2-86de-46a7226ed8fd,POLICY_APPROVED,779a1383e031079b4ec6dee46daa4157062d8b4cf92a74bfc9c152b8fe85c8e1,product_images/p170_1_1_contorno-anik.jpg,CATALOG_EVIDENCE_CROP,image/jpeg,jpg,lihen-product-web,products/45f3eaf0-d501-6387-7c8e-64610e68fb6e/570eda8f-fa10-22d2-86de-46a7226ed8fd/web/779a1383e031079b4ec6dee46daa4157062d8b4cf92a74bfc9c152b8fe85c8e1.jpg,BLOCKED_EVIDENCE_IS_NOT_CANONICAL_ORIGINAL,READY_LINKAGE
39514b38-f90b-4b15-9ac1-0f12d8b1e625,CATV1-P170-R1R,d4acab40-f1e8-c2cc-6df7-be9b3ef91a0d,5da2bce2-8ea4-2933-f0c1-50a4adf29642,POLICY_APPROVED,d281bcdb2db1f718440557ceb0a89127c4ad2286349be56c0456391c40e0fb02,product_images/p170_2_1_iluminador-en-crema.jpg,CATALOG_EVIDENCE_CROP,image/jpeg,jpg,lihen-product-web,products/d4acab40-f1e8-c2cc-6df7-be9b3ef91a0d/5da2bce2-8ea4-2933-f0c1-50a4adf29642/web/d281bcdb2db1f718440557ceb0a89127c4ad2286349be56c0456391c40e0fb02.jpg,BLOCKED_EVIDENCE_IS_NOT_CANONICAL_ORIGINAL,READY_LINKAGE
39514b38-f90b-4b15-9ac1-0f12d8b1e625,CATV1-P170-R2L,f6fdd3ad-d063-f134-05d3-b85f08d5ab0b,4b6c3757-71cb-fc44-47e2-b3e1c4302b68,POLICY_APPROVED,2b1681d1cac20b886ac9b3439d620a9664fb80eda8cbc2b8560ce8d810a4f452,product_images/p170_1_2_lapiiz-anik-4-tonos.jpg,CATALOG_EVIDENCE_CROP,image/jpeg,jpg,lihen-product-web,products/f6fdd3ad-d063-f134-05d3-b85f08d5ab0b/4b6c3757-71cb-fc44-47e2-b3e1c4302b68/web/2b1681d1cac20b886ac9b3439d620a9664fb80eda8cbc2b8560ce8d810a4f452.jpg,BLOCKED_EVIDENCE_IS_NOT_CANONICAL_ORIGINAL,READY_LINKAGE
39514b38-f90b-4b15-9ac1-0f12d8b1e625,CATV1-P170-R2R,85080013-fb0a-9248-f46c-89b1f6dc7b60,7faf1f14-d6ae-3e15-47a5-cc038f819246,POLICY_APPROVED,c18a7585eeb630c2063afd51cb02290564153373bb15adc5bddeadd18480cbf4,product_images/p170_2_2_lapiz-de-cejas-anik.jpg,CATALOG_EVIDENCE_CROP,image/jpeg,jpg,lihen-product-web,products/85080013-fb0a-9248-f46c-89b1f6dc7b60/7faf1f14-d6ae-3e15-47a5-cc038f819246/web/c18a7585eeb630c2063afd51cb02290564153373bb15adc5bddeadd18480cbf4.jpg,BLOCKED_EVIDENCE_IS_NOT_CANONICAL_ORIGINAL,READY_LINKAGE
39514b38-f90b-4b15-9ac1-0f12d8b1e625,CATV1-P170-R3L,cb3348a5-08b7-b64d-a2e2-d953665b5d62,b89bf9a1-9b94-7164-f4ca-ae7417451719,POLICY_APPROVED,a573fe35d63cb5c647ccc4aa552c9f9d0df88deca9f434331e575a9b5c93cd30,product_images/p170_1_3_lip-balm-anik.jpg,CATALOG_EVIDENCE_CROP,image/jpeg,jpg,lihen-product-web,products/cb3348a5-08b7-b64d-a2e2-d953665b5d62/b89bf9a1-9b94-7164-f4ca-ae7417451719/web/a573fe35d63cb5c647ccc4aa552c9f9d0df88deca9f434331e575a9b5c93cd30.jpg,BLOCKED_EVIDENCE_IS_NOT_CANONICAL_ORIGINAL,READY_LINKAGE
39514b38-f90b-4b15-9ac1-0f12d8b1e625,CATV1-P170-R3R,3a276b32-8693-37ba-c956-bb7b4532ef69,c6a45019-5238-6d2a-83b8-0dc3892acec0,POLICY_APPROVED,069ea66dbf842cbf2a1611b61a97e859c4a384953bde6423dd89eeeb484fb5ae,product_images/p170_2_3_pestanina-brow-paradise.jpg,CATALOG_EVIDENCE_CROP,image/jpeg,jpg,lihen-product-web,products/3a276b32-8693-37ba-c956-bb7b4532ef69/c6a45019-5238-6d2a-83b8-0dc3892acec0/web/069ea66dbf842cbf2a1611b61a97e859c4a384953bde6423dd89eeeb484fb5ae.jpg,BLOCKED_EVIDENCE_IS_NOT_CANONICAL_ORIGINAL,READY_LINKAGE
39514b38-f90b-4b15-9ac1-0f12d8b1e625,CATV1-P171-R1L,643831e6-2fce-6091-b92a-9f5edf84141d,8f4e1fd5-bac3-95d8-8068-798337cddfd5,POLICY_APPROVED,89d5c1cbc73f84d5d2076a8258e2fd0b9d4dd942aaccbd7b9b062ba94d36addb,product_images/p171_1_1_rubor-serum-anik.jpg,CATALOG_EVIDENCE_CROP,image/jpeg,jpg,lihen-product-web,products/643831e6-2fce-6091-b92a-9f5edf84141d/8f4e1fd5-bac3-95d8-8068-798337cddfd5/web/89d5c1cbc73f84d5d2076a8258e2fd0b9d4dd942aaccbd7b9b062ba94d36addb.jpg,BLOCKED_EVIDENCE_IS_NOT_CANONICAL_ORIGINAL,READY_LINKAGE
39514b38-f90b-4b15-9ac1-0f12d8b1e625,CATV1-P171-R1R,32bc09b8-cb7a-d515-e770-084091d7f8d9,b27e87e2-477f-4874-8fb8-ca57de829ab3,POLICY_APPROVED,90af0470dac793ecc60eac0a8f470917f06b2c4027b7c6da87c6efd6a4d873bf,product_images/p171_2_1_brocha-iconi-k.jpg,CATALOG_EVIDENCE_CROP,image/jpeg,jpg,lihen-product-web,products/32bc09b8-cb7a-d515-e770-084091d7f8d9/b27e87e2-477f-4874-8fb8-ca57de829ab3/web/90af0470dac793ecc60eac0a8f470917f06b2c4027b7c6da87c6efd6a4d873bf.jpg,BLOCKED_EVIDENCE_IS_NOT_CANONICAL_ORIGINAL,READY_LINKAGE
39514b38-f90b-4b15-9ac1-0f12d8b1e625,CATV1-P171-R2L,014badea-f98e-76fa-5a2e-996576f665b8,4ac68fe5-f94a-7825-a3db-2b9d200dfb85,HUMAN_APPROVED,1bcadcf41ccaec5494a550cd62a6cbdd6e7b24a1615ebd5e17b4e2241e040f27,product_images/p171_1_2_gel-cejas-aniik.jpg,CATALOG_EVIDENCE_CROP,image/jpeg,jpg,lihen-product-web,products/014badea-f98e-76fa-5a2e-996576f665b8/4ac68fe5-f94a-7825-a3db-2b9d200dfb85/web/1bcadcf41ccaec5494a550cd62a6cbdd6e7b24a1615ebd5e17b4e2241e040f27.jpg,BLOCKED_EVIDENCE_IS_NOT_CANONICAL_ORIGINAL,READY_LINKAGE
39514b38-f90b-4b15-9ac1-0f12d8b1e625,CATV1-P173-R1L,ee4a18d2-e0c0-a676-14fb-86fdd5696899,d107a5b0-c384-de05-72cd-29d6fa663783,POLICY_APPROVED,6ec601d308172157fa0a604a858cbb25b58d7aa1351db1b891f17e6ab438307c,product_images/p173_1_1_corrector-flawles.jpg,CATALOG_EVIDENCE_CROP,image/jpeg,jpg,lihen-product-web,products/ee4a18d2-e0c0-a676-14fb-86fdd5696899/d107a5b0-c384-de05-72cd-29d6fa663783/web/6ec601d308172157fa0a604a858cbb25b58d7aa1351db1b891f17e6ab438307c.jpg,BLOCKED_EVIDENCE_IS_NOT_CANONICAL_ORIGINAL,READY_LINKAGE
39514b38-f90b-4b15-9ac1-0f12d8b1e625,CATV1-P173-R1R,4ced334a-e418-8a61-4a6a-5864999f89a0,fa216aa1-b0d5-94e5-e3dd-e2c3019f9c45,POLICY_APPROVED,3640235c5e639acd4ffa3b9aca5841a922ac34c46031288c8092faf115d5342b,product_images/p173_2_1_gel-melu-nuevo.jpg,CATALOG_EVIDENCE_CROP,image/jpeg,jpg,lihen-product-web,products/4ced334a-e418-8a61-4a6a-5864999f89a0/fa216aa1-b0d5-94e5-e3dd-e2c3019f9c45/web/3640235c5e639acd4ffa3b9aca5841a922ac34c46031288c8092faf115d5342b.jpg,BLOCKED_EVIDENCE_IS_NOT_CANONICAL_ORIGINAL,READY_LINKAGE
39514b38-f90b-4b15-9ac1-0f12d8b1e625,CATV1-P173-R2L,56ec74e4-635f-02a7-2784-d68d689a8d00,d70480fc-51eb-6f33-de06-3b49e3e50b19,POLICY_APPROVED,e29fdf23e718f16d6547ef012dde65c2abeae31758dddbed22eafb8c6ea5da32,product_images/p173_1_2_jabon-de-cejas-melu.jpg,CATALOG_EVIDENCE_CROP,image/jpeg,jpg,lihen-product-web,products/56ec74e4-635f-02a7-2784-d68d689a8d00/d70480fc-51eb-6f33-de06-3b49e3e50b19/web/e29fdf23e718f16d6547ef012dde65c2abeae31758dddbed22eafb8c6ea5da32.jpg,BLOCKED_EVIDENCE_IS_NOT_CANONICAL_ORIGINAL,READY_LINKAGE
39514b38-f90b-4b15-9ac1-0f12d8b1e625,CATV1-P173-R2R,3ec9b32a-c382-f4ad-49f6-62009a2cfd34,74256d6c-6fa7-8f11-6778-6bffa97354f1,POLICY_APPROVED,dc3623bd3a7c7505599ce98673106f34c8551c4f10f15448dcc5af6cc535949f,product_images/p173_2_2_lip-oil.jpg,CATALOG_EVIDENCE_CROP,image/jpeg,jpg,lihen-product-web,products/3ec9b32a-c382-f4ad-49f6-62009a2cfd34/74256d6c-6fa7-8f11-6778-6bffa97354f1/web/dc3623bd3a7c7505599ce98673106f34c8551c4f10f15448dcc5af6cc535949f.jpg,BLOCKED_EVIDENCE_IS_NOT_CANONICAL_ORIGINAL,READY_LINKAGE
39514b38-f90b-4b15-9ac1-0f12d8b1e625,CATV1-P173-R3L,6faaa869-8c6c-8401-3e7e-7e8d93cb9fca,f1e2e70e-b7da-1dfb-b904-79235d5da331,POLICY_APPROVED,5dd0c45244d21f768a131989a55f765ef878cf393b24f5702130ab2460f4fae7,product_images/p173_1_3_lapiz-retractil-negro.jpg,CATALOG_EVIDENCE_CROP,image/jpeg,jpg,lihen-product-web,products/6faaa869-8c6c-8401-3e7e-7e8d93cb9fca/f1e2e70e-b7da-1dfb-b904-79235d5da331/web/5dd0c45244d21f768a131989a55f765ef878cf393b24f5702130ab2460f4fae7.jpg,BLOCKED_EVIDENCE_IS_NOT_CANONICAL_ORIGINAL,READY_LINKAGE
39514b38-f90b-4b15-9ac1-0f12d8b1e625,CATV1-P175-R1L,59e51170-0fe4-07aa-4ca2-c9656d39fe8c,e8229ac2-f54e-0b75-21d1-9cd30d3edeb1,POLICY_APPROVED,3f4f01c90a3283ad8853edc22d948079b1096434017ff5f17ab185aca71af25c,product_images/p175_1_1_base-2-en-1.jpg,CATALOG_EVIDENCE_CROP,image/jpeg,jpg,lihen-product-web,products/59e51170-0fe4-07aa-4ca2-c9656d39fe8c/e8229ac2-f54e-0b75-21d1-9cd30d3edeb1/web/3f4f01c90a3283ad8853edc22d948079b1096434017ff5f17ab185aca71af25c.jpg,BLOCKED_EVIDENCE_IS_NOT_CANONICAL_ORIGINAL,READY_LINKAGE
39514b38-f90b-4b15-9ac1-0f12d8b1e625,CATV1-P175-R1R,ed5219ce-0c86-7ae6-80a4-25a6fc7503d7,e687ee80-42cf-482b-8643-cfccbb9734ff,HUMAN_APPROVED,47c1bc8c78d8d80eece61821b01162e4e3e5b61547e548be1f4a09aa44b30719,product_images/p175_2_1_delineador.jpg,CATALOG_EVIDENCE_CROP,image/jpeg,jpg,lihen-product-web,products/ed5219ce-0c86-7ae6-80a4-25a6fc7503d7/e687ee80-42cf-482b-8643-cfccbb9734ff/web/47c1bc8c78d8d80eece61821b01162e4e3e5b61547e548be1f4a09aa44b30719.jpg,BLOCKED_EVIDENCE_IS_NOT_CANONICAL_ORIGINAL,READY_LINKAGE
39514b38-f90b-4b15-9ac1-0f12d8b1e625,CATV1-P175-R2L,05bda15e-3730-3ffd-b849-efe4ede22736,26e222b7-0f8d-1238-8885-98b1d8911632,POLICY_APPROVED,2b331fcd8a7c2adb37cede8043cd79bba95962c9654a8e564262c254074bd9ce,product_images/p175_1_2_borla-terciopelo.jpg,CATALOG_EVIDENCE_CROP,image/jpeg,jpg,lihen-product-web,products/05bda15e-3730-3ffd-b849-efe4ede22736/26e222b7-0f8d-1238-8885-98b1d8911632/web/2b331fcd8a7c2adb37cede8043cd79bba95962c9654a8e564262c254074bd9ce.jpg,BLOCKED_EVIDENCE_IS_NOT_CANONICAL_ORIGINAL,READY_LINKAGE
39514b38-f90b-4b15-9ac1-0f12d8b1e625,CATV1-P175-R2R,ef2df1a2-3588-0010-e63c-4c9913bbc0d5,26925881-ac69-06fa-2a5d-41c90d9d3ef1,POLICY_APPROVED,3c13fd580d72d490864e8649161f46d01f2a2f53c22dbfdc345da0babf802c70,product_images/p175_2_2_deademareno.jpg,CATALOG_EVIDENCE_CROP,image/jpeg,jpg,lihen-product-web,products/ef2df1a2-3588-0010-e63c-4c9913bbc0d5/26925881-ac69-06fa-2a5d-41c90d9d3ef1/web/3c13fd580d72d490864e8649161f46d01f2a2f53c22dbfdc345da0babf802c70.jpg,BLOCKED_EVIDENCE_IS_NOT_CANONICAL_ORIGINAL,READY_LINKAGE
39514b38-f90b-4b15-9ac1-0f12d8b1e625,CATV1-P176-R1L,c075d8de-d473-ac53-9984-ee70a52a6730,ab99a446-fc7a-e39d-158c-83a21c803969,POLICY_APPROVED,bf27b07fc1105840ffe00477311c31003eadbcaf61206365264663d259e3e714,product_images/p176_1_1_polvo-compacto-y-polvo-solo-tono-rosado.jpg,CATALOG_EVIDENCE_CROP,image/jpeg,jpg,lihen-product-web,products/c075d8de-d473-ac53-9984-ee70a52a6730/ab99a446-fc7a-e39d-158c-83a21c803969/web/bf27b07fc1105840ffe00477311c31003eadbcaf61206365264663d259e3e714.jpg,BLOCKED_EVIDENCE_IS_NOT_CANONICAL_ORIGINAL,READY_LINKAGE
39514b38-f90b-4b15-9ac1-0f12d8b1e625,CATV1-P176-R1R,6a8636f0-c495-b73b-db45-4a14c5eaeda7,ebac4734-d3c0-85e6-29c1-88515d299641,POLICY_APPROVED,d46ce4094e8225b9631d5d3cf297e91c06073bc8a52555902bc36cdfb010d690,product_images/p176_2_1_borla-individual.jpg,CATALOG_EVIDENCE_CROP,image/jpeg,jpg,lihen-product-web,products/6a8636f0-c495-b73b-db45-4a14c5eaeda7/ebac4734-d3c0-85e6-29c1-88515d299641/web/d46ce4094e8225b9631d5d3cf297e91c06073bc8a52555902bc36cdfb010d690.jpg,BLOCKED_EVIDENCE_IS_NOT_CANONICAL_ORIGINAL,READY_LINKAGE
39514b38-f90b-4b15-9ac1-0f12d8b1e625,CATV1-P176-R2R,5fe8d836-fd3d-e08e-c4c5-c0ab6c4f071c,71bde7a4-4ecc-0af2-9251-03e9cf864278,POLICY_APPROVED,c1bb337654ed1d1c0298d116a81386fb592aed1652ee6eea1d8e00d8c64818e3,product_images/p176_2_2_rubor-3-tonos-5.jpg,CATALOG_EVIDENCE_CROP,image/jpeg,jpg,lihen-product-web,products/5fe8d836-fd3d-e08e-c4c5-c0ab6c4f071c/71bde7a4-4ecc-0af2-9251-03e9cf864278/web/c1bb337654ed1d1c0298d116a81386fb592aed1652ee6eea1d8e00d8c64818e3.jpg,BLOCKED_EVIDENCE_IS_NOT_CANONICAL_ORIGINAL,READY_LINKAGE
39514b38-f90b-4b15-9ac1-0f12d8b1e625,CATV1-P176-R3L,719a5d48-3fc1-7589-a0be-48614edcff69,d364176a-dae4-069f-ebe5-1fcc2eb922ae,HUMAN_APPROVED,221e66a65b7360e216f08f39571dd07314dd6b6b052f419144a0b8fc19bf61ec,product_images/p176_1_3_deademaosobrillo.jpg,CATALOG_EVIDENCE_CROP,image/jpeg,jpg,lihen-product-web,products/719a5d48-3fc1-7589-a0be-48614edcff69/d364176a-dae4-069f-ebe5-1fcc2eb922ae/web/221e66a65b7360e216f08f39571dd07314dd6b6b052f419144a0b8fc19bf61ec.jpg,BLOCKED_EVIDENCE_IS_NOT_CANONICAL_ORIGINAL,READY_LINKAGE
39514b38-f90b-4b15-9ac1-0f12d8b1e625,CATV1-P177-R1L,9c0f592d-964d-cb8e-9bbe-2e1a29d56d71,78fb0749-d1c1-e5f1-2179-03bf0249d1b1,POLICY_APPROVED,19ebe266b658c6ce2b6c6b71bdc4359d9505f970c5a0e2c3ccd53179c5e32972,product_images/p177_1_1_repuestos-encrespador.jpg,CATALOG_EVIDENCE_CROP,image/jpeg,jpg,lihen-product-web,products/9c0f592d-964d-cb8e-9bbe-2e1a29d56d71/78fb0749-d1c1-e5f1-2179-03bf0249d1b1/web/19ebe266b658c6ce2b6c6b71bdc4359d9505f970c5a0e2c3ccd53179c5e32972.jpg,BLOCKED_EVIDENCE_IS_NOT_CANONICAL_ORIGINAL,READY_LINKAGE
39514b38-f90b-4b15-9ac1-0f12d8b1e625,CATV1-P177-R1R,d6456ca3-5284-4dd5-5718-0639c7e553be,932eb1bc-c449-2e35-6ee9-0818bc312da9,POLICY_APPROVED,7a032db666379fdb9783d644bb347ca6f7ee28df44a8b146665a34e6de314719,product_images/p177_2_1_bloomlipparrty.jpg,CATALOG_EVIDENCE_CROP,image/jpeg,jpg,lihen-product-web,products/d6456ca3-5284-4dd5-5718-0639c7e553be/932eb1bc-c449-2e35-6ee9-0818bc312da9/web/7a032db666379fdb9783d644bb347ca6f7ee28df44a8b146665a34e6de314719.jpg,BLOCKED_EVIDENCE_IS_NOT_CANONICAL_ORIGINAL,READY_LINKAGE
39514b38-f90b-4b15-9ac1-0f12d8b1e625,CATV1-P177-R2L,345aebc5-3dd2-505d-7388-f1ee18ba3f4e,4d03168e-af59-7392-3695-ebbd65b1fd21,POLICY_APPROVED,492b6f9c92811d18ac4462e716f64166efae6786dc56b0b8dfa37d2c173898fa,product_images/p177_1_2_polvo-traslucido-grande-blanco.jpg,CATALOG_EVIDENCE_CROP,image/jpeg,jpg,lihen-product-web,products/345aebc5-3dd2-505d-7388-f1ee18ba3f4e/4d03168e-af59-7392-3695-ebbd65b1fd21/web/492b6f9c92811d18ac4462e716f64166efae6786dc56b0b8dfa37d2c173898fa.jpg,BLOCKED_EVIDENCE_IS_NOT_CANONICAL_ORIGINAL,READY_LINKAGE
39514b38-f90b-4b15-9ac1-0f12d8b1e625,CATV1-P177-R2R,dc2f7f5e-d5a3-b992-4fc6-7d08e5e16f4d,571e8301-de00-dad9-365f-c71e01ddb4e5,POLICY_APPROVED,524317291955c72caf52ae4e9b53005bfe4c53b9872d64e383e5ac32546d598a,product_images/p177_2_2_rubor-x3-pregunta-los-to.jpg,CATALOG_EVIDENCE_CROP,image/jpeg,jpg,lihen-product-web,products/dc2f7f5e-d5a3-b992-4fc6-7d08e5e16f4d/571e8301-de00-dad9-365f-c71e01ddb4e5/web/524317291955c72caf52ae4e9b53005bfe4c53b9872d64e383e5ac32546d598a.jpg,BLOCKED_EVIDENCE_IS_NOT_CANONICAL_ORIGINAL,READY_LINKAGE
39514b38-f90b-4b15-9ac1-0f12d8b1e625,CATV1-P177-R3L,7bacb55f-2554-751c-6337-5a01ba76c293,25ce3fb1-9cd9-e679-b125-c90732a5a3ae,POLICY_APPROVED,dea53b30c83e24e10c2856fb5a71f319d7a3fe4705e0456df5450bc55769fe49,product_images/p177_1_3_base-en-barra-tonos.jpg,CATALOG_EVIDENCE_CROP,image/jpeg,jpg,lihen-product-web,products/7bacb55f-2554-751c-6337-5a01ba76c293/25ce3fb1-9cd9-e679-b125-c90732a5a3ae/web/dea53b30c83e24e10c2856fb5a71f319d7a3fe4705e0456df5450bc55769fe49.jpg,BLOCKED_EVIDENCE_IS_NOT_CANONICAL_ORIGINAL,READY_LINKAGE
39514b38-f90b-4b15-9ac1-0f12d8b1e625,CATV1-P177-R3R,f343dc05-f2b0-8cc1-a483-93616d2ed9cb,7faa4767-74db-f842-45e1-86aafbf9acd8,POLICY_APPROVED,6e4e7489e99b3238f60535877deee12c22e2955c5a2d7c6a5f9cb33715037411,product_images/p177_2_3_brocha-mofeta-bloom.jpg,CATALOG_EVIDENCE_CROP,image/jpeg,jpg,lihen-product-web,products/f343dc05-f2b0-8cc1-a483-93616d2ed9cb/7faa4767-74db-f842-45e1-86aafbf9acd8/web/6e4e7489e99b3238f60535877deee12c22e2955c5a2d7c6a5f9cb33715037411.jpg,BLOCKED_EVIDENCE_IS_NOT_CANONICAL_ORIGINAL,READY_LINKAGE
39514b38-f90b-4b15-9ac1-0f12d8b1e625,CATV1-P178-R1L,5c9a7cef-57ca-1928-29fe-c659dd48497b,33a7b410-404f-d509-afed-80e5e0a4ee2c,POLICY_APPROVED,87e54654b8c649c983c57986beed1cb48fb390ed152bec6f115fa8a006a68770,product_images/p178_1_1_pestaorgnicas-madelyn.jpg,CATALOG_EVIDENCE_CROP,image/jpeg,jpg,lihen-product-web,products/5c9a7cef-57ca-1928-29fe-c659dd48497b/33a7b410-404f-d509-afed-80e5e0a4ee2c/web/87e54654b8c649c983c57986beed1cb48fb390ed152bec6f115fa8a006a68770.jpg,BLOCKED_EVIDENCE_IS_NOT_CANONICAL_ORIGINAL,READY_LINKAGE
39514b38-f90b-4b15-9ac1-0f12d8b1e625,CATV1-P178-R1R,39c2dcb0-923c-1922-fdda-cdfcf8814028,1e76c9fe-f8ee-0fdd-3e3a-569ff8e314c7,POLICY_APPROVED,21a69c8b7e54dfde899052622bf4426b4cd75c525ad5f3bcb34ac283f96e4d7d,product_images/p178_2_1_peloapelo.jpg,CATALOG_EVIDENCE_CROP,image/jpeg,jpg,lihen-product-web,products/39c2dcb0-923c-1922-fdda-cdfcf8814028/1e76c9fe-f8ee-0fdd-3e3a-569ff8e314c7/web/21a69c8b7e54dfde899052622bf4426b4cd75c525ad5f3bcb34ac283f96e4d7d.jpg,BLOCKED_EVIDENCE_IS_NOT_CANONICAL_ORIGINAL,READY_LINKAGE
39514b38-f90b-4b15-9ac1-0f12d8b1e625,CATV1-P178-R2L,104b514a-51a0-3e39-b774-3eb4fd0fd013,b97c8f24-492a-bf23-5a8e-756336ae5da4,POLICY_APPROVED,70b5bee282bcf43b77e5abb25b91fab69bccbb3f3d56c078bcd67ee47a41a8a9,product_images/p178_1_2_pestanas-enteras.jpg,CATALOG_EVIDENCE_CROP,image/jpeg,jpg,lihen-product-web,products/104b514a-51a0-3e39-b774-3eb4fd0fd013/b97c8f24-492a-bf23-5a8e-756336ae5da4/web/70b5bee282bcf43b77e5abb25b91fab69bccbb3f3d56c078bcd67ee47a41a8a9.jpg,BLOCKED_EVIDENCE_IS_NOT_CANONICAL_ORIGINAL,READY_LINKAGE
39514b38-f90b-4b15-9ac1-0f12d8b1e625,CATV1-P178-R2R,03b7f665-7f8a-98ea-f330-6dfec1a147ed,00fb51b9-a998-988b-e539-203324839b92,POLICY_APPROVED,3eadf0516e25a1b8ec52788d6f7d90d8d981d4436dce4c29cfe74accadeaacd1,product_images/p178_2_2_aplicador-de-pestanina.jpg,CATALOG_EVIDENCE_CROP,image/jpeg,jpg,lihen-product-web,products/03b7f665-7f8a-98ea-f330-6dfec1a147ed/00fb51b9-a998-988b-e539-203324839b92/web/3eadf0516e25a1b8ec52788d6f7d90d8d981d4436dce4c29cfe74accadeaacd1.jpg,BLOCKED_EVIDENCE_IS_NOT_CANONICAL_ORIGINAL,READY_LINKAGE
39514b38-f90b-4b15-9ac1-0f12d8b1e625,CATV1-P178-R3L,1b167a10-e981-301a-30e4-914853e1f370,87a9eb50-a6b8-1e3a-ac7c-9d502222ac12,POLICY_APPROVED,90c03496ca5310a42c66e92e72ba45dfb6a96a0956cf362031d69945c3cc646a,product_images/p178_1_3_borlabig-negra.jpg,CATALOG_EVIDENCE_CROP,image/jpeg,jpg,lihen-product-web,products/1b167a10-e981-301a-30e4-914853e1f370/87a9eb50-a6b8-1e3a-ac7c-9d502222ac12/web/90c03496ca5310a42c66e92e72ba45dfb6a96a0956cf362031d69945c3cc646a.jpg,BLOCKED_EVIDENCE_IS_NOT_CANONICAL_ORIGINAL,READY_LINKAGE
39514b38-f90b-4b15-9ac1-0f12d8b1e625,CATV1-P178-R3R,f30b2823-7e1f-c9e5-1877-070cd114e1ee,636682f8-ad89-8afe-573d-acee4126c1c0,POLICY_APPROVED,ded4b07cf644d964a5d2cf963f7f59ea879edbd536f28f6060aa315211a36796,product_images/p178_2_3_brocha-silicona.jpg,CATALOG_EVIDENCE_CROP,image/jpeg,jpg,lihen-product-web,products/f30b2823-7e1f-c9e5-1877-070cd114e1ee/636682f8-ad89-8afe-573d-acee4126c1c0/web/ded4b07cf644d964a5d2cf963f7f59ea879edbd536f28f6060aa315211a36796.jpg,BLOCKED_EVIDENCE_IS_NOT_CANONICAL_ORIGINAL,READY_LINKAGE
39514b38-f90b-4b15-9ac1-0f12d8b1e625,CATV1-P179-R1L,4466703e-f8b3-47de-2306-376ad0aca3e5,efce0f11-595a-1a8d-e4d3-6b20b0c338f4,POLICY_APPROVED,4d8d406cc7d75a4aedba291207ac52320562f25b4ec72cb160d243c619237a7f,product_images/p179_1_1_polvo-pink-bloom.jpg,CATALOG_EVIDENCE_CROP,image/jpeg,jpg,lihen-product-web,products/4466703e-f8b3-47de-2306-376ad0aca3e5/efce0f11-595a-1a8d-e4d3-6b20b0c338f4/web/4d8d406cc7d75a4aedba291207ac52320562f25b4ec72cb160d243c619237a7f.jpg,BLOCKED_EVIDENCE_IS_NOT_CANONICAL_ORIGINAL,READY_LINKAGE
39514b38-f90b-4b15-9ac1-0f12d8b1e625,CATV1-P179-R1R,56252f2b-3c36-f7d7-740a-dd217e970690,c107059c-7e82-3431-acd3-1524be0a6117,POLICY_APPROVED,2ee030d82de330a7a1222886dafaaaf1776a1f6d8e5e7b02898ba8173722c4ec,product_images/p179_2_1_lapiz-de-labios-todos-los-tonos.jpg,CATALOG_EVIDENCE_CROP,image/jpeg,jpg,lihen-product-web,products/56252f2b-3c36-f7d7-740a-dd217e970690/c107059c-7e82-3431-acd3-1524be0a6117/web/2ee030d82de330a7a1222886dafaaaf1776a1f6d8e5e7b02898ba8173722c4ec.jpg,BLOCKED_EVIDENCE_IS_NOT_CANONICAL_ORIGINAL,READY_LINKAGE
39514b38-f90b-4b15-9ac1-0f12d8b1e625,CATV1-P179-R2L,7a77866d-f7a1-c5ed-c15b-09e42e32d326,742f8336-4a8e-7628-7586-e049634a9a8f,POLICY_APPROVED,3908a89117bcb17a1b10d6726eb18fcd53b1590e5b6b3d1518afad259b9df825,product_images/p179_1_2_lip-cream-bloom.jpg,CATALOG_EVIDENCE_CROP,image/jpeg,jpg,lihen-product-web,products/7a77866d-f7a1-c5ed-c15b-09e42e32d326/742f8336-4a8e-7628-7586-e049634a9a8f/web/3908a89117bcb17a1b10d6726eb18fcd53b1590e5b6b3d1518afad259b9df825.jpg,BLOCKED_EVIDENCE_IS_NOT_CANONICAL_ORIGINAL,READY_LINKAGE
39514b38-f90b-4b15-9ac1-0f12d8b1e625,CATV1-P179-R2R,5305e774-64ff-1e62-134b-7cfdb36dafcb,c6f0badf-6797-74fc-b693-5d2de8a20e19,POLICY_APPROVED,60aebd7a7a0aba1874669650b4e2d694bd5f4100968ae04a0e9e1f8e1d2b150a,product_images/p179_2_2_juicy-gloss.jpg,CATALOG_EVIDENCE_CROP,image/jpeg,jpg,lihen-product-web,products/5305e774-64ff-1e62-134b-7cfdb36dafcb/c6f0badf-6797-74fc-b693-5d2de8a20e19/web/60aebd7a7a0aba1874669650b4e2d694bd5f4100968ae04a0e9e1f8e1d2b150a.jpg,BLOCKED_EVIDENCE_IS_NOT_CANONICAL_ORIGINAL,READY_LINKAGE
39514b38-f90b-4b15-9ac1-0f12d8b1e625,CATV1-P179-R3L,e645f19b-ec74-9e33-c045-efbc06b04cee,370791d9-9c17-a6f7-f6ba-dc43436a7961,POLICY_APPROVED,cb419011d3e136a4e411d418851ceb32d863a07e35afb354ff91bc80694d97b9,product_images/p179_1_3_bloom-love.jpg,CATALOG_EVIDENCE_CROP,image/jpeg,jpg,lihen-product-web,products/e645f19b-ec74-9e33-c045-efbc06b04cee/370791d9-9c17-a6f7-f6ba-dc43436a7961/web/cb419011d3e136a4e411d418851ceb32d863a07e35afb354ff91bc80694d97b9.jpg,BLOCKED_EVIDENCE_IS_NOT_CANONICAL_ORIGINAL,READY_LINKAGE
39514b38-f90b-4b15-9ac1-0f12d8b1e625,CATV1-P180-R1L,d5469432-a897-8e95-28b7-9188afc42db4,98f80b2c-252d-9473-2d9d-e7985aac5c54,POLICY_APPROVED,6ce422466355493205b84fb613edb323ec4eb312e5565bb29a8b80f1d43570ac,product_images/p180_1_1_big-blender-negro.jpg,CATALOG_EVIDENCE_CROP,image/jpeg,jpg,lihen-product-web,products/d5469432-a897-8e95-28b7-9188afc42db4/98f80b2c-252d-9473-2d9d-e7985aac5c54/web/6ce422466355493205b84fb613edb323ec4eb312e5565bb29a8b80f1d43570ac.jpg,BLOCKED_EVIDENCE_IS_NOT_CANONICAL_ORIGINAL,READY_LINKAGE
39514b38-f90b-4b15-9ac1-0f12d8b1e625,CATV1-P180-R1R,c6a20176-f2f1-9b8f-9f5f-171f2174f970,8207de46-c195-370e-49e2-14f0e1a72105,POLICY_APPROVED,8a8b7b97f72d3a3befd85d91c330018f626d421617e5f962f62faa2ee4ac086f,product_images/p180_2_1_caja-de-pestanas.jpg,CATALOG_EVIDENCE_CROP,image/jpeg,jpg,lihen-product-web,products/c6a20176-f2f1-9b8f-9f5f-171f2174f970/8207de46-c195-370e-49e2-14f0e1a72105/web/8a8b7b97f72d3a3befd85d91c330018f626d421617e5f962f62faa2ee4ac086f.jpg,BLOCKED_EVIDENCE_IS_NOT_CANONICAL_ORIGINAL,READY_LINKAGE
39514b38-f90b-4b15-9ac1-0f12d8b1e625,CATV1-P180-R2R,fbc303dc-6048-1980-0b20-eb6f908adb1f,1f6b1e03-2a53-c156-9240-1efeab5e2a27,POLICY_APPROVED,d3c160c727bdb4421063e596e8b3c227fdf06a3ca252336bafecb406a482ce49,product_images/p180_2_2_deademaoso.jpg,CATALOG_EVIDENCE_CROP,image/jpeg,jpg,lihen-product-web,products/fbc303dc-6048-1980-0b20-eb6f908adb1f/1f6b1e03-2a53-c156-9240-1efeab5e2a27/web/d3c160c727bdb4421063e596e8b3c227fdf06a3ca252336bafecb406a482ce49.jpg,BLOCKED_EVIDENCE_IS_NOT_CANONICAL_ORIGINAL,READY_LINKAGE
39514b38-f90b-4b15-9ac1-0f12d8b1e625,CATV1-P180-R3R,c814e3f2-e326-b176-7522-e27c5567174a,bb82209e-f68c-dd08-6791-6c960c0bf0b9,POLICY_APPROVED,6ddcfa2fdd59ab3f89c97fd2df48087d699acb91034637b8a548fab477b848d0,product_images/p180_2_3_deademacorazon.jpg,CATALOG_EVIDENCE_CROP,image/jpeg,jpg,lihen-product-web,products/c814e3f2-e326-b176-7522-e27c5567174a/bb82209e-f68c-dd08-6791-6c960c0bf0b9/web/6ddcfa2fdd59ab3f89c97fd2df48087d699acb91034637b8a548fab477b848d0.jpg,BLOCKED_EVIDENCE_IS_NOT_CANONICAL_ORIGINAL,READY_LINKAGE
39514b38-f90b-4b15-9ac1-0f12d8b1e625,CATV1-P181-R1R,39c5d5d7-fd79-f4a2-e66c-5fb8177ef760,c4f240f9-882e-8150-b48b-e3316297e706,POLICY_APPROVED,a0fa11fef5059f0bf751ee70c09ae4fcf9365a45156fab6f53d1182decb0cd78,product_images/p181_2_1_corrector-xl.jpg,CATALOG_EVIDENCE_CROP,image/jpeg,jpg,lihen-product-web,products/39c5d5d7-fd79-f4a2-e66c-5fb8177ef760/c4f240f9-882e-8150-b48b-e3316297e706/web/a0fa11fef5059f0bf751ee70c09ae4fcf9365a45156fab6f53d1182decb0cd78.jpg,BLOCKED_EVIDENCE_IS_NOT_CANONICAL_ORIGINAL,READY_LINKAGE
39514b38-f90b-4b15-9ac1-0f12d8b1e625,CATV1-P181-R2L,1a114ecb-c4e0-77a7-2f3b-77860e14e0fc,a5d43885-5250-724e-1e5d-2b4e2043f84e,HUMAN_APPROVED,377f65caf90c744ba00b49114ad2da5f9c6cd23f25af73d1264b55a83817f6f0,product_images/p181_1_2_bloom-kiss.jpg,CATALOG_EVIDENCE_CROP,image/jpeg,jpg,lihen-product-web,products/1a114ecb-c4e0-77a7-2f3b-77860e14e0fc/a5d43885-5250-724e-1e5d-2b4e2043f84e/web/377f65caf90c744ba00b49114ad2da5f9c6cd23f25af73d1264b55a83817f6f0.jpg,BLOCKED_EVIDENCE_IS_NOT_CANONICAL_ORIGINAL,READY_LINKAGE
39514b38-f90b-4b15-9ac1-0f12d8b1e625,CATV1-P181-R2R,193e09ae-6d5a-cd24-8e09-e62b4c15bcf6,cda48722-e566-3ac0-a67a-b136f2f31508,POLICY_APPROVED,0b5e8b4eabe3d6a1e2ea06ea96fc390303614e839869640df8e971be14c8de17,product_images/p181_2_2_vial-16-uuu.jpg,CATALOG_EVIDENCE_CROP,image/jpeg,jpg,lihen-product-web,products/193e09ae-6d5a-cd24-8e09-e62b4c15bcf6/cda48722-e566-3ac0-a67a-b136f2f31508/web/0b5e8b4eabe3d6a1e2ea06ea96fc390303614e839869640df8e971be14c8de17.jpg,BLOCKED_EVIDENCE_IS_NOT_CANONICAL_ORIGINAL,READY_LINKAGE
39514b38-f90b-4b15-9ac1-0f12d8b1e625,CATV1-P181-R3L,b563ed59-111d-a4c4-3d23-e057ec61f4bf,0497e1e8-27f5-58dc-50c4-6c9bbf3b0a17,POLICY_APPROVED,43e1c192ea91475f38c16ae3130aa7a104c18a49d2b8d3792db2587c6b3f8e7b,product_images/p181_1_3_polvo-purpure-big.jpg,CATALOG_EVIDENCE_CROP,image/jpeg,jpg,lihen-product-web,products/b563ed59-111d-a4c4-3d23-e057ec61f4bf/0497e1e8-27f5-58dc-50c4-6c9bbf3b0a17/web/43e1c192ea91475f38c16ae3130aa7a104c18a49d2b8d3792db2587c6b3f8e7b.jpg,BLOCKED_EVIDENCE_IS_NOT_CANONICAL_ORIGINAL,READY_LINKAGE
39514b38-f90b-4b15-9ac1-0f12d8b1e625,CATV1-P181-R3R,7bd7f54e-355f-038c-10b8-34e0977d1af5,b42cf0ea-e0e6-9b4d-505b-efbda3a16491,HUMAN_APPROVED,b3b02b51f3dc33dfaba2c12a4436d9a8369bca0ad459d25cf4d741fb6b5880b1,product_images/p181_2_3_brochas-nude-elegance.jpg,CATALOG_EVIDENCE_CROP,image/jpeg,jpg,lihen-product-web,products/7bd7f54e-355f-038c-10b8-34e0977d1af5/b42cf0ea-e0e6-9b4d-505b-efbda3a16491/web/b3b02b51f3dc33dfaba2c12a4436d9a8369bca0ad459d25cf4d741fb6b5880b1.jpg,BLOCKED_EVIDENCE_IS_NOT_CANONICAL_ORIGINAL,READY_LINKAGE
39514b38-f90b-4b15-9ac1-0f12d8b1e625,CATV1-P182-R1L,6dc31936-a788-a075-5b9f-f4d927548798,48a9c6aa-a847-a327-57e3-019be3ceba8e,POLICY_APPROVED,2ecb6d38704baadaac669c92fa8f3a29a0c3b3832f3790bd4767d20a1d8e9d06,product_images/p182_1_1_brochas-nude-elegace.jpg,CATALOG_EVIDENCE_CROP,image/jpeg,jpg,lihen-product-web,products/6dc31936-a788-a075-5b9f-f4d927548798/48a9c6aa-a847-a327-57e3-019be3ceba8e/web/2ecb6d38704baadaac669c92fa8f3a29a0c3b3832f3790bd4767d20a1d8e9d06.jpg,BLOCKED_EVIDENCE_IS_NOT_CANONICAL_ORIGINAL,READY_LINKAGE
39514b38-f90b-4b15-9ac1-0f12d8b1e625,CATV1-P182-R1R,9dcabb2c-1c5f-9ec4-5934-a01b2d4ed592,90f66dd0-824f-b7b8-c512-852e9e020d07,POLICY_APPROVED,3108e6d8d96add2671994e39402ccdaaff99670d62f45a73efa8854ff7856fbd,product_images/p182_2_1_tinta-bloom-tono-1.jpg,CATALOG_EVIDENCE_CROP,image/jpeg,jpg,lihen-product-web,products/9dcabb2c-1c5f-9ec4-5934-a01b2d4ed592/90f66dd0-824f-b7b8-c512-852e9e020d07/web/3108e6d8d96add2671994e39402ccdaaff99670d62f45a73efa8854ff7856fbd.jpg,BLOCKED_EVIDENCE_IS_NOT_CANONICAL_ORIGINAL,READY_LINKAGE
39514b38-f90b-4b15-9ac1-0f12d8b1e625,CATV1-P182-R2R,74cbccb1-df94-95bf-5f66-5cfd41e7db05,dedaf32c-7920-fd7f-06a3-7c7c90f46e9b,POLICY_APPROVED,2450fc17c3d90ec05ab555125f3cacb664f483068877aa0892271f79e125f942,product_images/p182_2_2_brochas-brush.jpg,CATALOG_EVIDENCE_CROP,image/jpeg,jpg,lihen-product-web,products/74cbccb1-df94-95bf-5f66-5cfd41e7db05/dedaf32c-7920-fd7f-06a3-7c7c90f46e9b/web/2450fc17c3d90ec05ab555125f3cacb664f483068877aa0892271f79e125f942.jpg,BLOCKED_EVIDENCE_IS_NOT_CANONICAL_ORIGINAL,READY_LINKAGE
39514b38-f90b-4b15-9ac1-0f12d8b1e625,CATV1-P182-R3L,e92ff08a-ab15-582e-8202-170fc61da96a,e96f2029-33b1-6a14-620c-1fef834180b6,POLICY_APPROVED,8255a22550d186981a41ed8499a409ed22ae73418c57b586d0b2ebf283870881,product_images/p182_1_3_paleta-kiss-love.jpg,CATALOG_EVIDENCE_CROP,image/jpeg,jpg,lihen-product-web,products/e92ff08a-ab15-582e-8202-170fc61da96a/e96f2029-33b1-6a14-620c-1fef834180b6/web/8255a22550d186981a41ed8499a409ed22ae73418c57b586d0b2ebf283870881.jpg,BLOCKED_EVIDENCE_IS_NOT_CANONICAL_ORIGINAL,READY_LINKAGE
39514b38-f90b-4b15-9ac1-0f12d8b1e625,CATV1-P183-R1L,472efecd-9511-6787-d4ba-fc51b75274ed,dbd97e6e-217b-768f-7131-74868f4d90a3,POLICY_APPROVED,54a11193cf5a8145c201962d603317ee56eed7a8c627ecfd2f2626cd17af4123,product_images/p183_1_1_bloom-fresh.jpg,CATALOG_EVIDENCE_CROP,image/jpeg,jpg,lihen-product-web,products/472efecd-9511-6787-d4ba-fc51b75274ed/dbd97e6e-217b-768f-7131-74868f4d90a3/web/54a11193cf5a8145c201962d603317ee56eed7a8c627ecfd2f2626cd17af4123.jpg,BLOCKED_EVIDENCE_IS_NOT_CANONICAL_ORIGINAL,READY_LINKAGE
39514b38-f90b-4b15-9ac1-0f12d8b1e625,CATV1-P183-R1R,5584f987-226d-54db-18f7-7fdc940b4fca,9f07ec58-dff3-30d2-909f-6f0cde67797f,POLICY_APPROVED,bdc339e93aa6b23b4e4af741606c25d4041ff6a66f230ef91f71246e913b5c2d,product_images/p183_2_1_base-cushion-todos-los-tonos.jpg,CATALOG_EVIDENCE_CROP,image/jpeg,jpg,lihen-product-web,products/5584f987-226d-54db-18f7-7fdc940b4fca/9f07ec58-dff3-30d2-909f-6f0cde67797f/web/bdc339e93aa6b23b4e4af741606c25d4041ff6a66f230ef91f71246e913b5c2d.jpg,BLOCKED_EVIDENCE_IS_NOT_CANONICAL_ORIGINAL,READY_LINKAGE
39514b38-f90b-4b15-9ac1-0f12d8b1e625,CATV1-P183-R2L,19ca0c71-b397-8e98-fddf-7dad8bfea081,6f7ef488-4059-b93c-59c6-e4d7e6c32f34,POLICY_APPROVED,fdf50d8dfe4cbaf4521e23807be858fb1dc2f3357d8068ce5ba2e7957ddd7c6d,product_images/p183_1_2_rubor-liquido-tono-2-y-tono-3.jpg,CATALOG_EVIDENCE_CROP,image/jpeg,jpg,lihen-product-web,products/19ca0c71-b397-8e98-fddf-7dad8bfea081/6f7ef488-4059-b93c-59c6-e4d7e6c32f34/web/fdf50d8dfe4cbaf4521e23807be858fb1dc2f3357d8068ce5ba2e7957ddd7c6d.jpg,BLOCKED_EVIDENCE_IS_NOT_CANONICAL_ORIGINAL,READY_LINKAGE
39514b38-f90b-4b15-9ac1-0f12d8b1e625,CATV1-P183-R2R,c43de569-d278-d4ba-2797-441a9f1d6aea,b7217e1f-03ca-f6d1-8ef0-e664172a9fb8,POLICY_APPROVED,844403e0b9f65b3a6f5cd6f47b4a7f720363a41732bfb6c117b10bbe92d152ce,product_images/p183_2_2_bloom-nectar-todos-los-tonos.jpg,CATALOG_EVIDENCE_CROP,image/jpeg,jpg,lihen-product-web,products/c43de569-d278-d4ba-2797-441a9f1d6aea/b7217e1f-03ca-f6d1-8ef0-e664172a9fb8/web/844403e0b9f65b3a6f5cd6f47b4a7f720363a41732bfb6c117b10bbe92d152ce.jpg,BLOCKED_EVIDENCE_IS_NOT_CANONICAL_ORIGINAL,READY_LINKAGE
39514b38-f90b-4b15-9ac1-0f12d8b1e625,CATV1-P183-R3L,ab0adfc8-b4d3-590d-00fa-9a72a011d646,4038a67e-29be-df1b-f1a1-c920a52bee4f,POLICY_APPROVED,68f2a7852f494ee84b50cc51b1b14435b1bbc50a20510705c1e5ef7282dfa3fa,product_images/p183_1_3_kiss-tint-shell.jpg,CATALOG_EVIDENCE_CROP,image/jpeg,jpg,lihen-product-web,products/ab0adfc8-b4d3-590d-00fa-9a72a011d646/4038a67e-29be-df1b-f1a1-c920a52bee4f/web/68f2a7852f494ee84b50cc51b1b14435b1bbc50a20510705c1e5ef7282dfa3fa.jpg,BLOCKED_EVIDENCE_IS_NOT_CANONICAL_ORIGINAL,READY_LINKAGE
39514b38-f90b-4b15-9ac1-0f12d8b1e625,CATV1-P183-R3R,a0fcb639-0bea-d62d-36f4-f0603917883d,ab729598-4969-d70c-5ef4-89d0b5f0f29d,POLICY_APPROVED,06f94f5d848d9d1787d080a3fc4e8df590506c73ca03791edd1e3e5fa592c023,product_images/p183_2_3_bronzer-scult.jpg,CATALOG_EVIDENCE_CROP,image/jpeg,jpg,lihen-product-web,products/a0fcb639-0bea-d62d-36f4-f0603917883d/ab729598-4969-d70c-5ef4-89d0b5f0f29d/web/06f94f5d848d9d1787d080a3fc4e8df590506c73ca03791edd1e3e5fa592c023.jpg,BLOCKED_EVIDENCE_IS_NOT_CANONICAL_ORIGINAL,READY_LINKAGE
39514b38-f90b-4b15-9ac1-0f12d8b1e625,CATV1-P184-R1L,e2f69f0b-2264-4a9a-92cf-27a08f289659,f4bad953-2916-69da-2672-12102af3724a,POLICY_APPROVED,b8530ddc0dbf43011201e4f79bfb66c2610caea53aeb055b12c8a6dbf3509037,product_images/p184_1_1_polvo-traslucido-pink.jpg,CATALOG_EVIDENCE_CROP,image/jpeg,jpg,lihen-product-web,products/e2f69f0b-2264-4a9a-92cf-27a08f289659/f4bad953-2916-69da-2672-12102af3724a/web/b8530ddc0dbf43011201e4f79bfb66c2610caea53aeb055b12c8a6dbf3509037.jpg,BLOCKED_EVIDENCE_IS_NOT_CANONICAL_ORIGINAL,READY_LINKAGE
39514b38-f90b-4b15-9ac1-0f12d8b1e625,CATV1-P184-R1R,7d36cef5-1149-21c7-7c16-a794760a2bd9,23218869-f120-8076-9c92-d34107e1c849,POLICY_APPROVED,92ca5ab1d8291f68e4c2a298eadcacef53eeeb423ce31c122fb53b6d343552f6,product_images/p184_2_1_lip-coco-nut.jpg,CATALOG_EVIDENCE_CROP,image/jpeg,jpg,lihen-product-web,products/7d36cef5-1149-21c7-7c16-a794760a2bd9/23218869-f120-8076-9c92-d34107e1c849/web/92ca5ab1d8291f68e4c2a298eadcacef53eeeb423ce31c122fb53b6d343552f6.jpg,BLOCKED_EVIDENCE_IS_NOT_CANONICAL_ORIGINAL,READY_LINKAGE
39514b38-f90b-4b15-9ac1-0f12d8b1e625,CATV1-P184-R2L,e7710858-ea21-e34f-98f2-8ecc6bfcf9dd,0cbc0d10-fb60-d466-9ddb-3311728d93e2,POLICY_APPROVED,ba648d9fb0bdf803928b49b7d7cedba9a55b87fef2e39ab8456140af5bc95abe,product_images/p184_1_2_bloom-mini-kiss.jpg,CATALOG_EVIDENCE_CROP,image/jpeg,jpg,lihen-product-web,products/e7710858-ea21-e34f-98f2-8ecc6bfcf9dd/0cbc0d10-fb60-d466-9ddb-3311728d93e2/web/ba648d9fb0bdf803928b49b7d7cedba9a55b87fef2e39ab8456140af5bc95abe.jpg,BLOCKED_EVIDENCE_IS_NOT_CANONICAL_ORIGINAL,READY_LINKAGE
39514b38-f90b-4b15-9ac1-0f12d8b1e625,CATV1-P184-R2R,756b04ac-d324-24f3-9c1f-97cfb0f6e421,47a08836-87c3-3726-d617-c99ca1420fb6,POLICY_APPROVED,82ba932a70bb91240d8bf4b2c4c1b5c455ff316dd816ba9e70f7e505070c680c,product_images/p184_2_2_paleta-de-rubores.jpg,CATALOG_EVIDENCE_CROP,image/jpeg,jpg,lihen-product-web,products/756b04ac-d324-24f3-9c1f-97cfb0f6e421/47a08836-87c3-3726-d617-c99ca1420fb6/web/82ba932a70bb91240d8bf4b2c4c1b5c455ff316dd816ba9e70f7e505070c680c.jpg,BLOCKED_EVIDENCE_IS_NOT_CANONICAL_ORIGINAL,READY_LINKAGE
39514b38-f90b-4b15-9ac1-0f12d8b1e625,CATV1-P184-R3L,8052f69d-05e5-901c-df6d-c218ca648c5e,ac2f1194-27a9-7de8-027d-1f8b850fc616,POLICY_APPROVED,cfe1e5b1c6bd2b06c7286c26da4ece405211cb58ababdf0ec3b540a69d058175,product_images/p184_1_3_bloom-honey.jpg,CATALOG_EVIDENCE_CROP,image/jpeg,jpg,lihen-product-web,products/8052f69d-05e5-901c-df6d-c218ca648c5e/ac2f1194-27a9-7de8-027d-1f8b850fc616/web/cfe1e5b1c6bd2b06c7286c26da4ece405211cb58ababdf0ec3b540a69d058175.jpg,BLOCKED_EVIDENCE_IS_NOT_CANONICAL_ORIGINAL,READY_LINKAGE
39514b38-f90b-4b15-9ac1-0f12d8b1e625,CATV1-P184-R3R,9962db09-3bc8-4afe-d8cc-ca3854d70d77,32323a59-cbdb-2375-d3f1-c92c631ffdfc,POLICY_APPROVED,62b86609ab49615371da64ec17ac8709eb67722cc4f1b6d53fb5f754bcb85acd,product_images/p184_2_3_bloom-touch-love.jpg,CATALOG_EVIDENCE_CROP,image/jpeg,jpg,lihen-product-web,products/9962db09-3bc8-4afe-d8cc-ca3854d70d77/32323a59-cbdb-2375-d3f1-c92c631ffdfc/web/62b86609ab49615371da64ec17ac8709eb67722cc4f1b6d53fb5f754bcb85acd.jpg,BLOCKED_EVIDENCE_IS_NOT_CANONICAL_ORIGINAL,READY_LINKAGE
39514b38-f90b-4b15-9ac1-0f12d8b1e625,CATV1-P185-R1L,0e862bae-3a2f-9896-fde1-8a27136c400f,1ad6a7a2-c1f6-56d5-2c13-d134cb25d559,POLICY_APPROVED,f144a8f4177fd46364338a96c2b773feadd40df6191bca6938c05737b34fe141,product_images/p185_1_1_corrector-10ml-algunos-tonos.jpg,CATALOG_EVIDENCE_CROP,image/jpeg,jpg,lihen-product-web,products/0e862bae-3a2f-9896-fde1-8a27136c400f/1ad6a7a2-c1f6-56d5-2c13-d134cb25d559/web/f144a8f4177fd46364338a96c2b773feadd40df6191bca6938c05737b34fe141.jpg,BLOCKED_EVIDENCE_IS_NOT_CANONICAL_ORIGINAL,READY_LINKAGE
39514b38-f90b-4b15-9ac1-0f12d8b1e625,CATV1-P185-R1R,de41b2b0-40e2-f003-fcf8-0b310af3eea2,ee250d39-0ac4-a18e-4537-ee57de5e1042,POLICY_APPROVED,ce19eb24799184b304ec16e777580e5299ba2e44baa5701ab784fb8bcecd086c,product_images/p185_2_1_bloom-touch-cat.jpg,CATALOG_EVIDENCE_CROP,image/jpeg,jpg,lihen-product-web,products/de41b2b0-40e2-f003-fcf8-0b310af3eea2/ee250d39-0ac4-a18e-4537-ee57de5e1042/web/ce19eb24799184b304ec16e777580e5299ba2e44baa5701ab784fb8bcecd086c.jpg,BLOCKED_EVIDENCE_IS_NOT_CANONICAL_ORIGINAL,READY_LINKAGE
39514b38-f90b-4b15-9ac1-0f12d8b1e625,CATV1-P185-R2L,563cd5fe-62c1-504f-053c-3c12bf231584,e1637ee8-e4ea-2220-e647-0c4b0eda19be,POLICY_APPROVED,4ac68ec1bbc6c73adf30d3815ddfe32a04461175e8a8e2f976f4f3eb26f046bc,product_images/p185_1_2_primer-cream.jpg,CATALOG_EVIDENCE_CROP,image/jpeg,jpg,lihen-product-web,products/563cd5fe-62c1-504f-053c-3c12bf231584/e1637ee8-e4ea-2220-e647-0c4b0eda19be/web/4ac68ec1bbc6c73adf30d3815ddfe32a04461175e8a8e2f976f4f3eb26f046bc.jpg,BLOCKED_EVIDENCE_IS_NOT_CANONICAL_ORIGINAL,READY_LINKAGE
39514b38-f90b-4b15-9ac1-0f12d8b1e625,CATV1-P185-R2R,a8b95076-10e7-abfa-dcfb-1ee8eae86d70,d251f86b-a9f3-ce96-fbf0-4a8c89dd6a8b,POLICY_APPROVED,d55b133ba5160a2619dc6ddc0ca9e1c4a81c691d7e611d49051ffafac92be073,product_images/p185_2_2_primer.jpg,CATALOG_EVIDENCE_CROP,image/jpeg,jpg,lihen-product-web,products/a8b95076-10e7-abfa-dcfb-1ee8eae86d70/d251f86b-a9f3-ce96-fbf0-4a8c89dd6a8b/web/d55b133ba5160a2619dc6ddc0ca9e1c4a81c691d7e611d49051ffafac92be073.jpg,BLOCKED_EVIDENCE_IS_NOT_CANONICAL_ORIGINAL,READY_LINKAGE
39514b38-f90b-4b15-9ac1-0f12d8b1e625,CATV1-P185-R3L,02d3ddb5-3832-af68-096c-aca5d869251b,13d8389a-64d6-b41e-be2c-4640833118de,POLICY_APPROVED,5426520b2615f6a05f50f7a37d3b6ed7962b6c639baa46306592e40bf549bc63,product_images/p185_1_3_bloom-tint-berry.jpg,CATALOG_EVIDENCE_CROP,image/jpeg,jpg,lihen-product-web,products/02d3ddb5-3832-af68-096c-aca5d869251b/13d8389a-64d6-b41e-be2c-4640833118de/web/5426520b2615f6a05f50f7a37d3b6ed7962b6c639baa46306592e40bf549bc63.jpg,BLOCKED_EVIDENCE_IS_NOT_CANONICAL_ORIGINAL,READY_LINKAGE
39514b38-f90b-4b15-9ac1-0f12d8b1e625,CATV1-P185-R3R,ba59798a-8870-9886-c1fd-58c6c88fef68,5232c67d-029e-a2e1-7161-b8b232c82761,POLICY_APPROVED,c801ed8de84a67137bee9def176c85d15ef2f4de88636193a15f1aa23e06bdb1,product_images/p185_2_3_tinta-bubble.jpg,CATALOG_EVIDENCE_CROP,image/jpeg,jpg,lihen-product-web,products/ba59798a-8870-9886-c1fd-58c6c88fef68/5232c67d-029e-a2e1-7161-b8b232c82761/web/c801ed8de84a67137bee9def176c85d15ef2f4de88636193a15f1aa23e06bdb1.jpg,BLOCKED_EVIDENCE_IS_NOT_CANONICAL_ORIGINAL,READY_LINKAGE
39514b38-f90b-4b15-9ac1-0f12d8b1e625,CATV1-P186-R1L,ce478a59-e1bb-8624-5eb6-dcb89f034a1d,5553ecb5-215b-5040-0027-47cf38295899,POLICY_APPROVED,e925783196169495c18b872c3a6450319f4a2c6a1f42f431561579636f8f1b9b,product_images/p186_1_1_fijador-grande-xmapyor-29-000.jpg,CATALOG_EVIDENCE_CROP,image/jpeg,jpg,lihen-product-web,products/ce478a59-e1bb-8624-5eb6-dcb89f034a1d/5553ecb5-215b-5040-0027-47cf38295899/web/e925783196169495c18b872c3a6450319f4a2c6a1f42f431561579636f8f1b9b.jpg,BLOCKED_EVIDENCE_IS_NOT_CANONICAL_ORIGINAL,READY_LINKAGE
39514b38-f90b-4b15-9ac1-0f12d8b1e625,CATV1-P186-R1R,10c95e5b-7129-d3ec-f996-6ff4f2e69cd2,12310b47-2db9-7cb6-1b8c-56b092a0a1c8,POLICY_APPROVED,09165fada6879263543ecbb8a93175b57dcf9f589313d54ffe863e2159907d20,product_images/p186_2_1_fijador-mini.jpg,CATALOG_EVIDENCE_CROP,image/jpeg,jpg,lihen-product-web,products/10c95e5b-7129-d3ec-f996-6ff4f2e69cd2/12310b47-2db9-7cb6-1b8c-56b092a0a1c8/web/09165fada6879263543ecbb8a93175b57dcf9f589313d54ffe863e2159907d20.jpg,BLOCKED_EVIDENCE_IS_NOT_CANONICAL_ORIGINAL,READY_LINKAGE
39514b38-f90b-4b15-9ac1-0f12d8b1e625,CATV1-P186-R2L,34251a4b-c101-18c6-ff12-35678af8cb2c,e953808e-5cd5-a163-49a9-b9ea60a8ca51,POLICY_APPROVED,545cd88f32058464826d0a11c81005c34b528c95146207e6bad68088b4611289,product_images/p186_1_2_blooming-jelly-4-tonos.jpg,CATALOG_EVIDENCE_CROP,image/jpeg,jpg,lihen-product-web,products/34251a4b-c101-18c6-ff12-35678af8cb2c/e953808e-5cd5-a163-49a9-b9ea60a8ca51/web/545cd88f32058464826d0a11c81005c34b528c95146207e6bad68088b4611289.jpg,BLOCKED_EVIDENCE_IS_NOT_CANONICAL_ORIGINAL,READY_LINKAGE
39514b38-f90b-4b15-9ac1-0f12d8b1e625,CATV1-P186-R2R,9445fbfd-53c4-3751-712d-824732072f1f,c3b3cd5e-43ea-d131-067b-b46ff45c74f0,POLICY_APPROVED,07e934f105d182bbdbf2928eb87dde5df89694593fdbd174450bfb85ab7d8a7d,product_images/p186_2_2_mist-fix-hidratante.jpg,CATALOG_EVIDENCE_CROP,image/jpeg,jpg,lihen-product-web,products/9445fbfd-53c4-3751-712d-824732072f1f/c3b3cd5e-43ea-d131-067b-b46ff45c74f0/web/07e934f105d182bbdbf2928eb87dde5df89694593fdbd174450bfb85ab7d8a7d.jpg,BLOCKED_EVIDENCE_IS_NOT_CANONICAL_ORIGINAL,READY_LINKAGE
39514b38-f90b-4b15-9ac1-0f12d8b1e625,CATV1-P186-R3L,ff564a00-718e-01e0-021f-5b26d05519ac,dcd59b22-a92d-d855-c214-e61b5c882ada,POLICY_APPROVED,bf0a2f26896208856ad5869b97bf5a07ea8c6ecfe7f978c01c0b06a254e5cbfa,product_images/p186_1_3_paleta-nude-2-tonos.jpg,CATALOG_EVIDENCE_CROP,image/jpeg,jpg,lihen-product-web,products/ff564a00-718e-01e0-021f-5b26d05519ac/dcd59b22-a92d-d855-c214-e61b5c882ada/web/bf0a2f26896208856ad5869b97bf5a07ea8c6ecfe7f978c01c0b06a254e5cbfa.jpg,BLOCKED_EVIDENCE_IS_NOT_CANONICAL_ORIGINAL,READY_LINKAGE
39514b38-f90b-4b15-9ac1-0f12d8b1e625,CATV1-P186-R3R,df37993f-450c-8792-7498-96596064930c,3970a247-6562-e950-d5b2-204f6a826171,POLICY_APPROVED,6b2d4304133897685401a7f1431382ce45288ec210cc580dc24d80450a0e1404,product_images/p186_2_3_bloom-lamination.jpg,CATALOG_EVIDENCE_CROP,image/jpeg,jpg,lihen-product-web,products/df37993f-450c-8792-7498-96596064930c/3970a247-6562-e950-d5b2-204f6a826171/web/6b2d4304133897685401a7f1431382ce45288ec210cc580dc24d80450a0e1404.jpg,BLOCKED_EVIDENCE_IS_NOT_CANONICAL_ORIGINAL,READY_LINKAGE
39514b38-f90b-4b15-9ac1-0f12d8b1e625,CATV1-P187-R1L,184ceb3d-4443-7a3d-2f4e-6c5b4936c0d3,7991ca71-acb1-a18c-b6c8-57bfd025002d,POLICY_APPROVED,90d95b467e8a8d27820f5451066f863771a07091396c18f49502416df0a4c0b8,product_images/p187_1_1_bloom-cherry.jpg,CATALOG_EVIDENCE_CROP,image/jpeg,jpg,lihen-product-web,products/184ceb3d-4443-7a3d-2f4e-6c5b4936c0d3/7991ca71-acb1-a18c-b6c8-57bfd025002d/web/90d95b467e8a8d27820f5451066f863771a07091396c18f49502416df0a4c0b8.jpg,BLOCKED_EVIDENCE_IS_NOT_CANONICAL_ORIGINAL,READY_LINKAGE
39514b38-f90b-4b15-9ac1-0f12d8b1e625,CATV1-P187-R2L,c0307674-6ee0-270a-49f1-0385688bcae9,4bd42d93-32fb-c0a9-e465-f88717385686,POLICY_APPROVED,a69805acf6e51aeadeb370be48a48a8b3b0a646695cb381fc65ae9dc91d4a4b1,product_images/p187_1_2_gloss-nude.jpg,CATALOG_EVIDENCE_CROP,image/jpeg,jpg,lihen-product-web,products/c0307674-6ee0-270a-49f1-0385688bcae9/4bd42d93-32fb-c0a9-e465-f88717385686/web/a69805acf6e51aeadeb370be48a48a8b3b0a646695cb381fc65ae9dc91d4a4b1.jpg,BLOCKED_EVIDENCE_IS_NOT_CANONICAL_ORIGINAL,READY_LINKAGE
39514b38-f90b-4b15-9ac1-0f12d8b1e625,CATV1-P187-R2R,1c8535dc-571b-a193-294b-e3e6aefcbe10,43ec078f-30ec-1bd2-3c03-9c2bf72652aa,POLICY_APPROVED,70de110116b5e8543306b7fe93ab3e923e3d2fd3bd7497c201d8d9a8d3554fd3,product_images/p187_2_2_tus-minis-favoritos.jpg,CATALOG_EVIDENCE_CROP,image/jpeg,jpg,lihen-product-web,products/1c8535dc-571b-a193-294b-e3e6aefcbe10/43ec078f-30ec-1bd2-3c03-9c2bf72652aa/web/70de110116b5e8543306b7fe93ab3e923e3d2fd3bd7497c201d8d9a8d3554fd3.jpg,BLOCKED_EVIDENCE_IS_NOT_CANONICAL_ORIGINAL,READY_LINKAGE
39514b38-f90b-4b15-9ac1-0f12d8b1e625,CATV1-P187-R3L,c51d0480-f280-eec0-fed0-4586f2f66fd5,ef913bc0-5dbf-19bf-01e1-be22af6920f0,POLICY_APPROVED,dbfc0436af4503fc5d015c44e745167f4428a2d4d2763485b2dd212aaa80aa31,product_images/p187_1_3_gloss-bloom-duo.jpg,CATALOG_EVIDENCE_CROP,image/jpeg,jpg,lihen-product-web,products/c51d0480-f280-eec0-fed0-4586f2f66fd5/ef913bc0-5dbf-19bf-01e1-be22af6920f0/web/dbfc0436af4503fc5d015c44e745167f4428a2d4d2763485b2dd212aaa80aa31.jpg,BLOCKED_EVIDENCE_IS_NOT_CANONICAL_ORIGINAL,READY_LINKAGE
39514b38-f90b-4b15-9ac1-0f12d8b1e625,CATV1-P187-R3R,68b94781-81a8-3117-d63d-ac53a88da618,3ac9c59c-548a-0725-63bf-69a1d4a94a5d,POLICY_APPROVED,5e93ee9e8be0c4aae12bab40cd56ba50a124bc80bc884e012cd3bc64c1bbc6e9,product_images/p187_2_3_blush-bloom.jpg,CATALOG_EVIDENCE_CROP,image/jpeg,jpg,lihen-product-web,products/68b94781-81a8-3117-d63d-ac53a88da618/3ac9c59c-548a-0725-63bf-69a1d4a94a5d/web/5e93ee9e8be0c4aae12bab40cd56ba50a124bc80bc884e012cd3bc64c1bbc6e9.jpg,BLOCKED_EVIDENCE_IS_NOT_CANONICAL_ORIGINAL,READY_LINKAGE
39514b38-f90b-4b15-9ac1-0f12d8b1e625,CATV1-P188-R1L,cb74d140-8f1c-1867-d4d8-52bd4e6d5ac3,f68bdc64-6cbe-25b6-402a-45f47629eee0,POLICY_APPROVED,c8a290c010ae9ed7dbbd159a1a609ed20c788256696a23de9540ed3b27919323,product_images/p188_1_1_bloom-blushy.jpg,CATALOG_EVIDENCE_CROP,image/jpeg,jpg,lihen-product-web,products/cb74d140-8f1c-1867-d4d8-52bd4e6d5ac3/f68bdc64-6cbe-25b6-402a-45f47629eee0/web/c8a290c010ae9ed7dbbd159a1a609ed20c788256696a23de9540ed3b27919323.jpg,BLOCKED_EVIDENCE_IS_NOT_CANONICAL_ORIGINAL,READY_LINKAGE
39514b38-f90b-4b15-9ac1-0f12d8b1e625,CATV1-P188-R1R,6d77e7cb-cb1e-2c0f-0514-2be077a5fdcf,157455c3-9308-20ea-acb5-9f91a8244074,POLICY_APPROVED,45e8d2562612574d4673250b4261d84ecebd7586367ee735c71f40d13af235f3,product_images/p188_2_1_bloom-desmquillantes.jpg,CATALOG_EVIDENCE_CROP,image/jpeg,jpg,lihen-product-web,products/6d77e7cb-cb1e-2c0f-0514-2be077a5fdcf/157455c3-9308-20ea-acb5-9f91a8244074/web/45e8d2562612574d4673250b4261d84ecebd7586367ee735c71f40d13af235f3.jpg,BLOCKED_EVIDENCE_IS_NOT_CANONICAL_ORIGINAL,READY_LINKAGE
39514b38-f90b-4b15-9ac1-0f12d8b1e625,CATV1-P188-R2L,73ae689d-3b1c-26e1-1c00-7710394005d1,263fea50-b46a-b3de-fbf9-cb8b829cb94c,POLICY_APPROVED,e3bafca9f64dafbc21ee28116559bb438c6ce29d0c276ad21b2e6f05bf36117a,product_images/p188_1_2_bye-bye-granos.jpg,CATALOG_EVIDENCE_CROP,image/jpeg,jpg,lihen-product-web,products/73ae689d-3b1c-26e1-1c00-7710394005d1/263fea50-b46a-b3de-fbf9-cb8b829cb94c/web/e3bafca9f64dafbc21ee28116559bb438c6ce29d0c276ad21b2e6f05bf36117a.jpg,BLOCKED_EVIDENCE_IS_NOT_CANONICAL_ORIGINAL,READY_LINKAGE
39514b38-f90b-4b15-9ac1-0f12d8b1e625,CATV1-P188-R2R,20e79ae4-0ede-58c0-8bba-770d85d9371b,77da83f7-cfe0-796e-22cb-e0fedb820059,POLICY_APPROVED,b5c8528f223e96a0275224dd8a5db66793f3990e2b08e28ca733333f6707b07b,product_images/p188_2_2_bloom-giola.jpg,CATALOG_EVIDENCE_CROP,image/jpeg,jpg,lihen-product-web,products/20e79ae4-0ede-58c0-8bba-770d85d9371b/77da83f7-cfe0-796e-22cb-e0fedb820059/web/b5c8528f223e96a0275224dd8a5db66793f3990e2b08e28ca733333f6707b07b.jpg,BLOCKED_EVIDENCE_IS_NOT_CANONICAL_ORIGINAL,READY_LINKAGE
39514b38-f90b-4b15-9ac1-0f12d8b1e625,CATV1-P188-R3L,a947fe23-2c87-d653-3829-cf8e2a5ff729,7e7527d2-214b-07e6-fb3b-675e3cfa0433,POLICY_APPROVED,5608248cd03135feb0d18d6b19a7d4d1dc1b14ec184f27f141708b161a89f0ef,product_images/p188_1_3_lapiz-de-cejas.jpg,CATALOG_EVIDENCE_CROP,image/jpeg,jpg,lihen-product-web,products/a947fe23-2c87-d653-3829-cf8e2a5ff729/7e7527d2-214b-07e6-fb3b-675e3cfa0433/web/5608248cd03135feb0d18d6b19a7d4d1dc1b14ec184f27f141708b161a89f0ef.jpg,BLOCKED_EVIDENCE_IS_NOT_CANONICAL_ORIGINAL,READY_LINKAGE
39514b38-f90b-4b15-9ac1-0f12d8b1e625,CATV1-P188-R3R,536a46cc-da2c-d25a-d53c-775faa9a4e48,029d4a1d-f045-3612-79d3-7d2f972825c1,POLICY_APPROVED,dc05baaaad57de15dec1a622b71b86fda42d500edd7545443fd78717dded76b0,product_images/p188_2_3_pestanina-cafe.jpg,CATALOG_EVIDENCE_CROP,image/jpeg,jpg,lihen-product-web,products/536a46cc-da2c-d25a-d53c-775faa9a4e48/029d4a1d-f045-3612-79d3-7d2f972825c1/web/dc05baaaad57de15dec1a622b71b86fda42d500edd7545443fd78717dded76b0.jpg,BLOCKED_EVIDENCE_IS_NOT_CANONICAL_ORIGINAL,READY_LINKAGE
39514b38-f90b-4b15-9ac1-0f12d8b1e625,CATV1-P189-R1L,453038e7-df5f-a2a9-10d3-e85aafeb5b3d,8af75657-ba41-bb60-e7fe-c67b8f287e5a,POLICY_APPROVED,3cf2de55fff85bc1ae8d36694d014368e0228d962b4b545f25bda350bf970a2f,product_images/p189_1_1_bloom-bronzer-01-y-02.jpg,CATALOG_EVIDENCE_CROP,image/jpeg,jpg,lihen-product-web,products/453038e7-df5f-a2a9-10d3-e85aafeb5b3d/8af75657-ba41-bb60-e7fe-c67b8f287e5a/web/3cf2de55fff85bc1ae8d36694d014368e0228d962b4b545f25bda350bf970a2f.jpg,BLOCKED_EVIDENCE_IS_NOT_CANONICAL_ORIGINAL,READY_LINKAGE
39514b38-f90b-4b15-9ac1-0f12d8b1e625,CATV1-P189-R1R,c77de823-f71c-91c9-af9b-4119390bbe8b,715ac460-0027-d527-d725-ed5a081ce0c6,POLICY_APPROVED,f39066a543310570198309987eb7de7f3a3fe61754e8539a8831000e7b956bbf,product_images/p189_2_1_bye-bye-bubbles.jpg,CATALOG_EVIDENCE_CROP,image/jpeg,jpg,lihen-product-web,products/c77de823-f71c-91c9-af9b-4119390bbe8b/715ac460-0027-d527-d725-ed5a081ce0c6/web/f39066a543310570198309987eb7de7f3a3fe61754e8539a8831000e7b956bbf.jpg,BLOCKED_EVIDENCE_IS_NOT_CANONICAL_ORIGINAL,READY_LINKAGE
39514b38-f90b-4b15-9ac1-0f12d8b1e625,CATV1-P189-R2L,796c9d95-ad97-85fb-71da-7a8a381bcd9c,6b696b86-e230-362e-55e5-636a3fd36db6,POLICY_APPROVED,eeb14ae89d512714ea153061727ba5a0f94c7e87d472c942aa7d31796c93ebaf,product_images/p189_1_2_bloom-puff-primer.jpg,CATALOG_EVIDENCE_CROP,image/jpeg,jpg,lihen-product-web,products/796c9d95-ad97-85fb-71da-7a8a381bcd9c/6b696b86-e230-362e-55e5-636a3fd36db6/web/eeb14ae89d512714ea153061727ba5a0f94c7e87d472c942aa7d31796c93ebaf.jpg,BLOCKED_EVIDENCE_IS_NOT_CANONICAL_ORIGINAL,READY_LINKAGE
39514b38-f90b-4b15-9ac1-0f12d8b1e625,CATV1-P189-R2R,43b622e5-097d-aeb3-f53c-19f6beca7e82,5c53ddba-2507-e246-3285-8399074c3ce8,POLICY_APPROVED,83dcff5c960edb4b59b42dcfd5e5090e1b07ddd1e5a7693642bf2cc27d506a22,product_images/p189_2_2_bloom-lapiz-beige.jpg,CATALOG_EVIDENCE_CROP,image/jpeg,jpg,lihen-product-web,products/43b622e5-097d-aeb3-f53c-19f6beca7e82/5c53ddba-2507-e246-3285-8399074c3ce8/web/83dcff5c960edb4b59b42dcfd5e5090e1b07ddd1e5a7693642bf2cc27d506a22.jpg,BLOCKED_EVIDENCE_IS_NOT_CANONICAL_ORIGINAL,READY_LINKAGE
39514b38-f90b-4b15-9ac1-0f12d8b1e625,CATV1-P189-R3L,8de8cabd-af67-7eb5-be36-60527c2d96bd,a7faa6a2-d6e8-dae0-cdbe-610726f2c4ba,POLICY_APPROVED,ec55681e9ab5f77d6d8cfb23b8c3ec54e6d7b4e2ed691694dac7f809b4b84d0f,product_images/p189_1_3_bloom-lapiz-cafe.jpg,CATALOG_EVIDENCE_CROP,image/jpeg,jpg,lihen-product-web,products/8de8cabd-af67-7eb5-be36-60527c2d96bd/a7faa6a2-d6e8-dae0-cdbe-610726f2c4ba/web/ec55681e9ab5f77d6d8cfb23b8c3ec54e6d7b4e2ed691694dac7f809b4b84d0f.jpg,BLOCKED_EVIDENCE_IS_NOT_CANONICAL_ORIGINAL,READY_LINKAGE
39514b38-f90b-4b15-9ac1-0f12d8b1e625,CATV1-P189-R3R,547b6a77-5b57-59de-f49b-327e97c86b6e,b4b8f65f-8a26-a036-9793-6f8c0c716e3d,POLICY_APPROVED,1149cd97bce6595db071ab0802ac347844afa6a5ff1704e080cd5dfd5af29cab,product_images/p189_2_3_3-tonos.jpg,CATALOG_EVIDENCE_CROP,image/jpeg,jpg,lihen-product-web,products/547b6a77-5b57-59de-f49b-327e97c86b6e/b4b8f65f-8a26-a036-9793-6f8c0c716e3d/web/1149cd97bce6595db071ab0802ac347844afa6a5ff1704e080cd5dfd5af29cab.jpg,BLOCKED_EVIDENCE_IS_NOT_CANONICAL_ORIGINAL,READY_LINKAGE
39514b38-f90b-4b15-9ac1-0f12d8b1e625,CATV1-P190-R1L,81883d04-2fd5-442a-0739-a7e6ee908832,4d35501e-02a2-78e0-6a1a-7962809e2881,POLICY_APPROVED,242d2db38f62c8b8921a54e1dd429595ab4efffdb4c565ed92b937f2c7d82024,product_images/p190_1_1_gloss-sinera-shine.jpg,CATALOG_EVIDENCE_CROP,image/jpeg,jpg,lihen-product-web,products/81883d04-2fd5-442a-0739-a7e6ee908832/4d35501e-02a2-78e0-6a1a-7962809e2881/web/242d2db38f62c8b8921a54e1dd429595ab4efffdb4c565ed92b937f2c7d82024.jpg,BLOCKED_EVIDENCE_IS_NOT_CANONICAL_ORIGINAL,READY_LINKAGE
39514b38-f90b-4b15-9ac1-0f12d8b1e625,CATV1-P190-R1R,98b1381a-e394-359b-ee16-b44fd7523a04,f8c631a1-e4aa-9df1-36eb-8694798802d6,POLICY_APPROVED,1b9c65e999ef0a07399fe4d541951c9d9f3ed9de45cfd925023623fe4e597ec5,product_images/p190_2_1_bloom-meow-gatito.jpg,CATALOG_EVIDENCE_CROP,image/jpeg,jpg,lihen-product-web,products/98b1381a-e394-359b-ee16-b44fd7523a04/f8c631a1-e4aa-9df1-36eb-8694798802d6/web/1b9c65e999ef0a07399fe4d541951c9d9f3ed9de45cfd925023623fe4e597ec5.jpg,BLOCKED_EVIDENCE_IS_NOT_CANONICAL_ORIGINAL,READY_LINKAGE
39514b38-f90b-4b15-9ac1-0f12d8b1e625,CATV1-P190-R2L,4f4bee14-0508-e9cf-0b72-ace7b24d971e,17d20325-9677-aee3-dcac-d9f1949d686f,POLICY_APPROVED,38905d642a35f9d8af023c81302f7806adcbcec603c2864cbf01327b3f05d421,product_images/p190_1_2_bloom-cristal.jpg,CATALOG_EVIDENCE_CROP,image/jpeg,jpg,lihen-product-web,products/4f4bee14-0508-e9cf-0b72-ace7b24d971e/17d20325-9677-aee3-dcac-d9f1949d686f/web/38905d642a35f9d8af023c81302f7806adcbcec603c2864cbf01327b3f05d421.jpg,BLOCKED_EVIDENCE_IS_NOT_CANONICAL_ORIGINAL,READY_LINKAGE
39514b38-f90b-4b15-9ac1-0f12d8b1e625,CATV1-P190-R2R,dc1ef5a6-239d-86d8-9ee7-bcab989b8788,3d7f066b-42a7-b70e-3b4d-ba63cd10afa3,POLICY_APPROVED,2a013233d9e4f54e81955599dce7f07dceb7b2359a23da3d36eeff0ed5126f56,product_images/p190_2_2_blush-shell-pregunta-tonos.jpg,CATALOG_EVIDENCE_CROP,image/jpeg,jpg,lihen-product-web,products/dc1ef5a6-239d-86d8-9ee7-bcab989b8788/3d7f066b-42a7-b70e-3b4d-ba63cd10afa3/web/2a013233d9e4f54e81955599dce7f07dceb7b2359a23da3d36eeff0ed5126f56.jpg,BLOCKED_EVIDENCE_IS_NOT_CANONICAL_ORIGINAL,READY_LINKAGE
39514b38-f90b-4b15-9ac1-0f12d8b1e625,CATV1-P190-R3L,199ab451-d377-2ea5-b2d7-79c16a2e6af1,f57542a8-e8d5-2aaf-08eb-5d06adf80d32,POLICY_APPROVED,fe64074a5dfffacd06b2313e8e851d4540bd10a9ceb97df495a134d01f02fcb6,product_images/p190_1_3_bloom-filter-grande.jpg,CATALOG_EVIDENCE_CROP,image/jpeg,jpg,lihen-product-web,products/199ab451-d377-2ea5-b2d7-79c16a2e6af1/f57542a8-e8d5-2aaf-08eb-5d06adf80d32/web/fe64074a5dfffacd06b2313e8e851d4540bd10a9ceb97df495a134d01f02fcb6.jpg,BLOCKED_EVIDENCE_IS_NOT_CANONICAL_ORIGINAL,READY_LINKAGE
39514b38-f90b-4b15-9ac1-0f12d8b1e625,CATV1-P190-R3R,82170bf6-a2fe-5657-56a5-3f35b4db2d3b,873dcf68-98ce-6ad7-e819-9f05e8076995,POLICY_APPROVED,2bafd8a5b7fc456d004f061d48d6e155339a57b9408bb952e88fafbeefa9da2c,product_images/p190_2_3_bloom-fusion-compacto.jpg,CATALOG_EVIDENCE_CROP,image/jpeg,jpg,lihen-product-web,products/82170bf6-a2fe-5657-56a5-3f35b4db2d3b/873dcf68-98ce-6ad7-e819-9f05e8076995/web/2bafd8a5b7fc456d004f061d48d6e155339a57b9408bb952e88fafbeefa9da2c.jpg,BLOCKED_EVIDENCE_IS_NOT_CANONICAL_ORIGINAL,READY_LINKAGE
39514b38-f90b-4b15-9ac1-0f12d8b1e625,CATV1-P191-R1L,5b3b98e1-eb9b-6462-ed1a-7a089c333f16,0a34fbcf-ebcc-3461-ae3b-939a4fb53832,POLICY_APPROVED,635d9bf4c9d63358e12e3afa4e282b3ce0ef9a05fc4cc56d8496a9c827aea656,product_images/p191_1_1_bloom-filter-peque.jpg,CATALOG_EVIDENCE_CROP,image/jpeg,jpg,lihen-product-web,products/5b3b98e1-eb9b-6462-ed1a-7a089c333f16/0a34fbcf-ebcc-3461-ae3b-939a4fb53832/web/635d9bf4c9d63358e12e3afa4e282b3ce0ef9a05fc4cc56d8496a9c827aea656.jpg,BLOCKED_EVIDENCE_IS_NOT_CANONICAL_ORIGINAL,READY_LINKAGE
39514b38-f90b-4b15-9ac1-0f12d8b1e625,CATV1-P191-R1R,83c7ce67-2bbe-b86c-6aa8-9336408d8e35,4b59568d-712f-df18-3190-775406ab050c,POLICY_APPROVED,5a7080f0e93a8b9dda531b5be011ba3aefb1060d2e0ae7b0047c830de43bb3e6,product_images/p191_2_1_bloom-dulce.jpg,CATALOG_EVIDENCE_CROP,image/jpeg,jpg,lihen-product-web,products/83c7ce67-2bbe-b86c-6aa8-9336408d8e35/4b59568d-712f-df18-3190-775406ab050c/web/5a7080f0e93a8b9dda531b5be011ba3aefb1060d2e0ae7b0047c830de43bb3e6.jpg,BLOCKED_EVIDENCE_IS_NOT_CANONICAL_ORIGINAL,READY_LINKAGE
39514b38-f90b-4b15-9ac1-0f12d8b1e625,CATV1-P191-R2L,7bcde798-fe9b-bce4-4d49-18537f3a704f,b08869ff-e962-d6db-b069-097049473d95,POLICY_APPROVED,3c8da7d290c2b553a63638cd4649006c4a40a9c3dc0356dbb9999556a38d1810,product_images/p191_1_2_tus-mini-infaltables.jpg,CATALOG_EVIDENCE_CROP,image/jpeg,jpg,lihen-product-web,products/7bcde798-fe9b-bce4-4d49-18537f3a704f/b08869ff-e962-d6db-b069-097049473d95/web/3c8da7d290c2b553a63638cd4649006c4a40a9c3dc0356dbb9999556a38d1810.jpg,BLOCKED_EVIDENCE_IS_NOT_CANONICAL_ORIGINAL,READY_LINKAGE
39514b38-f90b-4b15-9ac1-0f12d8b1e625,CATV1-P191-R2R,013f25e3-87a6-13e1-038f-d2c434310424,3b5a2aef-db8a-6b92-9b4f-f82e1903f291,POLICY_APPROVED,e1b0e77d5f08f13a4e054ea8567d0509d52894657f64540fa3c50e97c512d7b0,product_images/p191_2_2_serum-rehad-labial.jpg,CATALOG_EVIDENCE_CROP,image/jpeg,jpg,lihen-product-web,products/013f25e3-87a6-13e1-038f-d2c434310424/3b5a2aef-db8a-6b92-9b4f-f82e1903f291/web/e1b0e77d5f08f13a4e054ea8567d0509d52894657f64540fa3c50e97c512d7b0.jpg,BLOCKED_EVIDENCE_IS_NOT_CANONICAL_ORIGINAL,READY_LINKAGE
39514b38-f90b-4b15-9ac1-0f12d8b1e625,CATV1-P191-R3L,e480b7a7-5e48-975d-e86b-25bca9eb440d,8b74db96-fd43-860e-d465-65013d4b999e,POLICY_APPROVED,35ae045583bd2b4fea3e606fabc87e2e2ce56c07539c44672c08504385d3dddf,product_images/p191_1_3_bloom-browtiful.jpg,CATALOG_EVIDENCE_CROP,image/jpeg,jpg,lihen-product-web,products/e480b7a7-5e48-975d-e86b-25bca9eb440d/8b74db96-fd43-860e-d465-65013d4b999e/web/35ae045583bd2b4fea3e606fabc87e2e2ce56c07539c44672c08504385d3dddf.jpg,BLOCKED_EVIDENCE_IS_NOT_CANONICAL_ORIGINAL,READY_LINKAGE
39514b38-f90b-4b15-9ac1-0f12d8b1e625,CATV1-P192-R1L,c785fed9-eb31-0fd8-924c-659ced682541,deef80b2-a33f-1456-0700-0bd06b1ff515,POLICY_APPROVED,4c66aa75b59dd1009ef64a6d6df957f586211cac4cef45f0a5066313f9cbd334,product_images/p192_1_1_labios-de-seda.jpg,CATALOG_EVIDENCE_CROP,image/jpeg,jpg,lihen-product-web,products/c785fed9-eb31-0fd8-924c-659ced682541/deef80b2-a33f-1456-0700-0bd06b1ff515/web/4c66aa75b59dd1009ef64a6d6df957f586211cac4cef45f0a5066313f9cbd334.jpg,BLOCKED_EVIDENCE_IS_NOT_CANONICAL_ORIGINAL,READY_LINKAGE
39514b38-f90b-4b15-9ac1-0f12d8b1e625,CATV1-P192-R1R,225ba6de-58eb-6ab1-1ebe-80f764ce116a,506d85a2-8bfc-7ffa-9243-a738985883d3,POLICY_APPROVED,2f52f6b9e1c65f94695db89ff797b310c0cdebe5c857cae2e5a7e4b1a980f0aa,product_images/p192_2_1_bloom-lip-liner-pro.jpg,CATALOG_EVIDENCE_CROP,image/jpeg,jpg,lihen-product-web,products/225ba6de-58eb-6ab1-1ebe-80f764ce116a/506d85a2-8bfc-7ffa-9243-a738985883d3/web/2f52f6b9e1c65f94695db89ff797b310c0cdebe5c857cae2e5a7e4b1a980f0aa.jpg,BLOCKED_EVIDENCE_IS_NOT_CANONICAL_ORIGINAL,READY_LINKAGE
39514b38-f90b-4b15-9ac1-0f12d8b1e625,CATV1-P192-R2L,46d0c664-70f4-cc9a-881e-4fc9a6808465,275f64c1-a04a-2cc1-cad0-87f3be836213,POLICY_APPROVED,f298569173242357f5702261120bfadd5d2869a47fb52c5ec3ad594f0a9045dd,product_images/p192_1_2_bloom-polvo-de-hadas-2-tonos.jpg,CATALOG_EVIDENCE_CROP,image/jpeg,jpg,lihen-product-web,products/46d0c664-70f4-cc9a-881e-4fc9a6808465/275f64c1-a04a-2cc1-cad0-87f3be836213/web/f298569173242357f5702261120bfadd5d2869a47fb52c5ec3ad594f0a9045dd.jpg,BLOCKED_EVIDENCE_IS_NOT_CANONICAL_ORIGINAL,READY_LINKAGE
39514b38-f90b-4b15-9ac1-0f12d8b1e625,CATV1-P192-R2R,f05f3405-86a4-f2f5-398f-3f37731b73e5,7daaffe2-90ff-6287-32fd-6d0339e93b8a,POLICY_APPROVED,9e09ba3f562002e11bea2b405aa245adf6383883a0b043751912cc84f0a74013,product_images/p192_2_2_control-oil.jpg,CATALOG_EVIDENCE_CROP,image/jpeg,jpg,lihen-product-web,products/f05f3405-86a4-f2f5-398f-3f37731b73e5/7daaffe2-90ff-6287-32fd-6d0339e93b8a/web/9e09ba3f562002e11bea2b405aa245adf6383883a0b043751912cc84f0a74013.jpg,BLOCKED_EVIDENCE_IS_NOT_CANONICAL_ORIGINAL,READY_LINKAGE
39514b38-f90b-4b15-9ac1-0f12d8b1e625,CATV1-P192-R3L,dae2ecd5-c5c7-2384-aeeb-5565abd48b46,e67b3c56-1117-d5f6-0e3f-7f3589338b85,POLICY_APPROVED,9001a88be68ecd573a08179d0dec3f4e1f9f7170b23f5b2eea66174fc09ee479,product_images/p192_1_3_polvo-de-hadas-rosy.jpg,CATALOG_EVIDENCE_CROP,image/jpeg,jpg,lihen-product-web,products/dae2ecd5-c5c7-2384-aeeb-5565abd48b46/e67b3c56-1117-d5f6-0e3f-7f3589338b85/web/9001a88be68ecd573a08179d0dec3f4e1f9f7170b23f5b2eea66174fc09ee479.jpg,BLOCKED_EVIDENCE_IS_NOT_CANONICAL_ORIGINAL,READY_LINKAGE
39514b38-f90b-4b15-9ac1-0f12d8b1e625,CATV1-P192-R3R,a2ded911-457b-c0c0-609a-a560a6b5853f,492f6f65-7fae-876b-555e-fc972fadf452,POLICY_APPROVED,88a6808482bf3128132f52aba23ea39bcb8aac41528fdfb56fe81f2ea9245159,product_images/p192_2_3_bloom-seductora.jpg,CATALOG_EVIDENCE_CROP,image/jpeg,jpg,lihen-product-web,products/a2ded911-457b-c0c0-609a-a560a6b5853f/492f6f65-7fae-876b-555e-fc972fadf452/web/88a6808482bf3128132f52aba23ea39bcb8aac41528fdfb56fe81f2ea9245159.jpg,BLOCKED_EVIDENCE_IS_NOT_CANONICAL_ORIGINAL,READY_LINKAGE
39514b38-f90b-4b15-9ac1-0f12d8b1e625,CATV1-P193-R1L,1b05cb4a-5514-9e7d-5ba3-b25bcd534fdc,09a7a5b8-8121-c0b1-cbd3-db1e98a73e07,POLICY_APPROVED,3ee777362f1acfd6c53d55e2c030dcb23881c05d6ee28f6ea2f9d268e853670e,product_images/p193_1_1_bloom-lip-oil-one.jpg,CATALOG_EVIDENCE_CROP,image/jpeg,jpg,lihen-product-web,products/1b05cb4a-5514-9e7d-5ba3-b25bcd534fdc/09a7a5b8-8121-c0b1-cbd3-db1e98a73e07/web/3ee777362f1acfd6c53d55e2c030dcb23881c05d6ee28f6ea2f9d268e853670e.jpg,BLOCKED_EVIDENCE_IS_NOT_CANONICAL_ORIGINAL,READY_LINKAGE
39514b38-f90b-4b15-9ac1-0f12d8b1e625,CATV1-P193-R2L,4421f0e3-5421-2763-b3fc-98c204d34ef4,ea8603a1-07d7-60e6-3f9d-3902a04cfb86,POLICY_APPROVED,ff2f37c26510709b4b8eec6830d324aa037ec17d0465c639edd26a25e74f22b0,product_images/p193_1_2_candy-shell.jpg,CATALOG_EVIDENCE_CROP,image/jpeg,jpg,lihen-product-web,products/4421f0e3-5421-2763-b3fc-98c204d34ef4/ea8603a1-07d7-60e6-3f9d-3902a04cfb86/web/ff2f37c26510709b4b8eec6830d324aa037ec17d0465c639edd26a25e74f22b0.jpg,BLOCKED_EVIDENCE_IS_NOT_CANONICAL_ORIGINAL,READY_LINKAGE
39514b38-f90b-4b15-9ac1-0f12d8b1e625,CATV1-P193-R2R,672f2d7b-5953-180c-b19f-569ea2d1bff3,3de4951c-ce98-20a9-5f79-ffbd9b072f51,POLICY_APPROVED,7410a866538d993dde4cdf447d19dbc8666577cf2b83c676b37ca8e12b265be9,product_images/p193_2_2_bloom-voluminizador.jpg,CATALOG_EVIDENCE_CROP,image/jpeg,jpg,lihen-product-web,products/672f2d7b-5953-180c-b19f-569ea2d1bff3/3de4951c-ce98-20a9-5f79-ffbd9b072f51/web/7410a866538d993dde4cdf447d19dbc8666577cf2b83c676b37ca8e12b265be9.jpg,BLOCKED_EVIDENCE_IS_NOT_CANONICAL_ORIGINAL,READY_LINKAGE
39514b38-f90b-4b15-9ac1-0f12d8b1e625,CATV1-P193-R3L,21a763cb-690d-e8ee-3ae6-9bfa57b63711,cb2596ac-24f2-915b-0d30-a97a6a387751,POLICY_APPROVED,34d32eb9ad71316b48395ed5938d905d346e87de39af3ea4e223c147f29b6791,product_images/p193_1_3_sombra-luxury.jpg,CATALOG_EVIDENCE_CROP,image/jpeg,jpg,lihen-product-web,products/21a763cb-690d-e8ee-3ae6-9bfa57b63711/cb2596ac-24f2-915b-0d30-a97a6a387751/web/34d32eb9ad71316b48395ed5938d905d346e87de39af3ea4e223c147f29b6791.jpg,BLOCKED_EVIDENCE_IS_NOT_CANONICAL_ORIGINAL,READY_LINKAGE
39514b38-f90b-4b15-9ac1-0f12d8b1e625,CATV1-P193-R3R,d36557eb-daa4-8439-4169-0f54fdd1c2a1,32cd7e5b-227d-136e-412c-78e1ec40a10c,POLICY_APPROVED,bb74516ae7e684722f5c59b14dfdf9d8e55ca1b7bcb755a33e5727b00df54f1a,product_images/p193_2_3_lip-kip.jpg,CATALOG_EVIDENCE_CROP,image/jpeg,jpg,lihen-product-web,products/d36557eb-daa4-8439-4169-0f54fdd1c2a1/32cd7e5b-227d-136e-412c-78e1ec40a10c/web/bb74516ae7e684722f5c59b14dfdf9d8e55ca1b7bcb755a33e5727b00df54f1a.jpg,BLOCKED_EVIDENCE_IS_NOT_CANONICAL_ORIGINAL,READY_LINKAGE
39514b38-f90b-4b15-9ac1-0f12d8b1e625,CATV1-P194-R1L,6309a0fe-f28e-8ec1-598a-4c795cd25a12,66281352-1465-667f-8f05-b9df08895fa6,POLICY_APPROVED,e96bed014b3c65f500a2287358dd053d766bafc32464f99c789a79584f818a63,product_images/p194_1_1_blush-magic.jpg,CATALOG_EVIDENCE_CROP,image/jpeg,jpg,lihen-product-web,products/6309a0fe-f28e-8ec1-598a-4c795cd25a12/66281352-1465-667f-8f05-b9df08895fa6/web/e96bed014b3c65f500a2287358dd053d766bafc32464f99c789a79584f818a63.jpg,BLOCKED_EVIDENCE_IS_NOT_CANONICAL_ORIGINAL,READY_LINKAGE
39514b38-f90b-4b15-9ac1-0f12d8b1e625,CATV1-P194-R1R,d1245f16-2a67-6678-c246-e48f83ef1e23,0c63fe19-66db-f241-1c2c-aaed8a81acc4,POLICY_APPROVED,b43d45ec12984b2f96144c36cf82a85ee477fab664077d5e0aa339870329120d,product_images/p194_2_1_tinta-paleta.jpg,CATALOG_EVIDENCE_CROP,image/jpeg,jpg,lihen-product-web,products/d1245f16-2a67-6678-c246-e48f83ef1e23/0c63fe19-66db-f241-1c2c-aaed8a81acc4/web/b43d45ec12984b2f96144c36cf82a85ee477fab664077d5e0aa339870329120d.jpg,BLOCKED_EVIDENCE_IS_NOT_CANONICAL_ORIGINAL,READY_LINKAGE
39514b38-f90b-4b15-9ac1-0f12d8b1e625,CATV1-P194-R2L,2b02fb0d-8722-e40d-198e-ca9f7084fe8d,54dbb7d5-bba1-237c-8657-dcedb385760b,POLICY_APPROVED,0ed5b588c81eed289ab5fcaf7d88ab55a07f19c0dc3621ae98365024e0fc4ef0,product_images/p194_1_2_primer-plumping.jpg,CATALOG_EVIDENCE_CROP,image/jpeg,jpg,lihen-product-web,products/2b02fb0d-8722-e40d-198e-ca9f7084fe8d/54dbb7d5-bba1-237c-8657-dcedb385760b/web/0ed5b588c81eed289ab5fcaf7d88ab55a07f19c0dc3621ae98365024e0fc4ef0.jpg,BLOCKED_EVIDENCE_IS_NOT_CANONICAL_ORIGINAL,READY_LINKAGE
39514b38-f90b-4b15-9ac1-0f12d8b1e625,CATV1-P194-R2R,be1fb287-c323-f6d5-ef19-32c5966eab58,31788050-af2a-8f19-928e-42d8f83e34a7,POLICY_APPROVED,e4338fbe5518e326573ea1a72aa651162d47a97265ceecb2da6ccf5b4087038a,product_images/p194_2_2_tinta-bow-bloom.jpg,CATALOG_EVIDENCE_CROP,image/jpeg,jpg,lihen-product-web,products/be1fb287-c323-f6d5-ef19-32c5966eab58/31788050-af2a-8f19-928e-42d8f83e34a7/web/e4338fbe5518e326573ea1a72aa651162d47a97265ceecb2da6ccf5b4087038a.jpg,BLOCKED_EVIDENCE_IS_NOT_CANONICAL_ORIGINAL,READY_LINKAGE
39514b38-f90b-4b15-9ac1-0f12d8b1e625,CATV1-P194-R3L,7213837e-fb7f-737a-cc4e-878ac49b8f4e,12dc8443-c51f-5d78-dbcd-3c8828c26ba9,POLICY_APPROVED,fc27c63a7265a06a165bba680cd3648ee77f4963c9ae310fe9517c7a9564018f,product_images/p194_1_3_bloom-definer-contour.jpg,CATALOG_EVIDENCE_CROP,image/jpeg,jpg,lihen-product-web,products/7213837e-fb7f-737a-cc4e-878ac49b8f4e/12dc8443-c51f-5d78-dbcd-3c8828c26ba9/web/fc27c63a7265a06a165bba680cd3648ee77f4963c9ae310fe9517c7a9564018f.jpg,BLOCKED_EVIDENCE_IS_NOT_CANONICAL_ORIGINAL,READY_LINKAGE
39514b38-f90b-4b15-9ac1-0f12d8b1e625,CATV1-P195-R1L,7e856e63-7f08-7ce5-82f1-550a2541aebe,c01e9008-c251-bcf1-5be7-5e71218b19a4,POLICY_APPROVED,a1fdea60bc00c3c3abc8d240ebf5cb3071125d5a08cf3c2d63ef2836a7226ca0,product_images/p195_1_1_cherry-blosson-4-tonos.jpg,CATALOG_EVIDENCE_CROP,image/jpeg,jpg,lihen-product-web,products/7e856e63-7f08-7ce5-82f1-550a2541aebe/c01e9008-c251-bcf1-5be7-5e71218b19a4/web/a1fdea60bc00c3c3abc8d240ebf5cb3071125d5a08cf3c2d63ef2836a7226ca0.jpg,BLOCKED_EVIDENCE_IS_NOT_CANONICAL_ORIGINAL,READY_LINKAGE
39514b38-f90b-4b15-9ac1-0f12d8b1e625,CATV1-P195-R1R,a2382aaa-5207-45ef-718f-8134c5202768,e86add01-71d5-bb7d-95dd-ebb29676c887,POLICY_APPROVED,6130f2db8917be508173a3fbe7719288b467295aa7bf187fd16c74cb3d4e6a4b,product_images/p195_2_1_bloom-sparkle-kiss-4-tonos.jpg,CATALOG_EVIDENCE_CROP,image/jpeg,jpg,lihen-product-web,products/a2382aaa-5207-45ef-718f-8134c5202768/e86add01-71d5-bb7d-95dd-ebb29676c887/web/6130f2db8917be508173a3fbe7719288b467295aa7bf187fd16c74cb3d4e6a4b.jpg,BLOCKED_EVIDENCE_IS_NOT_CANONICAL_ORIGINAL,READY_LINKAGE
39514b38-f90b-4b15-9ac1-0f12d8b1e625,CATV1-P195-R2L,bfbbe81c-1659-1a44-7c05-47b82eac2c8a,da22566a-040a-b848-2eae-456da0ccc6a6,POLICY_APPROVED,46286a8c548d0e4c2b614bc643b1e97453663ce7e0d81a06e8506858ee3da937,product_images/p195_1_2_bloom-sublime-xl.jpg,CATALOG_EVIDENCE_CROP,image/jpeg,jpg,lihen-product-web,products/bfbbe81c-1659-1a44-7c05-47b82eac2c8a/da22566a-040a-b848-2eae-456da0ccc6a6/web/46286a8c548d0e4c2b614bc643b1e97453663ce7e0d81a06e8506858ee3da937.jpg,BLOCKED_EVIDENCE_IS_NOT_CANONICAL_ORIGINAL,READY_LINKAGE
39514b38-f90b-4b15-9ac1-0f12d8b1e625,CATV1-P195-R2R,403410d7-6876-074c-fd1e-2706373a98b3,f6e24aa6-e495-fd7a-1c64-e4bf80b72490,POLICY_APPROVED,74461cdf42fbe072097917893025b207126d15f713374fb5caaf910c99410ffb,product_images/p195_2_2_bloom-fusion.jpg,CATALOG_EVIDENCE_CROP,image/jpeg,jpg,lihen-product-web,products/403410d7-6876-074c-fd1e-2706373a98b3/f6e24aa6-e495-fd7a-1c64-e4bf80b72490/web/74461cdf42fbe072097917893025b207126d15f713374fb5caaf910c99410ffb.jpg,BLOCKED_EVIDENCE_IS_NOT_CANONICAL_ORIGINAL,READY_LINKAGE
39514b38-f90b-4b15-9ac1-0f12d8b1e625,CATV1-P195-R3L,63aeef90-8966-9fac-0473-c6fe25d33607,dcb89338-f831-df33-57ef-db5373aa0fe1,POLICY_APPROVED,416e8fdf87ea6aca6bc29a3222bcc18a8d4e8ccf350c1881e84698d1a19618b9,product_images/p195_1_3_bloom-latte-2-tonos.jpg,CATALOG_EVIDENCE_CROP,image/jpeg,jpg,lihen-product-web,products/63aeef90-8966-9fac-0473-c6fe25d33607/dcb89338-f831-df33-57ef-db5373aa0fe1/web/416e8fdf87ea6aca6bc29a3222bcc18a8d4e8ccf350c1881e84698d1a19618b9.jpg,BLOCKED_EVIDENCE_IS_NOT_CANONICAL_ORIGINAL,READY_LINKAGE
39514b38-f90b-4b15-9ac1-0f12d8b1e625,CATV1-P195-R3R,330a74a3-e11c-09f9-4608-b54f3912abf6,d933e0e0-9e99-1ade-0f89-7bbae653d035,POLICY_APPROVED,0fd730f24b7bc497d04ec8c068cb3d11e0752ae701452e8de2dbf1629d47b5f2,product_images/p195_2_3_bloom-poros-invisibles.jpg,CATALOG_EVIDENCE_CROP,image/jpeg,jpg,lihen-product-web,products/330a74a3-e11c-09f9-4608-b54f3912abf6/d933e0e0-9e99-1ade-0f89-7bbae653d035/web/0fd730f24b7bc497d04ec8c068cb3d11e0752ae701452e8de2dbf1629d47b5f2.jpg,BLOCKED_EVIDENCE_IS_NOT_CANONICAL_ORIGINAL,READY_LINKAGE
39514b38-f90b-4b15-9ac1-0f12d8b1e625,CATV1-P196-R1L,43853b4d-f15d-7ab9-44ee-e1b83f6f4c4d,1da64d67-96fb-81e0-53fd-3dd300fbfbd6,POLICY_APPROVED,4154493ce427f7ab9d0705969ac86273dc98c92dbc890e9db35853dcfe2fedea,product_images/p196_1_1_corrector-azul-neutralizante-10ml.jpg,CATALOG_EVIDENCE_CROP,image/jpeg,jpg,lihen-product-web,products/43853b4d-f15d-7ab9-44ee-e1b83f6f4c4d/1da64d67-96fb-81e0-53fd-3dd300fbfbd6/web/4154493ce427f7ab9d0705969ac86273dc98c92dbc890e9db35853dcfe2fedea.jpg,BLOCKED_EVIDENCE_IS_NOT_CANONICAL_ORIGINAL,READY_LINKAGE
39514b38-f90b-4b15-9ac1-0f12d8b1e625,CATV1-P196-R1R,87acb02f-2cf1-c08b-49b4-dd789be22f7e,681bb999-9d3e-175a-63bc-2b6936c71423,POLICY_APPROVED,0115cc83406e366091c125aa737bef045f2344ef15aa910cfe7223c8507a1a85,product_images/p196_2_1_corrector-amarillo-neutralizante-10ml.jpg,CATALOG_EVIDENCE_CROP,image/jpeg,jpg,lihen-product-web,products/87acb02f-2cf1-c08b-49b4-dd789be22f7e/681bb999-9d3e-175a-63bc-2b6936c71423/web/0115cc83406e366091c125aa737bef045f2344ef15aa910cfe7223c8507a1a85.jpg,BLOCKED_EVIDENCE_IS_NOT_CANONICAL_ORIGINAL,READY_LINKAGE
39514b38-f90b-4b15-9ac1-0f12d8b1e625,CATV1-P196-R2L,17675d62-16b3-2436-9cf2-8a082ec1f4af,b68af84b-b9b5-9cc2-1c0c-50816748f075,POLICY_APPROVED,a5514eaad298446c1f05a6a5c0e3425247aaac67d504eb8b30e696dcda60bc6a,product_images/p196_1_2_corrector-verde-neutralizante-10ml.jpg,CATALOG_EVIDENCE_CROP,image/jpeg,jpg,lihen-product-web,products/17675d62-16b3-2436-9cf2-8a082ec1f4af/b68af84b-b9b5-9cc2-1c0c-50816748f075/web/a5514eaad298446c1f05a6a5c0e3425247aaac67d504eb8b30e696dcda60bc6a.jpg,BLOCKED_EVIDENCE_IS_NOT_CANONICAL_ORIGINAL,READY_LINKAGE
39514b38-f90b-4b15-9ac1-0f12d8b1e625,CATV1-P196-R2R,54347a49-e376-8a88-c76e-ff4f5fab6ee8,a93effd1-f790-8059-e9e0-131b2654379d,POLICY_APPROVED,de44e593d0c1edcc35218b9b4472ddb5e5927cf1a617b3e0784622675f41de61,product_images/p196_2_2_bllomultra-blendi.jpg,CATALOG_EVIDENCE_CROP,image/jpeg,jpg,lihen-product-web,products/54347a49-e376-8a88-c76e-ff4f5fab6ee8/a93effd1-f790-8059-e9e0-131b2654379d/web/de44e593d0c1edcc35218b9b4472ddb5e5927cf1a617b3e0784622675f41de61.jpg,BLOCKED_EVIDENCE_IS_NOT_CANONICAL_ORIGINAL,READY_LINKAGE
39514b38-f90b-4b15-9ac1-0f12d8b1e625,CATV1-P196-R3L,c5b4c21f-140c-74f8-1455-f66db7825067,7bd4420c-ff12-d345-3278-d41eab5e01b2,POLICY_APPROVED,5990aea5be3ed58d22ad50574f4529b84d586583bd6365551b48e155f187190d,product_images/p196_1_3_pestanina-lash-resistente-water-proof.jpg,CATALOG_EVIDENCE_CROP,image/jpeg,jpg,lihen-product-web,products/c5b4c21f-140c-74f8-1455-f66db7825067/7bd4420c-ff12-d345-3278-d41eab5e01b2/web/5990aea5be3ed58d22ad50574f4529b84d586583bd6365551b48e155f187190d.jpg,BLOCKED_EVIDENCE_IS_NOT_CANONICAL_ORIGINAL,READY_LINKAGE
39514b38-f90b-4b15-9ac1-0f12d8b1e625,CATV1-P196-R3R,1d8338df-f193-dd41-eb49-dc135616d4e9,1f01d0ac-f4ba-d8e0-eb14-2fc1e662921d,POLICY_APPROVED,fc1e0eb92a17c63d30f98335a2a071d2156302a54b2c23e92ece66851c1b72fa,product_images/p196_2_3_blom-cosmic.jpg,CATALOG_EVIDENCE_CROP,image/jpeg,jpg,lihen-product-web,products/1d8338df-f193-dd41-eb49-dc135616d4e9/1f01d0ac-f4ba-d8e0-eb14-2fc1e662921d/web/fc1e0eb92a17c63d30f98335a2a071d2156302a54b2c23e92ece66851c1b72fa.jpg,BLOCKED_EVIDENCE_IS_NOT_CANONICAL_ORIGINAL,READY_LINKAGE
39514b38-f90b-4b15-9ac1-0f12d8b1e625,CATV1-P197-R1L,875571eb-0919-b72a-c769-b6f2ed79bd3d,6cf4ed36-c4c8-6adb-615b-007f278e2d9c,POLICY_APPROVED,ced18833d0db9036e03909faac992330d7dcd9b781dfd797be8ce9e2d068b451,product_images/p197_1_1_polvo-compacto.jpg,CATALOG_EVIDENCE_CROP,image/jpeg,jpg,lihen-product-web,products/875571eb-0919-b72a-c769-b6f2ed79bd3d/6cf4ed36-c4c8-6adb-615b-007f278e2d9c/web/ced18833d0db9036e03909faac992330d7dcd9b781dfd797be8ce9e2d068b451.jpg,BLOCKED_EVIDENCE_IS_NOT_CANONICAL_ORIGINAL,READY_LINKAGE
39514b38-f90b-4b15-9ac1-0f12d8b1e625,CATV1-P197-R1R,cfcc747f-866b-2dc6-e0c9-660027dbe49a,a1e02fdc-fdbd-bbfd-de86-e7c49fcd4382,POLICY_APPROVED,7a882f4e4db1229ae9f85c770fcf98fa2e79c4f8689d498cbfdbf717d6435271,product_images/p197_2_1_bloom-hydratint.jpg,CATALOG_EVIDENCE_CROP,image/jpeg,jpg,lihen-product-web,products/cfcc747f-866b-2dc6-e0c9-660027dbe49a/a1e02fdc-fdbd-bbfd-de86-e7c49fcd4382/web/7a882f4e4db1229ae9f85c770fcf98fa2e79c4f8689d498cbfdbf717d6435271.jpg,BLOCKED_EVIDENCE_IS_NOT_CANONICAL_ORIGINAL,READY_LINKAGE
39514b38-f90b-4b15-9ac1-0f12d8b1e625,CATV1-P197-R2L,06c963a6-c539-06f9-f5d5-5200590be3bb,24b4619f-16eb-6927-4971-5e05901295ce,POLICY_APPROVED,6d66420f004e501423ec129ddd897e57c68c63c6823ab965b6a5fa942968ca2d,product_images/p197_1_2_blom-lumi-gloss.jpg,CATALOG_EVIDENCE_CROP,image/jpeg,jpg,lihen-product-web,products/06c963a6-c539-06f9-f5d5-5200590be3bb/24b4619f-16eb-6927-4971-5e05901295ce/web/6d66420f004e501423ec129ddd897e57c68c63c6823ab965b6a5fa942968ca2d.jpg,BLOCKED_EVIDENCE_IS_NOT_CANONICAL_ORIGINAL,READY_LINKAGE
39514b38-f90b-4b15-9ac1-0f12d8b1e625,CATV1-P197-R2R,8254475b-a5c9-3c3a-b9ce-11f89a08933d,ee3cbb88-27ac-60c0-b397-2d3bed05100f,POLICY_APPROVED,72c1e91d79be57ddd2bbd48956c97d46fb8dc3a45288e25db7da46527fb688d1,product_images/p197_2_2_bloom-dolce-destello.jpg,CATALOG_EVIDENCE_CROP,image/jpeg,jpg,lihen-product-web,products/8254475b-a5c9-3c3a-b9ce-11f89a08933d/ee3cbb88-27ac-60c0-b397-2d3bed05100f/web/72c1e91d79be57ddd2bbd48956c97d46fb8dc3a45288e25db7da46527fb688d1.jpg,BLOCKED_EVIDENCE_IS_NOT_CANONICAL_ORIGINAL,READY_LINKAGE
39514b38-f90b-4b15-9ac1-0f12d8b1e625,CATV1-P197-R3L,9a07f86c-a727-4a8b-6cb5-30b12d591ebe,21c37478-76b9-f88e-14cf-4e16767b773e,POLICY_APPROVED,115a2055db93ace2c12da4df4148abbf2b6623d81aa386c2d11d6dfb413dda1c,product_images/p197_1_3_llavero-bow-mimosa.jpg,CATALOG_EVIDENCE_CROP,image/jpeg,jpg,lihen-product-web,products/9a07f86c-a727-4a8b-6cb5-30b12d591ebe/21c37478-76b9-f88e-14cf-4e16767b773e/web/115a2055db93ace2c12da4df4148abbf2b6623d81aa386c2d11d6dfb413dda1c.jpg,BLOCKED_EVIDENCE_IS_NOT_CANONICAL_ORIGINAL,READY_LINKAGE
39514b38-f90b-4b15-9ac1-0f12d8b1e625,CATV1-P197-R3R,4b126d40-2980-c0f9-3f08-982a92b8cfef,892a2353-57f5-f327-0465-40653ea9851b,POLICY_APPROVED,a7b622822da2ba257b2161a561648e96760eb445c721c2c38e548997ba87baee,product_images/p197_2_3_bloom-capuchic.jpg,CATALOG_EVIDENCE_CROP,image/jpeg,jpg,lihen-product-web,products/4b126d40-2980-c0f9-3f08-982a92b8cfef/892a2353-57f5-f327-0465-40653ea9851b/web/a7b622822da2ba257b2161a561648e96760eb445c721c2c38e548997ba87baee.jpg,BLOCKED_EVIDENCE_IS_NOT_CANONICAL_ORIGINAL,READY_LINKAGE
39514b38-f90b-4b15-9ac1-0f12d8b1e625,CATV1-P198-R1L,d3a9e0aa-69b4-99ee-995d-f897cc83f769,ab095f30-e8ca-8bfd-3ed2-ad34b18c05f4,POLICY_APPROVED,8df34e63ff9a78c587671a86c66a76c2a0a67d24a87a7f11b6a4a3150f08c6bc,product_images/p198_1_1_bloom-espejo-me-y-mocha-corazon.jpg,CATALOG_EVIDENCE_CROP,image/jpeg,jpg,lihen-product-web,products/d3a9e0aa-69b4-99ee-995d-f897cc83f769/ab095f30-e8ca-8bfd-3ed2-ad34b18c05f4/web/8df34e63ff9a78c587671a86c66a76c2a0a67d24a87a7f11b6a4a3150f08c6bc.jpg,BLOCKED_EVIDENCE_IS_NOT_CANONICAL_ORIGINAL,READY_LINKAGE
39514b38-f90b-4b15-9ac1-0f12d8b1e625,CATV1-P198-R1R,3bf8a796-dc13-aff9-2d85-5bd8981a95d8,5b72009b-e813-a0c1-476a-c131dc7162d4,POLICY_APPROVED,a1f8b246a16dd29274c473ead6e858c07bd9799ee65476b22027c78012b30551,product_images/p198_2_1_bloom-lamination-xl.jpg,CATALOG_EVIDENCE_CROP,image/jpeg,jpg,lihen-product-web,products/3bf8a796-dc13-aff9-2d85-5bd8981a95d8/5b72009b-e813-a0c1-476a-c131dc7162d4/web/a1f8b246a16dd29274c473ead6e858c07bd9799ee65476b22027c78012b30551.jpg,BLOCKED_EVIDENCE_IS_NOT_CANONICAL_ORIGINAL,READY_LINKAGE
39514b38-f90b-4b15-9ac1-0f12d8b1e625,CATV1-P198-R2L,ff1c6214-4de9-5f4a-1522-5e1fa922fff5,7f9d9579-3869-707e-51d3-d91d4defc8b6,POLICY_APPROVED,a992f0933205d7b6214857b72d4fa042d1b89795e7fc69b8d8597d17bdccfc80,product_images/p198_1_2_bloom-latte-kiss.jpg,CATALOG_EVIDENCE_CROP,image/jpeg,jpg,lihen-product-web,products/ff1c6214-4de9-5f4a-1522-5e1fa922fff5/7f9d9579-3869-707e-51d3-d91d4defc8b6/web/a992f0933205d7b6214857b72d4fa042d1b89795e7fc69b8d8597d17bdccfc80.jpg,BLOCKED_EVIDENCE_IS_NOT_CANONICAL_ORIGINAL,READY_LINKAGE
39514b38-f90b-4b15-9ac1-0f12d8b1e625,CATV1-P198-R2R,ca251e53-d53d-be6e-8830-525c70dba8c9,67b64cb2-7c1f-994a-2b5d-3ebc3af14281,POLICY_APPROVED,4884e12e67efcfd60c723e03b6b491c0e74a21933031d5baaf937fedd2d1806f,product_images/p198_2_2_bloom-pop-mimosa.jpg,CATALOG_EVIDENCE_CROP,image/jpeg,jpg,lihen-product-web,products/ca251e53-d53d-be6e-8830-525c70dba8c9/67b64cb2-7c1f-994a-2b5d-3ebc3af14281/web/4884e12e67efcfd60c723e03b6b491c0e74a21933031d5baaf937fedd2d1806f.jpg,BLOCKED_EVIDENCE_IS_NOT_CANONICAL_ORIGINAL,READY_LINKAGE
39514b38-f90b-4b15-9ac1-0f12d8b1e625,CATV1-P198-R3L,c1d8e4f2-c4f6-0863-3c2f-ae720a7ea342,1b27ef3e-2ad8-db9e-1911-e48b2471bd69,POLICY_APPROVED,29be09791382b6eddb0acb00125bcff7c0acdac431094e8826527c5f06b48c6e,product_images/p198_1_3_bloom-vibes-color.jpg,CATALOG_EVIDENCE_CROP,image/jpeg,jpg,lihen-product-web,products/c1d8e4f2-c4f6-0863-3c2f-ae720a7ea342/1b27ef3e-2ad8-db9e-1911-e48b2471bd69/web/29be09791382b6eddb0acb00125bcff7c0acdac431094e8826527c5f06b48c6e.jpg,BLOCKED_EVIDENCE_IS_NOT_CANONICAL_ORIGINAL,READY_LINKAGE
39514b38-f90b-4b15-9ac1-0f12d8b1e625,CATV1-P198-R3R,8a0ec6b4-1722-4017-df0a-9b99acbe73c0,249faa44-6fc8-70a0-b0e6-f5b44a7ad24a,POLICY_APPROVED,8d5864e0cb906fcad3b10f2a97234639a9da1ac5febff6a12ad919a643a562f8,product_images/p198_2_3_bloom-vibes-terracota.jpg,CATALOG_EVIDENCE_CROP,image/jpeg,jpg,lihen-product-web,products/8a0ec6b4-1722-4017-df0a-9b99acbe73c0/249faa44-6fc8-70a0-b0e6-f5b44a7ad24a/web/8d5864e0cb906fcad3b10f2a97234639a9da1ac5febff6a12ad919a643a562f8.jpg,BLOCKED_EVIDENCE_IS_NOT_CANONICAL_ORIGINAL,READY_LINKAGE
39514b38-f90b-4b15-9ac1-0f12d8b1e625,CATV1-P199-R1L,e80e529c-81aa-e9d4-1bdb-3ec750668f77,41fb75c5-b8ae-2e9b-c82e-1de4ab209a1a,POLICY_APPROVED,d6e7158ed2bdd085b17a067908ea0a2ab2efb44d5fdb2a68646d4a72974d1bf1,product_images/p199_1_1_bloom-podwer-parer.jpg,CATALOG_EVIDENCE_CROP,image/jpeg,jpg,lihen-product-web,products/e80e529c-81aa-e9d4-1bdb-3ec750668f77/41fb75c5-b8ae-2e9b-c82e-1de4ab209a1a/web/d6e7158ed2bdd085b17a067908ea0a2ab2efb44d5fdb2a68646d4a72974d1bf1.jpg,BLOCKED_EVIDENCE_IS_NOT_CANONICAL_ORIGINAL,READY_LINKAGE
39514b38-f90b-4b15-9ac1-0f12d8b1e625,CATV1-P199-R1R,b44db239-c97a-8b9b-17c4-827c58882ef9,d1cec02e-778d-320d-8e56-e377c89afeb7,POLICY_APPROVED,39684a1875ff1a2278a58feea480afdfc87e8c9256bb0dac77eba93c4f3b615f,product_images/p199_2_1_bloom-aqua-fruit.jpg,CATALOG_EVIDENCE_CROP,image/jpeg,jpg,lihen-product-web,products/b44db239-c97a-8b9b-17c4-827c58882ef9/d1cec02e-778d-320d-8e56-e377c89afeb7/web/39684a1875ff1a2278a58feea480afdfc87e8c9256bb0dac77eba93c4f3b615f.jpg,BLOCKED_EVIDENCE_IS_NOT_CANONICAL_ORIGINAL,READY_LINKAGE
39514b38-f90b-4b15-9ac1-0f12d8b1e625,CATV1-P199-R2L,aea01a46-de71-4555-fe4c-6f25e82fe447,9dd35056-724c-0288-2fb1-c2dd032e0e6c,POLICY_APPROVED,8c8267738b0d125e3d9b84ad240dbbc2d44dc7872e2b5e842a7f2edce25c0366,product_images/p199_1_2_bloom-love-puff.jpg,CATALOG_EVIDENCE_CROP,image/jpeg,jpg,lihen-product-web,products/aea01a46-de71-4555-fe4c-6f25e82fe447/9dd35056-724c-0288-2fb1-c2dd032e0e6c/web/8c8267738b0d125e3d9b84ad240dbbc2d44dc7872e2b5e842a7f2edce25c0366.jpg,BLOCKED_EVIDENCE_IS_NOT_CANONICAL_ORIGINAL,READY_LINKAGE
39514b38-f90b-4b15-9ac1-0f12d8b1e625,CATV1-P199-R2R,cd81dc7a-ab80-fb5b-f123-6322648a611b,42fa3efe-e5cd-ad61-d542-754e034b444b,POLICY_APPROVED,e2a82b99bf6cd63d7b916beae02597693855b52d58f9b46ab28e67354b46abbc,product_images/p199_2_2_bloom-yelly-fusion.jpg,CATALOG_EVIDENCE_CROP,image/jpeg,jpg,lihen-product-web,products/cd81dc7a-ab80-fb5b-f123-6322648a611b/42fa3efe-e5cd-ad61-d542-754e034b444b/web/e2a82b99bf6cd63d7b916beae02597693855b52d58f9b46ab28e67354b46abbc.jpg,BLOCKED_EVIDENCE_IS_NOT_CANONICAL_ORIGINAL,READY_LINKAGE
39514b38-f90b-4b15-9ac1-0f12d8b1e625,CATV1-P199-R3L,907a7c7c-c315-a487-4c6d-bd9a45bc7ef7,0465ceeb-1e76-f3ba-db5c-1f04eee13157,POLICY_APPROVED,10426a63d830c2a1d62d6694f1c452c3b713898e6f2d8b654129c01404c5e354,product_images/p199_1_3_bloom-amore-curl.jpg,CATALOG_EVIDENCE_CROP,image/jpeg,jpg,lihen-product-web,products/907a7c7c-c315-a487-4c6d-bd9a45bc7ef7/0465ceeb-1e76-f3ba-db5c-1f04eee13157/web/10426a63d830c2a1d62d6694f1c452c3b713898e6f2d8b654129c01404c5e354.jpg,BLOCKED_EVIDENCE_IS_NOT_CANONICAL_ORIGINAL,READY_LINKAGE
39514b38-f90b-4b15-9ac1-0f12d8b1e625,CATV1-P200-R1L,f953de34-b7cf-2629-a694-05ad1a454d63,2104c373-3bf5-9c5e-5102-459d2c4bf435,POLICY_APPROVED,66cb345aa0a3d3c571a9801a730bdb6aa22dde3bd76a0304ebbaad18d10135c4,product_images/p200_1_1_bloom-essential-cream.jpg,CATALOG_EVIDENCE_CROP,image/jpeg,jpg,lihen-product-web,products/f953de34-b7cf-2629-a694-05ad1a454d63/2104c373-3bf5-9c5e-5102-459d2c4bf435/web/66cb345aa0a3d3c571a9801a730bdb6aa22dde3bd76a0304ebbaad18d10135c4.jpg,BLOCKED_EVIDENCE_IS_NOT_CANONICAL_ORIGINAL,READY_LINKAGE
39514b38-f90b-4b15-9ac1-0f12d8b1e625,CATV1-P200-R1R,6c7fc0f3-3679-7535-13f4-3a29216efb66,420541c9-455a-30ca-375f-3ca1260cf999,POLICY_APPROVED,cbd0a58df14206206615cef7aca5d87ee08cc5ebcce62dcb27b7eca87bed68ea,product_images/p200_2_1_bloom-repair-cream.jpg,CATALOG_EVIDENCE_CROP,image/jpeg,jpg,lihen-product-web,products/6c7fc0f3-3679-7535-13f4-3a29216efb66/420541c9-455a-30ca-375f-3ca1260cf999/web/cbd0a58df14206206615cef7aca5d87ee08cc5ebcce62dcb27b7eca87bed68ea.jpg,BLOCKED_EVIDENCE_IS_NOT_CANONICAL_ORIGINAL,READY_LINKAGE
39514b38-f90b-4b15-9ac1-0f12d8b1e625,CATV1-P200-R2L,02ba4087-c432-59e2-0997-7806505fb65e,9233e36b-20fe-0cfe-a349-f27030c46955,POLICY_APPROVED,011f436ba229b3a8907b79928ecf20df465fffde6cffcfdd7587501bcd17a430,product_images/p200_1_2_bloom-serum-balance.jpg,CATALOG_EVIDENCE_CROP,image/jpeg,jpg,lihen-product-web,products/02ba4087-c432-59e2-0997-7806505fb65e/9233e36b-20fe-0cfe-a349-f27030c46955/web/011f436ba229b3a8907b79928ecf20df465fffde6cffcfdd7587501bcd17a430.jpg,BLOCKED_EVIDENCE_IS_NOT_CANONICAL_ORIGINAL,READY_LINKAGE
39514b38-f90b-4b15-9ac1-0f12d8b1e625,CATV1-P200-R2R,1e82e5e4-c2f7-91e2-b203-c43f877f21c7,348e2b87-32e5-1a80-d64e-31371381ffff,POLICY_APPROVED,7901ad4071030077c4b9039af7df6da63dbe8f6620533967c252febcb6f14a6f,product_images/p200_2_2_bloom-repair-mist.jpg,CATALOG_EVIDENCE_CROP,image/jpeg,jpg,lihen-product-web,products/1e82e5e4-c2f7-91e2-b203-c43f877f21c7/348e2b87-32e5-1a80-d64e-31371381ffff/web/7901ad4071030077c4b9039af7df6da63dbe8f6620533967c252febcb6f14a6f.jpg,BLOCKED_EVIDENCE_IS_NOT_CANONICAL_ORIGINAL,READY_LINKAGE
39514b38-f90b-4b15-9ac1-0f12d8b1e625,CATV1-P200-R3L,edbf68ad-0eed-b439-7bd9-89df876f131e,b86e4028-a3a8-637a-6a0b-ebbaeff14f5b,POLICY_APPROVED,646d889de1afc38cd8c18a6bff023159f369682b6d0e6454b5d29af741f390ab,product_images/p200_1_3_bloom-clearse-lumi-gel.jpg,CATALOG_EVIDENCE_CROP,image/jpeg,jpg,lihen-product-web,products/edbf68ad-0eed-b439-7bd9-89df876f131e/b86e4028-a3a8-637a-6a0b-ebbaeff14f5b/web/646d889de1afc38cd8c18a6bff023159f369682b6d0e6454b5d29af741f390ab.jpg,BLOCKED_EVIDENCE_IS_NOT_CANONICAL_ORIGINAL,READY_LINKAGE
39514b38-f90b-4b15-9ac1-0f12d8b1e625,CATV1-P202-R1L,e0ef554f-ba30-6a6f-d6d9-8896d99178db,a57c5f34-fbd0-8a54-78fa-b087c0f855cd,HUMAN_APPROVED,96377c59141c2eec3e39abf6712011b7b6e3662dfd99ff8c11c21d0fe7bb9473,product_images/p202_1_1_humide-gloss.jpg,CATALOG_EVIDENCE_CROP,image/jpeg,jpg,lihen-product-web,products/e0ef554f-ba30-6a6f-d6d9-8896d99178db/a57c5f34-fbd0-8a54-78fa-b087c0f855cd/web/96377c59141c2eec3e39abf6712011b7b6e3662dfd99ff8c11c21d0fe7bb9473.jpg,BLOCKED_EVIDENCE_IS_NOT_CANONICAL_ORIGINAL,READY_LINKAGE
39514b38-f90b-4b15-9ac1-0f12d8b1e625,CATV1-P202-R1R,89512542-9de2-cf60-20c6-9f9611fef2f7,599349b8-a5f7-6321-7a19-2d037bcfd98c,HUMAN_APPROVED,67f5a41db2960535f75e5630ae5f4846b74d41468deed0e84981bbbb81865bb0,product_images/p202_2_1_juicylips-tono-202.jpg,CATALOG_EVIDENCE_CROP,image/jpeg,jpg,lihen-product-web,products/89512542-9de2-cf60-20c6-9f9611fef2f7/599349b8-a5f7-6321-7a19-2d037bcfd98c/web/67f5a41db2960535f75e5630ae5f4846b74d41468deed0e84981bbbb81865bb0.jpg,BLOCKED_EVIDENCE_IS_NOT_CANONICAL_ORIGINAL,READY_LINKAGE
39514b38-f90b-4b15-9ac1-0f12d8b1e625,CATV1-P202-R2L,bbf6ce32-69a8-b8c8-968f-306fbb4459fc,fd3f277d-f649-08fa-0fef-033e8accf612,HUMAN_APPROVED,4bcd3595bae4eeb92049c979bea7ab94ea6b1b8f3fcbcc4048d9b5b3f6817feb,product_images/p202_1_2_juicy-gloss-200-201-202.jpg,CATALOG_EVIDENCE_CROP,image/jpeg,jpg,lihen-product-web,products/bbf6ce32-69a8-b8c8-968f-306fbb4459fc/fd3f277d-f649-08fa-0fef-033e8accf612/web/4bcd3595bae4eeb92049c979bea7ab94ea6b1b8f3fcbcc4048d9b5b3f6817feb.jpg,BLOCKED_EVIDENCE_IS_NOT_CANONICAL_ORIGINAL,READY_LINKAGE
39514b38-f90b-4b15-9ac1-0f12d8b1e625,CATV1-P202-R2R,70a2c3b0-f6de-4bd7-6972-98540a52b6b3,e45386b4-37a3-9f39-462d-610d48bbe99a,HUMAN_APPROVED,254ee6403586599c696bdc3f22789062de331060f450e9149a60bc2192bac876,product_images/p202_2_2_clickgloss-pro.jpg,CATALOG_EVIDENCE_CROP,image/jpeg,jpg,lihen-product-web,products/70a2c3b0-f6de-4bd7-6972-98540a52b6b3/e45386b4-37a3-9f39-462d-610d48bbe99a/web/254ee6403586599c696bdc3f22789062de331060f450e9149a60bc2192bac876.jpg,BLOCKED_EVIDENCE_IS_NOT_CANONICAL_ORIGINAL,READY_LINKAGE
39514b38-f90b-4b15-9ac1-0f12d8b1e625,CATV1-P202-R3L,cbd5255e-de8f-b63b-5679-dba1dddea3b8,25b46233-0e2c-a854-57b2-2ac3430859ea,HUMAN_APPROVED,8a63757f066edeefa2a86e7a7a734e0dbe2d73cddec6cef6a76d11eeb5da5c22,product_images/p202_1_3_lippie-bal-m.jpg,CATALOG_EVIDENCE_CROP,image/jpeg,jpg,lihen-product-web,products/cbd5255e-de8f-b63b-5679-dba1dddea3b8/25b46233-0e2c-a854-57b2-2ac3430859ea/web/8a63757f066edeefa2a86e7a7a734e0dbe2d73cddec6cef6a76d11eeb5da5c22.jpg,BLOCKED_EVIDENCE_IS_NOT_CANONICAL_ORIGINAL,READY_LINKAGE
39514b38-f90b-4b15-9ac1-0f12d8b1e625,CATV1-P202-R3R,6263430f-21ae-62c5-8968-7d2ce023e244,f8d3e2dd-e58f-f263-cbae-25cf186028cf,HUMAN_APPROVED,d8ea06a1e6e6eec3775201dd071106992e9e29d4440ca1f22c5df67aa783f1cc,product_images/p202_2_3_rubor-nostalgic.jpg,CATALOG_EVIDENCE_CROP,image/jpeg,jpg,lihen-product-web,products/6263430f-21ae-62c5-8968-7d2ce023e244/f8d3e2dd-e58f-f263-cbae-25cf186028cf/web/d8ea06a1e6e6eec3775201dd071106992e9e29d4440ca1f22c5df67aa783f1cc.jpg,BLOCKED_EVIDENCE_IS_NOT_CANONICAL_ORIGINAL,READY_LINKAGE
39514b38-f90b-4b15-9ac1-0f12d8b1e625,CATV1-P203-R1L,9740a3e9-5496-2c6c-1ffd-77803c8d594d,1fd66c34-925c-fba2-7978-eb46dfe32f18,HUMAN_APPROVED,dd0506a601cd5fdbd64fee0964f0e56a21911faf9398df5a53dad611cbf456f9,product_images/p203_1_1_pestanas-preglue.jpg,CATALOG_EVIDENCE_CROP,image/jpeg,jpg,lihen-product-web,products/9740a3e9-5496-2c6c-1ffd-77803c8d594d/1fd66c34-925c-fba2-7978-eb46dfe32f18/web/dd0506a601cd5fdbd64fee0964f0e56a21911faf9398df5a53dad611cbf456f9.jpg,BLOCKED_EVIDENCE_IS_NOT_CANONICAL_ORIGINAL,READY_LINKAGE
39514b38-f90b-4b15-9ac1-0f12d8b1e625,CATV1-P203-R1R,e7d461a8-8f03-cdcb-c30d-c8a2d887c953,92d93a49-f4be-bd18-0c61-f51fdacb4c64,HUMAN_APPROVED,6193d0ee3b8717bb5a3c3dff661024fe0b2c7d4c8bdabf6e391678df47a56fc5,product_images/p203_2_1_contorno-humide.jpg,CATALOG_EVIDENCE_CROP,image/jpeg,jpg,lihen-product-web,products/e7d461a8-8f03-cdcb-c30d-c8a2d887c953/92d93a49-f4be-bd18-0c61-f51fdacb4c64/web/6193d0ee3b8717bb5a3c3dff661024fe0b2c7d4c8bdabf6e391678df47a56fc5.jpg,BLOCKED_EVIDENCE_IS_NOT_CANONICAL_ORIGINAL,READY_LINKAGE
39514b38-f90b-4b15-9ac1-0f12d8b1e625,CATV1-P203-R2L,8dd08557-aeaf-fcd6-aac7-9cd8d0b66411,4f0267a3-f07a-93f0-0914-e855b0daf356,HUMAN_APPROVED,3af553798505a7fbcd63c523c984274f73c27afaad9f4459ee7310ca93c38301,product_images/p203_1_2_corrector-humide.jpg,CATALOG_EVIDENCE_CROP,image/jpeg,jpg,lihen-product-web,products/8dd08557-aeaf-fcd6-aac7-9cd8d0b66411/4f0267a3-f07a-93f0-0914-e855b0daf356/web/3af553798505a7fbcd63c523c984274f73c27afaad9f4459ee7310ca93c38301.jpg,BLOCKED_EVIDENCE_IS_NOT_CANONICAL_ORIGINAL,READY_LINKAGE
39514b38-f90b-4b15-9ac1-0f12d8b1e625,CATV1-P203-R2R,c9a113af-c7fe-e3ba-ab4f-035f0911ea8f,8119bf27-cd56-b51a-07b7-36c26ad2e143,HUMAN_APPROVED,d91074f4846f0aef8d4b849359033f54552558b7a83d452e858b733b185c7278,product_images/p203_2_2_pine.jpg,CATALOG_EVIDENCE_CROP,image/jpeg,jpg,lihen-product-web,products/c9a113af-c7fe-e3ba-ab4f-035f0911ea8f/8119bf27-cd56-b51a-07b7-36c26ad2e143/web/d91074f4846f0aef8d4b849359033f54552558b7a83d452e858b733b185c7278.jpg,BLOCKED_EVIDENCE_IS_NOT_CANONICAL_ORIGINAL,READY_LINKAGE
39514b38-f90b-4b15-9ac1-0f12d8b1e625,CATV1-P203-R3L,94497b02-9cec-4b95-ffed-58cfb5dd5000,471ad93f-9fb6-f259-1d71-c961df59b044,HUMAN_APPROVED,a1ca068d359483fa266b818d2769183b134500de8e7aeb35fa805c6caa11e8bd,product_images/p203_1_3_serum-retinol.jpg,CATALOG_EVIDENCE_CROP,image/jpeg,jpg,lihen-product-web,products/94497b02-9cec-4b95-ffed-58cfb5dd5000/471ad93f-9fb6-f259-1d71-c961df59b044/web/a1ca068d359483fa266b818d2769183b134500de8e7aeb35fa805c6caa11e8bd.jpg,BLOCKED_EVIDENCE_IS_NOT_CANONICAL_ORIGINAL,READY_LINKAGE
39514b38-f90b-4b15-9ac1-0f12d8b1e625,CATV1-P203-R3R,72028c6e-8928-a622-668b-291537c0d662,436977be-83e8-4587-36ed-dd2dabaec624,HUMAN_APPROVED,6372b666a37eb053fb035534acdf3b1250e49d1eb82674f4b44d954ee88f6c47,product_images/p203_2_3_algodon-montoc.jpg,CATALOG_EVIDENCE_CROP,image/jpeg,jpg,lihen-product-web,products/72028c6e-8928-a622-668b-291537c0d662/436977be-83e8-4587-36ed-dd2dabaec624/web/6372b666a37eb053fb035534acdf3b1250e49d1eb82674f4b44d954ee88f6c47.jpg,BLOCKED_EVIDENCE_IS_NOT_CANONICAL_ORIGINAL,READY_LINKAGE
39514b38-f90b-4b15-9ac1-0f12d8b1e625,CATV1-P204-R1L,2aec9584-a710-0c0a-ed34-7df69393e1aa,bf9892c2-8b75-8a59-c5cb-200501bed940,HUMAN_APPROVED,c8c999447dbb4c3ccdc8bba710ab7e866a6f2fe1db974665cd2c68b63163fad7,product_images/p204_1_1_fijador-grande.jpg,CATALOG_EVIDENCE_CROP,image/jpeg,jpg,lihen-product-web,products/2aec9584-a710-0c0a-ed34-7df69393e1aa/bf9892c2-8b75-8a59-c5cb-200501bed940/web/c8c999447dbb4c3ccdc8bba710ab7e866a6f2fe1db974665cd2c68b63163fad7.jpg,BLOCKED_EVIDENCE_IS_NOT_CANONICAL_ORIGINAL,READY_LINKAGE
39514b38-f90b-4b15-9ac1-0f12d8b1e625,CATV1-P204-R1R,6392455a-05b2-10da-d973-5a84b3d9b95a,e7f720eb-9913-f1a8-2d4b-b427a5964bad,HUMAN_APPROVED,56cccf1ac5bee95741c7ed16a8707f62be0b9df9de81015c775a658cc9130596,product_images/p204_2_1_fijador-dix-fix-30-ml.jpg,CATALOG_EVIDENCE_CROP,image/jpeg,jpg,lihen-product-web,products/6392455a-05b2-10da-d973-5a84b3d9b95a/e7f720eb-9913-f1a8-2d4b-b427a5964bad/web/56cccf1ac5bee95741c7ed16a8707f62be0b9df9de81015c775a658cc9130596.jpg,BLOCKED_EVIDENCE_IS_NOT_CANONICAL_ORIGINAL,READY_LINKAGE
39514b38-f90b-4b15-9ac1-0f12d8b1e625,CATV1-P204-R2L,fc444ccb-314e-f960-ae40-10ffb8422902,f7044817-aade-2389-055b-c0b1176170f2,HUMAN_APPROVED,b0cb20d98317144202e9ba495edb2befe7730806f8bdfef7f72a390dc996d2cd,product_images/p204_1_2_gel-hidratante-hydro.jpg,CATALOG_EVIDENCE_CROP,image/jpeg,jpg,lihen-product-web,products/fc444ccb-314e-f960-ae40-10ffb8422902/f7044817-aade-2389-055b-c0b1176170f2/web/b0cb20d98317144202e9ba495edb2befe7730806f8bdfef7f72a390dc996d2cd.jpg,BLOCKED_EVIDENCE_IS_NOT_CANONICAL_ORIGINAL,READY_LINKAGE
39514b38-f90b-4b15-9ac1-0f12d8b1e625,CATV1-P204-R2R,cddd1acf-14cf-f906-2920-01dbe176587d,5a913d9e-b18d-e026-790a-88c5f62c8570,HUMAN_APPROVED,e0cd946edf1898c745cf0e8cf19c89b3f56227de28d5e8a36ff2c47d40b60a4c,product_images/p204_2_2_serum-niacinamida.jpg,CATALOG_EVIDENCE_CROP,image/jpeg,jpg,lihen-product-web,products/cddd1acf-14cf-f906-2920-01dbe176587d/5a913d9e-b18d-e026-790a-88c5f62c8570/web/e0cd946edf1898c745cf0e8cf19c89b3f56227de28d5e8a36ff2c47d40b60a4c.jpg,BLOCKED_EVIDENCE_IS_NOT_CANONICAL_ORIGINAL,READY_LINKAGE
39514b38-f90b-4b15-9ac1-0f12d8b1e625,CATV1-P204-R3L,fde980ed-f533-0bc5-99ab-8cd8dee6f10d,e734cb0f-4f3e-f581-6477-b2859d05c5a5,HUMAN_APPROVED,7b67f5eb5d48f55c6d1ae438d4324782637c2c01e36fac0fe431f7866fca3b20,product_images/p204_1_3_face-lift-acido-hialuronico.jpg,CATALOG_EVIDENCE_CROP,image/jpeg,jpg,lihen-product-web,products/fde980ed-f533-0bc5-99ab-8cd8dee6f10d/e734cb0f-4f3e-f581-6477-b2859d05c5a5/web/7b67f5eb5d48f55c6d1ae438d4324782637c2c01e36fac0fe431f7866fca3b20.jpg,BLOCKED_EVIDENCE_IS_NOT_CANONICAL_ORIGINAL,READY_LINKAGE
39514b38-f90b-4b15-9ac1-0f12d8b1e625,CATV1-P204-R3R,66ff4f5c-a48a-47fc-a0ce-58d3ee57c88d,5439ea01-d59c-57d3-d12c-37a3556c3ee8,HUMAN_APPROVED,f0eef860467cd1ecf569d14e0053bc54e32a9b32f27f430f54497583fca6cafe,product_images/p204_2_3_serum-vitamina-c.jpg,CATALOG_EVIDENCE_CROP,image/jpeg,jpg,lihen-product-web,products/66ff4f5c-a48a-47fc-a0ce-58d3ee57c88d/5439ea01-d59c-57d3-d12c-37a3556c3ee8/web/f0eef860467cd1ecf569d14e0053bc54e32a9b32f27f430f54497583fca6cafe.jpg,BLOCKED_EVIDENCE_IS_NOT_CANONICAL_ORIGINAL,READY_LINKAGE
39514b38-f90b-4b15-9ac1-0f12d8b1e625,CATV1-P205-R1L,2093fd24-900e-df2f-3c73-5b76b0c46fd1,cc93dd57-7524-1f17-3951-7243af0a95d6,HUMAN_APPROVED,afd95a86cceeb5bdbfa3ba7d0d90bfeddabe4125e4519e32809261ad1041342d,product_images/p205_1_1_jabonfacial.jpg,CATALOG_EVIDENCE_CROP,image/jpeg,jpg,lihen-product-web,products/2093fd24-900e-df2f-3c73-5b76b0c46fd1/cc93dd57-7524-1f17-3951-7243af0a95d6/web/afd95a86cceeb5bdbfa3ba7d0d90bfeddabe4125e4519e32809261ad1041342d.jpg,BLOCKED_EVIDENCE_IS_NOT_CANONICAL_ORIGINAL,READY_LINKAGE
39514b38-f90b-4b15-9ac1-0f12d8b1e625,CATV1-P205-R1R,fdae7f94-3723-c2be-a731-252ab0e34570,704a5afc-6872-3f03-1203-eef34a2b67c8,HUMAN_APPROVED,0dfe32438064ca9db66b347c6e48de1ce350e1c0c377cfad9fc4fa2ab2e2f0c9,product_images/p205_2_1_contorno-de-ojos.jpg,CATALOG_EVIDENCE_CROP,image/jpeg,jpg,lihen-product-web,products/fdae7f94-3723-c2be-a731-252ab0e34570/704a5afc-6872-3f03-1203-eef34a2b67c8/web/0dfe32438064ca9db66b347c6e48de1ce350e1c0c377cfad9fc4fa2ab2e2f0c9.jpg,BLOCKED_EVIDENCE_IS_NOT_CANONICAL_ORIGINAL,READY_LINKAGE
39514b38-f90b-4b15-9ac1-0f12d8b1e625,CATV1-P205-R2L,c9706557-46b2-6433-8a7b-df97b19d92d0,82df7730-0c01-2f63-8309-047f545c0ee5,HUMAN_APPROVED,6593419e57094f36e7c98466cdd16191fa9422eb1efb033b77181c7cd66b7101,product_images/p205_1_2_serum-blush-mont.jpg,CATALOG_EVIDENCE_CROP,image/jpeg,jpg,lihen-product-web,products/c9706557-46b2-6433-8a7b-df97b19d92d0/82df7730-0c01-2f63-8309-047f545c0ee5/web/6593419e57094f36e7c98466cdd16191fa9422eb1efb033b77181c7cd66b7101.jpg,BLOCKED_EVIDENCE_IS_NOT_CANONICAL_ORIGINAL,READY_LINKAGE
39514b38-f90b-4b15-9ac1-0f12d8b1e625,CATV1-P205-R2R,9a5d3963-acde-a41c-dde5-36377606606f,898f2c2b-db67-e629-ce9d-b8a63161973f,HUMAN_APPROVED,9700f65fa94ef999b6a65b9494b2551a3cb19c812b845d584be13883a4372cc5,product_images/p205_2_2_amore.jpg,CATALOG_EVIDENCE_CROP,image/jpeg,jpg,lihen-product-web,products/9a5d3963-acde-a41c-dde5-36377606606f/898f2c2b-db67-e629-ce9d-b8a63161973f/web/9700f65fa94ef999b6a65b9494b2551a3cb19c812b845d584be13883a4372cc5.jpg,BLOCKED_EVIDENCE_IS_NOT_CANONICAL_ORIGINAL,READY_LINKAGE
39514b38-f90b-4b15-9ac1-0f12d8b1e625,CATV1-P205-R3L,115b5f0b-027a-30e0-6743-ed16ab567e7a,7d2672af-ad1b-a2a6-fdff-11a32978068e,HUMAN_APPROVED,6608cde615b772e80950a9c49c9397d3f1be7fed8d3ac9335462aa8a7c6dd155,product_images/p205_1_3_cepillo-efecto-alisado.jpg,CATALOG_EVIDENCE_CROP,image/jpeg,jpg,lihen-product-web,products/115b5f0b-027a-30e0-6743-ed16ab567e7a/7d2672af-ad1b-a2a6-fdff-11a32978068e/web/6608cde615b772e80950a9c49c9397d3f1be7fed8d3ac9335462aa8a7c6dd155.jpg,BLOCKED_EVIDENCE_IS_NOT_CANONICAL_ORIGINAL,READY_LINKAGE
39514b38-f90b-4b15-9ac1-0f12d8b1e625,CATV1-P205-R3R,078b681f-f6de-06f4-defc-0a345b98f3d6,c2828aca-25cf-85f2-a65d-2e25cbd2faab,HUMAN_APPROVED,ed9a27414fd82982df0f47158892a489226aefea84b6b4929f23faea683fd03c,product_images/p205_2_3_broe-wax-ultra.jpg,CATALOG_EVIDENCE_CROP,image/jpeg,jpg,lihen-product-web,products/078b681f-f6de-06f4-defc-0a345b98f3d6/c2828aca-25cf-85f2-a65d-2e25cbd2faab/web/ed9a27414fd82982df0f47158892a489226aefea84b6b4929f23faea683fd03c.jpg,BLOCKED_EVIDENCE_IS_NOT_CANONICAL_ORIGINAL,READY_LINKAGE
39514b38-f90b-4b15-9ac1-0f12d8b1e625,CATV1-P206-R1L,9b92aa10-b530-c4c2-8ade-3c94e1acb7fa,a39fbe86-8c50-553c-ab10-7cbd97d1ae8c,HUMAN_APPROVED,c402b620ceed614473d1a33058671ad320a9420830c83770204b964287f78c6b,product_images/p206_1_1_humide-lapiz-de-cejas.jpg,CATALOG_EVIDENCE_CROP,image/jpeg,jpg,lihen-product-web,products/9b92aa10-b530-c4c2-8ade-3c94e1acb7fa/a39fbe86-8c50-553c-ab10-7cbd97d1ae8c/web/c402b620ceed614473d1a33058671ad320a9420830c83770204b964287f78c6b.jpg,BLOCKED_EVIDENCE_IS_NOT_CANONICAL_ORIGINAL,READY_LINKAGE
39514b38-f90b-4b15-9ac1-0f12d8b1e625,CATV1-P206-R1R,36acb744-dfb2-e9b1-07e9-48ff05d75a95,60d745a8-8ccd-e2c3-11b7-171533dba3b2,HUMAN_APPROVED,07c609669a32acd807660b44cd42766abac5d554ac8bc72d2c9e48e279e077e9,product_images/p206_2_1_spiral-glosshumide.jpg,CATALOG_EVIDENCE_CROP,image/jpeg,jpg,lihen-product-web,products/36acb744-dfb2-e9b1-07e9-48ff05d75a95/60d745a8-8ccd-e2c3-11b7-171533dba3b2/web/07c609669a32acd807660b44cd42766abac5d554ac8bc72d2c9e48e279e077e9.jpg,BLOCKED_EVIDENCE_IS_NOT_CANONICAL_ORIGINAL,READY_LINKAGE
39514b38-f90b-4b15-9ac1-0f12d8b1e625,CATV1-P206-R2L,2d37121e-ec7c-ca6e-ee36-b9985ee3b146,8e7c3054-7562-80b2-ae85-4b5ab6cdef5e,HUMAN_APPROVED,bad88da5798d13800289bb495f209a17adfa96cbc1446d85e100672d8487bdf8,product_images/p206_1_2_soft-powder-rosado.jpg,CATALOG_EVIDENCE_CROP,image/jpeg,jpg,lihen-product-web,products/2d37121e-ec7c-ca6e-ee36-b9985ee3b146/8e7c3054-7562-80b2-ae85-4b5ab6cdef5e/web/bad88da5798d13800289bb495f209a17adfa96cbc1446d85e100672d8487bdf8.jpg,BLOCKED_EVIDENCE_IS_NOT_CANONICAL_ORIGINAL,READY_LINKAGE
39514b38-f90b-4b15-9ac1-0f12d8b1e625,CATV1-P206-R2R,736a3d40-ef15-b566-07c3-a996ec7dbbf0,2fcd4ea6-848e-4e70-9ea4-72e2d6879fea,HUMAN_APPROVED,03db42ba8d94d2c5842b4deb4655fb93fcf4522653d452334836a021a5c46f2f,product_images/p206_2_2_basemontoc-tono-100.jpg,CATALOG_EVIDENCE_CROP,image/jpeg,jpg,lihen-product-web,products/736a3d40-ef15-b566-07c3-a996ec7dbbf0/2fcd4ea6-848e-4e70-9ea4-72e2d6879fea/web/03db42ba8d94d2c5842b4deb4655fb93fcf4522653d452334836a021a5c46f2f.jpg,BLOCKED_EVIDENCE_IS_NOT_CANONICAL_ORIGINAL,READY_LINKAGE
39514b38-f90b-4b15-9ac1-0f12d8b1e625,CATV1-P206-R3L,7546898d-dd62-1161-4520-966d3fa71671,332b532a-d95e-1ac7-eabc-d9c62bd00189,HUMAN_APPROVED,6abeb8985e068562b2bf7ce44969a696e7ef08e7c9c4041f6fe8adce41869822,product_images/p206_1_3_lippie-booster.jpg,CATALOG_EVIDENCE_CROP,image/jpeg,jpg,lihen-product-web,products/7546898d-dd62-1161-4520-966d3fa71671/332b532a-d95e-1ac7-eabc-d9c62bd00189/web/6abeb8985e068562b2bf7ce44969a696e7ef08e7c9c4041f6fe8adce41869822.jpg,BLOCKED_EVIDENCE_IS_NOT_CANONICAL_ORIGINAL,READY_LINKAGE
39514b38-f90b-4b15-9ac1-0f12d8b1e625,CATV1-P206-R3R,b6b71359-2650-d92b-0e2d-ce97abb6fce9,eb709b30-7513-0dcc-55bd-735d8a6972ce,HUMAN_APPROVED,142a13f308797206dbf8fed23aa7fe7fcfa990140a5fbf7bb7cbd3d12364f1f2,product_images/p206_2_3_iluminador-paleta.jpg,CATALOG_EVIDENCE_CROP,image/jpeg,jpg,lihen-product-web,products/b6b71359-2650-d92b-0e2d-ce97abb6fce9/eb709b30-7513-0dcc-55bd-735d8a6972ce/web/142a13f308797206dbf8fed23aa7fe7fcfa990140a5fbf7bb7cbd3d12364f1f2.jpg,BLOCKED_EVIDENCE_IS_NOT_CANONICAL_ORIGINAL,READY_LINKAGE
39514b38-f90b-4b15-9ac1-0f12d8b1e625,CATV1-P207-R1L,52ffbd9f-d470-3918-45dc-2a3a8522e6cc,f375ca32-7c43-c5a2-0cbf-9fafb16f0972,HUMAN_APPROVED,a5c169bde2a9523a040929e2512296567d8879758a08839bad07f1bda2bb0682,product_images/p207_1_1_control-oil-montoc.jpg,CATALOG_EVIDENCE_CROP,image/jpeg,jpg,lihen-product-web,products/52ffbd9f-d470-3918-45dc-2a3a8522e6cc/f375ca32-7c43-c5a2-0cbf-9fafb16f0972/web/a5c169bde2a9523a040929e2512296567d8879758a08839bad07f1bda2bb0682.jpg,BLOCKED_EVIDENCE_IS_NOT_CANONICAL_ORIGINAL,READY_LINKAGE
39514b38-f90b-4b15-9ac1-0f12d8b1e625,CATV1-P207-R1R,8e42337a-90b1-391e-ca78-2f9cc03eb106,83249918-c51b-49ac-561e-db64130dd573,HUMAN_APPROVED,825510c4f2a4f29d1a0fedcd95480cb79fd232af3c757ac9e9f2b49f29db7d07,product_images/p207_2_1_cora-lip.jpg,CATALOG_EVIDENCE_CROP,image/jpeg,jpg,lihen-product-web,products/8e42337a-90b1-391e-ca78-2f9cc03eb106/83249918-c51b-49ac-561e-db64130dd573/web/825510c4f2a4f29d1a0fedcd95480cb79fd232af3c757ac9e9f2b49f29db7d07.jpg,BLOCKED_EVIDENCE_IS_NOT_CANONICAL_ORIGINAL,READY_LINKAGE
39514b38-f90b-4b15-9ac1-0f12d8b1e625,CATV1-P207-R2L,7fd05f02-53c7-fdd0-23c8-2434e642716f,36373b1c-93c7-aa34-8670-3f857a420692,HUMAN_APPROVED,2815d3c90a2fdac9c8f84bc4a82df7723ded3adff515da3d49562b7292608ac6,product_images/p207_1_2_lapiz-de-labios.jpg,CATALOG_EVIDENCE_CROP,image/jpeg,jpg,lihen-product-web,products/7fd05f02-53c7-fdd0-23c8-2434e642716f/36373b1c-93c7-aa34-8670-3f857a420692/web/2815d3c90a2fdac9c8f84bc4a82df7723ded3adff515da3d49562b7292608ac6.jpg,BLOCKED_EVIDENCE_IS_NOT_CANONICAL_ORIGINAL,READY_LINKAGE
39514b38-f90b-4b15-9ac1-0f12d8b1e625,CATV1-P207-R2R,ba0b3e99-a4f5-107a-ad55-b16a6305480a,2d82613b-5968-d22c-fb91-0f8a0104407d,HUMAN_APPROVED,bdcfb46283277293f46a04d0f9dde7d30acbb514d01abeb8122ab49d1c41ae79,product_images/p207_2_2_base.jpg,CATALOG_EVIDENCE_CROP,image/jpeg,jpg,lihen-product-web,products/ba0b3e99-a4f5-107a-ad55-b16a6305480a/2d82613b-5968-d22c-fb91-0f8a0104407d/web/bdcfb46283277293f46a04d0f9dde7d30acbb514d01abeb8122ab49d1c41ae79.jpg,BLOCKED_EVIDENCE_IS_NOT_CANONICAL_ORIGINAL,READY_LINKAGE
39514b38-f90b-4b15-9ac1-0f12d8b1e625,CATV1-P207-R3L,0b9897e3-70cf-7b8e-e2e3-811a4b7cb5a0,a2bb583b-0219-3d72-07cb-33a054c5cf7f,HUMAN_APPROVED,4d97e0773f7e14e619e30499671700d948c4bb6303dc25d68e9142f876332e84,product_images/p207_1_3_lapiz-montoc-x.jpg,CATALOG_EVIDENCE_CROP,image/jpeg,jpg,lihen-product-web,products/0b9897e3-70cf-7b8e-e2e3-811a4b7cb5a0/a2bb583b-0219-3d72-07cb-33a054c5cf7f/web/4d97e0773f7e14e619e30499671700d948c4bb6303dc25d68e9142f876332e84.jpg,BLOCKED_EVIDENCE_IS_NOT_CANONICAL_ORIGINAL,READY_LINKAGE
39514b38-f90b-4b15-9ac1-0f12d8b1e625,CATV1-P207-R3R,ce6e6928-edef-441f-9047-a6e1f8393699,d09d0752-3418-f6da-9567-6f22eeb70ea9,HUMAN_APPROVED,26252104d6cbe8800a73771740e0e6038b47fa7dfc9fac4281c3bb11106b464b,product_images/p207_2_3_brocha-b74-x.jpg,CATALOG_EVIDENCE_CROP,image/jpeg,jpg,lihen-product-web,products/ce6e6928-edef-441f-9047-a6e1f8393699/d09d0752-3418-f6da-9567-6f22eeb70ea9/web/26252104d6cbe8800a73771740e0e6038b47fa7dfc9fac4281c3bb11106b464b.jpg,BLOCKED_EVIDENCE_IS_NOT_CANONICAL_ORIGINAL,READY_LINKAGE
39514b38-f90b-4b15-9ac1-0f12d8b1e625,CATV1-P208-R1L,d284a565-54a5-2d83-732e-caabfea996a1,ebd80e6a-b408-3c61-674c-83b3ed4801ce,HUMAN_APPROVED,44152c4d518118460c2147adc9d5bc3be7c867195e455bb0d5f81981cefc5e4f,product_images/p208_1_1_light-set-montoc.jpg,CATALOG_EVIDENCE_CROP,image/jpeg,jpg,lihen-product-web,products/d284a565-54a5-2d83-732e-caabfea996a1/ebd80e6a-b408-3c61-674c-83b3ed4801ce/web/44152c4d518118460c2147adc9d5bc3be7c867195e455bb0d5f81981cefc5e4f.jpg,BLOCKED_EVIDENCE_IS_NOT_CANONICAL_ORIGINAL,READY_LINKAGE
39514b38-f90b-4b15-9ac1-0f12d8b1e625,CATV1-P208-R1R,bc566a57-e5de-453a-5c9b-cd18319931d8,04f48389-19e7-ff30-9141-5a8622c1bc79,HUMAN_APPROVED,08b1fcc43224e9364ec8800998c0b6e095b28c9e54ab175620b1a4bc66038056,product_images/p208_2_1_polvo-montoc-30g.jpg,CATALOG_EVIDENCE_CROP,image/jpeg,jpg,lihen-product-web,products/bc566a57-e5de-453a-5c9b-cd18319931d8/04f48389-19e7-ff30-9141-5a8622c1bc79/web/08b1fcc43224e9364ec8800998c0b6e095b28c9e54ab175620b1a4bc66038056.jpg,BLOCKED_EVIDENCE_IS_NOT_CANONICAL_ORIGINAL,READY_LINKAGE
39514b38-f90b-4b15-9ac1-0f12d8b1e625,CATV1-P208-R2L,8a12d3f0-1d88-f2f7-691d-02b3a9fc1950,9fa5866c-857b-12fb-e14f-24c57eb5446e,HUMAN_APPROVED,d683e080eb04c723f174056d8a4b2fd2b19723aa83bbf419ee2c329a0e5a5aa7,product_images/p208_1_2_polvo-10g-traslucido.jpg,CATALOG_EVIDENCE_CROP,image/jpeg,jpg,lihen-product-web,products/8a12d3f0-1d88-f2f7-691d-02b3a9fc1950/9fa5866c-857b-12fb-e14f-24c57eb5446e/web/d683e080eb04c723f174056d8a4b2fd2b19723aa83bbf419ee2c329a0e5a5aa7.jpg,BLOCKED_EVIDENCE_IS_NOT_CANONICAL_ORIGINAL,READY_LINKAGE
39514b38-f90b-4b15-9ac1-0f12d8b1e625,CATV1-P208-R2R,198a2a16-bc93-6fc2-6f63-9250f09345ca,cd36ecf7-2795-b61d-66a5-538e20e9f633,HUMAN_APPROVED,4356b805291093a42092a94303af505a0ca334cc0855fd7ed0bb06d01a7d3607,product_images/p208_2_2_light-set-montoc.jpg,CATALOG_EVIDENCE_CROP,image/jpeg,jpg,lihen-product-web,products/198a2a16-bc93-6fc2-6f63-9250f09345ca/cd36ecf7-2795-b61d-66a5-538e20e9f633/web/4356b805291093a42092a94303af505a0ca334cc0855fd7ed0bb06d01a7d3607.jpg,BLOCKED_EVIDENCE_IS_NOT_CANONICAL_ORIGINAL,READY_LINKAGE
39514b38-f90b-4b15-9ac1-0f12d8b1e625,CATV1-P209-R1L,16298d3f-bbd0-78f2-56ac-5907a30c5b89,e8b3cc47-5248-f187-4867-7bf6ed57227a,HUMAN_APPROVED,cffce6cc6e3f26fcb9c2d9ff0869c835328af8e39c15a21ab37c203a8944c16b,product_images/p209_1_1_bronzer-montoc.jpg,CATALOG_EVIDENCE_CROP,image/jpeg,jpg,lihen-product-web,products/16298d3f-bbd0-78f2-56ac-5907a30c5b89/e8b3cc47-5248-f187-4867-7bf6ed57227a/web/cffce6cc6e3f26fcb9c2d9ff0869c835328af8e39c15a21ab37c203a8944c16b.jpg,BLOCKED_EVIDENCE_IS_NOT_CANONICAL_ORIGINAL,READY_LINKAGE
39514b38-f90b-4b15-9ac1-0f12d8b1e625,CATV1-P209-R1R,429c9b44-6b0d-154b-26f3-4adb49dfcab6,de40100f-0de9-2ed4-e6b1-a98936438f4d,HUMAN_APPROVED,12f5c96be8d1ff753bdae4f10faf1b6e7b863b7cb1f1d73880538ee4e32071a0,product_images/p209_2_1_primer-grip.jpg,CATALOG_EVIDENCE_CROP,image/jpeg,jpg,lihen-product-web,products/429c9b44-6b0d-154b-26f3-4adb49dfcab6/de40100f-0de9-2ed4-e6b1-a98936438f4d/web/12f5c96be8d1ff753bdae4f10faf1b6e7b863b7cb1f1d73880538ee4e32071a0.jpg,BLOCKED_EVIDENCE_IS_NOT_CANONICAL_ORIGINAL,READY_LINKAGE
39514b38-f90b-4b15-9ac1-0f12d8b1e625,CATV1-P209-R2L,1dd5f290-933f-d138-4a21-d70096e9705a,05874c03-9932-0ab7-6346-f5c6dfd7af04,HUMAN_APPROVED,97437a108850187819acf619f464f9fc7ff69799941555b9a580512d7369d72b,product_images/p209_1_2_fijador-200ml.jpg,CATALOG_EVIDENCE_CROP,image/jpeg,jpg,lihen-product-web,products/1dd5f290-933f-d138-4a21-d70096e9705a/05874c03-9932-0ab7-6346-f5c6dfd7af04/web/97437a108850187819acf619f464f9fc7ff69799941555b9a580512d7369d72b.jpg,BLOCKED_EVIDENCE_IS_NOT_CANONICAL_ORIGINAL,READY_LINKAGE
39514b38-f90b-4b15-9ac1-0f12d8b1e625,CATV1-P209-R2R,18ef542f-352e-a20e-024e-d8a643065a38,38d2b4dc-fa7e-2bc4-20f4-fff50f34162f,HUMAN_APPROVED,65eed587491d71d7bb7e58f661d99878b7e03b79c95ce243d03fa5697557a8e1,product_images/p209_2_2_polvo-10g-banana.jpg,CATALOG_EVIDENCE_CROP,image/jpeg,jpg,lihen-product-web,products/18ef542f-352e-a20e-024e-d8a643065a38/38d2b4dc-fa7e-2bc4-20f4-fff50f34162f/web/65eed587491d71d7bb7e58f661d99878b7e03b79c95ce243d03fa5697557a8e1.jpg,BLOCKED_EVIDENCE_IS_NOT_CANONICAL_ORIGINAL,READY_LINKAGE
39514b38-f90b-4b15-9ac1-0f12d8b1e625,CATV1-P209-R3L,d31728f5-1487-1194-6635-b513f00d2ee6,f50492c4-9859-b5e4-c3d9-01f40b8bf5a2,HUMAN_APPROVED,e1a3b4566158e129b50884a08554dca73a19950457f3e909335c5b5073032da7,product_images/p209_1_3_rubor-stick.jpg,CATALOG_EVIDENCE_CROP,image/jpeg,jpg,lihen-product-web,products/d31728f5-1487-1194-6635-b513f00d2ee6/f50492c4-9859-b5e4-c3d9-01f40b8bf5a2/web/e1a3b4566158e129b50884a08554dca73a19950457f3e909335c5b5073032da7.jpg,BLOCKED_EVIDENCE_IS_NOT_CANONICAL_ORIGINAL,READY_LINKAGE
39514b38-f90b-4b15-9ac1-0f12d8b1e625,CATV1-P209-R3R,a912f7d0-89ea-1a1e-c8ee-6f12ceeb6e39,b466499c-e776-106e-8603-bed54facce8b,HUMAN_APPROVED,d279a74c82186c23f2617fd81b1e8633ed7b04cd001f3e117cd122760ed56cca,product_images/p209_2_3_bb-cream-sunsoon.jpg,CATALOG_EVIDENCE_CROP,image/jpeg,jpg,lihen-product-web,products/a912f7d0-89ea-1a1e-c8ee-6f12ceeb6e39/b466499c-e776-106e-8603-bed54facce8b/web/d279a74c82186c23f2617fd81b1e8633ed7b04cd001f3e117cd122760ed56cca.jpg,BLOCKED_EVIDENCE_IS_NOT_CANONICAL_ORIGINAL,READY_LINKAGE
39514b38-f90b-4b15-9ac1-0f12d8b1e625,CATV1-P210-R1L,6a95ef4e-1c52-3bb5-9403-7ab9be2b0885,1ccccf87-d656-8202-f0b7-08f9278aa769,HUMAN_APPROVED,6e1a301e6360de739a6086da1d9b29d750fbaeb4f5fc0199ee12aee412222268,product_images/p210_1_1_agua-de-rosas.jpg,CATALOG_EVIDENCE_CROP,image/jpeg,jpg,lihen-product-web,products/6a95ef4e-1c52-3bb5-9403-7ab9be2b0885/1ccccf87-d656-8202-f0b7-08f9278aa769/web/6e1a301e6360de739a6086da1d9b29d750fbaeb4f5fc0199ee12aee412222268.jpg,BLOCKED_EVIDENCE_IS_NOT_CANONICAL_ORIGINAL,READY_LINKAGE
39514b38-f90b-4b15-9ac1-0f12d8b1e625,CATV1-P210-R1R,973307c6-6452-0a5d-2384-bde6e1d8d99a,7e5b04b9-f819-2d42-cc58-fdf4806d8629,HUMAN_APPROVED,538b219029a86ad7ceae3b666c36de8181aaa82df2957573722fb354ce4261a2,product_images/p210_2_1_kit-de-brochas-viajeras.jpg,CATALOG_EVIDENCE_CROP,image/jpeg,jpg,lihen-product-web,products/973307c6-6452-0a5d-2384-bde6e1d8d99a/7e5b04b9-f819-2d42-cc58-fdf4806d8629/web/538b219029a86ad7ceae3b666c36de8181aaa82df2957573722fb354ce4261a2.jpg,BLOCKED_EVIDENCE_IS_NOT_CANONICAL_ORIGINAL,READY_LINKAGE
39514b38-f90b-4b15-9ac1-0f12d8b1e625,CATV1-P210-R2L,a2b7ffaa-57b0-948d-91d4-0eaa043818c4,69996f43-381a-0318-f8b1-02b8efc8f48a,HUMAN_APPROVED,fcff2e190a66beafb1ac59af7c799e342f82817f573c43041cf60d3a26c3f9d1,product_images/p210_1_2_hello-beach-bronzer.jpg,CATALOG_EVIDENCE_CROP,image/jpeg,jpg,lihen-product-web,products/a2b7ffaa-57b0-948d-91d4-0eaa043818c4/69996f43-381a-0318-f8b1-02b8efc8f48a/web/fcff2e190a66beafb1ac59af7c799e342f82817f573c43041cf60d3a26c3f9d1.jpg,BLOCKED_EVIDENCE_IS_NOT_CANONICAL_ORIGINAL,READY_LINKAGE
39514b38-f90b-4b15-9ac1-0f12d8b1e625,CATV1-P210-R2R,4987bb1c-8a3d-5b29-ebf3-62687e06878c,b6f11758-47d3-7d7e-6f8a-a309feb22064,HUMAN_APPROVED,040d29fdf4c3441ce9e49d663c403acf68c42c1faa5f82e3bed064c33e57ed54,product_images/p210_2_2_bloqueador-sunsoon.jpg,CATALOG_EVIDENCE_CROP,image/jpeg,jpg,lihen-product-web,products/4987bb1c-8a3d-5b29-ebf3-62687e06878c/b6f11758-47d3-7d7e-6f8a-a309feb22064/web/040d29fdf4c3441ce9e49d663c403acf68c42c1faa5f82e3bed064c33e57ed54.jpg,BLOCKED_EVIDENCE_IS_NOT_CANONICAL_ORIGINAL,READY_LINKAGE
39514b38-f90b-4b15-9ac1-0f12d8b1e625,CATV1-P210-R3L,a58a67d9-1096-db6e-6e87-026e88b4784b,3140251a-7bbc-7439-5b63-171921953b23,HUMAN_APPROVED,9f280146b7c9bbe004f004c2dbc8918f7ab77e2a90e6772a595c65d08851d231,product_images/p210_1_3_base.jpg,CATALOG_EVIDENCE_CROP,image/jpeg,jpg,lihen-product-web,products/a58a67d9-1096-db6e-6e87-026e88b4784b/3140251a-7bbc-7439-5b63-171921953b23/web/9f280146b7c9bbe004f004c2dbc8918f7ab77e2a90e6772a595c65d08851d231.jpg,BLOCKED_EVIDENCE_IS_NOT_CANONICAL_ORIGINAL,READY_LINKAGE
39514b38-f90b-4b15-9ac1-0f12d8b1e625,CATV1-P210-R3R,9a469c32-159d-02d7-e89f-158749bc4a85,8598f942-9687-2033-89e2-9a51ba3c63e7,HUMAN_APPROVED,2be8b4040aa8138e88492d76e832d1553525bc02deeac1912dad2ec80e983684,product_images/p210_2_3_rubor.jpg,CATALOG_EVIDENCE_CROP,image/jpeg,jpg,lihen-product-web,products/9a469c32-159d-02d7-e89f-158749bc4a85/8598f942-9687-2033-89e2-9a51ba3c63e7/web/2be8b4040aa8138e88492d76e832d1553525bc02deeac1912dad2ec80e983684.jpg,BLOCKED_EVIDENCE_IS_NOT_CANONICAL_ORIGINAL,READY_LINKAGE
39514b38-f90b-4b15-9ac1-0f12d8b1e625,CATV1-P211-R1L,f0f1c440-0e69-1523-5383-8a4f3f6c1bcf,617285d7-12b7-6ea2-b293-4b036d77496b,HUMAN_APPROVED,a8d2b6cfe2d504203d08472b8c555fa85d9069c858316c96855d79e504a4d401,product_images/p211_1_1_encrespador.jpg,CATALOG_EVIDENCE_CROP,image/jpeg,jpg,lihen-product-web,products/f0f1c440-0e69-1523-5383-8a4f3f6c1bcf/617285d7-12b7-6ea2-b293-4b036d77496b/web/a8d2b6cfe2d504203d08472b8c555fa85d9069c858316c96855d79e504a4d401.jpg,BLOCKED_EVIDENCE_IS_NOT_CANONICAL_ORIGINAL,READY_LINKAGE
39514b38-f90b-4b15-9ac1-0f12d8b1e625,CATV1-P211-R1R,5a3f740b-6de5-8d88-c834-be15a1bce478,8ef6789d-3fc4-579a-a684-56144572c87e,HUMAN_APPROVED,649c2460ac0009cae8edaa406a3c3700295852063d02a810e53de34eff8284c8,product_images/p211_2_1_brocha-flufly.jpg,CATALOG_EVIDENCE_CROP,image/jpeg,jpg,lihen-product-web,products/5a3f740b-6de5-8d88-c834-be15a1bce478/8ef6789d-3fc4-579a-a684-56144572c87e/web/649c2460ac0009cae8edaa406a3c3700295852063d02a810e53de34eff8284c8.jpg,BLOCKED_EVIDENCE_IS_NOT_CANONICAL_ORIGINAL,READY_LINKAGE
39514b38-f90b-4b15-9ac1-0f12d8b1e625,CATV1-P211-R2L,cd02fd1b-c2c5-82d1-e4d5-fc89be1edc4e,ed4896df-5979-d9cf-5c41-9ef9b77c002e,HUMAN_APPROVED,6da1340cc9a080f4e1506eaa7ca32af7a32ca34b69fc7c552815f5b36085ea04,product_images/p211_1_2_paleta-harmony.jpg,CATALOG_EVIDENCE_CROP,image/jpeg,jpg,lihen-product-web,products/cd02fd1b-c2c5-82d1-e4d5-fc89be1edc4e/ed4896df-5979-d9cf-5c41-9ef9b77c002e/web/6da1340cc9a080f4e1506eaa7ca32af7a32ca34b69fc7c552815f5b36085ea04.jpg,BLOCKED_EVIDENCE_IS_NOT_CANONICAL_ORIGINAL,READY_LINKAGE
39514b38-f90b-4b15-9ac1-0f12d8b1e625,CATV1-P211-R2R,e6daafbe-eb42-bd16-1f78-20b9e4082a47,6fdbe667-598d-05ce-5151-074cf4d548f6,HUMAN_APPROVED,711db7183611b143dbc102d2619b8c638b56ef1915cc259aa2452f18ba4a3a3e,product_images/p211_2_2_delineador-miau.jpg,CATALOG_EVIDENCE_CROP,image/jpeg,jpg,lihen-product-web,products/e6daafbe-eb42-bd16-1f78-20b9e4082a47/6fdbe667-598d-05ce-5151-074cf4d548f6/web/711db7183611b143dbc102d2619b8c638b56ef1915cc259aa2452f18ba4a3a3e.jpg,BLOCKED_EVIDENCE_IS_NOT_CANONICAL_ORIGINAL,READY_LINKAGE
39514b38-f90b-4b15-9ac1-0f12d8b1e625,CATV1-P211-R3L,6d577746-7bd8-a584-eba0-3bf7f0d6bc59,c317acd0-8b01-89ee-8893-80ea5c86d323,HUMAN_APPROVED,28b191155bb458b37829c44b2afd3555677e5dc78992537b95b935e49aa9e1af,product_images/p211_1_3_montoc-beauty-skin-gel.jpg,CATALOG_EVIDENCE_CROP,image/jpeg,jpg,lihen-product-web,products/6d577746-7bd8-a584-eba0-3bf7f0d6bc59/c317acd0-8b01-89ee-8893-80ea5c86d323/web/28b191155bb458b37829c44b2afd3555677e5dc78992537b95b935e49aa9e1af.jpg,BLOCKED_EVIDENCE_IS_NOT_CANONICAL_ORIGINAL,READY_LINKAGE
39514b38-f90b-4b15-9ac1-0f12d8b1e625,CATV1-P211-R3R,8607b40f-57a8-9998-2a2f-b615f7b34730,2001b450-ec81-538a-4b19-fdf8340a311e,HUMAN_APPROVED,e7096aea2adb7562627ce3b7cae34db5b5d1856b2f649512d6537bd12b4460cb,product_images/p211_2_3_polvo-30g-banana.jpg,CATALOG_EVIDENCE_CROP,image/jpeg,jpg,lihen-product-web,products/8607b40f-57a8-9998-2a2f-b615f7b34730/2001b450-ec81-538a-4b19-fdf8340a311e/web/e7096aea2adb7562627ce3b7cae34db5b5d1856b2f649512d6537bd12b4460cb.jpg,BLOCKED_EVIDENCE_IS_NOT_CANONICAL_ORIGINAL,READY_LINKAGE
39514b38-f90b-4b15-9ac1-0f12d8b1e625,CATV1-P213-R1L,7b4907ce-40b3-2a09-f715-fcd042a8c9d6,2a779811-8dbb-9585-8962-d1235ca04820,POLICY_APPROVED,76250ce31a93b56b3eb0a799d8c2a159917bce37cdd7b41933b8468838f0d7e6,product_images/p213_1_1_brocharubor.jpg,CATALOG_EVIDENCE_CROP,image/jpeg,jpg,lihen-product-web,products/7b4907ce-40b3-2a09-f715-fcd042a8c9d6/2a779811-8dbb-9585-8962-d1235ca04820/web/76250ce31a93b56b3eb0a799d8c2a159917bce37cdd7b41933b8468838f0d7e6.jpg,BLOCKED_EVIDENCE_IS_NOT_CANONICAL_ORIGINAL,READY_LINKAGE
39514b38-f90b-4b15-9ac1-0f12d8b1e625,CATV1-P213-R1R,067a41e9-54cf-1d78-5024-8229e2ab4b63,6968b134-7cb9-76cc-0c2a-b2324eb6e742,POLICY_APPROVED,dd310ebc68def6d65b2a4a38ad5566643a6b13b03f4b1dd5aa508af8c72bcc69,product_images/p213_2_1_mini-esponjas-x4.jpg,CATALOG_EVIDENCE_CROP,image/jpeg,jpg,lihen-product-web,products/067a41e9-54cf-1d78-5024-8229e2ab4b63/6968b134-7cb9-76cc-0c2a-b2324eb6e742/web/dd310ebc68def6d65b2a4a38ad5566643a6b13b03f4b1dd5aa508af8c72bcc69.jpg,BLOCKED_EVIDENCE_IS_NOT_CANONICAL_ORIGINAL,READY_LINKAGE
39514b38-f90b-4b15-9ac1-0f12d8b1e625,CATV1-P213-R2L,adf830e2-d66e-9a21-1d01-f12f34748f97,05011a8a-bd2d-678b-1274-2459c1558525,POLICY_APPROVED,17d473b263010e71710c8fcbb969e777a1c0f5c17c1290e57a1d50173a465595,product_images/p213_1_2_brochabase.jpg,CATALOG_EVIDENCE_CROP,image/jpeg,jpg,lihen-product-web,products/adf830e2-d66e-9a21-1d01-f12f34748f97/05011a8a-bd2d-678b-1274-2459c1558525/web/17d473b263010e71710c8fcbb969e777a1c0f5c17c1290e57a1d50173a465595.jpg,BLOCKED_EVIDENCE_IS_NOT_CANONICAL_ORIGINAL,READY_LINKAGE
39514b38-f90b-4b15-9ac1-0f12d8b1e625,CATV1-P213-R3L,de97e8f9-200a-4e69-ea89-e70a88bd015a,1c00c26e-c8c1-2014-4ffc-fbd9b8dd56f5,POLICY_APPROVED,867b2e6d29734872b34169fb1957d9578411de01d3d08b4f9ee3efbb0ffcae6e,product_images/p213_1_3_pegante-de-pestanas.jpg,CATALOG_EVIDENCE_CROP,image/jpeg,jpg,lihen-product-web,products/de97e8f9-200a-4e69-ea89-e70a88bd015a/1c00c26e-c8c1-2014-4ffc-fbd9b8dd56f5/web/867b2e6d29734872b34169fb1957d9578411de01d3d08b4f9ee3efbb0ffcae6e.jpg,BLOCKED_EVIDENCE_IS_NOT_CANONICAL_ORIGINAL,READY_LINKAGE
39514b38-f90b-4b15-9ac1-0f12d8b1e625,CATV1-P214-R1L,f6dc9c3d-2d23-340c-4e33-2b36337bfe5b,3cb22606-bcd7-6981-767e-e9afb02da34d,POLICY_APPROVED,8b2206d96a2d3eb4e2702e392ee267545bb45c1f517905ccbbdfb0e413b7b3b0,product_images/p214_1_1_espejo-de-lujo-2-estilos.jpg,CATALOG_EVIDENCE_CROP,image/jpeg,jpg,lihen-product-web,products/f6dc9c3d-2d23-340c-4e33-2b36337bfe5b/3cb22606-bcd7-6981-767e-e9afb02da34d/web/8b2206d96a2d3eb4e2702e392ee267545bb45c1f517905ccbbdfb0e413b7b3b0.jpg,BLOCKED_EVIDENCE_IS_NOT_CANONICAL_ORIGINAL,READY_LINKAGE
39514b38-f90b-4b15-9ac1-0f12d8b1e625,CATV1-P214-R1R,f015a83d-4af8-d476-b727-b4adaff47e71,8d3e4da7-58c7-887f-bdcc-fe43aa0d5132,POLICY_APPROVED,6741a4cc0d2b46ede2c74a221ede718efd339250dbb58a57caf29cfdfccacff9,product_images/p214_2_1_espejoorejasososoport.jpg,CATALOG_EVIDENCE_CROP,image/jpeg,jpg,lihen-product-web,products/f015a83d-4af8-d476-b727-b4adaff47e71/8d3e4da7-58c7-887f-bdcc-fe43aa0d5132/web/6741a4cc0d2b46ede2c74a221ede718efd339250dbb58a57caf29cfdfccacff9.jpg,BLOCKED_EVIDENCE_IS_NOT_CANONICAL_ORIGINAL,READY_LINKAGE
39514b38-f90b-4b15-9ac1-0f12d8b1e625,CATV1-P214-R2L,2c519484-9d43-798a-de44-694cbdf347c2,6e8cedb1-70db-cf46-03ba-7bada79823e4,POLICY_APPROVED,214b1b27d591108d94905cfbed443171dcad0fdf87b27eed39ae2353dce56f32,product_images/p214_1_2_toallas-desmaquillantes.jpg,CATALOG_EVIDENCE_CROP,image/jpeg,jpg,lihen-product-web,products/2c519484-9d43-798a-de44-694cbdf347c2/6e8cedb1-70db-cf46-03ba-7bada79823e4/web/214b1b27d591108d94905cfbed443171dcad0fdf87b27eed39ae2353dce56f32.jpg,BLOCKED_EVIDENCE_IS_NOT_CANONICAL_ORIGINAL,READY_LINKAGE
39514b38-f90b-4b15-9ac1-0f12d8b1e625,CATV1-P215-R1L,a4c6526b-ed53-584b-6adb-afb115b51d97,541b2267-7b64-be18-e0c1-93339ca550d9,HUMAN_APPROVED,7cc56b614004f98c2e7c63ca47bf6394c93589854cb0af727cc17ba0ef39ab0c,product_images/p215_1_1_brocha-cejas.jpg,CATALOG_EVIDENCE_CROP,image/jpeg,jpg,lihen-product-web,products/a4c6526b-ed53-584b-6adb-afb115b51d97/541b2267-7b64-be18-e0c1-93339ca550d9/web/7cc56b614004f98c2e7c63ca47bf6394c93589854cb0af727cc17ba0ef39ab0c.jpg,BLOCKED_EVIDENCE_IS_NOT_CANONICAL_ORIGINAL,READY_LINKAGE
39514b38-f90b-4b15-9ac1-0f12d8b1e625,CATV1-P215-R1R,0213d205-518d-369f-decc-2b9ccf4a1d3b,53b5ff91-f3b0-fab5-5288-5a5f9a171a35,POLICY_APPROVED,bc79f12ce6e6412830f43af73e36e6074874cb8dde097926a71135eda06f5bda,product_images/p215_2_1_brocha-rubor.jpg,CATALOG_EVIDENCE_CROP,image/jpeg,jpg,lihen-product-web,products/0213d205-518d-369f-decc-2b9ccf4a1d3b/53b5ff91-f3b0-fab5-5288-5a5f9a171a35/web/bc79f12ce6e6412830f43af73e36e6074874cb8dde097926a71135eda06f5bda.jpg,BLOCKED_EVIDENCE_IS_NOT_CANONICAL_ORIGINAL,READY_LINKAGE
39514b38-f90b-4b15-9ac1-0f12d8b1e625,CATV1-P215-R2L,b6d7e6f1-634f-0f1c-f804-555dfe1633b0,112d00c6-1460-0518-6f19-d49b718384ad,POLICY_APPROVED,caa8646d39086ae269883468bc06804b75c06742af4cc52b95075cab18ef6377,product_images/p215_1_2_brocha-polvos.jpg,CATALOG_EVIDENCE_CROP,image/jpeg,jpg,lihen-product-web,products/b6d7e6f1-634f-0f1c-f804-555dfe1633b0/112d00c6-1460-0518-6f19-d49b718384ad/web/caa8646d39086ae269883468bc06804b75c06742af4cc52b95075cab18ef6377.jpg,BLOCKED_EVIDENCE_IS_NOT_CANONICAL_ORIGINAL,READY_LINKAGE
39514b38-f90b-4b15-9ac1-0f12d8b1e625,CATV1-P215-R2R,a6496c6b-dbe1-2a2b-dfc8-04c7de14d27f,ce5cf312-52b0-68b8-f10e-e506b072c13a,POLICY_APPROVED,2098b4ebfd1ca2f114796755000fa2ec0f4e5c57a8d4675c17cfb6cd6276f9bb,product_images/p215_2_2_lteiallia-hs-decdaletinntinndl.jpg,CATALOG_EVIDENCE_CROP,image/jpeg,jpg,lihen-product-web,products/a6496c6b-dbe1-2a2b-dfc8-04c7de14d27f/ce5cf312-52b0-68b8-f10e-e506b072c13a/web/2098b4ebfd1ca2f114796755000fa2ec0f4e5c57a8d4675c17cfb6cd6276f9bb.jpg,BLOCKED_EVIDENCE_IS_NOT_CANONICAL_ORIGINAL,READY_LINKAGE
39514b38-f90b-4b15-9ac1-0f12d8b1e625,CATV1-P215-R3L,33087173-22f0-7adc-8127-15e04da0bba6,6aaf49ac-1962-d5d1-44e5-651c7a86b8f7,POLICY_APPROVED,4a1cb35c15ff092c088869f04d581b0faa6f9569e9ba57685756307fcf78d8cd,product_images/p215_1_3_papelarroz.jpg,CATALOG_EVIDENCE_CROP,image/jpeg,jpg,lihen-product-web,products/33087173-22f0-7adc-8127-15e04da0bba6/6aaf49ac-1962-d5d1-44e5-651c7a86b8f7/web/4a1cb35c15ff092c088869f04d581b0faa6f9569e9ba57685756307fcf78d8cd.jpg,BLOCKED_EVIDENCE_IS_NOT_CANONICAL_ORIGINAL,READY_LINKAGE
39514b38-f90b-4b15-9ac1-0f12d8b1e625,CATV1-P215-R3R,619a5a79-926b-fce2-1ed0-3eea7ae3f359,e2e01058-d9be-50dc-323c-2fb6ceb0b423,POLICY_APPROVED,16c22533b9b5a1415ba29869e8564336692da56da3ca9e6a9a1b4f2c6b1117a2,product_images/p215_2_3_brocha-sombra.jpg,CATALOG_EVIDENCE_CROP,image/jpeg,jpg,lihen-product-web,products/619a5a79-926b-fce2-1ed0-3eea7ae3f359/e2e01058-d9be-50dc-323c-2fb6ceb0b423/web/16c22533b9b5a1415ba29869e8564336692da56da3ca9e6a9a1b4f2c6b1117a2.jpg,BLOCKED_EVIDENCE_IS_NOT_CANONICAL_ORIGINAL,READY_LINKAGE
39514b38-f90b-4b15-9ac1-0f12d8b1e625,CATV1-P216-R1R,98c2bbe1-5b2a-2d03-8b1b-c05d9c75c45e,bdbff4da-85b0-d8f6-0739-86dbd0bee0fa,POLICY_APPROVED,8b8e1c457d5bf25581bf58abacbd60d7f03122b2dac5aa51a57a73be27370241,product_images/p216_2_1_brocha-para-corrector.jpg,CATALOG_EVIDENCE_CROP,image/jpeg,jpg,lihen-product-web,products/98c2bbe1-5b2a-2d03-8b1b-c05d9c75c45e/bdbff4da-85b0-d8f6-0739-86dbd0bee0fa/web/8b8e1c457d5bf25581bf58abacbd60d7f03122b2dac5aa51a57a73be27370241.jpg,BLOCKED_EVIDENCE_IS_NOT_CANONICAL_ORIGINAL,READY_LINKAGE
39514b38-f90b-4b15-9ac1-0f12d8b1e625,CATV1-P216-R2L,7f34d876-667b-2839-df6b-2ea75df298b0,dd6ebd9c-c366-78d6-6159-e8e7d7cd195c,POLICY_APPROVED,dc8cc70b3be1ba518fc308e961117878f3f5a51e43bf37a562b912eb7ca68243,product_images/p216_1_2_brocha-contorno-o-corrector.jpg,CATALOG_EVIDENCE_CROP,image/jpeg,jpg,lihen-product-web,products/7f34d876-667b-2839-df6b-2ea75df298b0/dd6ebd9c-c366-78d6-6159-e8e7d7cd195c/web/dc8cc70b3be1ba518fc308e961117878f3f5a51e43bf37a562b912eb7ca68243.jpg,BLOCKED_EVIDENCE_IS_NOT_CANONICAL_ORIGINAL,READY_LINKAGE
39514b38-f90b-4b15-9ac1-0f12d8b1e625,CATV1-P216-R2R,46f871d4-83c9-d9c1-b6de-39410ccf0693,9763db98-9a55-a894-263b-1859bedbd89f,POLICY_APPROVED,a622bc27c251cc9ed59daa9d3aed7a43611810e4d50c530b919a3c9e698a2369,product_images/p216_2_2_sacapuntas-doble.jpg,CATALOG_EVIDENCE_CROP,image/jpeg,jpg,lihen-product-web,products/46f871d4-83c9-d9c1-b6de-39410ccf0693/9763db98-9a55-a894-263b-1859bedbd89f/web/a622bc27c251cc9ed59daa9d3aed7a43611810e4d50c530b919a3c9e698a2369.jpg,BLOCKED_EVIDENCE_IS_NOT_CANONICAL_ORIGINAL,READY_LINKAGE
39514b38-f90b-4b15-9ac1-0f12d8b1e625,CATV1-P216-R3L,3a363c08-5a9c-9366-5216-042ea8f19725,b0ba478c-d3bd-f1e9-3f8d-8b5e9d63d494,POLICY_APPROVED,15fed8e5390e9e0258f09c8b0db8959c7d107d368072e2f45e0eeaa0d1ceb256,product_images/p216_1_3_pomitos-triaungulares.jpg,CATALOG_EVIDENCE_CROP,image/jpeg,jpg,lihen-product-web,products/3a363c08-5a9c-9366-5216-042ea8f19725/b0ba478c-d3bd-f1e9-3f8d-8b5e9d63d494/web/15fed8e5390e9e0258f09c8b0db8959c7d107d368072e2f45e0eeaa0d1ceb256.jpg,BLOCKED_EVIDENCE_IS_NOT_CANONICAL_ORIGINAL,READY_LINKAGE
39514b38-f90b-4b15-9ac1-0f12d8b1e625,CATV1-P216-R3R,c7f80f6a-a930-3444-e0f9-ca96486d6cc9,c58cdc9a-2250-64aa-863e-f5c47e6507d6,POLICY_APPROVED,98565a05fef8085ec90f0fcd6e35dcbcb60f0b35747a42022779b3df73ec9a56,product_images/p216_2_3_pomitos-corazones.jpg,CATALOG_EVIDENCE_CROP,image/jpeg,jpg,lihen-product-web,products/c7f80f6a-a930-3444-e0f9-ca96486d6cc9/c58cdc9a-2250-64aa-863e-f5c47e6507d6/web/98565a05fef8085ec90f0fcd6e35dcbcb60f0b35747a42022779b3df73ec9a56.jpg,BLOCKED_EVIDENCE_IS_NOT_CANONICAL_ORIGINAL,READY_LINKAGE
39514b38-f90b-4b15-9ac1-0f12d8b1e625,CATV1-P218-R1L,589287be-cd85-ec7e-ce2e-3b9ebfb7305c,74ab4d05-ea26-6298-798c-41cde6cd2bb1,HUMAN_APPROVED,30e032c6ff70aa170525b96ad580be94340a376e64ba0b4d2054585c874e5e02,product_images/p218_1_1_delineador-blanco.jpg,CATALOG_EVIDENCE_CROP,image/jpeg,jpg,lihen-product-web,products/589287be-cd85-ec7e-ce2e-3b9ebfb7305c/74ab4d05-ea26-6298-798c-41cde6cd2bb1/web/30e032c6ff70aa170525b96ad580be94340a376e64ba0b4d2054585c874e5e02.jpg,BLOCKED_EVIDENCE_IS_NOT_CANONICAL_ORIGINAL,READY_LINKAGE
39514b38-f90b-4b15-9ac1-0f12d8b1e625,CATV1-P218-R1R,00377db3-47b5-e0a4-8261-30c173ca24f1,b4bc067e-ad48-faa7-5157-2e9aa955fb7c,POLICY_APPROVED,59099947778b97f695fcc6ccad39f16b7b869898a43f48a8e0e718c244e3990f,product_images/p218_2_1_delineador-loli.jpg,CATALOG_EVIDENCE_CROP,image/jpeg,jpg,lihen-product-web,products/00377db3-47b5-e0a4-8261-30c173ca24f1/b4bc067e-ad48-faa7-5157-2e9aa955fb7c/web/59099947778b97f695fcc6ccad39f16b7b869898a43f48a8e0e718c244e3990f.jpg,BLOCKED_EVIDENCE_IS_NOT_CANONICAL_ORIGINAL,READY_LINKAGE
39514b38-f90b-4b15-9ac1-0f12d8b1e625,CATV1-P218-R2L,b2fda272-4ed8-03a4-70a7-2086ac71d284,d28abb07-df36-c94f-9b2a-a79302a8d9d9,POLICY_APPROVED,8d1f7020fa89b98be2d24e62aa7765488e6b0f94b4e87aa951496b704cf4dbc2,product_images/p218_1_2_pestanas-miis.jpg,CATALOG_EVIDENCE_CROP,image/jpeg,jpg,lihen-product-web,products/b2fda272-4ed8-03a4-70a7-2086ac71d284/d28abb07-df36-c94f-9b2a-a79302a8d9d9/web/8d1f7020fa89b98be2d24e62aa7765488e6b0f94b4e87aa951496b704cf4dbc2.jpg,BLOCKED_EVIDENCE_IS_NOT_CANONICAL_ORIGINAL,READY_LINKAGE
39514b38-f90b-4b15-9ac1-0f12d8b1e625,CATV1-P218-R2R,82444955-c678-81ce-284c-e3d954c30467,bb3013db-d69b-1e60-7a11-1f1f469efa5c,POLICY_APPROVED,39b58bf247da8493dcdad3e6c65efc7b244b08356822fa116893245b7ad57aad,product_images/p218_2_2_pestaninacejasmaslapiz.jpg,CATALOG_EVIDENCE_CROP,image/jpeg,jpg,lihen-product-web,products/82444955-c678-81ce-284c-e3d954c30467/bb3013db-d69b-1e60-7a11-1f1f469efa5c/web/39b58bf247da8493dcdad3e6c65efc7b244b08356822fa116893245b7ad57aad.jpg,BLOCKED_EVIDENCE_IS_NOT_CANONICAL_ORIGINAL,READY_LINKAGE
39514b38-f90b-4b15-9ac1-0f12d8b1e625,CATV1-P218-R3L,c9432f02-1363-e7bd-1868-18298b96412a,011abccc-72ab-4ffd-2011-0f9c3c1ca704,HUMAN_APPROVED,3674bb74d229c43c6f773b6320d6b6a551cd67bf4929955d40c8aa3beef590e5,product_images/p218_1_3_pestanas-peloapelo-x.jpg,CATALOG_EVIDENCE_CROP,image/jpeg,jpg,lihen-product-web,products/c9432f02-1363-e7bd-1868-18298b96412a/011abccc-72ab-4ffd-2011-0f9c3c1ca704/web/3674bb74d229c43c6f773b6320d6b6a551cd67bf4929955d40c8aa3beef590e5.jpg,BLOCKED_EVIDENCE_IS_NOT_CANONICAL_ORIGINAL,READY_LINKAGE
39514b38-f90b-4b15-9ac1-0f12d8b1e625,CATV1-P218-R3R,09f99e04-e8b1-a66b-eb18-c003994f5f4c,7b88db5e-1bcd-e08b-ab34-8def3b4f104a,POLICY_APPROVED,f4ad1282a77de7894dcf759ba91cfdaebae5461d38c3a7d1eadea8a9edc32666,product_images/p218_2_3_pestanina-charming.jpg,CATALOG_EVIDENCE_CROP,image/jpeg,jpg,lihen-product-web,products/09f99e04-e8b1-a66b-eb18-c003994f5f4c/7b88db5e-1bcd-e08b-ab34-8def3b4f104a/web/f4ad1282a77de7894dcf759ba91cfdaebae5461d38c3a7d1eadea8a9edc32666.jpg,BLOCKED_EVIDENCE_IS_NOT_CANONICAL_ORIGINAL,READY_LINKAGE
39514b38-f90b-4b15-9ac1-0f12d8b1e625,CATV1-P219-R1L,684cc3f1-9a24-0a72-06eb-45616bc4a7a5,36a15f85-b64d-2acc-597c-904f5e612827,POLICY_APPROVED,c5f53670d124a12bd2f78e2f7144f08aa260668adc0648c2329a8a675c65206a,product_images/p219_1_1_delineadorcafeushas.jpg,CATALOG_EVIDENCE_CROP,image/jpeg,jpg,lihen-product-web,products/684cc3f1-9a24-0a72-06eb-45616bc4a7a5/36a15f85-b64d-2acc-597c-904f5e612827/web/c5f53670d124a12bd2f78e2f7144f08aa260668adc0648c2329a8a675c65206a.jpg,BLOCKED_EVIDENCE_IS_NOT_CANONICAL_ORIGINAL,READY_LINKAGE
39514b38-f90b-4b15-9ac1-0f12d8b1e625,CATV1-P220-R1L,27f16e03-fcc2-2ce8-d50b-21c8e2fdeb08,109dfcb1-0edd-b187-dd8a-fe7c9d75cbf7,POLICY_APPROVED,326d58a33d96eb323ff044920acacd23cc3f5c32358134840bc000588c239332,product_images/p220_1_1_pestaninaprosacafe4en1.jpg,CATALOG_EVIDENCE_CROP,image/jpeg,jpg,lihen-product-web,products/27f16e03-fcc2-2ce8-d50b-21c8e2fdeb08/109dfcb1-0edd-b187-dd8a-fe7c9d75cbf7/web/326d58a33d96eb323ff044920acacd23cc3f5c32358134840bc000588c239332.jpg,BLOCKED_EVIDENCE_IS_NOT_CANONICAL_ORIGINAL,READY_LINKAGE
39514b38-f90b-4b15-9ac1-0f12d8b1e625,CATV1-P220-R1R,0f161d80-fa09-90b5-3978-b0f59fba3cfb,922a4bcb-5e74-79b6-34a7-97c8f928f4d9,POLICY_APPROVED,fe0af83993b97ddceb66677b27b6f2d29c88e9079f2d5ea403210bf4ac318da9,product_images/p220_2_1_pestanina-prosamaxi.jpg,CATALOG_EVIDENCE_CROP,image/jpeg,jpg,lihen-product-web,products/0f161d80-fa09-90b5-3978-b0f59fba3cfb/922a4bcb-5e74-79b6-34a7-97c8f928f4d9/web/fe0af83993b97ddceb66677b27b6f2d29c88e9079f2d5ea403210bf4ac318da9.jpg,BLOCKED_EVIDENCE_IS_NOT_CANONICAL_ORIGINAL,READY_LINKAGE
39514b38-f90b-4b15-9ac1-0f12d8b1e625,CATV1-P220-R2L,7fffbd41-eac6-551f-f163-c2d8a0edae8e,79a374a5-fa3c-92fb-041b-777093dbc282,POLICY_APPROVED,fd5e41a81d6b8efca86552e8b44d5425f239a10f81d93464129103f9e2929e07,product_images/p220_1_2_pestaninaprosaprof-silicon.jpg,CATALOG_EVIDENCE_CROP,image/jpeg,jpg,lihen-product-web,products/7fffbd41-eac6-551f-f163-c2d8a0edae8e/79a374a5-fa3c-92fb-041b-777093dbc282/web/fd5e41a81d6b8efca86552e8b44d5425f239a10f81d93464129103f9e2929e07.jpg,BLOCKED_EVIDENCE_IS_NOT_CANONICAL_ORIGINAL,READY_LINKAGE
39514b38-f90b-4b15-9ac1-0f12d8b1e625,CATV1-P220-R2R,91e76743-969b-d8e5-9b6f-d96b8e720654,5a2522dc-6401-48e8-ba05-4084d6f6a438,HUMAN_APPROVED,edda4e976e22320cff2d425ea703eca1ea93cc8c6888fcf5b8530ec59624d151,product_images/p220_2_2_pestaninaprosamaxi-silicon.jpg,CATALOG_EVIDENCE_CROP,image/jpeg,jpg,lihen-product-web,products/91e76743-969b-d8e5-9b6f-d96b8e720654/5a2522dc-6401-48e8-ba05-4084d6f6a438/web/edda4e976e22320cff2d425ea703eca1ea93cc8c6888fcf5b8530ec59624d151.jpg,BLOCKED_EVIDENCE_IS_NOT_CANONICAL_ORIGINAL,READY_LINKAGE
39514b38-f90b-4b15-9ac1-0f12d8b1e625,CATV1-P220-R3L,b671bb7c-fcd1-d2a4-83d2-5159a6bb7097,81d94986-8a33-48ec-160c-70792bc9d736,HUMAN_APPROVED,f9b634ef9eda9e6fb8b88a44fd8a0af0b53b3ebc1e682e034fb19d391e80d374,product_images/p220_1_3_pestaninaprosaprofesional.jpg,CATALOG_EVIDENCE_CROP,image/jpeg,jpg,lihen-product-web,products/b671bb7c-fcd1-d2a4-83d2-5159a6bb7097/81d94986-8a33-48ec-160c-70792bc9d736/web/f9b634ef9eda9e6fb8b88a44fd8a0af0b53b3ebc1e682e034fb19d391e80d374.jpg,BLOCKED_EVIDENCE_IS_NOT_CANONICAL_ORIGINAL,READY_LINKAGE
39514b38-f90b-4b15-9ac1-0f12d8b1e625,CATV1-P220-R3R,b0d56c6b-8f2c-7f68-61b0-6e1e6a4495a0,4f6490ee-625b-58aa-351a-3b4345720aa6,POLICY_APPROVED,ea1f354bc77179d1fb7a75ae7a0e436312adb9aa43d610dcb74523412af80312,product_images/p220_2_3_pestaninamicrofibra.jpg,CATALOG_EVIDENCE_CROP,image/jpeg,jpg,lihen-product-web,products/b0d56c6b-8f2c-7f68-61b0-6e1e6a4495a0/4f6490ee-625b-58aa-351a-3b4345720aa6/web/ea1f354bc77179d1fb7a75ae7a0e436312adb9aa43d610dcb74523412af80312.jpg,BLOCKED_EVIDENCE_IS_NOT_CANONICAL_ORIGINAL,READY_LINKAGE
39514b38-f90b-4b15-9ac1-0f12d8b1e625,CATV1-P221-R1L,39cdca55-a5e2-2ea7-f53b-5ea0eb5b121b,d1f1f6ad-7ff2-0d3a-5002-918703bd8f69,POLICY_APPROVED,81832948fe7b54d5afe99b799f22533974571b911ffc5d4538830af638c63fc1,product_images/p221_1_1_pestanina-azul-prosa.jpg,CATALOG_EVIDENCE_CROP,image/jpeg,jpg,lihen-product-web,products/39cdca55-a5e2-2ea7-f53b-5ea0eb5b121b/d1f1f6ad-7ff2-0d3a-5002-918703bd8f69/web/81832948fe7b54d5afe99b799f22533974571b911ffc5d4538830af638c63fc1.jpg,BLOCKED_EVIDENCE_IS_NOT_CANONICAL_ORIGINAL,READY_LINKAGE
39514b38-f90b-4b15-9ac1-0f12d8b1e625,CATV1-P221-R1R,fc853c85-4237-c3e8-75fc-64c9dc22d68d,8a699a98-4348-8e1b-852f-585c7c72d96e,POLICY_APPROVED,438f86eae40fda20708ab668ffd3ce3155203721a68b1e9e42afab1fc33ad371,product_images/p221_2_1_delineador-pincelblanco.jpg,CATALOG_EVIDENCE_CROP,image/jpeg,jpg,lihen-product-web,products/fc853c85-4237-c3e8-75fc-64c9dc22d68d/8a699a98-4348-8e1b-852f-585c7c72d96e/web/438f86eae40fda20708ab668ffd3ce3155203721a68b1e9e42afab1fc33ad371.jpg,BLOCKED_EVIDENCE_IS_NOT_CANONICAL_ORIGINAL,READY_LINKAGE
39514b38-f90b-4b15-9ac1-0f12d8b1e625,CATV1-P221-R2L,41e29dc5-12b9-bd33-ad5f-d942c56e9dbe,b1c67cc5-982b-05ad-6ed3-d9ee9018ea26,POLICY_APPROVED,6227092c48fbe91ce785d38b4e643b913c0266b5902b79db1b1f9b4e0f6c007a,product_images/p221_1_2_hennapiluss.jpg,CATALOG_EVIDENCE_CROP,image/jpeg,jpg,lihen-product-web,products/41e29dc5-12b9-bd33-ad5f-d942c56e9dbe/b1c67cc5-982b-05ad-6ed3-d9ee9018ea26/web/6227092c48fbe91ce785d38b4e643b913c0266b5902b79db1b1f9b4e0f6c007a.jpg,BLOCKED_EVIDENCE_IS_NOT_CANONICAL_ORIGINAL,READY_LINKAGE
39514b38-f90b-4b15-9ac1-0f12d8b1e625,CATV1-P221-R2R,86d598dd-5499-885d-0613-efae11ef7d61,52f3fd85-5e87-36e0-2f17-46f9c0216752,HUMAN_APPROVED,f9f58ac5474206b28fc5d365bfc5b5182ff99382982e2be10639236e75e688e3,product_images/p221_2_2_piluss-pestanas.jpg,CATALOG_EVIDENCE_CROP,image/jpeg,jpg,lihen-product-web,products/86d598dd-5499-885d-0613-efae11ef7d61/52f3fd85-5e87-36e0-2f17-46f9c0216752/web/f9f58ac5474206b28fc5d365bfc5b5182ff99382982e2be10639236e75e688e3.jpg,BLOCKED_EVIDENCE_IS_NOT_CANONICAL_ORIGINAL,READY_LINKAGE
39514b38-f90b-4b15-9ac1-0f12d8b1e625,CATV1-P221-R3L,4e4a7bb7-87d5-4b62-3fa5-d3473a91661a,0742d405-494a-85a5-c732-42f91422bd1f,HUMAN_APPROVED,71530ce269afb34fb256974c9d99642c2a3332d5c5f923ee75138aecfd574822,product_images/p221_1_3_piluss-pestanas.jpg,CATALOG_EVIDENCE_CROP,image/jpeg,jpg,lihen-product-web,products/4e4a7bb7-87d5-4b62-3fa5-d3473a91661a/0742d405-494a-85a5-c732-42f91422bd1f/web/71530ce269afb34fb256974c9d99642c2a3332d5c5f923ee75138aecfd574822.jpg,BLOCKED_EVIDENCE_IS_NOT_CANONICAL_ORIGINAL,READY_LINKAGE
39514b38-f90b-4b15-9ac1-0f12d8b1e625,CATV1-P221-R3R,5ba50c3b-466c-41e7-4c99-0bd318f012da,2717acf5-8340-6b2e-03de-ccd42dd96208,HUMAN_APPROVED,1242f31cf91710208ca1b90e66a42c38833db88595e49a42529d5488aff1032d,product_images/p221_2_3_delineador-blanco.jpg,CATALOG_EVIDENCE_CROP,image/jpeg,jpg,lihen-product-web,products/5ba50c3b-466c-41e7-4c99-0bd318f012da/2717acf5-8340-6b2e-03de-ccd42dd96208/web/1242f31cf91710208ca1b90e66a42c38833db88595e49a42529d5488aff1032d.jpg,BLOCKED_EVIDENCE_IS_NOT_CANONICAL_ORIGINAL,READY_LINKAGE
39514b38-f90b-4b15-9ac1-0f12d8b1e625,CATV1-P222-R1R,78a16a51-31b4-e640-cc1a-43f11254d299,75d0d22b-3ebd-b327-c8c8-30badc9922c1,POLICY_APPROVED,0028d4746fb4d5918bb3366e8b63c41b545b399a907948c443cca2f732de34d9,product_images/p222_2_1_got2b.jpg,CATALOG_EVIDENCE_CROP,image/jpeg,jpg,lihen-product-web,products/78a16a51-31b4-e640-cc1a-43f11254d299/75d0d22b-3ebd-b327-c8c8-30badc9922c1/web/0028d4746fb4d5918bb3366e8b63c41b545b399a907948c443cca2f732de34d9.jpg,BLOCKED_EVIDENCE_IS_NOT_CANONICAL_ORIGINAL,READY_LINKAGE
39514b38-f90b-4b15-9ac1-0f12d8b1e625,CATV1-P222-R2R,c0525d16-8f02-fc34-d01a-3ae50741d822,2a9a82c9-5b06-6b6f-838f-a8df64d38377,POLICY_APPROVED,6d866fc4ca4af77711191e529c7bb8c7d8b3e5f25c052eba5c5d6a522f632fbb,product_images/p222_2_2_pestanas-infinito.jpg,CATALOG_EVIDENCE_CROP,image/jpeg,jpg,lihen-product-web,products/c0525d16-8f02-fc34-d01a-3ae50741d822/2a9a82c9-5b06-6b6f-838f-a8df64d38377/web/6d866fc4ca4af77711191e529c7bb8c7d8b3e5f25c052eba5c5d6a522f632fbb.jpg,BLOCKED_EVIDENCE_IS_NOT_CANONICAL_ORIGINAL,READY_LINKAGE
39514b38-f90b-4b15-9ac1-0f12d8b1e625,CATV1-P223-R1R,c477ec1c-cd6e-4ce1-59e8-823d15a4f848,fd2abac3-5cf6-1796-dd6c-807f4e80ba79,HUMAN_APPROVED,fcdb31982d68901df961235858aee9041d07e5ecd9d9192976947f212b2dd17b,product_images/p223_2_1_cosmetiquera-bolso.jpg,CATALOG_EVIDENCE_CROP,image/jpeg,jpg,lihen-product-web,products/c477ec1c-cd6e-4ce1-59e8-823d15a4f848/fd2abac3-5cf6-1796-dd6c-807f4e80ba79/web/fcdb31982d68901df961235858aee9041d07e5ecd9d9192976947f212b2dd17b.jpg,BLOCKED_EVIDENCE_IS_NOT_CANONICAL_ORIGINAL,READY_LINKAGE
39514b38-f90b-4b15-9ac1-0f12d8b1e625,CATV1-P223-R2L,728c884b-f722-f249-090a-9df932ac6d78,20639c3e-79d9-5971-4c73-ba3084dc5786,POLICY_APPROVED,e4ef727cb03cf4813d2f0d13b13e926021f74fd491c8eca5b835a6c4be2e7a18,product_images/p223_1_2_cometiquera-doble-bimba.jpg,CATALOG_EVIDENCE_CROP,image/jpeg,jpg,lihen-product-web,products/728c884b-f722-f249-090a-9df932ac6d78/20639c3e-79d9-5971-4c73-ba3084dc5786/web/e4ef727cb03cf4813d2f0d13b13e926021f74fd491c8eca5b835a6c4be2e7a18.jpg,BLOCKED_EVIDENCE_IS_NOT_CANONICAL_ORIGINAL,READY_LINKAGE
39514b38-f90b-4b15-9ac1-0f12d8b1e625,CATV1-P223-R2R,a4c3224f-9968-ca20-841c-1409e1f77f52,6bb006f5-5ab6-f51a-4c28-12cafec889f7,POLICY_APPROVED,23b662f8b84382255bc6e8d84f480053b903957ca5b3db2b0d40ef2297952728,product_images/p223_2_2_cosmetiquera-organizador.jpg,CATALOG_EVIDENCE_CROP,image/jpeg,jpg,lihen-product-web,products/a4c3224f-9968-ca20-841c-1409e1f77f52/6bb006f5-5ab6-f51a-4c28-12cafec889f7/web/23b662f8b84382255bc6e8d84f480053b903957ca5b3db2b0d40ef2297952728.jpg,BLOCKED_EVIDENCE_IS_NOT_CANONICAL_ORIGINAL,READY_LINKAGE
39514b38-f90b-4b15-9ac1-0f12d8b1e625,CATV1-P223-R3L,27d3e080-4b71-0dc9-6fa8-19cde77a4cd2,f6d8cfac-0dce-eeaa-2b44-1ffd7f29d6b6,POLICY_APPROVED,4f9d3de3f249f5d55c59b61c766969151e923068bfe14234909022dd57a66ed5,product_images/p223_1_3_morada.jpg,CATALOG_EVIDENCE_CROP,image/jpeg,jpg,lihen-product-web,products/27d3e080-4b71-0dc9-6fa8-19cde77a4cd2/f6d8cfac-0dce-eeaa-2b44-1ffd7f29d6b6/web/4f9d3de3f249f5d55c59b61c766969151e923068bfe14234909022dd57a66ed5.jpg,BLOCKED_EVIDENCE_IS_NOT_CANONICAL_ORIGINAL,READY_LINKAGE
39514b38-f90b-4b15-9ac1-0f12d8b1e625,CATV1-P223-R3R,9291d5da-d6fe-a4da-410c-e12a5ad05659,85772f7d-cad0-d307-c033-22bf708f690a,POLICY_APPROVED,adf129928ba4cf07e446c1c281b8c9d211e574b44620c6e67b6429950e477735,product_images/p223_2_3_puntos.jpg,CATALOG_EVIDENCE_CROP,image/jpeg,jpg,lihen-product-web,products/9291d5da-d6fe-a4da-410c-e12a5ad05659/85772f7d-cad0-d307-c033-22bf708f690a/web/adf129928ba4cf07e446c1c281b8c9d211e574b44620c6e67b6429950e477735.jpg,BLOCKED_EVIDENCE_IS_NOT_CANONICAL_ORIGINAL,READY_LINKAGE
39514b38-f90b-4b15-9ac1-0f12d8b1e625,CATV1-P225-R1L,020ad2bb-e953-a783-14e4-54049c2be667,dad3d027-2927-7129-6d7a-838415e6589c,POLICY_APPROVED,d311ab0da62c2807ef7619790f179b49fd27dd28934e6b55a49c540ad7ecbdf1,product_images/p225_1_1_labial-con-lapiz.jpg,CATALOG_EVIDENCE_CROP,image/jpeg,jpg,lihen-product-web,products/020ad2bb-e953-a783-14e4-54049c2be667/dad3d027-2927-7129-6d7a-838415e6589c/web/d311ab0da62c2807ef7619790f179b49fd27dd28934e6b55a49c540ad7ecbdf1.jpg,BLOCKED_EVIDENCE_IS_NOT_CANONICAL_ORIGINAL,READY_LINKAGE
39514b38-f90b-4b15-9ac1-0f12d8b1e625,CATV1-P225-R1R,002d9983-23cf-4d3f-f37b-82740a00c1bd,86cce47c-8f45-6999-8f8a-0f000fd88821,POLICY_APPROVED,634f3fa8cf4cf5288d16d84c8f03414e4e6fbd771fd63e687cb2808b41cbd6ed,product_images/p225_2_1_hidratante-eos.jpg,CATALOG_EVIDENCE_CROP,image/jpeg,jpg,lihen-product-web,products/002d9983-23cf-4d3f-f37b-82740a00c1bd/86cce47c-8f45-6999-8f8a-0f000fd88821/web/634f3fa8cf4cf5288d16d84c8f03414e4e6fbd771fd63e687cb2808b41cbd6ed.jpg,BLOCKED_EVIDENCE_IS_NOT_CANONICAL_ORIGINAL,READY_LINKAGE
39514b38-f90b-4b15-9ac1-0f12d8b1e625,CATV1-P225-R2L,22b6b085-f8c1-292e-8da1-cf62bca20321,779070b2-55b7-dc14-5f80-d6649893047a,POLICY_APPROVED,b2a2e14a1a49317c5889b4255bc0a99bddce14bc32a12a248d81cc2d66c520aa,product_images/p225_1_2_brillo-sas.jpg,CATALOG_EVIDENCE_CROP,image/jpeg,jpg,lihen-product-web,products/22b6b085-f8c1-292e-8da1-cf62bca20321/779070b2-55b7-dc14-5f80-d6649893047a/web/b2a2e14a1a49317c5889b4255bc0a99bddce14bc32a12a248d81cc2d66c520aa.jpg,BLOCKED_EVIDENCE_IS_NOT_CANONICAL_ORIGINAL,READY_LINKAGE
39514b38-f90b-4b15-9ac1-0f12d8b1e625,CATV1-P225-R2R,befbb3db-7f50-bd8c-f7df-4fb6a4648ba7,5ad27ec3-5b28-5b59-eccb-fb5e1611f294,HUMAN_APPROVED,6100eebbe751c36c99bf9c808058980cfa5f766a47cde24ff3f443a0a0a812e2,product_images/p225_2_2_ushas-12-tonos-diferentes-x.jpg,CATALOG_EVIDENCE_CROP,image/jpeg,jpg,lihen-product-web,products/befbb3db-7f50-bd8c-f7df-4fb6a4648ba7/5ad27ec3-5b28-5b59-eccb-fb5e1611f294/web/6100eebbe751c36c99bf9c808058980cfa5f766a47cde24ff3f443a0a0a812e2.jpg,BLOCKED_EVIDENCE_IS_NOT_CANONICAL_ORIGINAL,READY_LINKAGE
39514b38-f90b-4b15-9ac1-0f12d8b1e625,CATV1-P225-R3L,9436a43b-27d6-f8c4-fb64-b4f0aa0d47e1,af826239-58c0-aef6-28ef-9805b9f78c0b,POLICY_APPROVED,f60ee1b0ffcedc0706f6e1437a7633d43d1d829ed78d8331b10897c299a76601,product_images/p225_1_3_tintatinted.jpg,CATALOG_EVIDENCE_CROP,image/jpeg,jpg,lihen-product-web,products/9436a43b-27d6-f8c4-fb64-b4f0aa0d47e1/af826239-58c0-aef6-28ef-9805b9f78c0b/web/f60ee1b0ffcedc0706f6e1437a7633d43d1d829ed78d8331b10897c299a76601.jpg,BLOCKED_EVIDENCE_IS_NOT_CANONICAL_ORIGINAL,READY_LINKAGE
39514b38-f90b-4b15-9ac1-0f12d8b1e625,CATV1-P225-R3R,5c69e5ff-505b-67c6-a235-77678b85ce0a,6a604fa7-db15-00ec-021c-d82f98f19e09,POLICY_APPROVED,c22a7b8de56eb02d0bcb5943eb8cf271fc16e32cd9a304742b1d57c09719968c,product_images/p225_2_3_labialushasmatte-enbarra.jpg,CATALOG_EVIDENCE_CROP,image/jpeg,jpg,lihen-product-web,products/5c69e5ff-505b-67c6-a235-77678b85ce0a/6a604fa7-db15-00ec-021c-d82f98f19e09/web/c22a7b8de56eb02d0bcb5943eb8cf271fc16e32cd9a304742b1d57c09719968c.jpg,BLOCKED_EVIDENCE_IS_NOT_CANONICAL_ORIGINAL,READY_LINKAGE
39514b38-f90b-4b15-9ac1-0f12d8b1e625,CATV1-P226-R1L,cf729520-063b-29f0-9c25-f95649a1edf6,59839ae8-71ea-ee79-924a-f087a2a6d163,POLICY_APPROVED,3d41c0652a1ea7a47b0afcdcd43806ce0a96d5ecb9df98bc8b01f28a2c6f9a9e,product_images/p226_1_1_tintaliptin.jpg,CATALOG_EVIDENCE_CROP,image/jpeg,jpg,lihen-product-web,products/cf729520-063b-29f0-9c25-f95649a1edf6/59839ae8-71ea-ee79-924a-f087a2a6d163/web/3d41c0652a1ea7a47b0afcdcd43806ce0a96d5ecb9df98bc8b01f28a2c6f9a9e.jpg,BLOCKED_EVIDENCE_IS_NOT_CANONICAL_ORIGINAL,READY_LINKAGE
39514b38-f90b-4b15-9ac1-0f12d8b1e625,CATV1-P226-R1R,a35c36bd-9084-61ee-2339-a97dca256e7f,182cb4b8-1af5-ae06-2c2f-dfa18d38e4f0,POLICY_APPROVED,8353c420cf7de9cd55d5151ce8eb5d6eda08897b9ff3beff51b2f27ae204089f,product_images/p226_2_1_glosssas.jpg,CATALOG_EVIDENCE_CROP,image/jpeg,jpg,lihen-product-web,products/a35c36bd-9084-61ee-2339-a97dca256e7f/182cb4b8-1af5-ae06-2c2f-dfa18d38e4f0/web/8353c420cf7de9cd55d5151ce8eb5d6eda08897b9ff3beff51b2f27ae204089f.jpg,BLOCKED_EVIDENCE_IS_NOT_CANONICAL_ORIGINAL,READY_LINKAGE
39514b38-f90b-4b15-9ac1-0f12d8b1e625,CATV1-P226-R2L,f915aa15-702f-5efd-3313-a01f27156b70,fb2178d9-4dbf-8683-585c-6b4e42991037,POLICY_APPROVED,b36d5a4205edba4afbfde5a4a71b78df7d209c5557425fd61126f34d6003d742,product_images/p226_1_2_lapizsas.jpg,CATALOG_EVIDENCE_CROP,image/jpeg,jpg,lihen-product-web,products/f915aa15-702f-5efd-3313-a01f27156b70/fb2178d9-4dbf-8683-585c-6b4e42991037/web/b36d5a4205edba4afbfde5a4a71b78df7d209c5557425fd61126f34d6003d742.jpg,BLOCKED_EVIDENCE_IS_NOT_CANONICAL_ORIGINAL,READY_LINKAGE
39514b38-f90b-4b15-9ac1-0f12d8b1e625,CATV1-P226-R2R,15bd26fa-3087-ae43-fe16-b69657a5c179,7db14c4f-7cc5-d2f2-e231-c087163f5b4a,POLICY_APPROVED,1aa865c6e63327ae655f633ef32d76e5147118824a09d07583f702823665f5df,product_images/p226_2_2_labialmattesas.jpg,CATALOG_EVIDENCE_CROP,image/jpeg,jpg,lihen-product-web,products/15bd26fa-3087-ae43-fe16-b69657a5c179/7db14c4f-7cc5-d2f2-e231-c087163f5b4a/web/1aa865c6e63327ae655f633ef32d76e5147118824a09d07583f702823665f5df.jpg,BLOCKED_EVIDENCE_IS_NOT_CANONICAL_ORIGINAL,READY_LINKAGE
39514b38-f90b-4b15-9ac1-0f12d8b1e625,CATV1-P227-R1L,449a5ce3-27f7-ecf9-1eba-4f8336de1da7,a7fb5a3e-bd2e-673c-20f2-a95866f7a130,POLICY_APPROVED,9dfea00e3167143eed8917a3b85e00c2f0f9f5f19a6ea96257ab0a6f8ca29ad7,product_images/p227_1_1_labial-aurora-trendy.jpg,CATALOG_EVIDENCE_CROP,image/jpeg,jpg,lihen-product-web,products/449a5ce3-27f7-ecf9-1eba-4f8336de1da7/a7fb5a3e-bd2e-673c-20f2-a95866f7a130/web/9dfea00e3167143eed8917a3b85e00c2f0f9f5f19a6ea96257ab0a6f8ca29ad7.jpg,BLOCKED_EVIDENCE_IS_NOT_CANONICAL_ORIGINAL,READY_LINKAGE
39514b38-f90b-4b15-9ac1-0f12d8b1e625,CATV1-P227-R1R,a8836afd-4f43-c7ae-fb73-51f80bc09161,293edcca-e955-e5c1-4358-60ee3db35208,POLICY_APPROVED,8b288708b20c8334fd2b278f6a682599430c0ed7d80e236c01f0911c14481e3e,product_images/p227_2_1_gloss-hidratante.jpg,CATALOG_EVIDENCE_CROP,image/jpeg,jpg,lihen-product-web,products/a8836afd-4f43-c7ae-fb73-51f80bc09161/293edcca-e955-e5c1-4358-60ee3db35208/web/8b288708b20c8334fd2b278f6a682599430c0ed7d80e236c01f0911c14481e3e.jpg,BLOCKED_EVIDENCE_IS_NOT_CANONICAL_ORIGINAL,READY_LINKAGE
39514b38-f90b-4b15-9ac1-0f12d8b1e625,CATV1-P227-R2L,35ea919c-f40a-d094-025d-286be407dc41,6fdfe6ac-6b7c-77c7-c917-be077644c8e2,HUMAN_APPROVED,cc758671f0cb829032ac7620f72b3261e239e7b73f94da049458939a5d4b2b19,product_images/p227_1_2_gloss-con-color-llavero.jpg,CATALOG_EVIDENCE_CROP,image/jpeg,jpg,lihen-product-web,products/35ea919c-f40a-d094-025d-286be407dc41/6fdfe6ac-6b7c-77c7-c917-be077644c8e2/web/cc758671f0cb829032ac7620f72b3261e239e7b73f94da049458939a5d4b2b19.jpg,BLOCKED_EVIDENCE_IS_NOT_CANONICAL_ORIGINAL,READY_LINKAGE
39514b38-f90b-4b15-9ac1-0f12d8b1e625,CATV1-P227-R2R,4982c439-2284-0479-debc-62ed89b84439,25258fd7-ea96-ab0c-70c4-56af86605e3b,POLICY_APPROVED,8ae6d0dd181823e64264e8e77ec8f16903d7f6107d4436f053b22218b82e94a6,product_images/p227_2_2_aura-mocca.jpg,CATALOG_EVIDENCE_CROP,image/jpeg,jpg,lihen-product-web,products/4982c439-2284-0479-debc-62ed89b84439/25258fd7-ea96-ab0c-70c4-56af86605e3b/web/8ae6d0dd181823e64264e8e77ec8f16903d7f6107d4436f053b22218b82e94a6.jpg,BLOCKED_EVIDENCE_IS_NOT_CANONICAL_ORIGINAL,READY_LINKAGE
39514b38-f90b-4b15-9ac1-0f12d8b1e625,CATV1-P229-R1L,9783e6d8-be06-1a85-017f-91a4df8abf16,bc4a329e-3e6a-3907-b012-a5a289665351,POLICY_APPROVED,373726062d7c388482a3060131a1fd651948b63050fd186a21ad357783224741,product_images/p229_1_1_base-celestial-tono-5-y-6.jpg,CATALOG_EVIDENCE_CROP,image/jpeg,jpg,lihen-product-web,products/9783e6d8-be06-1a85-017f-91a4df8abf16/bc4a329e-3e6a-3907-b012-a5a289665351/web/373726062d7c388482a3060131a1fd651948b63050fd186a21ad357783224741.jpg,BLOCKED_EVIDENCE_IS_NOT_CANONICAL_ORIGINAL,READY_LINKAGE
39514b38-f90b-4b15-9ac1-0f12d8b1e625,CATV1-P229-R2L,692b6b28-c873-ea4d-ff85-9daa356bd195,2e9b282b-ea9c-a2cb-9a37-66414142deb3,POLICY_APPROVED,1ace6293a61e84874beba0fe8834279e852b42061f081905d68fcb49e23e94d3,product_images/p229_1_2_polvo-flower-x.jpg,CATALOG_EVIDENCE_CROP,image/jpeg,jpg,lihen-product-web,products/692b6b28-c873-ea4d-ff85-9daa356bd195/2e9b282b-ea9c-a2cb-9a37-66414142deb3/web/1ace6293a61e84874beba0fe8834279e852b42061f081905d68fcb49e23e94d3.jpg,BLOCKED_EVIDENCE_IS_NOT_CANONICAL_ORIGINAL,READY_LINKAGE
39514b38-f90b-4b15-9ac1-0f12d8b1e625,CATV1-P229-R3L,ac7fa64f-cc13-b059-bdde-1fd981d5590f,7d0c14a0-4270-59d5-87bf-7dd5811072c2,POLICY_APPROVED,ffe40844c70ac3f3f6a604e501f024ac949f16b5edee75ca003462ac59451a05,product_images/p229_1_3_base-ushas-full-cover.jpg,CATALOG_EVIDENCE_CROP,image/jpeg,jpg,lihen-product-web,products/ac7fa64f-cc13-b059-bdde-1fd981d5590f/7d0c14a0-4270-59d5-87bf-7dd5811072c2/web/ffe40844c70ac3f3f6a604e501f024ac949f16b5edee75ca003462ac59451a05.jpg,BLOCKED_EVIDENCE_IS_NOT_CANONICAL_ORIGINAL,READY_LINKAGE
39514b38-f90b-4b15-9ac1-0f12d8b1e625,CATV1-P229-R3R,15b3f169-6fdd-9906-ba7c-f27b26d8f877,d67b9957-f7f4-e6b5-eb9a-f56d50fd2f37,POLICY_APPROVED,a234d5af2ccc65adbba16033780587a9586720eeac039e7d3c4f4b6ab3f9d097,product_images/p229_2_3_base-ushas.jpg,CATALOG_EVIDENCE_CROP,image/jpeg,jpg,lihen-product-web,products/15b3f169-6fdd-9906-ba7c-f27b26d8f877/d67b9957-f7f4-e6b5-eb9a-f56d50fd2f37/web/a234d5af2ccc65adbba16033780587a9586720eeac039e7d3c4f4b6ab3f9d097.jpg,BLOCKED_EVIDENCE_IS_NOT_CANONICAL_ORIGINAL,READY_LINKAGE
39514b38-f90b-4b15-9ac1-0f12d8b1e625,CATV1-P230-R1L,bd079501-d76a-4ace-44be-536d133bf289,48855623-4f99-7ab3-fd0b-bdf7f3dd000e,POLICY_APPROVED,8defaa18cac2b78b1f4d26b1fee78571c9d86ead8449376555fb2feaf32dbaa0,product_images/p230_1_1_corrector-dealtacobertura-beyongs-a-s.jpg,CATALOG_EVIDENCE_CROP,image/jpeg,jpg,lihen-product-web,products/bd079501-d76a-4ace-44be-536d133bf289/48855623-4f99-7ab3-fd0b-bdf7f3dd000e/web/8defaa18cac2b78b1f4d26b1fee78571c9d86ead8449376555fb2feaf32dbaa0.jpg,BLOCKED_EVIDENCE_IS_NOT_CANONICAL_ORIGINAL,READY_LINKAGE
39514b38-f90b-4b15-9ac1-0f12d8b1e625,CATV1-P230-R1R,79e7c6d9-985f-6589-b3e1-f705ef8bc47d,ae3ddb1c-658a-d718-5306-6f6b9727c3ac,POLICY_APPROVED,b54ce1da55b46c32d7aab2ada5e75778535d66dd95b45f6eef35824ec43689b0,product_images/p230_2_1_polvo-ana-maria.jpg,CATALOG_EVIDENCE_CROP,image/jpeg,jpg,lihen-product-web,products/79e7c6d9-985f-6589-b3e1-f705ef8bc47d/ae3ddb1c-658a-d718-5306-6f6b9727c3ac/web/b54ce1da55b46c32d7aab2ada5e75778535d66dd95b45f6eef35824ec43689b0.jpg,BLOCKED_EVIDENCE_IS_NOT_CANONICAL_ORIGINAL,READY_LINKAGE
39514b38-f90b-4b15-9ac1-0f12d8b1e625,CATV1-P230-R2L,62f12ef2-a01d-7545-7d50-68ac55cf3f0f,a836bd38-6f62-f846-d78b-fb867d9f749d,POLICY_APPROVED,e858b85433ccf9fb8042c82422fd420cdf69a2881792aed2a827ef642e17b09c,product_images/p230_1_2_polvoraquel.jpg,CATALOG_EVIDENCE_CROP,image/jpeg,jpg,lihen-product-web,products/62f12ef2-a01d-7545-7d50-68ac55cf3f0f/a836bd38-6f62-f846-d78b-fb867d9f749d/web/e858b85433ccf9fb8042c82422fd420cdf69a2881792aed2a827ef642e17b09c.jpg,BLOCKED_EVIDENCE_IS_NOT_CANONICAL_ORIGINAL,READY_LINKAGE
39514b38-f90b-4b15-9ac1-0f12d8b1e625,CATV1-P230-R3L,36f1f7d9-23a8-6ea1-3817-41d70bc97302,6ef3b119-09bc-8b5a-7b60-e615808f2ea1,HUMAN_APPROVED,4403ad2e058f9ceb8ab975b5a0b8765d7c7ce761eb6b7d8dbe1b5b9d1e21c303,product_images/p230_1_3_polvo-de-hadas.jpg,CATALOG_EVIDENCE_CROP,image/jpeg,jpg,lihen-product-web,products/36f1f7d9-23a8-6ea1-3817-41d70bc97302/6ef3b119-09bc-8b5a-7b60-e615808f2ea1/web/4403ad2e058f9ceb8ab975b5a0b8765d7c7ce761eb6b7d8dbe1b5b9d1e21c303.jpg,BLOCKED_EVIDENCE_IS_NOT_CANONICAL_ORIGINAL,READY_LINKAGE
39514b38-f90b-4b15-9ac1-0f12d8b1e625,CATV1-P231-R1L,6fac0f17-c461-bd93-5615-e1e99431329c,6b706877-27a9-2f4d-95b3-6432c8c22607,HUMAN_APPROVED,d8074b088d7ea617efaca31efebc230c0736901868a876f7caefe42dab078bd3,product_images/p231_1_1_ilumiandor.jpg,CATALOG_EVIDENCE_CROP,image/jpeg,jpg,lihen-product-web,products/6fac0f17-c461-bd93-5615-e1e99431329c/6b706877-27a9-2f4d-95b3-6432c8c22607/web/d8074b088d7ea617efaca31efebc230c0736901868a876f7caefe42dab078bd3.jpg,BLOCKED_EVIDENCE_IS_NOT_CANONICAL_ORIGINAL,READY_LINKAGE
39514b38-f90b-4b15-9ac1-0f12d8b1e625,CATV1-P231-R1R,50de8ef7-abf7-85b3-ecab-d84dd342bf0a,6f4235cc-fdcb-7b6a-862e-98a125367812,POLICY_APPROVED,93fde2ffcd8e81ee47e0a94650883fa721ea0ea5deefca07f3a3ea52f9dc91c9,product_images/p231_2_1_rubor-x3-tono-cafe.jpg,CATALOG_EVIDENCE_CROP,image/jpeg,jpg,lihen-product-web,products/50de8ef7-abf7-85b3-ecab-d84dd342bf0a/6f4235cc-fdcb-7b6a-862e-98a125367812/web/93fde2ffcd8e81ee47e0a94650883fa721ea0ea5deefca07f3a3ea52f9dc91c9.jpg,BLOCKED_EVIDENCE_IS_NOT_CANONICAL_ORIGINAL,READY_LINKAGE
39514b38-f90b-4b15-9ac1-0f12d8b1e625,CATV1-P231-R2L,e84fe2bc-bad3-92be-6734-b5bf2c4500c3,01e78200-143a-25cf-bb0e-90b9f2ab6c7e,POLICY_APPROVED,95e1f21ee0b9993aefab9b2957af8f9a655055482c6f2101347089664a097c23,product_images/p231_1_2_polvo-compacto-perfect.jpg,CATALOG_EVIDENCE_CROP,image/jpeg,jpg,lihen-product-web,products/e84fe2bc-bad3-92be-6734-b5bf2c4500c3/01e78200-143a-25cf-bb0e-90b9f2ab6c7e/web/95e1f21ee0b9993aefab9b2957af8f9a655055482c6f2101347089664a097c23.jpg,BLOCKED_EVIDENCE_IS_NOT_CANONICAL_ORIGINAL,READY_LINKAGE
39514b38-f90b-4b15-9ac1-0f12d8b1e625,CATV1-P231-R3R,4e685227-f43c-4477-ad1b-d4bb41b2c78f,d85cdae4-5bd5-7710-be2c-f2054d96b956,POLICY_APPROVED,d911f98e0aca95eab1fb008ad9629d7004b4d1d69d68e53cafa60eabf4f7ed52,product_images/p231_2_3_polvo-de-hadasextragrande.jpg,CATALOG_EVIDENCE_CROP,image/jpeg,jpg,lihen-product-web,products/4e685227-f43c-4477-ad1b-d4bb41b2c78f/d85cdae4-5bd5-7710-be2c-f2054d96b956/web/d911f98e0aca95eab1fb008ad9629d7004b4d1d69d68e53cafa60eabf4f7ed52.jpg,BLOCKED_EVIDENCE_IS_NOT_CANONICAL_ORIGINAL,READY_LINKAGE
39514b38-f90b-4b15-9ac1-0f12d8b1e625,CATV1-P233-R1R,e7a66582-ad5c-6157-48e4-d35e2c9f6438,1da9d742-a898-0f84-1890-4d21c9597c5c,POLICY_APPROVED,f8e603fde416e1d49c4b2669f618cb4699d0a7fdd0651b6c01a79683c1c493c5,product_images/p233_2_1_mantequilla-purpure.jpg,CATALOG_EVIDENCE_CROP,image/jpeg,jpg,lihen-product-web,products/e7a66582-ad5c-6157-48e4-d35e2c9f6438/1da9d742-a898-0f84-1890-4d21c9597c5c/web/f8e603fde416e1d49c4b2669f618cb4699d0a7fdd0651b6c01a79683c1c493c5.jpg,BLOCKED_EVIDENCE_IS_NOT_CANONICAL_ORIGINAL,READY_LINKAGE
39514b38-f90b-4b15-9ac1-0f12d8b1e625,CATV1-P233-R2L,33bc39e7-f827-825e-86d3-2aa7d73466a1,9e083449-d93f-aeba-3c46-091da2445973,POLICY_APPROVED,a36f9b7604d211c2fe339232212b6d05ada1b701d1a4b76e27535d516635356a,product_images/p233_1_2_mantequilla-mini.jpg,CATALOG_EVIDENCE_CROP,image/jpeg,jpg,lihen-product-web,products/33bc39e7-f827-825e-86d3-2aa7d73466a1/9e083449-d93f-aeba-3c46-091da2445973/web/a36f9b7604d211c2fe339232212b6d05ada1b701d1a4b76e27535d516635356a.jpg,BLOCKED_EVIDENCE_IS_NOT_CANONICAL_ORIGINAL,READY_LINKAGE
39514b38-f90b-4b15-9ac1-0f12d8b1e625,CATV1-P233-R2R,62df2660-42ef-2797-4897-bccd45a4b492,3cab8c9d-6569-7090-0ecd-fe38675dc559,POLICY_APPROVED,fee87ff9607eeb0b96a307efad2fcb19de10d99e4440018be133e3ad95a5ea2d,product_images/p233_2_2_agua-de-120-ml.jpg,CATALOG_EVIDENCE_CROP,image/jpeg,jpg,lihen-product-web,products/62df2660-42ef-2797-4897-bccd45a4b492/3cab8c9d-6569-7090-0ecd-fe38675dc559/web/fee87ff9607eeb0b96a307efad2fcb19de10d99e4440018be133e3ad95a5ea2d.jpg,BLOCKED_EVIDENCE_IS_NOT_CANONICAL_ORIGINAL,READY_LINKAGE
39514b38-f90b-4b15-9ac1-0f12d8b1e625,CATV1-P233-R3R,45c87225-722d-20b3-0bc8-240671e0ba69,5561e664-6e43-d799-fe48-45c10ff55ee1,POLICY_APPROVED,0ef08d99e311c51f2945ff267586d0672a749bd4180e4690858719e20164df9d,product_images/p233_2_3_mini-splash-purpure.jpg,CATALOG_EVIDENCE_CROP,image/jpeg,jpg,lihen-product-web,products/45c87225-722d-20b3-0bc8-240671e0ba69/5561e664-6e43-d799-fe48-45c10ff55ee1/web/0ef08d99e311c51f2945ff267586d0672a749bd4180e4690858719e20164df9d.jpg,BLOCKED_EVIDENCE_IS_NOT_CANONICAL_ORIGINAL,READY_LINKAGE
39514b38-f90b-4b15-9ac1-0f12d8b1e625,CATV1-P234-R1L,443d7aa6-d066-ea40-de8c-eca96f4c43db,7293aeee-6698-2e85-cbc4-f6d04a0e5aa0,POLICY_APPROVED,2abf69ba6d5614dd97fdc8c955cfdd75cfbba1b7f73ee65a8a139d9f082a5ff0,product_images/p234_1_1_gloss-purpure.jpg,CATALOG_EVIDENCE_CROP,image/jpeg,jpg,lihen-product-web,products/443d7aa6-d066-ea40-de8c-eca96f4c43db/7293aeee-6698-2e85-cbc4-f6d04a0e5aa0/web/2abf69ba6d5614dd97fdc8c955cfdd75cfbba1b7f73ee65a8a139d9f082a5ff0.jpg,BLOCKED_EVIDENCE_IS_NOT_CANONICAL_ORIGINAL,READY_LINKAGE
39514b38-f90b-4b15-9ac1-0f12d8b1e625,CATV1-P234-R1R,ea8f8fcf-ac56-b75a-4742-801d9cf77935,183cb669-912e-f53b-a9cf-4a46bfbb55fe,POLICY_APPROVED,ce629df426f76c332b3bbda2f8104829d9d5adb33335d53cc6477a0c327f9028,product_images/p234_2_1_lip-serum.jpg,CATALOG_EVIDENCE_CROP,image/jpeg,jpg,lihen-product-web,products/ea8f8fcf-ac56-b75a-4742-801d9cf77935/183cb669-912e-f53b-a9cf-4a46bfbb55fe/web/ce629df426f76c332b3bbda2f8104829d9d5adb33335d53cc6477a0c327f9028.jpg,BLOCKED_EVIDENCE_IS_NOT_CANONICAL_ORIGINAL,READY_LINKAGE
39514b38-f90b-4b15-9ac1-0f12d8b1e625,CATV1-P234-R2L,6f7b6fe8-3444-9226-b9df-a06e985a7dd9,a1ab5271-1844-8c59-f6ff-5fde9464e172,POLICY_APPROVED,460fc9d14ad0318718b2ebfef3ea59234a5698e8b186f15e320f6a9532d7738a,product_images/p234_1_2_lip-balm-purpure.jpg,CATALOG_EVIDENCE_CROP,image/jpeg,jpg,lihen-product-web,products/6f7b6fe8-3444-9226-b9df-a06e985a7dd9/a1ab5271-1844-8c59-f6ff-5fde9464e172/web/460fc9d14ad0318718b2ebfef3ea59234a5698e8b186f15e320f6a9532d7738a.jpg,BLOCKED_EVIDENCE_IS_NOT_CANONICAL_ORIGINAL,READY_LINKAGE
39514b38-f90b-4b15-9ac1-0f12d8b1e625,CATV1-P234-R2R,21212d0e-7280-e9e2-b5b7-65860bfac26c,843a668f-1de9-eb8f-12a5-0d5be0b4f6a7,POLICY_APPROVED,dc9190a6b65e58e282a28d614b42dfa60ebc78dab38e567188ad68f520ffb885,product_images/p234_2_2_kit-perfume-splash-y-crema.jpg,CATALOG_EVIDENCE_CROP,image/jpeg,jpg,lihen-product-web,products/21212d0e-7280-e9e2-b5b7-65860bfac26c/843a668f-1de9-eb8f-12a5-0d5be0b4f6a7/web/dc9190a6b65e58e282a28d614b42dfa60ebc78dab38e567188ad68f520ffb885.jpg,BLOCKED_EVIDENCE_IS_NOT_CANONICAL_ORIGINAL,READY_LINKAGE
39514b38-f90b-4b15-9ac1-0f12d8b1e625,CATV1-P234-R3L,0fb3c6e6-d3f4-b768-80bd-1eb3cdab94cd,1af41124-636b-cf54-aa0f-004179c7fc5b,POLICY_APPROVED,57cf072519aed5948679d4924fa5f9c22cf425f5f50e6182450a0b3ae519b8b4,product_images/p234_1_3_perfumes-capilares.jpg,CATALOG_EVIDENCE_CROP,image/jpeg,jpg,lihen-product-web,products/0fb3c6e6-d3f4-b768-80bd-1eb3cdab94cd/1af41124-636b-cf54-aa0f-004179c7fc5b/web/57cf072519aed5948679d4924fa5f9c22cf425f5f50e6182450a0b3ae519b8b4.jpg,BLOCKED_EVIDENCE_IS_NOT_CANONICAL_ORIGINAL,READY_LINKAGE
39514b38-f90b-4b15-9ac1-0f12d8b1e625,CATV1-P234-R3R,84373067-ed67-6254-81c4-f6d782819fc3,88e51d90-d647-11fb-e485-76c2bea509f3,POLICY_APPROVED,4bb7f09c67ee75c9df4b5ac6f35f13f2f844c8dd6679514abea0b79544efb865,product_images/p234_2_3_perfumes-capilares-solo-morado.jpg,CATALOG_EVIDENCE_CROP,image/jpeg,jpg,lihen-product-web,products/84373067-ed67-6254-81c4-f6d782819fc3/88e51d90-d647-11fb-e485-76c2bea509f3/web/4bb7f09c67ee75c9df4b5ac6f35f13f2f844c8dd6679514abea0b79544efb865.jpg,BLOCKED_EVIDENCE_IS_NOT_CANONICAL_ORIGINAL,READY_LINKAGE
39514b38-f90b-4b15-9ac1-0f12d8b1e625,CATV1-P235-R1L,e1c0bb82-dcba-0ef2-9acb-c6769aa237c7,95414986-d4d9-7c5d-0ee1-a21157503f12,POLICY_APPROVED,6fd6e2f6101ac83e1f96289ad8e7b6d0901e76493b162c3026fe0a8ed8dc8218,product_images/p235_1_1_mantequilla-grande.jpg,CATALOG_EVIDENCE_CROP,image/jpeg,jpg,lihen-product-web,products/e1c0bb82-dcba-0ef2-9acb-c6769aa237c7/95414986-d4d9-7c5d-0ee1-a21157503f12/web/6fd6e2f6101ac83e1f96289ad8e7b6d0901e76493b162c3026fe0a8ed8dc8218.jpg,BLOCKED_EVIDENCE_IS_NOT_CANONICAL_ORIGINAL,READY_LINKAGE
39514b38-f90b-4b15-9ac1-0f12d8b1e625,CATV1-P235-R1R,ffbf58bd-54b1-cc46-466a-8cfee17fbb41,dcc5807f-4ff2-e9ab-c3a8-4168e61df316,POLICY_APPROVED,559c6fe768be9d38d994651fbe1e5d291bc9d85e0d8dfc17a4342c41e7c47ed4,product_images/p235_2_1_jabon-corporal-todos.jpg,CATALOG_EVIDENCE_CROP,image/jpeg,jpg,lihen-product-web,products/ffbf58bd-54b1-cc46-466a-8cfee17fbb41/dcc5807f-4ff2-e9ab-c3a8-4168e61df316/web/559c6fe768be9d38d994651fbe1e5d291bc9d85e0d8dfc17a4342c41e7c47ed4.jpg,BLOCKED_EVIDENCE_IS_NOT_CANONICAL_ORIGINAL,READY_LINKAGE
39514b38-f90b-4b15-9ac1-0f12d8b1e625,CATV1-P235-R2L,24108217-eafc-94ad-e63b-0bd997527475,8e955a98-f0d6-2484-7eb3-7e0f1e49474a,POLICY_APPROVED,6633940363dd61721f79f0ffafcf0fa451da30f6dc3e937a5aa5f32d158fc243,product_images/p235_1_2_exfoliante-corporal.jpg,CATALOG_EVIDENCE_CROP,image/jpeg,jpg,lihen-product-web,products/24108217-eafc-94ad-e63b-0bd997527475/8e955a98-f0d6-2484-7eb3-7e0f1e49474a/web/6633940363dd61721f79f0ffafcf0fa451da30f6dc3e937a5aa5f32d158fc243.jpg,BLOCKED_EVIDENCE_IS_NOT_CANONICAL_ORIGINAL,READY_LINKAGE
39514b38-f90b-4b15-9ac1-0f12d8b1e625,CATV1-P235-R2R,f9fc7ea8-d6af-2ac7-c96d-981155dc7301,ef86c43b-cc3d-5bdf-ef57-265d8935a9a6,POLICY_APPROVED,4b32497a7443b24f33123b4550497e7f84fb3560b03ced36b6e48b2a0288599a,product_images/p235_2_2_mini-mantequilla-todas.jpg,CATALOG_EVIDENCE_CROP,image/jpeg,jpg,lihen-product-web,products/f9fc7ea8-d6af-2ac7-c96d-981155dc7301/ef86c43b-cc3d-5bdf-ef57-265d8935a9a6/web/4b32497a7443b24f33123b4550497e7f84fb3560b03ced36b6e48b2a0288599a.jpg,BLOCKED_EVIDENCE_IS_NOT_CANONICAL_ORIGINAL,READY_LINKAGE
39514b38-f90b-4b15-9ac1-0f12d8b1e625,CATV1-P235-R3L,d8fc1dc8-7675-8548-8dec-2a52c3aa4ebb,d181998d-4a22-fa8c-e6d9-91774e099967,POLICY_APPROVED,0b818ec8ef73bb8ab08ffe07e1dd1f1af9804558416c39c7aedf34ba17121da1,product_images/p235_1_3_perfume-nuevo.jpg,CATALOG_EVIDENCE_CROP,image/jpeg,jpg,lihen-product-web,products/d8fc1dc8-7675-8548-8dec-2a52c3aa4ebb/d181998d-4a22-fa8c-e6d9-91774e099967/web/0b818ec8ef73bb8ab08ffe07e1dd1f1af9804558416c39c7aedf34ba17121da1.jpg,BLOCKED_EVIDENCE_IS_NOT_CANONICAL_ORIGINAL,READY_LINKAGE
39514b38-f90b-4b15-9ac1-0f12d8b1e625,CATV1-P235-R3R,3d475f04-21fd-f13f-bbe7-5cdf186b82ea,2ef5f91a-df3e-4dd7-f770-57b3674aa463,POLICY_APPROVED,b001efa23fb624e97207c69a2781d728795422aff20fbd9ae783378e5bc11d56,product_images/p235_2_3_crema-con-llavero.jpg,CATALOG_EVIDENCE_CROP,image/jpeg,jpg,lihen-product-web,products/3d475f04-21fd-f13f-bbe7-5cdf186b82ea/2ef5f91a-df3e-4dd7-f770-57b3674aa463/web/b001efa23fb624e97207c69a2781d728795422aff20fbd9ae783378e5bc11d56.jpg,BLOCKED_EVIDENCE_IS_NOT_CANONICAL_ORIGINAL,READY_LINKAGE
39514b38-f90b-4b15-9ac1-0f12d8b1e625,CATV1-P236-R1L,d4c3b08a-b423-c940-c5e7-760e85520f70,f053f1aa-b15d-a73a-3267-678d05b7e67e,POLICY_APPROVED,a429184cd8301d2211dbcfed9ea01368a47b74239230bc86c311714b7f30e97f,product_images/p236_1_1_labiales-oh-oh-oh.jpg,CATALOG_EVIDENCE_CROP,image/jpeg,jpg,lihen-product-web,products/d4c3b08a-b423-c940-c5e7-760e85520f70/f053f1aa-b15d-a73a-3267-678d05b7e67e/web/a429184cd8301d2211dbcfed9ea01368a47b74239230bc86c311714b7f30e97f.jpg,BLOCKED_EVIDENCE_IS_NOT_CANONICAL_ORIGINAL,READY_LINKAGE
39514b38-f90b-4b15-9ac1-0f12d8b1e625,CATV1-P236-R1R,d3a06b33-57c8-ad89-f797-6b0f97e55800,33fe483e-4dd3-a413-4798-459097a8ecc8,POLICY_APPROVED,188a43f9f7754ce341f1cac3453ae923c57d6d75520d00fe950a34f2b8521913,product_images/p236_2_1_lip-oil.jpg,CATALOG_EVIDENCE_CROP,image/jpeg,jpg,lihen-product-web,products/d3a06b33-57c8-ad89-f797-6b0f97e55800/33fe483e-4dd3-a413-4798-459097a8ecc8/web/188a43f9f7754ce341f1cac3453ae923c57d6d75520d00fe950a34f2b8521913.jpg,BLOCKED_EVIDENCE_IS_NOT_CANONICAL_ORIGINAL,READY_LINKAGE
39514b38-f90b-4b15-9ac1-0f12d8b1e625,CATV1-P236-R2L,c411826f-2035-3c3d-ffc8-2a6b36cca0a1,0b93c737-81c6-35de-969b-37010353223d,POLICY_APPROVED,62d2e3baa7c161efdb4b50657d6603d31d15e9b60fda89e52ee9e2d5919d6b87,product_images/p236_1_2_gloss-honey.jpg,CATALOG_EVIDENCE_CROP,image/jpeg,jpg,lihen-product-web,products/c411826f-2035-3c3d-ffc8-2a6b36cca0a1/0b93c737-81c6-35de-969b-37010353223d/web/62d2e3baa7c161efdb4b50657d6603d31d15e9b60fda89e52ee9e2d5919d6b87.jpg,BLOCKED_EVIDENCE_IS_NOT_CANONICAL_ORIGINAL,READY_LINKAGE
39514b38-f90b-4b15-9ac1-0f12d8b1e625,CATV1-P236-R2R,226d895e-6646-a1e8-d7c1-a779b2a85baf,cfcc8c6d-8c01-73c3-fb96-c6b594736a84,POLICY_APPROVED,be30fd6941e104092654f22de33dbc753c76451fcfbcacf32963ef599cf1444b,product_images/p236_2_2_mini-splash.jpg,CATALOG_EVIDENCE_CROP,image/jpeg,jpg,lihen-product-web,products/226d895e-6646-a1e8-d7c1-a779b2a85baf/cfcc8c6d-8c01-73c3-fb96-c6b594736a84/web/be30fd6941e104092654f22de33dbc753c76451fcfbcacf32963ef599cf1444b.jpg,BLOCKED_EVIDENCE_IS_NOT_CANONICAL_ORIGINAL,READY_LINKAGE
39514b38-f90b-4b15-9ac1-0f12d8b1e625,CATV1-P236-R3R,3db333b8-c372-4fc6-2de6-1532feedd5de,b2757d7e-c8cf-846d-580a-94d24fe3755e,POLICY_APPROVED,fb6b9a87a139f729dbf2a8149fe9a621f177743ce6f06796b76d2b2e46400522,product_images/p236_2_3_lip-serum-chocolate-kiss.jpg,CATALOG_EVIDENCE_CROP,image/jpeg,jpg,lihen-product-web,products/3db333b8-c372-4fc6-2de6-1532feedd5de/b2757d7e-c8cf-846d-580a-94d24fe3755e/web/fb6b9a87a139f729dbf2a8149fe9a621f177743ce6f06796b76d2b2e46400522.jpg,BLOCKED_EVIDENCE_IS_NOT_CANONICAL_ORIGINAL,READY_LINKAGE
39514b38-f90b-4b15-9ac1-0f12d8b1e625,CATV1-P237-R1L,94ed1c16-26c8-7459-3712-753f77ad0d4d,071ef925-6664-fa40-3c4c-20342cb41f40,POLICY_APPROVED,3286ce5f6ea7cbf8b6d45a951bf3b3de9d1440cb60af571b56ad255db4f52bb8,product_images/p237_1_1_polvo-banana.jpg,CATALOG_EVIDENCE_CROP,image/jpeg,jpg,lihen-product-web,products/94ed1c16-26c8-7459-3712-753f77ad0d4d/071ef925-6664-fa40-3c4c-20342cb41f40/web/3286ce5f6ea7cbf8b6d45a951bf3b3de9d1440cb60af571b56ad255db4f52bb8.jpg,BLOCKED_EVIDENCE_IS_NOT_CANONICAL_ORIGINAL,READY_LINKAGE
39514b38-f90b-4b15-9ac1-0f12d8b1e625,CATV1-P237-R1R,8812afc0-79ee-1dda-0586-f2e117edd1e8,afc961bf-95a2-3740-51bb-3203467cbc82,POLICY_APPROVED,b7294de6c6237467cbf31b610e479e1938b98f2853a91768395e2da6293d5257,product_images/p237_2_1_aceite-corporal.jpg,CATALOG_EVIDENCE_CROP,image/jpeg,jpg,lihen-product-web,products/8812afc0-79ee-1dda-0586-f2e117edd1e8/afc961bf-95a2-3740-51bb-3203467cbc82/web/b7294de6c6237467cbf31b610e479e1938b98f2853a91768395e2da6293d5257.jpg,BLOCKED_EVIDENCE_IS_NOT_CANONICAL_ORIGINAL,READY_LINKAGE
39514b38-f90b-4b15-9ac1-0f12d8b1e625,CATV1-P237-R2L,14ace7c3-c20f-317a-987f-b52b1cb63062,6c484c3e-35d6-5270-a97f-8cbbd7f65656,POLICY_APPROVED,95c2b0c10788e17b536027b76c06f38e6d30b6dc5a1f536187e576ff37142796,product_images/p237_1_2_barra-perfume.jpg,CATALOG_EVIDENCE_CROP,image/jpeg,jpg,lihen-product-web,products/14ace7c3-c20f-317a-987f-b52b1cb63062/6c484c3e-35d6-5270-a97f-8cbbd7f65656/web/95c2b0c10788e17b536027b76c06f38e6d30b6dc5a1f536187e576ff37142796.jpg,BLOCKED_EVIDENCE_IS_NOT_CANONICAL_ORIGINAL,READY_LINKAGE
39514b38-f90b-4b15-9ac1-0f12d8b1e625,CATV1-P237-R2R,6905a9e9-e73e-17c2-2b5f-dc4460d0064f,8c5ee61c-7ae4-e66d-b332-46f80a1bb49b,POLICY_APPROVED,bc25648d1e282c61e4a50d6fecb29427ef6bd13e90311fcae66367da8f663b9b,product_images/p237_2_2_milk-shake-purpure.jpg,CATALOG_EVIDENCE_CROP,image/jpeg,jpg,lihen-product-web,products/6905a9e9-e73e-17c2-2b5f-dc4460d0064f/8c5ee61c-7ae4-e66d-b332-46f80a1bb49b/web/bc25648d1e282c61e4a50d6fecb29427ef6bd13e90311fcae66367da8f663b9b.jpg,BLOCKED_EVIDENCE_IS_NOT_CANONICAL_ORIGINAL,READY_LINKAGE
39514b38-f90b-4b15-9ac1-0f12d8b1e625,CATV1-P237-R3L,e2137d1b-304e-e1d2-8d31-12266188ae4f,4e1e6626-0274-4717-948e-c064a55ea2d3,POLICY_APPROVED,d0621cb27c3b67e738b037d3809acf98431b7364dda51fbaec3097ee0e0d7fd2,product_images/p237_1_3_glos-pop-purpure.jpg,CATALOG_EVIDENCE_CROP,image/jpeg,jpg,lihen-product-web,products/e2137d1b-304e-e1d2-8d31-12266188ae4f/4e1e6626-0274-4717-948e-c064a55ea2d3/web/d0621cb27c3b67e738b037d3809acf98431b7364dda51fbaec3097ee0e0d7fd2.jpg,BLOCKED_EVIDENCE_IS_NOT_CANONICAL_ORIGINAL,READY_LINKAGE
39514b38-f90b-4b15-9ac1-0f12d8b1e625,CATV1-P237-R3R,63da121f-6fe9-25e3-4936-94d2851efcdd,75303aad-cbf7-405e-c59e-db081ae8b962,POLICY_APPROVED,bd5242e15e0bade48e6a06ae89026a54166dda13b4a4c75c5c992e4bfa596fca,product_images/p237_2_3_cepillo-desenredante.jpg,CATALOG_EVIDENCE_CROP,image/jpeg,jpg,lihen-product-web,products/63da121f-6fe9-25e3-4936-94d2851efcdd/75303aad-cbf7-405e-c59e-db081ae8b962/web/bd5242e15e0bade48e6a06ae89026a54166dda13b4a4c75c5c992e4bfa596fca.jpg,BLOCKED_EVIDENCE_IS_NOT_CANONICAL_ORIGINAL,READY_LINKAGE
39514b38-f90b-4b15-9ac1-0f12d8b1e625,CATV1-P238-R1L,00adb54e-b160-aaaf-5338-8106c587f005,19287a36-badb-1411-f009-83a4c64e0c81,POLICY_APPROVED,bb123d37d61e5c853964a6777c096f93a5344b9d2f5e6bafc8cef8c5b305b0c9,product_images/p238_1_1_espejo.jpg,CATALOG_EVIDENCE_CROP,image/jpeg,jpg,lihen-product-web,products/00adb54e-b160-aaaf-5338-8106c587f005/19287a36-badb-1411-f009-83a4c64e0c81/web/bb123d37d61e5c853964a6777c096f93a5344b9d2f5e6bafc8cef8c5b305b0c9.jpg,BLOCKED_EVIDENCE_IS_NOT_CANONICAL_ORIGINAL,READY_LINKAGE
39514b38-f90b-4b15-9ac1-0f12d8b1e625,CATV1-P238-R1R,42cefa07-0440-41d6-cc1e-978e21ea3421,0e6473d9-ec6f-0309-32fe-d4a6f5bce8de,HUMAN_APPROVED,44fcea456092b3d009877921008cc17a13462ddeca02b62b78076a3e56ea99fa,product_images/p238_2_1_labial-humectante.jpg,CATALOG_EVIDENCE_CROP,image/jpeg,jpg,lihen-product-web,products/42cefa07-0440-41d6-cc1e-978e21ea3421/0e6473d9-ec6f-0309-32fe-d4a6f5bce8de/web/44fcea456092b3d009877921008cc17a13462ddeca02b62b78076a3e56ea99fa.jpg,BLOCKED_EVIDENCE_IS_NOT_CANONICAL_ORIGINAL,READY_LINKAGE
39514b38-f90b-4b15-9ac1-0f12d8b1e625,CATV1-P238-R2L,39b06687-d45a-3cfd-0577-1c1a3df767d0,d1ec781d-a5c2-6bbb-cbc9-c0cb9c8be21e,HUMAN_APPROVED,1d6a6c87f8d934d42cc23c6f3a422f91b635d9927a310ae98bfaa7b67660d4c9,product_images/p238_1_2_labial-humectante.jpg,CATALOG_EVIDENCE_CROP,image/jpeg,jpg,lihen-product-web,products/39b06687-d45a-3cfd-0577-1c1a3df767d0/d1ec781d-a5c2-6bbb-cbc9-c0cb9c8be21e/web/1d6a6c87f8d934d42cc23c6f3a422f91b635d9927a310ae98bfaa7b67660d4c9.jpg,BLOCKED_EVIDENCE_IS_NOT_CANONICAL_ORIGINAL,READY_LINKAGE
39514b38-f90b-4b15-9ac1-0f12d8b1e625,CATV1-P238-R2R,a819265d-91b5-6ab8-8978-7753fb6637cd,320bd0cd-d076-1925-a657-b0b4cb9d1023,POLICY_APPROVED,db5b00a8337bda57bb6a69e825b7129256f42a0ac8bf88fa74c0bb7942943d50,product_images/p238_2_2_jelly-glow.jpg,CATALOG_EVIDENCE_CROP,image/jpeg,jpg,lihen-product-web,products/a819265d-91b5-6ab8-8978-7753fb6637cd/320bd0cd-d076-1925-a657-b0b4cb9d1023/web/db5b00a8337bda57bb6a69e825b7129256f42a0ac8bf88fa74c0bb7942943d50.jpg,BLOCKED_EVIDENCE_IS_NOT_CANONICAL_ORIGINAL,READY_LINKAGE
39514b38-f90b-4b15-9ac1-0f12d8b1e625,CATV1-P238-R3R,8774f698-1f19-94d4-3337-fc2ca04fe9ad,85b96a93-9d68-237c-9404-12a9bc81b001,POLICY_APPROVED,b704761126f2291b974b0dd32516bf8d7f084aed4ee9b54ca034c69b59b3d4f3,product_images/p238_2_3_fost-cream.jpg,CATALOG_EVIDENCE_CROP,image/jpeg,jpg,lihen-product-web,products/8774f698-1f19-94d4-3337-fc2ca04fe9ad/85b96a93-9d68-237c-9404-12a9bc81b001/web/b704761126f2291b974b0dd32516bf8d7f084aed4ee9b54ca034c69b59b3d4f3.jpg,BLOCKED_EVIDENCE_IS_NOT_CANONICAL_ORIGINAL,READY_LINKAGE
39514b38-f90b-4b15-9ac1-0f12d8b1e625,CATV1-P240-R1L,bb49a68d-d1a5-013e-d2f6-f54494a54b8d,9fbc2b27-c000-5ce3-f087-5e437915a317,POLICY_APPROVED,1dee07b7fbdba7036b95d48578d82255cc0e0e8b66606e884f7f94d6899f7317,product_images/p240_1_1_mantequilla-mango-sunset.jpg,CATALOG_EVIDENCE_CROP,image/jpeg,jpg,lihen-product-web,products/bb49a68d-d1a5-013e-d2f6-f54494a54b8d/9fbc2b27-c000-5ce3-f087-5e437915a317/web/1dee07b7fbdba7036b95d48578d82255cc0e0e8b66606e884f7f94d6899f7317.jpg,BLOCKED_EVIDENCE_IS_NOT_CANONICAL_ORIGINAL,READY_LINKAGE
39514b38-f90b-4b15-9ac1-0f12d8b1e625,CATV1-P240-R1R,3fbf9e7b-9c91-47e6-d41e-b3e76afd1665,5fb03226-455a-bf24-bdf9-eb9ee920b671,POLICY_APPROVED,18045b65ee15643cdfadaec0032939aa14b9e49eb8419ad19edac051f4bcee7c,product_images/p240_2_1_mantequilla-dragon-kiss.jpg,CATALOG_EVIDENCE_CROP,image/jpeg,jpg,lihen-product-web,products/3fbf9e7b-9c91-47e6-d41e-b3e76afd1665/5fb03226-455a-bf24-bdf9-eb9ee920b671/web/18045b65ee15643cdfadaec0032939aa14b9e49eb8419ad19edac051f4bcee7c.jpg,BLOCKED_EVIDENCE_IS_NOT_CANONICAL_ORIGINAL,READY_LINKAGE
39514b38-f90b-4b15-9ac1-0f12d8b1e625,CATV1-P240-R2L,eb21c8cc-2e85-c150-2f7d-d0f14d5f58c0,7d1b98e8-52d6-c625-d4d1-1346d9578c9a,POLICY_APPROVED,1315e811fe8fedadfc46ed34053b9fef636994de737720648b6b9489b361688a,product_images/p240_1_2_shimmer-nube-rosa.jpg,CATALOG_EVIDENCE_CROP,image/jpeg,jpg,lihen-product-web,products/eb21c8cc-2e85-c150-2f7d-d0f14d5f58c0/7d1b98e8-52d6-c625-d4d1-1346d9578c9a/web/1315e811fe8fedadfc46ed34053b9fef636994de737720648b6b9489b361688a.jpg,BLOCKED_EVIDENCE_IS_NOT_CANONICAL_ORIGINAL,READY_LINKAGE
39514b38-f90b-4b15-9ac1-0f12d8b1e625,CATV1-P240-R2R,536f6471-5913-684d-3c8d-3fdcebb37824,eef59013-363c-8a84-e02b-8ba1ee166934,POLICY_APPROVED,b16d1e4671a6089a7c40f99eecb0214a423fb3442ff57bfb1200f91c720b966c,product_images/p240_2_2_mantequilla-rose-adiction.jpg,CATALOG_EVIDENCE_CROP,image/jpeg,jpg,lihen-product-web,products/536f6471-5913-684d-3c8d-3fdcebb37824/eef59013-363c-8a84-e02b-8ba1ee166934/web/b16d1e4671a6089a7c40f99eecb0214a423fb3442ff57bfb1200f91c720b966c.jpg,BLOCKED_EVIDENCE_IS_NOT_CANONICAL_ORIGINAL,READY_LINKAGE
39514b38-f90b-4b15-9ac1-0f12d8b1e625,CATV1-P240-R3L,1b24a301-c1e7-2182-e79b-f34a05c91e0e,1e3a80a7-4bd8-a9fa-fed3-0365a07aff4b,POLICY_APPROVED,1f0db38a8ef5a2f948438a78e86bee3e427276a2ab007186fd1d0802f2334a59,product_images/p240_1_3_mantequilla-pop-corn.jpg,CATALOG_EVIDENCE_CROP,image/jpeg,jpg,lihen-product-web,products/1b24a301-c1e7-2182-e79b-f34a05c91e0e/1e3a80a7-4bd8-a9fa-fed3-0365a07aff4b/web/1f0db38a8ef5a2f948438a78e86bee3e427276a2ab007186fd1d0802f2334a59.jpg,BLOCKED_EVIDENCE_IS_NOT_CANONICAL_ORIGINAL,READY_LINKAGE
39514b38-f90b-4b15-9ac1-0f12d8b1e625,CATV1-P240-R3R,3c2771b6-ceb8-9963-9812-a3cc627ec5d2,db5cad2f-db6a-265f-6a11-c87ae8fd08bb,POLICY_APPROVED,4f212fa6b34e75c39fbab0fe9968f5b91c5b446e169f2fa1f3bbd9882a49b020,product_images/p240_2_3_mantequilla-sweet-pink.jpg,CATALOG_EVIDENCE_CROP,image/jpeg,jpg,lihen-product-web,products/3c2771b6-ceb8-9963-9812-a3cc627ec5d2/db5cad2f-db6a-265f-6a11-c87ae8fd08bb/web/4f212fa6b34e75c39fbab0fe9968f5b91c5b446e169f2fa1f3bbd9882a49b020.jpg,BLOCKED_EVIDENCE_IS_NOT_CANONICAL_ORIGINAL,READY_LINKAGE
39514b38-f90b-4b15-9ac1-0f12d8b1e625,CATV1-P241-R1L,868d1dd7-7c77-0751-4c61-099c63afe31f,e1bd807e-f400-97a5-8c74-11bf2e133e88,POLICY_APPROVED,f2ff31f2c5866a051d86f117a966d032a3f562c6827e65c8373b26617e120a38,product_images/p241_1_1_agua-rosas-nube.jpg,CATALOG_EVIDENCE_CROP,image/jpeg,jpg,lihen-product-web,products/868d1dd7-7c77-0751-4c61-099c63afe31f/e1bd807e-f400-97a5-8c74-11bf2e133e88/web/f2ff31f2c5866a051d86f117a966d032a3f562c6827e65c8373b26617e120a38.jpg,BLOCKED_EVIDENCE_IS_NOT_CANONICAL_ORIGINAL,READY_LINKAGE
39514b38-f90b-4b15-9ac1-0f12d8b1e625,CATV1-P241-R1R,0e32f323-f22a-7293-0201-bb0f78307449,53aecad2-96a3-52dc-4bba-7b7788101ee8,POLICY_APPROVED,8b4b40a19b96e5095488e54b1dd2b9f70102ed0d71719a8828b99dc08f938070,product_images/p241_2_1_tonico-aloe-vera-x250ml.jpg,CATALOG_EVIDENCE_CROP,image/jpeg,jpg,lihen-product-web,products/0e32f323-f22a-7293-0201-bb0f78307449/53aecad2-96a3-52dc-4bba-7b7788101ee8/web/8b4b40a19b96e5095488e54b1dd2b9f70102ed0d71719a8828b99dc08f938070.jpg,BLOCKED_EVIDENCE_IS_NOT_CANONICAL_ORIGINAL,READY_LINKAGE
39514b38-f90b-4b15-9ac1-0f12d8b1e625,CATV1-P241-R2L,28c952e5-86e2-2b08-b4fd-29c35cffe987,b1d49d17-9579-a287-0f37-c2d85f80c74c,POLICY_APPROVED,55f7c2f3bbe928785bb2e00e86796a9618e466207cb4fb6427c4d36c6e5f5092,product_images/p241_1_2_desmaquillador-bifasico.jpg,CATALOG_EVIDENCE_CROP,image/jpeg,jpg,lihen-product-web,products/28c952e5-86e2-2b08-b4fd-29c35cffe987/b1d49d17-9579-a287-0f37-c2d85f80c74c/web/55f7c2f3bbe928785bb2e00e86796a9618e466207cb4fb6427c4d36c6e5f5092.jpg,BLOCKED_EVIDENCE_IS_NOT_CANONICAL_ORIGINAL,READY_LINKAGE
39514b38-f90b-4b15-9ac1-0f12d8b1e625,CATV1-P241-R2R,7235e4d6-0057-17f2-c9c8-4a245cc12992,78fdaabd-abff-c269-8d44-7d6ae881f22a,POLICY_APPROVED,6263ee65f7b4733c85d3036434ff3593c0d170167f78bf3e6c4142b498373af0,product_images/p241_2_2_mini-tonico-aloe-vera-x250ml.jpg,CATALOG_EVIDENCE_CROP,image/jpeg,jpg,lihen-product-web,products/7235e4d6-0057-17f2-c9c8-4a245cc12992/78fdaabd-abff-c269-8d44-7d6ae881f22a/web/6263ee65f7b4733c85d3036434ff3593c0d170167f78bf3e6c4142b498373af0.jpg,BLOCKED_EVIDENCE_IS_NOT_CANONICAL_ORIGINAL,READY_LINKAGE
39514b38-f90b-4b15-9ac1-0f12d8b1e625,CATV1-P241-R3L,70f7457b-51ec-fcf6-7715-89a1ded48ed2,64b188ca-d90f-3577-3fdc-ff8218457e77,POLICY_APPROVED,5f8c62db6e9263787e948a20b977afd2cf6c18475736a178bb6a33e93dba855d,product_images/p241_1_3_gel-aloe-vera-x120ml.jpg,CATALOG_EVIDENCE_CROP,image/jpeg,jpg,lihen-product-web,products/70f7457b-51ec-fcf6-7715-89a1ded48ed2/64b188ca-d90f-3577-3fdc-ff8218457e77/web/5f8c62db6e9263787e948a20b977afd2cf6c18475736a178bb6a33e93dba855d.jpg,BLOCKED_EVIDENCE_IS_NOT_CANONICAL_ORIGINAL,READY_LINKAGE
39514b38-f90b-4b15-9ac1-0f12d8b1e625,CATV1-P241-R3R,6b5a64f8-5cea-77ac-1684-84dfd16f688f,11ed66ef-2655-8daa-4251-3240995809fd,POLICY_APPROVED,b1f7ebfa3f6ebccd6491210d4457ebff62e31867b9350059bd9953c0fbfbdb2e,product_images/p241_2_3_tonico-rosas-x250ml.jpg,CATALOG_EVIDENCE_CROP,image/jpeg,jpg,lihen-product-web,products/6b5a64f8-5cea-77ac-1684-84dfd16f688f/11ed66ef-2655-8daa-4251-3240995809fd/web/b1f7ebfa3f6ebccd6491210d4457ebff62e31867b9350059bd9953c0fbfbdb2e.jpg,BLOCKED_EVIDENCE_IS_NOT_CANONICAL_ORIGINAL,READY_LINKAGE
39514b38-f90b-4b15-9ac1-0f12d8b1e625,CATV1-P242-R1L,be9a1a80-8b05-bc69-8aa9-a2c974e93f7d,42b2a4e1-bbe8-38f0-2114-99fe36b93a9c,POLICY_APPROVED,34ae7e2f2c6ebd173ffe998fd1845f9c3c527cedf6ee579f36bc3196d81fb761,product_images/p242_1_1_espuma-rosas-mini.jpg,CATALOG_EVIDENCE_CROP,image/jpeg,jpg,lihen-product-web,products/be9a1a80-8b05-bc69-8aa9-a2c974e93f7d/42b2a4e1-bbe8-38f0-2114-99fe36b93a9c/web/34ae7e2f2c6ebd173ffe998fd1845f9c3c527cedf6ee579f36bc3196d81fb761.jpg,BLOCKED_EVIDENCE_IS_NOT_CANONICAL_ORIGINAL,READY_LINKAGE
39514b38-f90b-4b15-9ac1-0f12d8b1e625,CATV1-P242-R1R,47aaf1aa-72f4-3eb1-dd60-9b4e2e28b665,a6e5a930-53f4-4f72-2e11-33608623e5a9,POLICY_APPROVED,2c09f0e73a15411376c60ec7b328b85fc834d3ff180dd886218a38272962672b,product_images/p242_2_1_espuma-rosas-grande-x150ml.jpg,CATALOG_EVIDENCE_CROP,image/jpeg,jpg,lihen-product-web,products/47aaf1aa-72f4-3eb1-dd60-9b4e2e28b665/a6e5a930-53f4-4f72-2e11-33608623e5a9/web/2c09f0e73a15411376c60ec7b328b85fc834d3ff180dd886218a38272962672b.jpg,BLOCKED_EVIDENCE_IS_NOT_CANONICAL_ORIGINAL,READY_LINKAGE
39514b38-f90b-4b15-9ac1-0f12d8b1e625,CATV1-P243-R1L,a4d7f922-7925-920b-1b4a-d362de4ee4b5,7f462a6e-6111-1b30-16d5-2a1a06c049e0,POLICY_APPROVED,ce2b5e4d8b221464b2ea4059f0d1ee26e7514fd50464c823153705d95d01918a,product_images/p243_1_1_rayitos-de-sol.jpg,CATALOG_EVIDENCE_CROP,image/jpeg,jpg,lihen-product-web,products/a4d7f922-7925-920b-1b4a-d362de4ee4b5/7f462a6e-6111-1b30-16d5-2a1a06c049e0/web/ce2b5e4d8b221464b2ea4059f0d1ee26e7514fd50464c823153705d95d01918a.jpg,BLOCKED_EVIDENCE_IS_NOT_CANONICAL_ORIGINAL,READY_LINKAGE
39514b38-f90b-4b15-9ac1-0f12d8b1e625,CATV1-P243-R1R,fe12d146-eb70-7002-8083-e61f3e6f1f34,f67e990c-a894-fdfe-bc98-9fc0c10193d9,POLICY_APPROVED,8d32b78c7f9e205b5b6af5ccb81941c59ee1996b2f99858307ef31f49c31a7e5,product_images/p243_2_1_agua-termal-hydro.jpg,CATALOG_EVIDENCE_CROP,image/jpeg,jpg,lihen-product-web,products/fe12d146-eb70-7002-8083-e61f3e6f1f34/f67e990c-a894-fdfe-bc98-9fc0c10193d9/web/8d32b78c7f9e205b5b6af5ccb81941c59ee1996b2f99858307ef31f49c31a7e5.jpg,BLOCKED_EVIDENCE_IS_NOT_CANONICAL_ORIGINAL,READY_LINKAGE
39514b38-f90b-4b15-9ac1-0f12d8b1e625,CATV1-P243-R2L,f6bafdaa-aa15-a2ef-2be0-48b872a409c0,003fb300-d9e3-7178-73bd-ad3a95ced6e6,POLICY_APPROVED,804beb78f61d85d56ecbef07aa2cd29cbeb2e87552d101fb834f42e99c53d1ab,product_images/p243_1_2_fijador-matte.jpg,CATALOG_EVIDENCE_CROP,image/jpeg,jpg,lihen-product-web,products/f6bafdaa-aa15-a2ef-2be0-48b872a409c0/003fb300-d9e3-7178-73bd-ad3a95ced6e6/web/804beb78f61d85d56ecbef07aa2cd29cbeb2e87552d101fb834f42e99c53d1ab.jpg,BLOCKED_EVIDENCE_IS_NOT_CANONICAL_ORIGINAL,READY_LINKAGE
39514b38-f90b-4b15-9ac1-0f12d8b1e625,CATV1-P244-R1L,60b9480b-5e1c-4104-245d-9619949552b4,0a6e543c-199a-a19b-ac0c-aecf9b8206c2,POLICY_APPROVED,0386fb3ca21d6bbc5f6c33d110b571ee748e4db84c196b21774fd6f8464d97fd,product_images/p244_1_1_mascarilla-vitamina-c.jpg,CATALOG_EVIDENCE_CROP,image/jpeg,jpg,lihen-product-web,products/60b9480b-5e1c-4104-245d-9619949552b4/0a6e543c-199a-a19b-ac0c-aecf9b8206c2/web/0386fb3ca21d6bbc5f6c33d110b571ee748e4db84c196b21774fd6f8464d97fd.jpg,BLOCKED_EVIDENCE_IS_NOT_CANONICAL_ORIGINAL,READY_LINKAGE
39514b38-f90b-4b15-9ac1-0f12d8b1e625,CATV1-P244-R1R,9734e212-fbf8-f132-b9ab-ddf4e55169ab,fde0ed71-3738-6a0b-8449-271d2b4394b7,POLICY_APPROVED,6b88140091a9627a376d810a1c0563d041d89ac6d0ddb04b717f999de2760f4a,product_images/p244_2_1_mascarilla-rosas.jpg,CATALOG_EVIDENCE_CROP,image/jpeg,jpg,lihen-product-web,products/9734e212-fbf8-f132-b9ab-ddf4e55169ab/fde0ed71-3738-6a0b-8449-271d2b4394b7/web/6b88140091a9627a376d810a1c0563d041d89ac6d0ddb04b717f999de2760f4a.jpg,BLOCKED_EVIDENCE_IS_NOT_CANONICAL_ORIGINAL,READY_LINKAGE
39514b38-f90b-4b15-9ac1-0f12d8b1e625,CATV1-P244-R2L,0cb374de-a7f5-24e1-a59a-1fe4d7d51017,c4441303-93e8-6fff-e9f7-f12f169bf82a,POLICY_APPROVED,bf44b48e5995168b7c269429fc12b17d00e5b4de3fbf07a9eece506b7116ab76,product_images/p244_1_2_mascarilla-retinol.jpg,CATALOG_EVIDENCE_CROP,image/jpeg,jpg,lihen-product-web,products/0cb374de-a7f5-24e1-a59a-1fe4d7d51017/c4441303-93e8-6fff-e9f7-f12f169bf82a/web/bf44b48e5995168b7c269429fc12b17d00e5b4de3fbf07a9eece506b7116ab76.jpg,BLOCKED_EVIDENCE_IS_NOT_CANONICAL_ORIGINAL,READY_LINKAGE
39514b38-f90b-4b15-9ac1-0f12d8b1e625,CATV1-P244-R2R,82f90263-b7f9-a054-b989-0b474f82ad5e,7212f436-e2ef-99a7-6d47-cd1441e5f96f,POLICY_APPROVED,598b5c10a749740c67b09cc8c4f246089fc1b80f6a37c69b6db58865306b3b1c,product_images/p244_2_2_mascarilla-centella.jpg,CATALOG_EVIDENCE_CROP,image/jpeg,jpg,lihen-product-web,products/82f90263-b7f9-a054-b989-0b474f82ad5e/7212f436-e2ef-99a7-6d47-cd1441e5f96f/web/598b5c10a749740c67b09cc8c4f246089fc1b80f6a37c69b6db58865306b3b1c.jpg,BLOCKED_EVIDENCE_IS_NOT_CANONICAL_ORIGINAL,READY_LINKAGE
39514b38-f90b-4b15-9ac1-0f12d8b1e625,CATV1-P244-R3L,bbba1f98-5d76-fcc5-bf10-f5405fc8dd01,57abaec0-c02e-b7f9-926e-aff524cd350d,POLICY_APPROVED,16a7d1914657f79a0d5875f1eb2701bc8e4ce6fdb50aa30c7b3f46b2d70169a4,product_images/p244_1_3_mascarilla-arroz.jpg,CATALOG_EVIDENCE_CROP,image/jpeg,jpg,lihen-product-web,products/bbba1f98-5d76-fcc5-bf10-f5405fc8dd01/57abaec0-c02e-b7f9-926e-aff524cd350d/web/16a7d1914657f79a0d5875f1eb2701bc8e4ce6fdb50aa30c7b3f46b2d70169a4.jpg,BLOCKED_EVIDENCE_IS_NOT_CANONICAL_ORIGINAL,READY_LINKAGE
39514b38-f90b-4b15-9ac1-0f12d8b1e625,CATV1-P244-R3R,3946248e-26e1-91ef-35e4-890f299d2adf,33a66844-a07d-95e2-423a-666177d7b759,POLICY_APPROVED,27473024cd5ee667255d7c269e914305dbb1116a9684e30453ec37cb8aed2b66,product_images/p244_2_3_mascarilla-naranja.jpg,CATALOG_EVIDENCE_CROP,image/jpeg,jpg,lihen-product-web,products/3946248e-26e1-91ef-35e4-890f299d2adf/33a66844-a07d-95e2-423a-666177d7b759/web/27473024cd5ee667255d7c269e914305dbb1116a9684e30453ec37cb8aed2b66.jpg,BLOCKED_EVIDENCE_IS_NOT_CANONICAL_ORIGINAL,READY_LINKAGE
