source_reference_id,business_line,product_name,brand_id,category_id,sale_price_cop,image_sha256,approval_source
CATV1-P006-R1L,BEAUTY_CARE,SHAMPOO KABA,23363ac3-3646-47d3-88d8-30b13a62d37d,,46000,8ead3e09e31a064951c05a0198ed313abdf4a2dfd0b6bdf0aae92eb38cc9e9bc,POLICY_APPROVED
CATV1-P006-R1R,BEAUTY_CARE,ACONDICIONADOR,23363ac3-3646-47d3-88d8-30b13a62d37d,,41000,6ae76c265454171c96a32d06690b2419b45667a980c63fd00ae9decbc8b2c9a0,POLICY_APPROVED
CATV1-P006-R2L,BEAUTY_CARE,BIOMASCARILLA,23363ac3-3646-47d3-88d8-30b13a62d37d,,46000,0c5b4f9ae556414cc43c164a178a07a108d1207497fb3ed4372be6f84587ebde,POLICY_APPROVED
CATV1-P006-R2R,BEAUTY_CARE,REPOLARIZADOR,23363ac3-3646-47d3-88d8-30b13a62d37d,,51000,98727f28c5adf83ae4c7c80d53098d0fe291bfdc3daf84823db11e7ef477da57,POLICY_APPROVED
CATV1-P006-R3L,BEAUTY_CARE,TONICO DE CRECIMIENTO,23363ac3-3646-47d3-88d8-30b13a62d37d,,46000,6193f75dcebf5d4379406626aacc22fd7509d22a20392b92c69e6749a61bfb7c,POLICY_APPROVED
CATV1-P006-R3R,BEAUTY_CARE,LOCION ASTRINGENTE,23363ac3-3646-47d3-88d8-30b13a62d37d,,61000,751a34825ceeab4cbc240a0cebd7dc3aa2c86ca7608c817ec6ad8867845cf735,POLICY_APPROVED
CATV1-P007-R1L,BEAUTY_CARE,DERMOACLARANTE,23363ac3-3646-47d3-88d8-30b13a62d37d,,61000,6c614eda651d32003fac5832af0c367bacd35e2906f58965d0907a4c7e3cb14a,POLICY_APPROVED
CATV1-P007-R1R,BEAUTY_CARE,CREMA TENSORA,23363ac3-3646-47d3-88d8-30b13a62d37d,,61000,e786bf686eb91387c69e3c06333bbecd476fb21cd2fd2383417b5419396345dd,POLICY_APPROVED
CATV1-P007-R2L,BEAUTY_CARE,PERFUMEPARA ELCABELLO,23363ac3-3646-47d3-88d8-30b13a62d37d,,51000,4fa8527e7ab91c4bab4cb2ed3ca0b3a4887c3d2a13747952192876569bc83314,POLICY_APPROVED
CATV1-P007-R2R,BEAUTY_CARE,TONICO DESPIGMENTANTE,23363ac3-3646-47d3-88d8-30b13a62d37d,,61000,962738081b2af872b16f2b6b62ec27016304f5012daa41954721251e076c9565,POLICY_APPROVED
CATV1-P007-R3L,BEAUTY_CARE,POCIMA DE PESTAÑAS,23363ac3-3646-47d3-88d8-30b13a62d37d,,66000,fa97e7bfc1204d32b1873f4c0c789dd9a1a6aa1ab5d23934f9bf59e99d168039,POLICY_APPROVED
CATV1-P007-R3R,BEAUTY_CARE,PARCHES SOS,23363ac3-3646-47d3-88d8-30b13a62d37d,,26000,0afee50b06fc773d1fb3b8cd0538383de281b237307a1253c061938d9751c3ff,POLICY_APPROVED
CATV1-P008-R1L,BEAUTY_CARE,DEPILADOR OMG,23363ac3-3646-47d3-88d8-30b13a62d37d,,31000,273311a34f790d914304dc8caab259e3968e98a30d87aa5d6bcef00e45a99fb9,POLICY_APPROVED
CATV1-P008-R1R,BEAUTY_CARE,KIDS SHAMPOO,23363ac3-3646-47d3-88d8-30b13a62d37d,,46000,d5f57665859276ce8d6975eddc4d1d7e5ad06858371d9d9708742cee876e8be4,POLICY_APPROVED
CATV1-P008-R2L,BEAUTY_CARE,KERATINA PEQ,23363ac3-3646-47d3-88d8-30b13a62d37d,,81000,8a2c9df1b736c31b8e327b9b9c8bbb46adf5eee2d2161bd691f52c7b1e6221e9,POLICY_APPROVED
CATV1-P008-R2R,BEAUTY_CARE,KERATINA GRANDE,23363ac3-3646-47d3-88d8-30b13a62d37d,,131000,6136d314b6be844cc3e846e4d1f8bca627f9a8f52260865f512af5f5988ed217,POLICY_APPROVED
CATV1-P008-R3L,BEAUTY_CARE,SHAMPOO REVITALIZANTE,23363ac3-3646-47d3-88d8-30b13a62d37d,,51000,e63229651952062fb23e76547fb0cdba1d53d87bc63b1a603913658a74a535c9,POLICY_APPROVED
CATV1-P008-R3R,BEAUTY_CARE,TRATA REVITALIZANTE,23363ac3-3646-47d3-88d8-30b13a62d37d,,51000,0b6b7e9770c7a9b436d9d9871f29bee7b6e6afae1f0ed3ee0a3d56ed3f5f3b3b,POLICY_APPROVED
CATV1-P009-R1L,BEAUTY_CARE,CORRECTOR OJERAS,23363ac3-3646-47d3-88d8-30b13a62d37d,,36000,07051d4df4d48678ebf452a418e4ec29073c4f480bdc678183ce9b71c43345bc,POLICY_APPROVED
CATV1-P011-R1L,BEAUTY_CARE,SHAMPOO ROMERO,57bbddd8-dfe8-44db-b492-158e4a50894b,,51000,8ccce9904b7e57dbe9db8b0380c23533386d8b8cecc43a381a2ce79fcca97a7a,HUMAN_APPROVED
CATV1-P011-R1R,BEAUTY_CARE,SHAMPOO ARGAN,57bbddd8-dfe8-44db-b492-158e4a50894b,,41000,307211268d350970a7d1245ec271211dbc90ce40b383a5eb418b6bded80d343a,HUMAN_APPROVED
CATV1-P011-R2L,BEAUTY_CARE,ACONDICIONADOR NUEVO,57bbddd8-dfe8-44db-b492-158e4a50894b,,51000,2848c574adbcba94f5d4662708e162c88b9cdd5354d21fac4fb7777f59bec420,HUMAN_APPROVED
CATV1-P011-R2R,BEAUTY_CARE,SHAMPOO ANTICASPA,57bbddd8-dfe8-44db-b492-158e4a50894b,,51000,c78df799d5e460cd6dea90f3a2ffd9152c31c0699b7653a91aba3ffacbaec724,HUMAN_APPROVED
CATV1-P011-R3L,BEAUTY_CARE,GOTAS CBD,57bbddd8-dfe8-44db-b492-158e4a50894b,,36000,290324bf5d500a4ba04638973d85b64f2be244e34b91eb0a833a2d6cb6ac0371,HUMAN_APPROVED
CATV1-P011-R3R,BEAUTY_CARE,TONICO ANTICAIDA,57bbddd8-dfe8-44db-b492-158e4a50894b,,51000,bfe56039331447140e4fb34f9bd79ba65f9d4c204d66e057cb840fe288a65f3c,HUMAN_APPROVED
CATV1-P012-R1L,BEAUTY_CARE,EXFOLIANTE CAPILAR,57bbddd8-dfe8-44db-b492-158e4a50894b,,66000,2fc027150227f2c79879a76a50e5b98811edd052ff22c14ada37d2d37e2d687f,HUMAN_APPROVED
CATV1-P014-R1L,BEAUTY_CARE,BRONCEADOR ZANAHORIA,03a73a7c-1a85-4429-b459-c68ad93c9664,,46000,21e454637dc6e8cb2c608b04f040f82c11b6e16821d2587d64b6b5ac4e313f83,HUMAN_APPROVED
CATV1-P014-R1R,BEAUTY_CARE,BRONCEADOR COCO,03a73a7c-1a85-4429-b459-c68ad93c9664,,46000,798df4f214568d7ea19c358aab58aebf9efa56a1c7ef403eabb60555858d5814,HUMAN_APPROVED
CATV1-P014-R2L,BEAUTY_CARE,LOCION DE ORO,03a73a7c-1a85-4429-b459-c68ad93c9664,,16000,7c5f45e722cef477cf4c62d2bf5d1a29ff9c91d89eb43efcdf76861e38c009ff,HUMAN_APPROVED
CATV1-P014-R2R,BEAUTY_CARE,MANTEQUILLA CORPORAL,03a73a7c-1a85-4429-b459-c68ad93c9664,,51000,3923a45ec2bcbf7638db45772081c19258431209f1d42d0bde798cd685762de9,HUMAN_APPROVED
CATV1-P014-R3L,BEAUTY_CARE,GEL DE ALOE VERA,03a73a7c-1a85-4429-b459-c68ad93c9664,,51000,05efd58a869e7975f046361145c4ba39b3774da981a8893ded77a5eb38497739,HUMAN_APPROVED
CATV1-P014-R3R,BEAUTY_CARE,BRONCEADOR EN GEL,03a73a7c-1a85-4429-b459-c68ad93c9664,,51000,54fc84ba0553539c26ce535f6579fb090b94d878d9dc5176910df4937afea82a,HUMAN_APPROVED
CATV1-P015-R1L,BEAUTY_CARE,FRESHING POP,03a73a7c-1a85-4429-b459-c68ad93c9664,,51000,f8e87d7d5073f3fdcab9435b8bce3b435505091d294b4da7ab3dcc67e7f4d7cc,HUMAN_APPROVED
CATV1-P015-R1R,BEAUTY_CARE,AUTOBRONCEADOR,03a73a7c-1a85-4429-b459-c68ad93c9664,,56000,28fd233f865189e6ef1743a55aef146779a5cbb69744bf47048a472ae9195907,HUMAN_APPROVED
CATV1-P015-R2L,BEAUTY_CARE,BLOQUEADOR,03a73a7c-1a85-4429-b459-c68ad93c9664,,56000,0c05df2418e1391a4b58ce5fb71088f1308ad7e74374fba2e2089e044191802f,HUMAN_APPROVED
CATV1-P015-R2R,BEAUTY_CARE,BRONCEADOR DE CHOCOLATE Y MIEL,03a73a7c-1a85-4429-b459-c68ad93c9664,,61000,cf10f2c64cd311475e87c266ca77e4fa9e21181f6ecd5fdffc5659dcece311a4,HUMAN_APPROVED
CATV1-P015-R3L,BEAUTY_CARE,BRONCEADOR AUTOBRONCEADORA,03a73a7c-1a85-4429-b459-c68ad93c9664,,71000,faf866a560417a35f0c182423dd8cff548b59b91ee237747eef6f44ea3f31990,HUMAN_APPROVED
CATV1-P017-R1L,BEAUTY_CARE,SHAMPOO CEBOLLA,93f65203-1aaf-405d-9c6d-9e4c46b9b936,,46000,faa6afb8eb03ea8eeff80abc56e6ae56f4d163c95faa87ab80c000200a861ba0,POLICY_APPROVED
CATV1-P017-R1R,BEAUTY_CARE,ACOND.CEBOLLA,93f65203-1aaf-405d-9c6d-9e4c46b9b936,,41000,c24a79a54d6b75885aef959cb566bc7011b2fac59cb303669e61ceff0dc6ca5c,POLICY_APPROVED
CATV1-P017-R2L,BEAUTY_CARE,TERAPIA CAPILAR,93f65203-1aaf-405d-9c6d-9e4c46b9b936,,47000,6f97eab87395c47ba7303dcd23f06c81a32faaddd947874a51c3f036f24ab4dc,POLICY_APPROVED
CATV1-P017-R2R,BEAUTY_CARE,SHAMPOO ROMERO,93f65203-1aaf-405d-9c6d-9e4c46b9b936,,46000,17d22299da067c8ca78986b302e904007a040d5449a307cf6a1f732bd056dbff,POLICY_APPROVED
CATV1-P017-R3L,BEAUTY_CARE,ACONDI. ROMERO,93f65203-1aaf-405d-9c6d-9e4c46b9b936,,41000,19971dd346f085f7989cf71d919c2f653c28b22a53e9c51573d9526a418dfe3f,POLICY_APPROVED
CATV1-P017-R3R,BEAUTY_CARE,BIOTERAPIA CAPILAR,93f65203-1aaf-405d-9c6d-9e4c46b9b936,,44000,feca0f4988ba6c801ecf45eef59f3849737e3b3b162402b7d7086c04d582c06c,POLICY_APPROVED
CATV1-P018-R1L,BEAUTY_CARE,PONTENCIALIZADOR CAPILAR,93f65203-1aaf-405d-9c6d-9e4c46b9b936,,46000,c5666e563b66a46f62dc8ca012acdbb02e7a6f7f7a9ce23e91cd35c43b22dcf0,POLICY_APPROVED
CATV1-P018-R1R,BEAUTY_CARE,SHAMPOO COCTEL FRUTAS,93f65203-1aaf-405d-9c6d-9e4c46b9b936,,41000,2bd8f235f05e36c84ff2d0928523238605d91985f78a44c2238f067f5807cf35,POLICY_APPROVED
CATV1-P018-R2L,BEAUTY_CARE,COCTEL DE FRUTAS,93f65203-1aaf-405d-9c6d-9e4c46b9b936,,51000,ca6943c9e618944e3252356295c9e766ea1b012d1b24f545bf93d2c47fdb1244,POLICY_APPROVED
CATV1-P018-R2R,BEAUTY_CARE,TONICO ANTICAIDA,93f65203-1aaf-405d-9c6d-9e4c46b9b936,,71000,5a5e8ea1a20b6378fa0da19d0b6c6f358dad0e13c50c67a577aa013a6c0b73ac,POLICY_APPROVED
CATV1-P018-R3L,BEAUTY_CARE,SH.GINSENG,93f65203-1aaf-405d-9c6d-9e4c46b9b936,,43000,11aa0e69d0e6c054fbfb42f7a8362d258c8fb23abd9fea06cab41cec6e0e622e,POLICY_APPROVED
CATV1-P018-R3R,BEAUTY_CARE,ACONDI.GINSENG,93f65203-1aaf-405d-9c6d-9e4c46b9b936,,41000,45c76dc3d247ec485e37df95a3376d663212028cd0e4fbe55770fc52a7715b4c,POLICY_APPROVED
CATV1-P019-R1L,BEAUTY_CARE,SHAMPOO AGUACATE,93f65203-1aaf-405d-9c6d-9e4c46b9b936,,41000,ff22ab0d18df07d18b39ab627b502b2a29d2882446459cb926cd7a24dbdbc733,POLICY_APPROVED
CATV1-P019-R1R,BEAUTY_CARE,SHAMPOO ALEO VERA,93f65203-1aaf-405d-9c6d-9e4c46b9b936,,41000,6b38618e62816aa89ab82355548489de34f5c1b4700993766cef3df2363906c5,POLICY_APPROVED
CATV1-P019-R2L,BEAUTY_CARE,ACONDICIONADOR ALOE,93f65203-1aaf-405d-9c6d-9e4c46b9b936,,36000,baf876490a669e79466379f148ebcfe17aabdbc841668d42b4139ea0986cf20a,POLICY_APPROVED
CATV1-P019-R2R,BEAUTY_CARE,SHAMPOO GUSANO DE SEDA,93f65203-1aaf-405d-9c6d-9e4c46b9b936,,41000,12fa6ff846261524748f7e9a34600a230d7303880854eb4efcbdf5759f47a724,POLICY_APPROVED
CATV1-P019-R3L,BEAUTY_CARE,SHAMPOO ANTICASPA,93f65203-1aaf-405d-9c6d-9e4c46b9b936,,41000,eb61eedcb3607200979898b7f36ee10e6904914493367b603f4de0cc3fc573bb,POLICY_APPROVED
CATV1-P019-R3R,BEAUTY_CARE,SHAMPOO MANZANILLA,93f65203-1aaf-405d-9c6d-9e4c46b9b936,,41000,03e31fdf29f429dfc4142a715a50f5551a598deec08d708eec6fa31071d71732,POLICY_APPROVED
CATV1-P020-R1L,BEAUTY_CARE,SHAMPOO CAFE,93f65203-1aaf-405d-9c6d-9e4c46b9b936,,41000,f9bf1eecbe70a78e4a8f5ca2440856629abf2a97cdc02fe6d11a96f661ac64de,POLICY_APPROVED
CATV1-P020-R1R,BEAUTY_CARE,CREMA PARA PEINAR,93f65203-1aaf-405d-9c6d-9e4c46b9b936,,39000,f06e2169690d8dc2d61064dd3555881c89736952c8e568d10909c983da852ce3,POLICY_APPROVED
CATV1-P020-R2L,BEAUTY_CARE,BLINDAGEM,93f65203-1aaf-405d-9c6d-9e4c46b9b936,,49000,cc162fe85d8392e6c428b99a676eb61c3fbb88ede54a2fc3b84f8612c6fd6bcc,POLICY_APPROVED
CATV1-P020-R2R,BEAUTY_CARE,SHAMPOO BANANO,93f65203-1aaf-405d-9c6d-9e4c46b9b936,,41000,4e2d468bba76b82805a770e3ae60987dd1675db7a3d666b6a51ff1f2ce477f3e,POLICY_APPROVED
CATV1-P020-R3L,BEAUTY_CARE,ACONDICIONADOR BANANO,93f65203-1aaf-405d-9c6d-9e4c46b9b936,,41000,fb5423820dd9cbb1df5bca8e01dba91a4722a13b996c9c3024c739ca455fe9c4,POLICY_APPROVED
CATV1-P020-R3R,BEAUTY_CARE,MASCARILLA DE BANANO,93f65203-1aaf-405d-9c6d-9e4c46b9b936,,44000,ac85fb7b302b3d674592fcf693305ec43b9376be1490a1bd349e14c4f09b8138,POLICY_APPROVED
CATV1-P021-R1L,BEAUTY_CARE,CREMA DEPEINAR BANANO,93f65203-1aaf-405d-9c6d-9e4c46b9b936,,39000,a7d5e04613b55c63cb08b97deb3f2110f4eb30583e9ee7b5db1b10c163bafd31,POLICY_APPROVED
CATV1-P021-R1R,BEAUTY_CARE,TRATAMI. NUTRITIVO,93f65203-1aaf-405d-9c6d-9e4c46b9b936,,46000,7e353635d247ad22cee996336d512fe9459a538843aa7525eae9fc57abe98554,POLICY_APPROVED
CATV1-P021-R2L,BEAUTY_CARE,SHAMPOO EN SECO,93f65203-1aaf-405d-9c6d-9e4c46b9b936,,43000,d2728dd5ea2f732940f17ab52d1be8023acc3b72fa9ff8e6cf187f5789607443,POLICY_APPROVED
CATV1-P021-R2R,BEAUTY_CARE,SHAMPOO CURLY,93f65203-1aaf-405d-9c6d-9e4c46b9b936,,51000,c875cf38727abb66e9842833d60944ef3205be579306a92da977d5a534363b28,POLICY_APPROVED
CATV1-P021-R3L,BEAUTY_CARE,ACONDI CURLY AFRO,93f65203-1aaf-405d-9c6d-9e4c46b9b936,,51000,507bcbbf54805cdd699a21dbe40292d72686059e7e1206f0362892946a5b17f1,POLICY_APPROVED
CATV1-P021-R3R,BEAUTY_CARE,CREMA DE PEINAR CURLY,93f65203-1aaf-405d-9c6d-9e4c46b9b936,,41000,ef088fad874bb918992fe9843717ff462b027ffeaaeef4cb8543b3f1d3a80cd3,POLICY_APPROVED
CATV1-P022-R1L,BEAUTY_CARE,MASCARILLA AFRO CURLY,93f65203-1aaf-405d-9c6d-9e4c46b9b936,,56000,bf8926d49015adb7f840c0709e30393550584e442b98153e1df59d5055c90a21,POLICY_APPROVED
CATV1-P022-R1R,BEAUTY_CARE,GEL DEFINIDORA,93f65203-1aaf-405d-9c6d-9e4c46b9b936,,46000,590237c8962ab98a7a0b5b85ac1026474f470b2e25443a7e2c5d39be07f1fbae,POLICY_APPROVED
CATV1-P022-R2L,BEAUTY_CARE,OLEO CAPILAR,93f65203-1aaf-405d-9c6d-9e4c46b9b936,,71000,af6277bba7f3a004dfd3bcd6ee13e3c2216532fe5ec9037699305507fe22f2a7,POLICY_APPROVED
CATV1-P022-R2R,BEAUTY_CARE,AURA CAPILAR,93f65203-1aaf-405d-9c6d-9e4c46b9b936,,51000,f3beb9b553134e4315380f0a1568b79c2ce5538fa28885e7ef9089b731623aaf,POLICY_APPROVED
CATV1-P022-R3L,BEAUTY_CARE,ANYEPLEX,93f65203-1aaf-405d-9c6d-9e4c46b9b936,,56000,8e866c74d0d17534eadbd23dbc9a328cffc854ad3d2b6571eba5b7f4bb0b13fc,POLICY_APPROVED
CATV1-P022-R3R,BEAUTY_CARE,PERFUME ANYELUZ,93f65203-1aaf-405d-9c6d-9e4c46b9b936,,61000,a6ea19d87bad055eb3de512228a9a7986b0089685507ab1fb30f41fcddcf79ad,POLICY_APPROVED
CATV1-P023-R1L,BEAUTY_CARE,VITAMINA C DIA Y NOCHE C/U,93f65203-1aaf-405d-9c6d-9e4c46b9b936,,61000,bed8b3256c7c25ef86c70f2daae78473e0a1117334d8a2315e6836378ffabe7d,POLICY_APPROVED
CATV1-P023-R1R,BEAUTY_CARE,BLOQUEADOR SOLAR,93f65203-1aaf-405d-9c6d-9e4c46b9b936,,61000,5bf8ba21129a95749449fc499dcbe7b5965b408f40fb31cf3ce440bcededc073,POLICY_APPROVED
CATV1-P023-R2L,BEAUTY_CARE,OLEO ANTIEDAD,93f65203-1aaf-405d-9c6d-9e4c46b9b936,,71000,0afa223f707f5e93ab7a3b23ec91839e3d1cd742c6ce8c3fd516c7e3e279b048,POLICY_APPROVED
CATV1-P023-R2R,BEAUTY_CARE,PERFUME ROSAS,93f65203-1aaf-405d-9c6d-9e4c46b9b936,,76000,e1bd55aab1caf8b2e027e27d0040b9b272bb904255eb2a95d944a8831ad21e59,POLICY_APPROVED
CATV1-P023-R3L,BEAUTY_CARE,ACIDO Y HILURONICO,93f65203-1aaf-405d-9c6d-9e4c46b9b936,,76000,498eee7340cc1af0237940e3af4cf7262dea37b31eecfbefac2a731e6c90e6bc,POLICY_APPROVED
CATV1-P023-R3R,BEAUTY_CARE,CREMA CORPORAL,93f65203-1aaf-405d-9c6d-9e4c46b9b936,,39000,ba6e0240725173bb02baae219535a38a1f264c753fe8c1e71eb197d8fa91a651,POLICY_APPROVED
CATV1-P024-R1L,BEAUTY_CARE,GOMITAS FORTIFICADAS,93f65203-1aaf-405d-9c6d-9e4c46b9b936,,71000,1329b9612b675be5c6800c5f65c207f488a258a52fc34ba34bd66c420655e728,POLICY_APPROVED
CATV1-P024-R1R,BEAUTY_CARE,COLAGENO,93f65203-1aaf-405d-9c6d-9e4c46b9b936,,101000,bdb0110e02f5c2f353a8a30050486cc0b4924862d447e8368c160a18a072c79a,POLICY_APPROVED
CATV1-P024-R2L,BEAUTY_CARE,GEL REDUCTOR,93f65203-1aaf-405d-9c6d-9e4c46b9b936,,39000,635e11ef550d721ce416cbb0dbac2df4fe705658f0ac734aebecf3fa6ceca2d2,POLICY_APPROVED
CATV1-P024-R2R,BEAUTY_CARE,BRONCEADOR ANYELUZ,93f65203-1aaf-405d-9c6d-9e4c46b9b936,,43000,f6879be59f9263861866b9e00bbda8295b238bb4cd965f82315466a0ca2d1a2e,POLICY_APPROVED
CATV1-P024-R3L,BEAUTY_CARE,JALEA FACIAL ANYELUZ,93f65203-1aaf-405d-9c6d-9e4c46b9b936,,51000,8847eff835991a5190e8b73b60885b88e41980909edff3d33581eec38bd97e76,POLICY_APPROVED
CATV1-P024-R3R,BEAUTY_CARE,TONICO FACIAL ROSAS ANYELUZ,93f65203-1aaf-405d-9c6d-9e4c46b9b936,,61000,34417fe6e4d7e73333ee89c87aba23c1e3ca9ad579fbf2bff158392b8e17d1c4,POLICY_APPROVED
CATV1-P025-R1L,BEAUTY_CARE,TRATAMIENTO DE MACA,93f65203-1aaf-405d-9c6d-9e4c46b9b936,,76000,43034e42af3e4ff9da162a0be4a177a2e6918159b9e7dfbb133a3ed4c02cee6c,POLICY_APPROVED
CATV1-P025-R1R,BEAUTY_CARE,SHAMPOO PROFESIONAL LISO EN CASA,93f65203-1aaf-405d-9c6d-9e4c46b9b936,,81000,c5b672903cf8a3cfae5fe569ca56f54143a76519c632afc7a88f2b73c9d7de38,POLICY_APPROVED
CATV1-P025-R2L,BEAUTY_CARE,PROFESIONAL LISO EN CASA,93f65203-1aaf-405d-9c6d-9e4c46b9b936,,71000,25b5a1fd4b40c39f1d7a39599ec696258a64259d930ca5e3b6facac7e8539f82,HUMAN_APPROVED
CATV1-P025-R2R,BEAUTY_CARE,PROFESIONAL LISO EN CASA,93f65203-1aaf-405d-9c6d-9e4c46b9b936,,71000,fd0601bab61f16fdf6db1dfb7cca9a3c426668f314eed48fa4e250609bca74c8,HUMAN_APPROVED
CATV1-P025-R3L,BEAUTY_CARE,MASCARILLA CAPILAR CON VAPOR,93f65203-1aaf-405d-9c6d-9e4c46b9b936,,61000,ac8ca38c0db2e221e160ee44f307088af180a01612877a16a17a3f59cec9f731,POLICY_APPROVED
CATV1-P027-R1L,BEAUTY_CARE,SHAMPOO KIDS,7d7ace64-4b5a-46ff-99e8-ffe658fe617f,,36900,0f5b2a9ed1cb9ef3932ce120e1630821fd91b6378bcf7036c8d4511260083ad9,POLICY_APPROVED
CATV1-P027-R1R,BEAUTY_CARE,SHAMPOO ULTRANUTRITIVO,7d7ace64-4b5a-46ff-99e8-ffe658fe617f,,36900,bb1a0bd427840590defb92427f6fee8159dfeae0e2aabf6e91a46332c007980f,POLICY_APPROVED
CATV1-P027-R2L,BEAUTY_CARE,SHAMPOO MAGIA CAPIALR,7d7ace64-4b5a-46ff-99e8-ffe658fe617f,,36900,843fdc2b2da1c8d47ad2a5d50f81a298e0447fdde38a500fbb375d1e40b867aa,POLICY_APPROVED
CATV1-P027-R2R,BEAUTY_CARE,BIOREPO,7d7ace64-4b5a-46ff-99e8-ffe658fe617f,,37900,6cefd7ccdd37ce42ee081128d306e7b3cf2b5856ebfc1c82c8fd1f912b8b7815,POLICY_APPROVED
CATV1-P027-R3L,BEAUTY_CARE,TRATA.EMERGENCIA CAPILAR,7d7ace64-4b5a-46ff-99e8-ffe658fe617f,,37900,0375df204e2229f9a857456e5bd7f0a5f1fd60b10bfcec7d537fb14db221ba4f,POLICY_APPROVED
CATV1-P028-R1R,BEAUTY_CARE,TRATAMIENTO DE RIZOS,7d7ace64-4b5a-46ff-99e8-ffe658fe617f,,37900,fa8f9a930fbf0be73598c21a295181a888336e31f6bfa9beb3482875f5929e06,POLICY_APPROVED
CATV1-P028-R2L,BEAUTY_CARE,SHAMPOO ANTICASPA,7d7ace64-4b5a-46ff-99e8-ffe658fe617f,,36900,551647c0878878ad0d2b1c6be54c7c841e980ca19c5192f2d735da648aad5498,POLICY_APPROVED
CATV1-P028-R2R,BEAUTY_CARE,DESENREDANTE,7d7ace64-4b5a-46ff-99e8-ffe658fe617f,,34900,b81f746f5a18937ec4a87cd6503a66aed81b5a58a23955c75cb4462bdd5242f9,POLICY_APPROVED
CATV1-P028-R3L,BEAUTY_CARE,TONICO HERBAL,7d7ace64-4b5a-46ff-99e8-ffe658fe617f,,50900,c83ec1820cd1d5eeb787f1ff976ad86a69a21cfb04201e0b120c768cbcb83943,POLICY_APPROVED
CATV1-P028-R3R,BEAUTY_CARE,SHAMPOO BIOREPO,7d7ace64-4b5a-46ff-99e8-ffe658fe617f,,36900,f917ae7b7949f2efb13eb0a647480658d8d26ee8902acd60d629b581f2a4ef7d,HUMAN_APPROVED
CATV1-P029-R1L,BEAUTY_CARE,AMPOLLETA,7d7ace64-4b5a-46ff-99e8-ffe658fe617f,,15900,23ba1515e44d301fa8827fe1615c71dc5b055430b08d631d71ce990ff59c8b62,POLICY_APPROVED
CATV1-P029-R1R,BEAUTY_CARE,GOTAS MAGICAS,7d7ace64-4b5a-46ff-99e8-ffe658fe617f,,32900,1039f4d55bd050032135980be0ecdf456e313e69b68253b05344370c2aea8569,POLICY_APPROVED
CATV1-P029-R2L,BEAUTY_CARE,SERUM MILAGROS,7d7ace64-4b5a-46ff-99e8-ffe658fe617f,,37000,a0d8dd8c3c03136abf5951b89a9a76a6d404e38dca0bbb6df81087344e5a0b27,HUMAN_APPROVED
CATV1-P029-R2R,BEAUTY_CARE,PERFUME CAPILAR,7d7ace64-4b5a-46ff-99e8-ffe658fe617f,,34900,b647a5999c71fa2685a4387a090f5becbd9d24ce5cd20f5f8db085c70527a744,POLICY_APPROVED
CATV1-P029-R3L,BEAUTY_CARE,SHAMPOO ROMERO,7d7ace64-4b5a-46ff-99e8-ffe658fe617f,,36900,1589068fb034ea699eeef27793f33cc2501afda70ae3e8c828a22d134e635333,POLICY_APPROVED
CATV1-P030-R1L,BEAUTY_CARE,AMPOLLETA ELIXIR,7d7ace64-4b5a-46ff-99e8-ffe658fe617f,,15900,691f878418bb6c3c1b2292f7eb92c66cfede4c18c64479fec5a9c005d1073888,POLICY_APPROVED
CATV1-P030-R1R,BEAUTY_CARE,MULTIVITAMINICO,7d7ace64-4b5a-46ff-99e8-ffe658fe617f,,39000,2aee39841cb2d5d397a39b3619d44dfc29d5de2cebc29c92819264e13f483c1e,POLICY_APPROVED
CATV1-P030-R2L,BEAUTY_CARE,BLOQUEADOR SOLAR SIN COLOR,7d7ace64-4b5a-46ff-99e8-ffe658fe617f,,64000,eb151181c91934c7346be80796165c7a842bc291ea155f986f9c8ecfb6d766d1,POLICY_APPROVED
CATV1-P030-R2R,BEAUTY_CARE,BLOQUEADOR SOLAR COLOR,7d7ace64-4b5a-46ff-99e8-ffe658fe617f,,64000,8ccf671f2ae87287bd02188e18fc68ec6df0d1a48f89c925b1206162efe2793f,POLICY_APPROVED
CATV1-P030-R3L,BEAUTY_CARE,ANTIENREDO,7d7ace64-4b5a-46ff-99e8-ffe658fe617f,,25000,152cd211bcd82bd32c14daf80a107a47f11092d8a0c239fcfeaa59b920edc217,POLICY_APPROVED
CATV1-P030-R3R,BEAUTY_CARE,TRAT. MAGIA,7d7ace64-4b5a-46ff-99e8-ffe658fe617f,,37900,8aebd86f9584a159cd24bdfff648b557d3ebf03a94ed00a3e1c02111b4a9adf1,POLICY_APPROVED
CATV1-P031-R1L,BEAUTY_CARE,DESENREDANTE HERBAL,7d7ace64-4b5a-46ff-99e8-ffe658fe617f,,34900,32b5d11675a555aa01623fba77c3f9c4bcc6113d892c994fb8b8986f2a250dce,POLICY_APPROVED
CATV1-P031-R1R,BEAUTY_CARE,CERA CAPILAR,7d7ace64-4b5a-46ff-99e8-ffe658fe617f,,40900,8ea78a1d43e567d5558649542503e365f8c2e77b5883c8b9f49215de40c0870b,POLICY_APPROVED
CATV1-P031-R2L,BEAUTY_CARE,MASCARILLA HERBAL,7d7ace64-4b5a-46ff-99e8-ffe658fe617f,,39900,4206ee1f589276e4514fb14f9decd99d920b619bbf310628442e509c13e7c5f7,POLICY_APPROVED
CATV1-P031-R2R,BEAUTY_CARE,CREMA CORPORAL,7d7ace64-4b5a-46ff-99e8-ffe658fe617f,,39000,32382ea20e8c1bd1c3db7a7a5b80d0011f593ee31957bb10a739eb32ae8d8bc3,POLICY_APPROVED
CATV1-P031-R3L,BEAUTY_CARE,KIT PERFUME X5,7d7ace64-4b5a-46ff-99e8-ffe658fe617f,,51000,e115a64b6dfa5a41cdae54efd513e7a2cebf38ee75990f65a7d93a46efb5db35,POLICY_APPROVED
CATV1-P031-R3R,BEAUTY_CARE,PERFUME MINI INDIVIDUALES,7d7ace64-4b5a-46ff-99e8-ffe658fe617f,,14000,5f7031b08ce206c78eb72e355cdaa8dd166a06f63edded21c72a15713c6f648f,POLICY_APPROVED
CATV1-P032-R1L,BEAUTY_CARE,MASCARILLA PROFESIONAL,7d7ace64-4b5a-46ff-99e8-ffe658fe617f,,77000,e023ab1898510c3e7c8c5dc530505a64287405f59c0bf0e56481a54fd3ff54c4,POLICY_APPROVED
CATV1-P032-R1R,BEAUTY_CARE,DESENREDANTE MARTINA,7d7ace64-4b5a-46ff-99e8-ffe658fe617f,,34900,205157de0fc4de302974f533f6c595edd3fbf1a00d29bb0c421de399b02f5754,POLICY_APPROVED
CATV1-P032-R2L,BEAUTY_CARE,ACONDI ULTRA MILAGROS,7d7ace64-4b5a-46ff-99e8-ffe658fe617f,,37900,7b8acc98749fab8ca41ec5ada79dea5b122c4acaaa7f0e8dcdfeed8f1691e73b,POLICY_APPROVED
CATV1-P032-R2R,BEAUTY_CARE,SHAMPOO EXFOLIANTE,7d7ace64-4b5a-46ff-99e8-ffe658fe617f,,34900,c894b29af97cdd1f93903b10e3bc091b958aa6ee3cfc7ba1a29f1d0c331a2f00,POLICY_APPROVED
CATV1-P032-R3L,BEAUTY_CARE,SHAMPOO EN SECO,7d7ace64-4b5a-46ff-99e8-ffe658fe617f,,38000,b60a9386162056a429a5356c487aec6802093694768f38136b19eeb0d31b477a,POLICY_APPROVED
CATV1-P032-R3R,BEAUTY_CARE,SERUM MILAGROS,7d7ace64-4b5a-46ff-99e8-ffe658fe617f,,47000,fa5e440bbed40a5095a7b0b2c9426f1817f0caefb753ac772844862159859489,HUMAN_APPROVED
CATV1-P033-R1L,BEAUTY_CARE,SHAMPOO CEBOLLA,7d7ace64-4b5a-46ff-99e8-ffe658fe617f,,40900,7a8ef3f0f4837c4cbd2a2e5bb196a229b435b2d37c9b22be8043c8d9f58184bb,POLICY_APPROVED
CATV1-P033-R2L,BEAUTY_CARE,MASCARILLA CEBOLLA,7d7ace64-4b5a-46ff-99e8-ffe658fe617f,,39900,90b7d15b21d75946b0b9c110f2f79cfe6d5cda11b4618e6e90f3d56be23d65b0,POLICY_APPROVED
CATV1-P033-R2R,BEAUTY_CARE,SERUM DE PESTAÑAS,7d7ace64-4b5a-46ff-99e8-ffe658fe617f,,46000,796e58634b67dc28e8f04ec102173c48230a326fdeb71ab484806b702e1dc390,POLICY_APPROVED
CATV1-P033-R3L,BEAUTY_CARE,KIT PEINETAS X5,7d7ace64-4b5a-46ff-99e8-ffe658fe617f,,24000,0618f3c8334327be9340d457d1d2b98c24c380105a14285f8c69d3bc9cd5cfce,POLICY_APPROVED
CATV1-P033-R3R,BEAUTY_CARE,PARCHES SOS CON ACIDO SALICILICO,7d7ace64-4b5a-46ff-99e8-ffe658fe617f,,19000,debfedc7a128e6d688ad126f1744b373d8c9cf6fcf1db39972ac0556c7637319,POLICY_APPROVED
CATV1-P034-R1L,BEAUTY_CARE,SHAMPOO Y ACONDI ULTRA,7d7ace64-4b5a-46ff-99e8-ffe658fe617f,,16000,7d6bd25960bea4bff34f3c9531e1c1f726159b36331c62839d3557b69e940fc9,POLICY_APPROVED
CATV1-P034-R1R,BEAUTY_CARE,BIOREPO MINI MINI,7d7ace64-4b5a-46ff-99e8-ffe658fe617f,,16000,bb45bf7cb963e71cd523a79a171990f7824a2cc009a36c9696513b4e864a0c6f,POLICY_APPROVED
CATV1-P034-R2L,BEAUTY_CARE,SHAMPOO CEBOLLA MINI,7d7ace64-4b5a-46ff-99e8-ffe658fe617f,,16000,ce0215a56d0503b63234bb394de331c427b46b2f79f9ec9c77aa67f9cda1c9e0,POLICY_APPROVED
CATV1-P035-R2L,BEAUTY_CARE,COSMETIQUERA,7d7ace64-4b5a-46ff-99e8-ffe658fe617f,,36000,7ff77b48ce4c54719907b674bbf1ce67b6af30e8d26ab3d1a2a1327b58054bb5,POLICY_APPROVED
CATV1-P035-R2R,BEAUTY_CARE,"TRATA, ADVANCE 20 BIOREPO",7d7ace64-4b5a-46ff-99e8-ffe658fe617f,,39000,84080bd5e4d80b866c1996296a958059b65a46ab1a6366ffd15d84a9517fee12,POLICY_APPROVED
CATV1-P035-R3L,BEAUTY_CARE,TERMO ROSE,7d7ace64-4b5a-46ff-99e8-ffe658fe617f,,37000,0c1fdcf4e28c1180dd42ccf5eb4e271177d2d4305a5e2f1bd4fbc0124a7ca2c0,POLICY_APPROVED
CATV1-P037-R1L,BEAUTY_CARE,SHAMPOO MIEL,7bcd850b-f2c6-447e-8b80-bb0796deb9df,,47000,76227161fc14de8bbeb8e0bd885bdb58d0d53cba9d9c0d4177078971d234280f,HUMAN_APPROVED
CATV1-P037-R1R,BEAUTY_CARE,MIEL CAPILAR,7bcd850b-f2c6-447e-8b80-bb0796deb9df,,61900,822c79ccb64877325a09f24bfdba737e0a3e04fb943033194497d0b60189e5aa,POLICY_APPROVED
CATV1-P037-R2L,BEAUTY_CARE,MASCARILLA MIEL,7bcd850b-f2c6-447e-8b80-bb0796deb9df,,52900,819be1abcaa172865eab8ac0349def6a144714a1e66c54a0b11806c8f5ac4b9f,HUMAN_APPROVED
CATV1-P037-R2R,BEAUTY_CARE,PERFUME CAPILAR,7bcd850b-f2c6-447e-8b80-bb0796deb9df,,48900,81111ce1f58e11401fcb26314102bc8c6428b8c73aeb2e3110652a88ee6ed389,POLICY_APPROVED
CATV1-P037-R3L,BEAUTY_CARE,MINI PERFUMES,7bcd850b-f2c6-447e-8b80-bb0796deb9df,,49900,b44de7d89ac93b125f8ba07da0cb41c3c85bfa951f0fb94b565f912d394db603,POLICY_APPROVED
CATV1-P037-R3R,BEAUTY_CARE,SUERO DE CLICK HAIR,7bcd850b-f2c6-447e-8b80-bb0796deb9df,,40900,dc859c5a762d6b87d5967a98d8b50ae302adf27c655c4088e9bb183aa986c864,POLICY_APPROVED
CATV1-P038-R1L,BEAUTY_CARE,PELINEX,7bcd850b-f2c6-447e-8b80-bb0796deb9df,,65000,a95f264cfb18c0bda9ce46dc5bdf709cbd30e3493c1fb215b1a622312b6f6f47,POLICY_APPROVED
CATV1-P038-R1R,BEAUTY_CARE,ENERGIZANTE CAPILAR,7bcd850b-f2c6-447e-8b80-bb0796deb9df,,46900,35f51223b211d5aaea8713b3704d475e6049f0d9e0aa8d6a9d8df1387de5f9ad,POLICY_APPROVED
CATV1-P038-R2L,BEAUTY_CARE,SHAMPOO CABELLO GRASO,7bcd850b-f2c6-447e-8b80-bb0796deb9df,,46900,6c01368cb0a0715cc948a18dbb1bf8ea46225b24dc1daa9315e187b5343b6302,POLICY_APPROVED
CATV1-P038-R2R,BEAUTY_CARE,GOMAS CLICK,7bcd850b-f2c6-447e-8b80-bb0796deb9df,,126000,83b9a2c0d118a28fbb5bff8babfc370ad318bf1600501e3ff1e88fe41a703bd9,POLICY_APPROVED
CATV1-P038-R3L,BEAUTY_CARE,MINI KIT DE PERFUMES,7bcd850b-f2c6-447e-8b80-bb0796deb9df,,49900,4e6bf1e3a9804d6e6040f5a732bfd23d71f3e0118da68f2367d36317627cc284,POLICY_APPROVED
CATV1-P038-R3R,BEAUTY_CARE,PERFUME PISTACHO,7bcd850b-f2c6-447e-8b80-bb0796deb9df,,60900,d5506e704cf796c855376b5f2e4036cb924c4295625002a1536ffa8bea37441e,POLICY_APPROVED
CATV1-P039-R1L,BEAUTY_CARE,ACONDI CLICK,7bcd850b-f2c6-447e-8b80-bb0796deb9df,,45900,b668f67e7c6af649b7abc1630d500aa806ce33cdbf6b285b78296140eca73078,HUMAN_APPROVED
CATV1-P039-R1R,BEAUTY_CARE,PERFUME MIEL,7bcd850b-f2c6-447e-8b80-bb0796deb9df,,60900,ceeb5d04cb5b37d177458fac3e3dc9157c675135914adbebca1695fa896e7074,POLICY_APPROVED
CATV1-P039-R2L,BEAUTY_CARE,JABON CREMOSO,7bcd850b-f2c6-447e-8b80-bb0796deb9df,,50000,a0bfd25d05aa2f6e7458a4d5f9f05009916d870e2bfdb426c99a9d4e0a701954,POLICY_APPROVED
CATV1-P039-R2R,BEAUTY_CARE,EXFOLIANTE CAPILAR,7bcd850b-f2c6-447e-8b80-bb0796deb9df,,60000,1fe1f5ce135368a7e414066ab6ca5fb0a68c7ba0f27921572dd0ff30910b8075,POLICY_APPROVED
CATV1-P039-R3L,BEAUTY_CARE,MANTEQUILLA CON BRILLO,7bcd850b-f2c6-447e-8b80-bb0796deb9df,,60000,7a4a0e56138652099963017fd02a741f002ff84d80a624a6d1381130505e287b,POLICY_APPROVED
CATV1-P039-R3R,BEAUTY_CARE,PERFUME CLICK DANI DUKE,7bcd850b-f2c6-447e-8b80-bb0796deb9df,,80900,4eb4b13aea5305f82176662f88d38683a08cae08a5af68d8d0b7d0e8e202f59f,POLICY_APPROVED
CATV1-P040-R1L,BEAUTY_CARE,PELINEX PEQUEÑO,7bcd850b-f2c6-447e-8b80-bb0796deb9df,,37000,6f5b2baa5b3e52b351a0f9c2fdcd1b328da285170d286d08606802c1adda43d8,POLICY_APPROVED
CATV1-P040-R1R,BEAUTY_CARE,ACONDI MIEL,7bcd850b-f2c6-447e-8b80-bb0796deb9df,,45900,07b957818f0c0ce588550c549ba43d72933197f23445b3673d566dd656cbe354,HUMAN_APPROVED
CATV1-P040-R2L,BEAUTY_CARE,PERFUME MASHMELLOW,7bcd850b-f2c6-447e-8b80-bb0796deb9df,,60900,0ca99cede5f6d2c292d090942c776c6a9f7729e47fe8dc774817dbd7f0e11650,HUMAN_APPROVED
CATV1-P040-R2R,BEAUTY_CARE,MIEL MINI,7bcd850b-f2c6-447e-8b80-bb0796deb9df,,31000,33b3059434ec9405cda9dcb8d78f56ccce73da339ada4ada7d960444e00d423e,POLICY_APPROVED
CATV1-P040-R3L,BEAUTY_CARE,TERMOPROTECTOR LECH,7bcd850b-f2c6-447e-8b80-bb0796deb9df,,51000,7ba86e6897ddd06b8a6fb450c959536715098442fe7ebc6292dee7b3eb62ba7c,POLICY_APPROVED
CATV1-P042-R1L,BEAUTY_CARE,SHAMPOO TRADICIONAL,21ac02f8-6a51-46be-8f41-daa08b4a770f,,39900,df3c9c192da2b9a9b5e8b9e7d8740e901dffe71f242e155931e7e17433e870e6,POLICY_APPROVED
CATV1-P042-R1R,BEAUTY_CARE,TRATAMIENTO TRADICIONAL,21ac02f8-6a51-46be-8f41-daa08b4a770f,,39900,dd1110a1c4ae3be34af722290f62f95d9799e9e036d8bb8817a85617089196b9,POLICY_APPROVED
CATV1-P042-R2L,BEAUTY_CARE,DUAL CREMA PARA PEINAR,21ac02f8-6a51-46be-8f41-daa08b4a770f,,39900,76dd5c9d94ef772cefed35d96374bb76d56d7050199d43c7934c46a8e6fe2add,POLICY_APPROVED
CATV1-P042-R2R,BEAUTY_CARE,ANCESTRAL,21ac02f8-6a51-46be-8f41-daa08b4a770f,,41000,76e68148fbd7064d0e99633ee59c7b4b00325593d241df520fdb986e390d11ee,POLICY_APPROVED
CATV1-P042-R3L,BEAUTY_CARE,TRATAMIENTO BANANO,21ac02f8-6a51-46be-8f41-daa08b4a770f,,41000,96320f61c6770106b0174e43075d46bbca8737dd328320919d46c7ca9153faa4,POLICY_APPROVED
CATV1-P042-R3R,BEAUTY_CARE,PERFUME PARA EL CABELLO,21ac02f8-6a51-46be-8f41-daa08b4a770f,,43000,fe26924d8b2ac60ace673b6caeaefd76efe5c27d45b31a6cea36ce76af88d063,POLICY_APPROVED
CATV1-P043-R1L,BEAUTY_CARE,DUOTONIC,21ac02f8-6a51-46be-8f41-daa08b4a770f,,59900,96a14f77cc887e297cf594bbc5082dc975fe68d01727e94048752f8d1160853e,POLICY_APPROVED
CATV1-P043-R1R,BEAUTY_CARE,SHAMPOO GRASA,21ac02f8-6a51-46be-8f41-daa08b4a770f,,41000,1401d760390e233060de70293f8c5532d0e4ffcb0a0efc30eb9da2513c4bc372,POLICY_APPROVED
CATV1-P043-R2L,BEAUTY_CARE,TRATAMIENTO TONGOLE,21ac02f8-6a51-46be-8f41-daa08b4a770f,,39900,1c7dfed38c0ed0decd8c7fdd9b6782dcdf50e2c72135f1b9e8e0b4ccbee9e3cb,POLICY_APPROVED
CATV1-P043-R2R,BEAUTY_CARE,TERMO B8,21ac02f8-6a51-46be-8f41-daa08b4a770f,,50000,ae476426c45037f7fe7f319b365cd1be6b03d0be12c5b16e7801b8236603d6ab,POLICY_APPROVED
CATV1-P043-R3L,BEAUTY_CARE,SHAMPOO TONGOLE,21ac02f8-6a51-46be-8f41-daa08b4a770f,,39900,855e8c3e8e3ae4e462667955aefb1f565b1ca74155131f83ae15e5e10c595210,POLICY_APPROVED
CATV1-P043-R3R,BEAUTY_CARE,SHAMPOO CONTROL CAIDA,21ac02f8-6a51-46be-8f41-daa08b4a770f,,50000,4db713b5faf9f37db563622fa84d6ff3df93da5e51ea3e6fcdfc30e65f5b6400,POLICY_APPROVED
CATV1-P044-R1L,BEAUTY_CARE,GEL DEFINIDORA DE RIZOS,21ac02f8-6a51-46be-8f41-daa08b4a770f,,45000,eab91a7166194009f2dda339b5587c0c2d26ace8d8fd68430110f8c8c1351331,POLICY_APPROVED
CATV1-P044-R1R,BEAUTY_CARE,CREMA DE PEINAR,21ac02f8-6a51-46be-8f41-daa08b4a770f,,39900,1675548b8d49ec34c0714467d8a63f526a3e16ca139a9c18df90c9923babcea5,POLICY_APPROVED
CATV1-P044-R2L,BEAUTY_CARE,MASCARILLA TONG,21ac02f8-6a51-46be-8f41-daa08b4a770f,,41000,d2a4e78ca6e307b6f5ce36e2893322a8e64141c2239a1bb25661ac28dc2eec97,POLICY_APPROVED
CATV1-P044-R2R,BEAUTY_CARE,TRATAMIENTO BOOSTER,21ac02f8-6a51-46be-8f41-daa08b4a770f,,39000,c0ee00621def1d375cc2009ac4cf975ccd8fa3afe13d8e78eeec8ad21fda3aa4,POLICY_APPROVED
CATV1-P044-R3L,BEAUTY_CARE,BRILLO INFINITO,21ac02f8-6a51-46be-8f41-daa08b4a770f,,50000,0bbcd868e9dbd45621ab582281d5d2d41b6bb0cd21cd29017426f6f85cdf25b0,POLICY_APPROVED
CATV1-P044-R3R,BEAUTY_CARE,SPORT ULTRAPROTECCION,21ac02f8-6a51-46be-8f41-daa08b4a770f,,48000,bc7a0e3adc311f196afc1ec54f0b6ab49c7024c18a72056af7de8584a8f09478,POLICY_APPROVED
CATV1-P045-R1L,BEAUTY_CARE,RESTAR PLEX POCION,21ac02f8-6a51-46be-8f41-daa08b4a770f,,66000,80f87b7a72fadf3f1232090591eed080fbc7e95bd6cb46db1ee88358d10b157a,POLICY_APPROVED
CATV1-P045-R1R,BEAUTY_CARE,SHAMPOO POCION KIDS,21ac02f8-6a51-46be-8f41-daa08b4a770f,,38000,af61d058e50ffa3fe099c1fc03e555d52a268c1f1853a0a98a9319e710c24062,POLICY_APPROVED
CATV1-P045-R2L,BEAUTY_CARE,ACONDI POCION KIDS,21ac02f8-6a51-46be-8f41-daa08b4a770f,,38000,b5100278a0365cafe0d059f6bc3ab1c4101eeda44b30da5950dbd8e2da224807,POLICY_APPROVED
CATV1-P045-R2R,BEAUTY_CARE,DESENREDANTE KIDS,21ac02f8-6a51-46be-8f41-daa08b4a770f,,29900,21a35ba47325429199ee85c25c2a4809a028de325bfc76516d4b3cc7a5357316,POLICY_APPROVED
CATV1-P045-R3L,BEAUTY_CARE,TONICO CASPA,21ac02f8-6a51-46be-8f41-daa08b4a770f,,42000,a06f26468ddd6d63610b1a85847c449d558099377504c1c15f5ee1a2f3b40e71,POLICY_APPROVED
CATV1-P045-R3R,BEAUTY_CARE,SHAMPOO CASPA,21ac02f8-6a51-46be-8f41-daa08b4a770f,,46000,5906a42dc03bafb84a52b3c175c3f956558c7b969d01bfcddc43a76ca1d97ab4,POLICY_APPROVED
CATV1-P047-R1L,BEAUTY_CARE,SHROMERO,aee464be-85d5-4eca-87d2-084648554252,,36000,39c17e406086c7c4c0e535bf40589700ee7318cab2e4b9a285259d8067dca834,POLICY_APPROVED
CATV1-P047-R1R,BEAUTY_CARE,SHCEBOLLA,aee464be-85d5-4eca-87d2-084648554252,,36000,d9983299747f5b4aef87f0eb5dffbe1113b7e5f301e1afce9a11c4c6f452df23,POLICY_APPROVED
CATV1-P047-R2L,BEAUTY_CARE,TRATAMIENTOAGUACATE,aee464be-85d5-4eca-87d2-084648554252,,36000,f6eef9bab712c6050f1de2ee715d10486e4025e34c907285c48e93b73cc97188,POLICY_APPROVED
CATV1-P047-R2R,BEAUTY_CARE,SHMENTA Y AJI,aee464be-85d5-4eca-87d2-084648554252,,36000,9d113b53af2128d45b92121cb4c6a68fa58145441532b6177f28591d0063fa11,POLICY_APPROVED
CATV1-P047-R3L,BEAUTY_CARE,KERATINA 120ML,aee464be-85d5-4eca-87d2-084648554252,,36000,27125ad4165fc9c1c3ad5207c213fe547fbea90071331af2e9240134e4aa2b80,POLICY_APPROVED
CATV1-P047-R3R,BEAUTY_CARE,KERATINA MEDIANA,aee464be-85d5-4eca-87d2-084648554252,,61000,a96bd1fbdf160f0178556072f344ee3069de1e317812056153989e72efe4e7d7,POLICY_APPROVED
CATV1-P048-R1L,BEAUTY_CARE,TERMO PROTECTOR ROSADO,aee464be-85d5-4eca-87d2-084648554252,,24000,9eb287bf807f3ec4b9ef5aef1d5e702d2f09b9f371468a68333c122565426f75,POLICY_APPROVED
CATV1-P048-R1R,BEAUTY_CARE,TERMO PROTECTOR AZUL,aee464be-85d5-4eca-87d2-084648554252,,23000,00ac9e3e48edb2b8c75e6d6861bf9c4cd4e468b1509ffcc2d7185f6eb25f6941,POLICY_APPROVED
CATV1-P048-R2L,BEAUTY_CARE,KERATINA GRANDE,aee464be-85d5-4eca-87d2-084648554252,,151000,2a87eb1fcf88a605f9bdc5b36603032ba681fc7d9220e71e5b5baa0abd2f4c2e,POLICY_APPROVED
CATV1-P048-R2R,BEAUTY_CARE,BOMBA RITUAL,aee464be-85d5-4eca-87d2-084648554252,,38000,246100d75152079444d6955ff4012b05678a1bfa68fae88feee0cb5163637ee1,POLICY_APPROVED
CATV1-P048-R3L,BEAUTY_CARE,KIT TERMO MINI,aee464be-85d5-4eca-87d2-084648554252,,18000,e0465f14d4f2b8942389c6cc3c9777d0f7450bd7ec7ee42461a10b0c6ff7ebce,POLICY_APPROVED
CATV1-P048-R3R,BEAUTY_CARE,MANTEQUILLA RITUAL,aee464be-85d5-4eca-87d2-084648554252,,28000,ae0e442a2def4db6fd21f1240ae519fdf6398f94bc21af6d8e60c43d1dafed7b,POLICY_APPROVED
CATV1-P049-R1L,BEAUTY_CARE,BRONCEADOR RITUAL,aee464be-85d5-4eca-87d2-084648554252,,37000,3a8fd219a7b7c12c1c5c847596b4afbdb5c359423ea5855aeb4db4241ae36cec,POLICY_APPROVED
CATV1-P049-R1R,BEAUTY_CARE,TRATAMIENTO JALEA MIEL,aee464be-85d5-4eca-87d2-084648554252,,38000,60a47c9e668f060ade133e23530e08e69e323a163d55c63446f5313c98f29ca0,POLICY_APPROVED
CATV1-P049-R2L,BEAUTY_CARE,SHAMPOO JALEA MIEL,aee464be-85d5-4eca-87d2-084648554252,,39000,7ab79655eb6840382449d590ad59d1b22ed4cf25d6f0b04691f63f03d7e65253,POLICY_APPROVED
CATV1-P051-R1L,BEAUTY_CARE,SHAMPOO CEBOLLA GINGIBRE,ef713ca9-a46b-46b6-90ea-c100d46fe90f,,41000,2067b1674eaff49bfec65b4a793feb9eefd9f3ea54c194527c4dc02cd0284b0b,POLICY_APPROVED
CATV1-P051-R1R,BEAUTY_CARE,SHAMPOO CANELA Y MIEL,ef713ca9-a46b-46b6-90ea-c100d46fe90f,,41000,1826141d215f1e18cdfdf518fbeca0b48ecff304d77f7a334e0019a0a5dff550,POLICY_APPROVED
CATV1-P051-R2L,BEAUTY_CARE,SHAMPOO VINAGRE DE MANZANA,ef713ca9-a46b-46b6-90ea-c100d46fe90f,,41000,5a2864bcb9c3f05884e8634aeeb6f2dc0d2300ed1a3fc09b5d070bd6fa6b446a,POLICY_APPROVED
CATV1-P051-R2R,BEAUTY_CARE,SHAMPOO ARROZ,ef713ca9-a46b-46b6-90ea-c100d46fe90f,,41000,b41e65206091d5531fe2ce6a7fb372da6058594833dac842782f530bbef00f33,POLICY_APPROVED
CATV1-P051-R3L,BEAUTY_CARE,SHAMPOO MIX DE FRUTAS,ef713ca9-a46b-46b6-90ea-c100d46fe90f,,41000,51bffc648863e3737d78b8d35c1def0f9508cfa74b4c15e0d0eca5aced6bd312,POLICY_APPROVED
CATV1-P051-R3R,BEAUTY_CARE,ACONDI ARROZ,ef713ca9-a46b-46b6-90ea-c100d46fe90f,,39000,199406fe74cabc0a84cb03a00a8120f5d966509a05504615d5952fa7930cfda7,POLICY_APPROVED
CATV1-P052-R1L,BEAUTY_CARE,ACONDI JARABE DE,ef713ca9-a46b-46b6-90ea-c100d46fe90f,,39000,fe69269e45deb62f29240d33d9b05be28739e7678088ce28b228d1a98138ec3f,POLICY_APPROVED
CATV1-P052-R1R,BEAUTY_CARE,MANGO ACONDI ALGODÓN Y COCO,ef713ca9-a46b-46b6-90ea-c100d46fe90f,,39000,6d2e6b49fcbbe1a0f5b1ec368a802b4838a88b2bba856bb6b51b4da6f4a33db4,POLICY_APPROVED
CATV1-P052-R2L,BEAUTY_CARE,ACONDI EXTRATO GENGIBRE,ef713ca9-a46b-46b6-90ea-c100d46fe90f,,39000,3360cf735e594b7e6611cafe264dbdba7a7a49cfedcc4cb8b33c02ba16b92b9b,POLICY_APPROVED
CATV1-P052-R2R,BEAUTY_CARE,DESENREDANTE CON Y SIN GLITTER,ef713ca9-a46b-46b6-90ea-c100d46fe90f,,46000,ff421cb068b8d8050881b9336dda2e46c469bb081bc75f58182ff793f1b09ed1,POLICY_APPROVED
CATV1-P052-R3L,BEAUTY_CARE,ACEITE DE PUNTAS UCHUVA,ef713ca9-a46b-46b6-90ea-c100d46fe90f,,36000,128f0abc6b222c2e620680c6970d1efa9f08fe9db5e06b6931c17e694b201637,POLICY_APPROVED
CATV1-P052-R3R,BEAUTY_CARE,FRIZZ CREMA EMERGENCIA,ef713ca9-a46b-46b6-90ea-c100d46fe90f,,31000,f0d2c01c109354119be4350c1ab580d26571ca23d98a6f05f25dc27669fc54fb,POLICY_APPROVED
CATV1-P053-R1L,BEAUTY_CARE,TRATAMIENTO PROTEINA DE ARROZ,ef713ca9-a46b-46b6-90ea-c100d46fe90f,,41000,1c05620dea70eb48a3810daadaaed1908359625e5482f759ba21655c8247c59a,POLICY_APPROVED
CATV1-P053-R1R,BEAUTY_CARE,TRATAMIENTO COCTEL DE FRUTAS,ef713ca9-a46b-46b6-90ea-c100d46fe90f,,41000,929dac730b478397bedc4e61bfe4c983e1b07d60b18be4de982a2271a79e5623,POLICY_APPROVED
CATV1-P053-R2L,BEAUTY_CARE,TRATAMIENTO PULPA COCO,ef713ca9-a46b-46b6-90ea-c100d46fe90f,,41000,9ca26ac589dcb07a91722c3c41013a0ba34924f646195dc1c998686c7f53b1f1,POLICY_APPROVED
CATV1-P053-R2R,BEAUTY_CARE,TRATAMIENTO PULPA DE CAFE,ef713ca9-a46b-46b6-90ea-c100d46fe90f,,41000,a9e4fa73eddccb3ff335ca66bae4388e3990125db924b324ff226249ce21b05d,POLICY_APPROVED
CATV1-P053-R3L,BEAUTY_CARE,EXFOLIANTE CAPILAR PAPAYA,ef713ca9-a46b-46b6-90ea-c100d46fe90f,,41000,51a5a34eb7240cfe1762d3e55ad5f6083ff2f38c8c91bbf068be56218bd65d07,POLICY_APPROVED
CATV1-P053-R3R,BEAUTY_CARE,TONICO AGUITA DE ARROZ,ef713ca9-a46b-46b6-90ea-c100d46fe90f,,43000,bff8d50ddd7ba87d3409bb0e915e3fe08d8b5f7edf75999d46e93167144c98f9,POLICY_APPROVED
CATV1-P054-R1L,BEAUTY_CARE,PERFUME CAPILAR GALLETA MASRSHMALLOW,ef713ca9-a46b-46b6-90ea-c100d46fe90f,,27000,1aad3ea9bb2c3bae157e5f9fb68c5b8c57f65e7943597638f15b0a649da32d78,POLICY_APPROVED
CATV1-P054-R1R,BEAUTY_CARE,PERFUME CAPILAR FLOR DE CEREZO,ef713ca9-a46b-46b6-90ea-c100d46fe90f,,27000,b9e8a77c89ef3427c0c9ed449aa3d1dd8c241e79b75e2245885daaf5e0acee49,POLICY_APPROVED
CATV1-P054-R2L,BEAUTY_CARE,PERFUME CAPILAR FLOR DE AZUCAR,ef713ca9-a46b-46b6-90ea-c100d46fe90f,,27000,37b4651260ed38f984d8286ae0b19bce8e69d137c8ab6eeabc2d5d690e6bd302,POLICY_APPROVED
CATV1-P054-R2R,BEAUTY_CARE,PERFUME CAPILAR GALLETA CHOCOLATE,ef713ca9-a46b-46b6-90ea-c100d46fe90f,,27000,8f72b5b2daf9b1f621e4db098eb26855fd962cc4b3e42df2738574bca301d1af,POLICY_APPROVED
CATV1-P054-R3L,BEAUTY_CARE,PERFUME CAPILAR FLOR DE FUEGO,ef713ca9-a46b-46b6-90ea-c100d46fe90f,,27000,d67de1c08b2da3219dcee008cf8e9c9ec523df1b9190fe543446a2d23b27e755,POLICY_APPROVED
CATV1-P054-R3R,BEAUTY_CARE,PERFUME CAPILAR PISTACHO,ef713ca9-a46b-46b6-90ea-c100d46fe90f,,27000,ae8a1a9e6e271a7ff38a38d92d3d56dbfdf6b73393831bcc48911ca10b107b6a,POLICY_APPROVED
CATV1-P055-R1L,BEAUTY_CARE,PESTAÑINA ANTIFRIZZ,ef713ca9-a46b-46b6-90ea-c100d46fe90f,,29000,7019369effccbd487ec62aa1cb6205736b6594710259a0dbad7ebd1810cf041f,POLICY_APPROVED
CATV1-P055-R1R,BEAUTY_CARE,TERMORPROTECTOR VIAJERO,ef713ca9-a46b-46b6-90ea-c100d46fe90f,,26000,4250f3552109e3924698c4b05a78f7644e8a10225262a760da73e44b7dfa2451,POLICY_APPROVED
CATV1-P055-R2L,BEAUTY_CARE,CERA ANTIFRIZZ OLE,ef713ca9-a46b-46b6-90ea-c100d46fe90f,,39000,1b3ebd0ed4b2c5a93ab51d49a9c826a690099899eb99a1a76158783f1bea9e59,POLICY_APPROVED
CATV1-P055-R2R,BEAUTY_CARE,SPRAY ANTIFRIZZ,ef713ca9-a46b-46b6-90ea-c100d46fe90f,,39000,be6dcac9d165313dce374deb90ca0628af38c0fb86e5dd2e3d0ce9e6b3f62c96,POLICY_APPROVED
CATV1-P055-R3L,BEAUTY_CARE,SHAMPOO SECO PROTEINA DE ARROZ,ef713ca9-a46b-46b6-90ea-c100d46fe90f,,27000,0ed8e08f24dbd62a87568b19620e8996ea06e79af1cd6141a2645c6e6f7370b1,POLICY_APPROVED
CATV1-P055-R3R,BEAUTY_CARE,SPLASH CORPORAL,ef713ca9-a46b-46b6-90ea-c100d46fe90f,,28000,f983893aaaf69fcf8b7a5549bb33710fe3dac291bf2c260dc8a4dfba3d5fb94b,POLICY_APPROVED
CATV1-P056-R1L,BEAUTY_CARE,MANTEQUILLA CORPORAL,ef713ca9-a46b-46b6-90ea-c100d46fe90f,,36000,688712b21e9341a5683d7e3c2dda3ebe4c2cba5512452befc20b64b542b6d661,POLICY_APPROVED
CATV1-P056-R1R,BEAUTY_CARE,PERFUME SKIN GODDESS / STICK JELLY,ef713ca9-a46b-46b6-90ea-c100d46fe90f,,31000,15edda9297850c328e2b6d37331a2f0fbb58d5c4d501c82a475854291c8e8efa,POLICY_APPROVED
CATV1-P058-R1L,BEAUTY_CARE,SHAMPOO REPADOR,9216592a-1e1e-49df-9fb7-2a126fe9bce1,,41000,659d8aa510360404913fa67a7ef26f5bfaf9922af2872153faa790fd539f5bfe,POLICY_APPROVED
CATV1-P058-R1R,BEAUTY_CARE,ACONDI REPARADOR,9216592a-1e1e-49df-9fb7-2a126fe9bce1,,41000,2aa4bc321449f0589e8fe7b3ed684c0b8bb5b57118b76c74e95299a82036f058,POLICY_APPROVED
CATV1-P058-R2L,BEAUTY_CARE,SHAMPOO NANOTECNOLOGIA,9216592a-1e1e-49df-9fb7-2a126fe9bce1,,45000,9400f4b4a9ade840c1997069e4a8860cc0bb8eaf33b4572d3392bf212e0aa408,POLICY_APPROVED
CATV1-P058-R2R,BEAUTY_CARE,ACONDI NANOTECNOLOGIA,9216592a-1e1e-49df-9fb7-2a126fe9bce1,,45000,07551073b0ff9805afd17ff518fa04100ac37dd137e1cdc488f71cc3431d30d5,POLICY_APPROVED
CATV1-P058-R3L,BEAUTY_CARE,MOLDING 15,9216592a-1e1e-49df-9fb7-2a126fe9bce1,,41000,d39ae53cb7dd607a0433c2f995e2ff0586dc82d6d4a704dff17d47fcda288757,POLICY_APPROVED
CATV1-P058-R3R,BEAUTY_CARE,MASCARILLA SOS RECUE21,9216592a-1e1e-49df-9fb7-2a126fe9bce1,,70900,4477c482043841d4a960c56d9a499e576834139cd4d0b242dd6b372de9b0b18c,POLICY_APPROVED
CATV1-P060-R1L,BEAUTY_CARE,SH TRADICIONAL,97dfff9f-d633-42b5-b01b-b5cf608440cf,,36000,d3f73b229ea46d5840e2ebf598ad245eb4c538d4d4c95c054c4b6e24de3bf120,POLICY_APPROVED
CATV1-P060-R1R,BEAUTY_CARE,INSTANTANEO,97dfff9f-d633-42b5-b01b-b5cf608440cf,,31000,535b3309a601b53f61b6f5e9eb2a24f194ba9d7094a1d048de7565cc91640c9e,POLICY_APPROVED
CATV1-P060-R2L,BEAUTY_CARE,TERMO PROTECTOR,97dfff9f-d633-42b5-b01b-b5cf608440cf,,36000,91d0069634cb7bc035996c362cccd100af44a2aad3c49e614f03e16bc7b56b12,POLICY_APPROVED
CATV1-P060-R2R,BEAUTY_CARE,TERMOPROTECTOR,97dfff9f-d633-42b5-b01b-b5cf608440cf,,31000,f197a7af94477a8dfce0abcee9af978a0e23911f98bd0b3605a34511fee11da5,POLICY_APPROVED
CATV1-P060-R3L,BEAUTY_CARE,RASY OE,97dfff9f-d633-42b5-b01b-b5cf608440cf,,36000,4e6f57a1f0918c196364e955cfc87e1544c0a6c855d299576cc5d17be2074edc,POLICY_APPROVED
CATV1-P060-R3R,BEAUTY_CARE,TERMO RIZOS ONDAS,97dfff9f-d633-42b5-b01b-b5cf608440cf,,36000,09b9b4c4ef50b6b4815e6e37647ae65a3c5649952ae4cae7af4f7cbe56845a82,POLICY_APPROVED
CATV1-P061-R1L,BEAUTY_CARE,MASCARILLA NUTRITIVA,97dfff9f-d633-42b5-b01b-b5cf608440cf,,36000,1f8773ade9e5734ecd2b350b0f93c763d3f4e3d65a5c1dc041669d18579b476b,POLICY_APPROVED
CATV1-P061-R1R,BEAUTY_CARE,DEFINIDOR DE RIZOS,97dfff9f-d633-42b5-b01b-b5cf608440cf,,43000,bb4b922b4870d0b98ed8316ca35bf89d9be923a084e9ebe2cb2a441ef6bb9514,POLICY_APPROVED
CATV1-P061-R2L,BEAUTY_CARE,CO WASH,97dfff9f-d633-42b5-b01b-b5cf608440cf,,36000,2d4e694bfa5c1dfc73dd676656557444e33ef9200cea0160de32c2cb63b4ed1e,POLICY_APPROVED
CATV1-P061-R2R,BEAUTY_CARE,AGUA DE COCO,97dfff9f-d633-42b5-b01b-b5cf608440cf,,29000,9616e9467315bc29e112f9f186b9c2a94f72bdbc291c67a01d33282772753060,POLICY_APPROVED
CATV1-P061-R3L,BEAUTY_CARE,MASCARILLA 7 OLEOS,97dfff9f-d633-42b5-b01b-b5cf608440cf,,56000,09080d0dd42c0ef82bce337a7ba0cc85d0f678701f60433238427624e433e9d5,POLICY_APPROVED
CATV1-P061-R3R,BEAUTY_CARE,MASCARILLA WOW,97dfff9f-d633-42b5-b01b-b5cf608440cf,,93000,3f3d352fc4efe7ed660610b818ede32595addee4079d7dee838390586a80fb26,POLICY_APPROVED
CATV1-P062-R1L,BEAUTY_CARE,SH REGENERADOR,97dfff9f-d633-42b5-b01b-b5cf608440cf,,36000,21c375ad0e25233c672e3c9da0dded8e58d4e7ee313f4e9cb46fbd42fa593ae8,POLICY_APPROVED
CATV1-P062-R1R,BEAUTY_CARE,ACONDI REGENERADOR,97dfff9f-d633-42b5-b01b-b5cf608440cf,,36000,30e6e6aedc0f53772c880b96bd23569db4ca12c07e9aad30465909ba1a25b48e,POLICY_APPROVED
CATV1-P062-R2L,BEAUTY_CARE,SH NUTRITIVO KIDS,97dfff9f-d633-42b5-b01b-b5cf608440cf,,36000,b14bb099d0225eb3a2c9ff8252bf4c4c7fb2ea01cbe01c64a6e6cf74afe1bb26,POLICY_APPROVED
CATV1-P062-R2R,BEAUTY_CARE,ACONDI KIDS,97dfff9f-d633-42b5-b01b-b5cf608440cf,,36000,dfe1202c0a77da40db052c637331d1e7ba9f9d9d3bbeab59d4ecbd67bfb0d32d,POLICY_APPROVED
CATV1-P062-R3L,BEAUTY_CARE,CREMA DE PEINAR,97dfff9f-d633-42b5-b01b-b5cf608440cf,,36000,3d374ec5f2ba1a692f7bffd7a3b7220e8788888fb765ca8b65acb84a7c61a6be,POLICY_APPROVED
CATV1-P062-R3R,BEAUTY_CARE,DESENREDANTE KIDS KIDS,97dfff9f-d633-42b5-b01b-b5cf608440cf,,25000,813d9771a0b9a12254fcdfe75844eb6d358870999d8abad8d2b55c192cd4c588,POLICY_APPROVED
CATV1-P063-R1L,BEAUTY_CARE,SH KIDS RIZOS,97dfff9f-d633-42b5-b01b-b5cf608440cf,,41000,26fa6ade154feddf4d1d888b2f991487dc0173c8c25dbdbb3cc557f4d296ccd2,POLICY_APPROVED
CATV1-P063-R1R,BEAUTY_CARE,ACONDI KIDS RIZOS,97dfff9f-d633-42b5-b01b-b5cf608440cf,,41000,3c4bb13b4bd5bb18f18a405cf663dd23f37832f1875f9f8a8d0003493302bd37,POLICY_APPROVED
CATV1-P063-R2L,BEAUTY_CARE,CREMA RIZOS KIDS,97dfff9f-d633-42b5-b01b-b5cf608440cf,,41000,8e8fd014ac05653140ea0d2bc7ef5bc3cf66d4717dc6625fadf21ffbbf449a8f,POLICY_APPROVED
CATV1-P063-R2R,BEAUTY_CARE,GELATINA RIZOS,97dfff9f-d633-42b5-b01b-b5cf608440cf,,49000,21a99b2ce97d66c0980e2ef61166a5fec748c13ca33c0f3e3a641f02b1063230,POLICY_APPROVED
CATV1-P064-R1L,BEAUTY_CARE,LINEA KIDS 250 ML,97dfff9f-d633-42b5-b01b-b5cf608440cf,,27000,eaf46ee71330d9716148669545d2d33e9aa5ee4f8897f9d889ed9d91aa33eb75,POLICY_APPROVED
CATV1-P064-R1R,BEAUTY_CARE,LINEA KIDS RIZOS 250,97dfff9f-d633-42b5-b01b-b5cf608440cf,,27000,5bd0da6e879fa05c23d62cbebb27245a4e8358893cfe9e086b29c55ec8b72962,POLICY_APPROVED
CATV1-P066-R1L,BEAUTY_CARE,SHAMPOO DUO,238d2ca7-8671-467e-8d83-880bf9495def,,89000,58f3289d1f167f1c5cc270d484dea6591abf0ed12bb6bcdef6251229ebbe0f46,POLICY_APPROVED
CATV1-P066-R1R,BEAUTY_CARE,PERFUMES,238d2ca7-8671-467e-8d83-880bf9495def,,39000,7a3f2b0fbe857415350e12f4e9a11071e55923d4faa7d468d980b91a46d083c9,POLICY_APPROVED
CATV1-P066-R2L,BEAUTY_CARE,MASCARILLA CAPILAR,238d2ca7-8671-467e-8d83-880bf9495def,,56000,cbb7143801f887bf07b3c5d6d78b18204074b8232ff83fba20ac89a84903378b,POLICY_APPROVED
CATV1-P066-R2R,BEAUTY_CARE,SHAMPOO FOR MEN,238d2ca7-8671-467e-8d83-880bf9495def,,51000,9a7c89b6824d33a40921ba3e2457685a817d969fcd4d8c2c888e88cd2a7f203b,POLICY_APPROVED
CATV1-P066-R3L,BEAUTY_CARE,TONICO CAPILAR,238d2ca7-8671-467e-8d83-880bf9495def,,50000,e3e2278729c62f6b258825512baf9505ec1a7dfffd444bef08f565e7119e74f4,POLICY_APPROVED
CATV1-P068-R1L,BEAUTY_CARE,MASCARILLA KARSELL X500ML,2a4ff9aa-bf11-4226-819c-90f7f51c2072,,96000,51520f7b86ac588724067781a2a6ecb96fdc770067efd96687948b36e1ec3196,POLICY_APPROVED
CATV1-P068-R1R,BEAUTY_CARE,ACEITE REPARADOR X50ML,2a4ff9aa-bf11-4226-819c-90f7f51c2072,,81000,454eae03fd3e74089fe6b92e68f60c17fbcda1e34d9eed5ae3a049fb77adb8d8,POLICY_APPROVED
CATV1-P068-R2L,BEAUTY_CARE,SH Y ACONDI KARSELL,2a4ff9aa-bf11-4226-819c-90f7f51c2072,,91000,b216894df35e7ffd849ca7800320f762d9dd7a7916bb25b8e425ec6a969f423c,POLICY_APPROVED
CATV1-P068-R2R,BEAUTY_CARE,MASCARILLA KARSELL SOBRE,2a4ff9aa-bf11-4226-819c-90f7f51c2072,,13000,23e60be4441e03688f8a5a796f30f23642a93f62e306bcfb0f3c817ab9242abe,POLICY_APPROVED
CATV1-P068-R3L,BEAUTY_CARE,MASCARILLA KARSELL NUEVA,2a4ff9aa-bf11-4226-819c-90f7f51c2072,,96000,c4ed905f163bbc633d201497bb5cc10121b60fcef317702022c4d2094e7286e3,POLICY_APPROVED
CATV1-P070-R1L,BEAUTY_CARE,SHAMPOO VEGANO RECAMIER,0e9b6e58-d6b5-4a8e-93f2-1c70d76d54f7,,45500,1b87f24f34ee4ae9c4fea580543863d7f7b9501b6b2d72fa3e254d24a5613062,POLICY_APPROVED
CATV1-P070-R1R,BEAUTY_CARE,ACONDICIONADOR VEGANO RECAMIER,0e9b6e58-d6b5-4a8e-93f2-1c70d76d54f7,,59000,6fa4989303fcecbade6fc21d14d3617e9b6ec6783c54bb78937b994d9ba3a215,POLICY_APPROVED
CATV1-P070-R2L,BEAUTY_CARE,TRATAMIENTO VEGANO RECAMIER,0e9b6e58-d6b5-4a8e-93f2-1c70d76d54f7,,54000,f5c7cae9f5a91875450fb3b1e14aae97c19c0d67bf40c47c71bf2a9d87f40d86,POLICY_APPROVED
CATV1-P070-R2R,BEAUTY_CARE,CREMA PEINAR VEGANA RECAMIER,0e9b6e58-d6b5-4a8e-93f2-1c70d76d54f7,,48000,7a732a4d2ab4512f3a1db052648f2a0b62c7cf1c8f66e41e0fa4a56134bafd7c,POLICY_APPROVED
CATV1-P070-R3L,BEAUTY_CARE,TERMOPTROTECTO VEGANA RECAMIER,0e9b6e58-d6b5-4a8e-93f2-1c70d76d54f7,,41000,49ad21801eabb65d541562ab3300891cf0fcef64fd7cce6c4b92d9860b834a8c,POLICY_APPROVED
CATV1-P070-R3R,BEAUTY_CARE,MASCARILLA VEGANA RECAMIER,0e9b6e58-d6b5-4a8e-93f2-1c70d76d54f7,,54000,2413e6a2ec110e5ecde9cee93d27b409fe76bcf5379f8c01316328ceabd9a15d,POLICY_APPROVED
CATV1-P072-R1L,BEAUTY_CARE,SHAMPOO MINNIE,0d5fd0dc-2e4c-4e77-bb0a-879997df316d,,39000,99d993293aeaba13dae8f0ff6cc27e596fc1debf439757bd599fef54f89cdb1c,POLICY_APPROVED
CATV1-P072-R1R,BEAUTY_CARE,MASCARILLA MINNIE,0d5fd0dc-2e4c-4e77-bb0a-879997df316d,,34000,c7637201bce9eab4c4dbe37b4b4595c2c83afeae9cda4ef2515b0a70a3638f42,POLICY_APPROVED
CATV1-P072-R2L,BEAUTY_CARE,TERMOPROTECTOR MINNIE,0d5fd0dc-2e4c-4e77-bb0a-879997df316d,,34000,1eee2d3103423c993959df3a0151806a4583f47b7803a0739f4fa810eeff563e,POLICY_APPROVED
CATV1-P072-R2R,BEAUTY_CARE,TONICO CAPILAR MINNIE,0d5fd0dc-2e4c-4e77-bb0a-879997df316d,,39000,fa464225b5cf1cbe45ff644d331989fa67e322b3a5a3de52c2271a3e54cc01dd,POLICY_APPROVED
CATV1-P072-R3L,BEAUTY_CARE,FRAGANCIA,0d5fd0dc-2e4c-4e77-bb0a-879997df316d,,14000,e8c3b587f994176316bfe1468bfc83dcb557447790ccbb96f3e50972263b6049,POLICY_APPROVED
CATV1-P072-R3R,BEAUTY_CARE,PLANCHA MINNIE,0d5fd0dc-2e4c-4e77-bb0a-879997df316d,,370900,54f2e3d465e7c79022d1239e39eec5bd9346496e6252b9207379918c135626c0,POLICY_APPROVED
CATV1-P073-R1L,BEAUTY_CARE,SECADOR MINNIE,0d5fd0dc-2e4c-4e77-bb0a-879997df316d,,500900,fafdda17d4e9214d06049bd2c2bb5ed39f9c40be204470f74d275a37bcc4ff2d,POLICY_APPROVED
CATV1-P073-R1R,BEAUTY_CARE,CEPILLO SECADOR MINNIE,0d5fd0dc-2e4c-4e77-bb0a-879997df316d,,270900,09a1e1789bb32aedffed74d50b98268aa127ff7a78dcc20294a1bbbd18095501,POLICY_APPROVED
CATV1-P073-R2L,BEAUTY_CARE,SHAMPOO PRINCESAS,0d5fd0dc-2e4c-4e77-bb0a-879997df316d,,33000,35832935da88d68e7fa6f2b36393e65c8ead0abd1d8e2dd93863bada72d51a53,POLICY_APPROVED
CATV1-P073-R2R,BEAUTY_CARE,PRINCESAS,0d5fd0dc-2e4c-4e77-bb0a-879997df316d,,33000,03a5ca7d982e6fec3d3fc52b6b46bc96cfd5df7548ff371114082290e25ed010,HUMAN_APPROVED
CATV1-P073-R3L,BEAUTY_CARE,PRINCESAS,0d5fd0dc-2e4c-4e77-bb0a-879997df316d,,39000,cc387f7e227e305d192df69c89b849d546f343d8fadc01f2d10e6d752fdd0180,HUMAN_APPROVED
CATV1-P073-R3R,BEAUTY_CARE,PRINCESAS,0d5fd0dc-2e4c-4e77-bb0a-879997df316d,,34000,4f0fdd4eba30b23c7f5dbf3fce86fbbb85a69e05ff3e7b8f2d246e329eb19801,HUMAN_APPROVED
CATV1-P074-R1L,BEAUTY_CARE,PRINCESAS,0d5fd0dc-2e4c-4e77-bb0a-879997df316d,,34000,76c181428cc80c33760a1cc4d145f41de72df59e226266f2310dec00981cf7ca,HUMAN_APPROVED
CATV1-P074-R1R,BEAUTY_CARE,SHAMPOO AIROMAN,0d5fd0dc-2e4c-4e77-bb0a-879997df316d,,33000,14ab6dc146a24c29ec3ad1aa89fc925809cf167a4596d796969179c74373c90e,POLICY_APPROVED
CATV1-P074-R2L,BEAUTY_CARE,AIROMAN,0d5fd0dc-2e4c-4e77-bb0a-879997df316d,,34000,79a2b58e104944bfe35b9eea1f017aa0d33bd20bec62c700dd3e82fa17f3ef54,HUMAN_APPROVED
CATV1-P074-R2R,BEAUTY_CARE,PAÑITOS CON Y SIN AROMA,0d5fd0dc-2e4c-4e77-bb0a-879997df316d,,14000,24333bb630aa6c9cd6b8da468d857eb3349a5a66392934c313c557b0d365117d,POLICY_APPROVED
CATV1-P075-R1L,BEAUTY_CARE,SHAMPOO WOODY,0d5fd0dc-2e4c-4e77-bb0a-879997df316d,,33000,fff7c822e5bb05eabcbe59cc84c49a3d32e67f03f7d61830138ca5b75d6f7010,POLICY_APPROVED
CATV1-P075-R1R,BEAUTY_CARE,SHAMPOO JESSIE,0d5fd0dc-2e4c-4e77-bb0a-879997df316d,,33000,c82916a5930257196041b782e9033a00aba676380bbd6d81408e46feb1418802,POLICY_APPROVED
CATV1-P075-R2L,BEAUTY_CARE,JABON CORPORAL,0d5fd0dc-2e4c-4e77-bb0a-879997df316d,,31000,14f5e6107ddcb7679de6718776a074c7c01495a6a921d5bf44a3a53fcb355ed1,POLICY_APPROVED
CATV1-P075-R2R,BEAUTY_CARE,JABON DE MANOS CON,0d5fd0dc-2e4c-4e77-bb0a-879997df316d,,33000,1b0a5d96133614f9e1f29e38838d85ee3d574d47a84442da1f603f124a2c9e1d,POLICY_APPROVED
CATV1-P075-R3L,BEAUTY_CARE,SHAMPOO MICELAR SONIDO,0d5fd0dc-2e4c-4e77-bb0a-879997df316d,,28000,a9c90980c63e2cdab8563086c44f942c9b0fefea7b251a545da7b7767031704f,POLICY_APPROVED
CATV1-P075-R3R,BEAUTY_CARE,SHAMPOO BUZZ LIFTH,0d5fd0dc-2e4c-4e77-bb0a-879997df316d,,33000,c5e948320c7f279ae1312bbe74fd4fd3cad34e5d81d7d4a42e2cc85d39cf4dc6,POLICY_APPROVED
CATV1-P076-R1L,BEAUTY_CARE,MASCARILLA FACIAL,0d5fd0dc-2e4c-4e77-bb0a-879997df316d,,13000,ae887e8cf7ef72c35102f3675da453f62277058acad91cb8009d86dcc7211025,POLICY_APPROVED
CATV1-P078-R1L,BEAUTY_CARE,JABON FACIAL ROSAS,f0192f46-e80f-42fb-b788-3c1c8b9aa18c,,27000,a85fce1f889505efbc374be230010fbc36b8d66cc457ffd2c98ead675aac9e73,POLICY_APPROVED
CATV1-P078-R1R,BEAUTY_CARE,JABON FACIAL HAMAMELIS,f0192f46-e80f-42fb-b788-3c1c8b9aa18c,,27000,ba4871db49a9b49c57f3434db809b8ab970e9d4994663ad6639ff872074d28e0,POLICY_APPROVED
CATV1-P078-R2L,BEAUTY_CARE,DESMAQUILLADOR BIFASICO,f0192f46-e80f-42fb-b788-3c1c8b9aa18c,,37000,3eddc6536c85d895e4cb841b533d3e9f1ec505967a070898ecca4e6f52b48ae2,POLICY_APPROVED
CATV1-P078-R2R,BEAUTY_CARE,ESPUMA FACIAL NIACIMANIDA Y ALOE VERA,f0192f46-e80f-42fb-b788-3c1c8b9aa18c,,27000,0b64e23f85d1f9f3f6192eca60ad6881058e2211fa762d598dedb1bdc029b8ec,POLICY_APPROVED
CATV1-P078-R3L,BEAUTY_CARE,ESPUMA FACIAL ROSAS,f0192f46-e80f-42fb-b788-3c1c8b9aa18c,,27000,4c6a8408e344919bf28ad965c070555faae7887a1b858e906c83f219962de2a4,POLICY_APPROVED
CATV1-P078-R3R,BEAUTY_CARE,ESPUMA FACIAL ACIDO HIUALU. Y ALOE VERA,f0192f46-e80f-42fb-b788-3c1c8b9aa18c,,27000,84de88ebcc0dd623c1dbf8f32b21c80233a413538cd4f1f90c2c2d4ef789961d,POLICY_APPROVED
CATV1-P079-R1L,BEAUTY_CARE,ESPUMA FACIAL HAMAMELIS,f0192f46-e80f-42fb-b788-3c1c8b9aa18c,,27000,12aa78fdd90f0823dba793cd54901428d2308950d2abc529a25442fc1a2b20cd,POLICY_APPROVED
CATV1-P079-R1R,BEAUTY_CARE,AGUA MICELAR,f0192f46-e80f-42fb-b788-3c1c8b9aa18c,,25000,020c2ae7b85ba3e69c195b6bb4b37316be5f13c7aa76417954fe7962a592158d,POLICY_APPROVED
CATV1-P079-R2L,BEAUTY_CARE,"ACEITE CORPORAL COCO,ALMENDRA,NARANJA",f0192f46-e80f-42fb-b788-3c1c8b9aa18c,,25000,8cc975d31738b6b3415302bb9aa790f45874ec8e78e3304bb38814f0c4dd0e6f,POLICY_APPROVED
CATV1-P079-R2R,BEAUTY_CARE,EXFOLIANTE FACIAL ROSAS Y AGUACATE,f0192f46-e80f-42fb-b788-3c1c8b9aa18c,,27000,9d6b179147ecd306e7c5f0bc602bf1447b2e7c4fb055144ac05c36e252c3c92d,POLICY_APPROVED
CATV1-P079-R3L,BEAUTY_CARE,TONICO FACIAL 110ML ROSAS Y ALOE VERA,f0192f46-e80f-42fb-b788-3c1c8b9aa18c,,13000,3e565cebe899de808f1dfabb62381fa819194e494735b247b3f331559eaf267a,POLICY_APPROVED
CATV1-P079-R3R,BEAUTY_CARE,TONICO FACIAL 250ML ROSAS Y ALOE VERA,f0192f46-e80f-42fb-b788-3c1c8b9aa18c,,15000,54bd32e8cdf5d29a88c358ade411ad993e4814cfb314e6c78e5661c85dbaaaf8,POLICY_APPROVED
CATV1-P080-R1L,BEAUTY_CARE,SUERO FACIAL,f0192f46-e80f-42fb-b788-3c1c8b9aa18c,,39000,90082a5f99dd1e9786c3adb14ca293509b556194b478814e29f13c005f54c03e,POLICY_APPROVED
CATV1-P080-R1R,BEAUTY_CARE,CHISPITAS,f0192f46-e80f-42fb-b788-3c1c8b9aa18c,,27000,f611b75d290126ad02ec9e9f48cc7619c94e713721009879466d85b36ca650f0,POLICY_APPROVED
CATV1-P080-R2L,BEAUTY_CARE,EXFOLIANTE AZUCAR CORPORAL,f0192f46-e80f-42fb-b788-3c1c8b9aa18c,,39000,2a87f8a6bdc5f577b4aa9863ddd94f6cfa366229a4a5b7e605921b0831542bd7,HUMAN_APPROVED
CATV1-P080-R2R,BEAUTY_CARE,GEL EXFOLIANTE CORPORAL,f0192f46-e80f-42fb-b788-3c1c8b9aa18c,,27000,8e03e48fa3b2122d7d9bad150a8fc8eaf86b9c92991c10aa707e68b4445571b8,HUMAN_APPROVED
CATV1-P080-R3L,BEAUTY_CARE,CREMAS CORPORALES,f0192f46-e80f-42fb-b788-3c1c8b9aa18c,,25000,8b1a6606a908ca957b162766a89421063a37b2fd39f985bc0c888232e681a606,HUMAN_APPROVED
CATV1-P080-R3R,BEAUTY_CARE,CREMA FAITH,f0192f46-e80f-42fb-b788-3c1c8b9aa18c,,21000,a639b7a7ab6cd1b34f99dd9e973153052d7b203a1afbacc486fc64b6632299ab,POLICY_APPROVED
CATV1-P081-R1L,BEAUTY_CARE,MANTEQUILLA CORPORAL,f0192f46-e80f-42fb-b788-3c1c8b9aa18c,,27000,a70eb35183ffe53ccdf798d80514931221753ff1dfff90089abda58160ff141d,POLICY_APPROVED
CATV1-P081-R1R,BEAUTY_CARE,SPLASH CORPORAL,f0192f46-e80f-42fb-b788-3c1c8b9aa18c,,27000,059f64b5d127c33b431bd7af6e8d6b597b5a2231397f662edae98ba5803ae853,POLICY_APPROVED
CATV1-P081-R2L,BEAUTY_CARE,EXFOLIANTE DE AZUCAR,f0192f46-e80f-42fb-b788-3c1c8b9aa18c,,39000,67e46a91223a06a5bc4f74447046c5fb441ae68cd708a74651d3e679f3bb1f9b,POLICY_APPROVED
CATV1-P081-R2R,BEAUTY_CARE,CREMA CHANTILLY CORPORAL,f0192f46-e80f-42fb-b788-3c1c8b9aa18c,,38000,6aea943830c6b2fb3462aa42ea43828bbe2e895c57a8f6a82ebc78bb3d3f882c,POLICY_APPROVED
CATV1-P081-R3L,BEAUTY_CARE,GEL DE DUCHA,f0192f46-e80f-42fb-b788-3c1c8b9aa18c,,29000,39adbd63a6a107656d746a22ccb55f017b84c0f2a6cf0fca13168a7385458d0e,POLICY_APPROVED
CATV1-P081-R3R,BEAUTY_CARE,CHISPITA DE LUNA,f0192f46-e80f-42fb-b788-3c1c8b9aa18c,,26000,3154caf75f72f84a3a87dcda61ec4c4e7df485df96cc3afec64e182e8f209a11,POLICY_APPROVED
CATV1-P082-R1L,BEAUTY_CARE,MANTEQUILLA YUMMY,f0192f46-e80f-42fb-b788-3c1c8b9aa18c,,29000,3ea6afd3e0826bebd52441242646139f7eb3728d521866de281f9939538330ed,POLICY_APPROVED
CATV1-P082-R1R,BEAUTY_CARE,KIT JUANITO,f0192f46-e80f-42fb-b788-3c1c8b9aa18c,,141000,2fcb4df2f89614fe7612b2f8a17e4a5e214b35c3432951a4e84247f2168cfede,POLICY_APPROVED
CATV1-P084-R1L,BEAUTY_CARE,PROBIOTICOS VAGINALES,c45e4abf-2c47-4465-a5db-87f8731a87cc,,105000,2a2985e74ae15aaa7eb3e4877660099eb943174bf085429c8c5a65d3a36f8017,POLICY_APPROVED
CATV1-P084-R1R,BEAUTY_CARE,FEM MOM,c45e4abf-2c47-4465-a5db-87f8731a87cc,,96000,362765ed9c1146fc27917d30ede327695a124fae7bfd61b53de9064f81c24b60,POLICY_APPROVED
CATV1-P084-R2L,BEAUTY_CARE,OVULOS FEM,c45e4abf-2c47-4465-a5db-87f8731a87cc,,85900,f03c636f63c08e2188ff35149680e7b73f538181d28305b1f90bb1e064947be1,POLICY_APPROVED
CATV1-P084-R2R,BEAUTY_CARE,JABON FEM,c45e4abf-2c47-4465-a5db-87f8731a87cc,,46000,b946abd4df3af22b897c6c2d6475263f0fe088530475daa6cb1d43728f20e89f,POLICY_APPROVED
CATV1-P085-R1L,BEAUTY_CARE,REEDLE SHOT 100,c45e4abf-2c47-4465-a5db-87f8731a87cc,,121000,40b3fc9a467db02548b181bd07947c569f3c39d1c4d716564ed8bed446afae57,POLICY_APPROVED
CATV1-P085-R1R,BEAUTY_CARE,CREMA CANDELA,c45e4abf-2c47-4465-a5db-87f8731a87cc,,51000,245067109c95c7080e37c7e96046e2f091757a99ed433b243063cefb967c446a,POLICY_APPROVED
CATV1-P085-R2L,BEAUTY_CARE,OH MY LASH,c45e4abf-2c47-4465-a5db-87f8731a87cc,,51000,7ae99bfe2b12c3d6dfe98dd07caaaf8b858e4b60e25d151392ae8aac151ec28c,POLICY_APPROVED
CATV1-P085-R2R,BEAUTY_CARE,TONICO RAPUNZEL,c45e4abf-2c47-4465-a5db-87f8731a87cc,,71000,0db430fcbc8b1a8b80fa6de30101593040ccacfb0057b157c9c4f6caeb48b7a6,POLICY_APPROVED
CATV1-P085-R3L,BEAUTY_CARE,EVIL GOODS,c45e4abf-2c47-4465-a5db-87f8731a87cc,,59000,ac00634a3ac5bd6c91aae3b45b55dabe28a7ee15e802fb519ee8d8d35efee173,POLICY_APPROVED
CATV1-P085-R3R,BEAUTY_CARE,DIVALASH,c45e4abf-2c47-4465-a5db-87f8731a87cc,,201000,790714080073e9198562afa303cbb1a342ed97d1e97002f7ac6c4ceb9f6d343d,POLICY_APPROVED
CATV1-P086-R1L,BEAUTY_CARE,TRULY ORIGINAL,c45e4abf-2c47-4465-a5db-87f8731a87cc,,201000,213e0a4b5bb4db84befaa95d57550c4a7e13fe0b8b9caf20d9a8681b12d34224,POLICY_APPROVED
CATV1-P086-R1R,BEAUTY_CARE,CAROWHITE 120 ML,c45e4abf-2c47-4465-a5db-87f8731a87cc,,51000,d1983444723e1f0af396adcc716d37cc1cb66f274de1a5c5bff6b7b8e5631db6,POLICY_APPROVED
CATV1-P086-R2L,BEAUTY_CARE,CAROWHITE 300 ML,c45e4abf-2c47-4465-a5db-87f8731a87cc,,81000,943000728100b384a5aab898e666d0300edc8c5e823efc6a4964a2fbb207982b,POLICY_APPROVED
CATV1-P086-R2R,BEAUTY_CARE,CAROTONE 135 ML,c45e4abf-2c47-4465-a5db-87f8731a87cc,,61000,9b102735a5f0bd286f17b0fe63c2e6d9fd27bab104013016b6ab6639993b73e2,POLICY_APPROVED
CATV1-P086-R3L,BEAUTY_CARE,CAROTONE 300 ML,c45e4abf-2c47-4465-a5db-87f8731a87cc,,91000,e790b7ba4fd515031a6b4521a198b40918f12e13b3a95ba08136cf1533ace65b,POLICY_APPROVED
CATV1-P086-R3R,BEAUTY_CARE,ACEITE DE CASTOR,c45e4abf-2c47-4465-a5db-87f8731a87cc,,69000,7c1c1db2f1645d9dda81895bdc16802bfe19e2659049b89e9828773da07840b9,POLICY_APPROVED
CATV1-P087-R1L,BEAUTY_CARE,SPLASH 100% ORIGINAL,c45e4abf-2c47-4465-a5db-87f8731a87cc,,120900,a04b064f246097355960b0968b43a3653aa068fac5b7332ff2f9e100242e84df,POLICY_APPROVED
CATV1-P087-R1R,BEAUTY_CARE,KIT ARRURU TAMAÑO PEQUEÑO,c45e4abf-2c47-4465-a5db-87f8731a87cc,,33000,41e80ed442023a8ed1c2b4b0c83cde99f938016dd2eab960bef40cb314254f6c,HUMAN_APPROVED
CATV1-P089-R1L,BEAUTY_CARE,JABON ARANA,63bb4a18-52c1-44e1-9d77-023c6cfe8fe7,,26000,e0f5a8563dc0a5095f6ce8800517bd507a941afbc61ce45ae9c76603650593e5,POLICY_APPROVED
CATV1-P089-R1R,BEAUTY_CARE,TINTA ARANA - TONOS FUCSIA Y ROJO,63bb4a18-52c1-44e1-9d77-023c6cfe8fe7,,19000,b08d0d10ca9e9530350746d85e1851ad853418e2436f19c13056c4a4a1f08c9e,POLICY_APPROVED
CATV1-P089-R2L,BEAUTY_CARE,SERUM ARANA,63bb4a18-52c1-44e1-9d77-023c6cfe8fe7,,39000,b2cbc3fb03a43b73e31f38b5a9e4bc3ea0dab1dabff79f6595e8d14fd399a0cd,POLICY_APPROVED
CATV1-P091-R1L,BEAUTY_CARE,KIT X3 TRULY,33759452-ea87-4826-b6d9-19e4821e89e0,,41000,5fc2a8c41ede5a20b9d30e8f144e3759679e7baf795415b4a6701575719eede8,HUMAN_APPROVED
CATV1-P091-R1R,BEAUTY_CARE,KIT X5,33759452-ea87-4826-b6d9-19e4821e89e0,,56000,0e8ec31f0d0860a15e4886e37bf6996cae320a48413886ae6dcdf1f9fd55f8b2,HUMAN_APPROVED
CATV1-P091-R2L,BEAUTY_CARE,TRULY SERUM Y ACEITE PEQ,33759452-ea87-4826-b6d9-19e4821e89e0,,20000,b4355d615249bbd7036e38f575a9c8b506b650bcbec517073ce8b5dc2cea96b6,HUMAN_APPROVED
CATV1-P093-R1L,BEAUTY_CARE,MANTEQUILLA FRESA,149ad838-eb28-4ef2-a9c5-155c7ef29f1d,,40000,b034b808fd37cbfe09b02532649326826bd979f7f6b6013d98f3ec5e139a32be,POLICY_APPROVED
CATV1-P093-R1R,BEAUTY_CARE,MANTEQUILLA SANDIA,149ad838-eb28-4ef2-a9c5-155c7ef29f1d,,40000,41b8adf55c072faace5b026d97c554d458007e77ed8d76cc9d47d44c02623fd9,POLICY_APPROVED
CATV1-P093-R2L,BEAUTY_CARE,MANTEQUILLA DURAZNO,149ad838-eb28-4ef2-a9c5-155c7ef29f1d,,40000,a16b30bf1cea113a4397d63c51b9f672bc9bbe725c098d4e0e2f5aaa41696b42,POLICY_APPROVED
CATV1-P093-R2R,BEAUTY_CARE,MANTEQUILLA CANELA,149ad838-eb28-4ef2-a9c5-155c7ef29f1d,,43000,19d5d857a33fcd71f58ff0b5012650ce97828e4f26e874e5f9f0b560643fd442,POLICY_APPROVED
CATV1-P093-R3L,BEAUTY_CARE,SPLASH CORPORAL,149ad838-eb28-4ef2-a9c5-155c7ef29f1d,,40000,9d155568e9d639b37a814afbf8e3548834505bf379579c7b0c7e40d06557e257,POLICY_APPROVED
CATV1-P093-R3R,BEAUTY_CARE,MINI PERFUME CAPILAR,149ad838-eb28-4ef2-a9c5-155c7ef29f1d,,25000,a83e50fa99153de667afe5cd18b3d0c9c08600aea45ef2b77fe804d6d9b769ca,POLICY_APPROVED
CATV1-P094-R1L,BEAUTY_CARE,PERFUME CAPILAR,149ad838-eb28-4ef2-a9c5-155c7ef29f1d,,29000,8ce832ae3c312942aa96b962401ae22ed6f5135425398ed13be09d8079a8c985,POLICY_APPROVED
CATV1-P094-R1R,BEAUTY_CARE,BABY CREAM MINI,149ad838-eb28-4ef2-a9c5-155c7ef29f1d,,24000,fc03cc25508ea13938e2305701594533a146fa5a8cd721ced7fa2fd6b12da6a1,POLICY_APPROVED
CATV1-P094-R2L,BEAUTY_CARE,BABY CREAM GRANDE,149ad838-eb28-4ef2-a9c5-155c7ef29f1d,,37000,29025f9dbd5ff509283111091ab6ad6f3e969fcded01fa7e46fae3e1620819a7,POLICY_APPROVED
CATV1-P094-R2R,BEAUTY_CARE,CREMA AUTOBRONCEADORA,149ad838-eb28-4ef2-a9c5-155c7ef29f1d,,46000,50e977974cbd333714a6b0921f3d7d5d8cb8675b73aab4cb0afaca299734cc2f,POLICY_APPROVED
CATV1-P094-R3L,BEAUTY_CARE,MASCARILLA MIEL ROSADA,149ad838-eb28-4ef2-a9c5-155c7ef29f1d,,40900,dbe8b52984348f8ce59fe4ef5715636030e80dd9d802ac4fcaf694ffcfbc7204,POLICY_APPROVED
CATV1-P094-R3R,BEAUTY_CARE,SHAMPOO MIEL ROSADA,149ad838-eb28-4ef2-a9c5-155c7ef29f1d,,38000,a4a9567a1feb3733ac30d826287d7faed641759027b6eaea018690a466c8bccd,POLICY_APPROVED
CATV1-P095-R1L,BEAUTY_CARE,ACONDICIONADOR MIEL ROSADA,149ad838-eb28-4ef2-a9c5-155c7ef29f1d,,38000,292ccf0e1ebd2d7ffd71a379ecc254798b4bd2fb839865966251aae9f4824c85,POLICY_APPROVED
CATV1-P095-R1R,BEAUTY_CARE,SHAMPOO CHOCOLATE,149ad838-eb28-4ef2-a9c5-155c7ef29f1d,,38000,99aee7671c8455d49438050ec99ab96ecf4e6c3f912f82ae094200b10856b5b7,POLICY_APPROVED
CATV1-P095-R2L,BEAUTY_CARE,ACONDI CHOCOLATE,149ad838-eb28-4ef2-a9c5-155c7ef29f1d,,38000,75e4502e3227f7e40e22010b2638c34de60b479d5a9ed704c34f1706275a8f4d,POLICY_APPROVED
CATV1-P095-R2R,BEAUTY_CARE,MASCARILLA CHOCOLATE,149ad838-eb28-4ef2-a9c5-155c7ef29f1d,,40900,a86bfa6dfe97176097351a2119f478350c774e09ee19be9d76e725fe82a9cfca,POLICY_APPROVED
CATV1-P097-R1L,BEAUTY_CARE,SPLASH DIFERENTES - VARIOS AROMAS,96ca7955-65dc-44ad-9689-3c4cb778480c,,25000,03e9ae9b6ad5c1aa9915f3ffe9950bc0bb4cae35463d99b18accab79ad632515,POLICY_APPROVED
CATV1-P097-R1R,BEAUTY_CARE,SPLASH CON SHIMMER - VARIOS AROMAS,96ca7955-65dc-44ad-9689-3c4cb778480c,,29000,f734c29edb6868e31adcf40ea467d63bf1553b87fa6cfa17f9376f2253f4da89,POLICY_APPROVED
CATV1-P097-R2L,BEAUTY_CARE,CREMA CORPORAL VICTORIA 1.1,96ca7955-65dc-44ad-9689-3c4cb778480c,,29000,4fd12ccd0243906fbf6ca09a377ebcc5851608aea9f759bfff6894fbfe431c07,POLICY_APPROVED
CATV1-P099-R1L,BEAUTY_CARE,BLOQUEADOR OLLIE,2503c5f2-51ed-4f1c-b6b3-c7ffe21c6499,,110000,6ef733c2e5c34a311da77ab889d13c9c5ab6bbae1b8b15ed66e1d3ae71eab882,POLICY_APPROVED
CATV1-P099-R1R,BEAUTY_CARE,RUBOR EN BARRA OLLIE,2503c5f2-51ed-4f1c-b6b3-c7ffe21c6499,,71000,9942898d24c29acbe2e235803e903f5e3d82fa189e6d643ad4326e85a41c88b4,POLICY_APPROVED
CATV1-P099-R2L,BEAUTY_CARE,SIN FRAGANCIA OLLIE,2503c5f2-51ed-4f1c-b6b3-c7ffe21c6499,,71000,a73011e253d0687cac302b297bfeacf351656267b57d1f77b1c9fea07b6ea411,POLICY_APPROVED
CATV1-P099-R2R,BEAUTY_CARE,LABIAL HIDRATANTE OLLIE,2503c5f2-51ed-4f1c-b6b3-c7ffe21c6499,,31000,c8fad3dd29f94cae9e2fc45d3879f99784f759e6342370d3694f978489d4fdbe,POLICY_APPROVED
CATV1-P099-R3L,BEAUTY_CARE,PROTECTOR FLUIDO,2503c5f2-51ed-4f1c-b6b3-c7ffe21c6499,,91000,190fc89db2a428d0d9ae513ea006d2979ac15ae2802fc616546f1bfcbf2c1cc2,POLICY_APPROVED
CATV1-P101-R1L,BEAUTY_CARE,DR. ALTHEA 345 RELIEF CREAM,a19f61be-25cd-4387-98da-f75eca7f7973,,131000,4570f9f23e0a8838ce5d5abb93e74d6f85cf7763ac4e247f62868ea2f7a59d27,POLICY_APPROVED
CATV1-P101-R1R,BEAUTY_CARE,DR. ALTHEA 147 RELIEF CREAM,a19f61be-25cd-4387-98da-f75eca7f7973,,131000,fbf9a19cdd1b2d47e2c4f289cfc6844f0b5e3ec19f981bff61dbff88fb67d430,POLICY_APPROVED
CATV1-P103-R1L,BEAUTY_CARE,BLOQUEADOR SOLAR EN BARRA,c56fe8ee-38c2-4559-a243-a27aa01f6cb5,,96000,6cb71fdc0c5d1706896d9b8086867aaf68370ab9a5fc41134aba998ae26a6cd2,POLICY_APPROVED
CATV1-P103-R1R,BEAUTY_CARE,MINI BLOQUEADOR EN BARRA,c56fe8ee-38c2-4559-a243-a27aa01f6cb5,,61000,569ea4bcb8c1bb4f5074ba0684119a8c4e658d68a91e49c285a605fa5401e581,POLICY_APPROVED
CATV1-P103-R2L,BEAUTY_CARE,BLOQUEADOR SOLAR ACLARANTE SPF50,c56fe8ee-38c2-4559-a243-a27aa01f6cb5,,101000,e19d7003d1a364d4be6ace307a4fa5f985dfe65119ea82d9f9989537854b5e15,POLICY_APPROVED
CATV1-P103-R2R,BEAUTY_CARE,CONTORNO DE OJOS EN GEL,c56fe8ee-38c2-4559-a243-a27aa01f6cb5,,111000,7a7dde4b1412c2ac875bf13e6e4c651176c930561e83693db7e2c84d29f87076,POLICY_APPROVED
CATV1-P103-R3L,BEAUTY_CARE,X150ML,c56fe8ee-38c2-4559-a243-a27aa01f6cb5,,96000,9b804464aa14473cfc8f1bf4ef17b7da8812bdf48ecdecececbe8d641bbdaff6,POLICY_APPROVED
CATV1-P103-R3R,BEAUTY_CARE,BLOQUEADOR SOLAR SPF50,c56fe8ee-38c2-4559-a243-a27aa01f6cb5,,101000,810b3dc3a85c303ee39dc4a2293ea080a48ec447eb9179d6b4d92f0c94af8c48,POLICY_APPROVED
CATV1-P104-R1L,BEAUTY_CARE,BLOQUEADOR SOLAR CENTELLA,c56fe8ee-38c2-4559-a243-a27aa01f6cb5,,101000,6a3582d52c90087dbcb08286b0d91bf756cabeb6a52d41989600782df05bed25,POLICY_APPROVED
CATV1-P104-R1R,BEAUTY_CARE,BLOQUEADOR SOLAR VITAMINA E,c56fe8ee-38c2-4559-a243-a27aa01f6cb5,,106000,56b84f70bf37c1bfae7b1713573992787d621fd964f958ddbabdc7ace12b5db2,POLICY_APPROVED
CATV1-P104-R2L,BEAUTY_CARE,LIP OIL JUICY BERRY PLUMPLING,c56fe8ee-38c2-4559-a243-a27aa01f6cb5,,71000,8b819f8c977353336a27ad355f7dd7a9e868b3efafe67f13854f790cd9f982f3,POLICY_APPROVED
CATV1-P104-R2R,BEAUTY_CARE,BIFIDA BIOME ESSENCE 50 ML,c56fe8ee-38c2-4559-a243-a27aa01f6cb5,,111000,afd28bc6dbbb80bcde6b02afd48e3c6fc9dac47f604592147a44a8bffaa7e7d2,POLICY_APPROVED
CATV1-P104-R3L,BEAUTY_CARE,ESTUCHE PARA BLOQUEADOR MINI EN BARRA,c56fe8ee-38c2-4559-a243-a27aa01f6cb5,,56000,4dc1bad165e397fb921eb4c9dee99fe72064cdcd4413b95ed4adde30c7ef9725,POLICY_APPROVED
CATV1-P104-R3R,BEAUTY_CARE,SERUM CICA CALMING 5 ML,c56fe8ee-38c2-4559-a243-a27aa01f6cb5,,56000,2125f50fe935450ae9b294a846361a9f1285f017933dae40a83bd2bffcb31f5b,POLICY_APPROVED
CATV1-P106-R1L,BEAUTY_CARE,TONICO CALMANTE ANUA,248d2875-a9cb-45f3-850a-d28453541309,,96000,32ec9b63f0bb2652d33d05b1e90295faa1c2a79beeba8d445dc4b328ebda75f3,POLICY_APPROVED
CATV1-P106-R1R,BEAUTY_CARE,LECHE ARROZ 70+ CERAMIDA,248d2875-a9cb-45f3-850a-d28453541309,,126000,cef276cc20f254b0a3047c685c7eb30ee31dfb942db59a9eedd7c061312bc55c,POLICY_APPROVED
CATV1-P106-R2L,BEAUTY_CARE,ACEITE LIMPIADOR HEARTLEAF PORE CONTROL,248d2875-a9cb-45f3-850a-d28453541309,,106000,93616e1929615699d277c24d8136444ab96de3fc228159bdbea42cb606a731d5,POLICY_APPROVED
CATV1-P106-R2R,BEAUTY_CARE,SERUM NIACINAMIDA PEACH,248d2875-a9cb-45f3-850a-d28453541309,,131000,acc33b89b7b50ea14653bc3a8acbd9153f5177e051b1bf94cff58d51b2309bc6,POLICY_APPROVED
CATV1-P106-R3L,BEAUTY_CARE,SERUM NIACINAMIDA,248d2875-a9cb-45f3-850a-d28453541309,,131000,0294e42a6e07c07e03f75ece120becb05f6fe4a0702834b512ceefa0f5fc7bb1,POLICY_APPROVED
CATV1-P106-R3R,BEAUTY_CARE,SERUM ARROZ CERAMIDA,248d2875-a9cb-45f3-850a-d28453541309,,126000,fe6ab95c272faf514c5082375f34f6ab51636254b959f43229b7f38e6f4fd06c,POLICY_APPROVED
CATV1-P107-R1L,BEAUTY_CARE,TONICO ARROZ CERAMINADA,248d2875-a9cb-45f3-850a-d28453541309,,116000,32eab6487528fcec026bf846e752d71d9da5069dcfea354aa18974eb18c346b1,POLICY_APPROVED
CATV1-P107-R1R,BEAUTY_CARE,ESPUMA LIMPIADORA HEARTLEAF BHA+,248d2875-a9cb-45f3-850a-d28453541309,,80000,eeb21a7e9172ee446cec12b54710639a20c2707ec371cd83a5aab3024644c9b3,POLICY_APPROVED
CATV1-P107-R2L,BEAUTY_CARE,SERUM AZULAICO Y HIALURONICO,248d2875-a9cb-45f3-850a-d28453541309,,116000,2e856281cf4c15f06c44e138887522c6200c86d590f53f13d35f7859ae16548c,HUMAN_APPROVED
CATV1-P107-R2R,BEAUTY_CARE,LIMPIADOR ILUMINADOR ARROZ+ CERAMIDA,248d2875-a9cb-45f3-850a-d28453541309,,106000,3f61e995ee135e45a1e57c6118b807e568f6d2d6bf72f79612c2a00961e30c42,POLICY_APPROVED
CATV1-P109-R1L,BEAUTY_CARE,BEAN ESSENCE HIDRATANTE 30 ML - PEELING,6de0dff3-cc20-44ac-ac61-78fa5f30592e,,106000,07589ed51e2bb85b6be2f434f17a2d8e0cc06b6d7546c0f8180ad889ddc7fc88,POLICY_APPROVED
CATV1-P109-R1R,BEAUTY_CARE,BEAN ESSENCE HIDRATANTE 50 ML - PEELING,6de0dff3-cc20-44ac-ac61-78fa5f30592e,,121000,5165837a57d90acac944b42ea8867ea5e8f24ce9e88712e8ef0540111e9971ed,POLICY_APPROVED
CATV1-P109-R2L,BEAUTY_CARE,MINI KIT ESENCIALES PURE GLOW,6de0dff3-cc20-44ac-ac61-78fa5f30592e,,141000,8c06ad7281872828c662196a3137a55b0af55a861274cd1fd501a62e3cecbd92,POLICY_APPROVED
CATV1-P111-R1L,BEAUTY_CARE,TONICO TRIPLE COLLAGEN,54f60685-7212-4322-9984-6f5f497916e1,,100000,0312fb85efd5dbcd527713ae95ef07e8c96d10ae435edfcb89736c9787182e25,POLICY_APPROVED
CATV1-P111-R1R,BEAUTY_CARE,CREMA COLAGENO EN GEL,54f60685-7212-4322-9984-6f5f497916e1,,121000,6a638e74dc3f556bdf9b3ce1c659eb7c4087bc7e04b09a643a79d1a2a184d20d,POLICY_APPROVED
CATV1-P111-R2L,BEAUTY_CARE,CREMA SOLAR REAFIRMANTE,54f60685-7212-4322-9984-6f5f497916e1,,121000,bc95744e5e2bfa9c96909a69a349d7090c725e474b2612b4b5c48a3cbea5b5f8,POLICY_APPROVED
CATV1-P111-R2R,BEAUTY_CARE,CREMA CAPSULE PINK PDRN,54f60685-7212-4322-9984-6f5f497916e1,,131000,9aa6e73d18b1f426a6f5c03101f6d6e127cd4d762acdd57d7a8c40fa38de1aa8,POLICY_APPROVED
CATV1-P111-R3L,BEAUTY_CARE,CREMA CAPSULE ACIDO ACIDO KOJICO Y CURCUMA,54f60685-7212-4322-9984-6f5f497916e1,,131000,da28403df523b97565fe71d1cdbeb1472fbdb3f54fad16158614eebb1ca24338,POLICY_APPROVED
CATV1-P111-R3R,BEAUTY_CARE,MASCARILLA NOCTURNA CAFEINA ROSA,54f60685-7212-4322-9984-6f5f497916e1,,131000,d42f07105b9cc39f5b371538dcdc4f0037318fc1159d5360c665c7445769c297,POLICY_APPROVED
CATV1-P112-R1L,BEAUTY_CARE,SERUM COLAGENO ROSA 2000 SUAVE,54f60685-7212-4322-9984-6f5f497916e1,,116000,31bdde595eb8153577fe09d52e5ecf108f4c3049b8903c753197bff56975b794,POLICY_APPROVED
CATV1-P112-R1R,BEAUTY_CARE,SERUM NIACINAMIDA SHOT,54f60685-7212-4322-9984-6f5f497916e1,,116000,16b964a5020d66542b8a06efd51843fa29ff44be7fa50a399a50532c9fb37ad4,POLICY_APPROVED
CATV1-P112-R2L,BEAUTY_CARE,SERUM PEPTIDO ROSA 30ML PDRN,54f60685-7212-4322-9984-6f5f497916e1,,116000,c328e88e8f2bc87dc45e2537555d30fcf028ba952e6ee1f7afd8fba0993b5f0e,POLICY_APPROVED
CATV1-P112-R2R,BEAUTY_CARE,BRUMA FACIAL TIPO SERUM,54f60685-7212-4322-9984-6f5f497916e1,,111000,b2b401fd9cae579fdc5774051659a263ab320b526f1d01648a1f8ec4c37bae8c,POLICY_APPROVED
CATV1-P112-R3L,BEAUTY_CARE,CONTORNO DE OJOS ROSA PEPTIDOS,54f60685-7212-4322-9984-6f5f497916e1,,111000,4a5d0403b519108af049017442396e63be061182cb398ba8b4f894a17aa9eaea,POLICY_APPROVED
CATV1-P112-R3R,BEAUTY_CARE,CREMA NIACINAMIDA ROJA PARA PIELES SENSIBLES CAPSULAS,54f60685-7212-4322-9984-6f5f497916e1,,131000,cf6f47578f9055498bbdbe34c83a76a8b857736f24fc993fc2475e98558a5df0,POLICY_APPROVED
CATV1-P113-R1L,BEAUTY_CARE,TONICO PARA PIELES SENSIBLES 100 ML,54f60685-7212-4322-9984-6f5f497916e1,,101000,679c651f1661205a84f0760ce1e4a62e68b31d4e46338f81d27fcfd06f47f8e6,POLICY_APPROVED
CATV1-P113-R1R,BEAUTY_CARE,MASCARILLA COLAGENO NOCTURNA,54f60685-7212-4322-9984-6f5f497916e1,,121000,e382de53870ccfe73b7471ab6265c9fb524306c9154c64179ff9e842ad371f79,POLICY_APPROVED
CATV1-P113-R2L,BEAUTY_CARE,CREMA EN CAPSULA VITAMINA C,54f60685-7212-4322-9984-6f5f497916e1,,131000,58acaf5dd8a026dd1c9cfce3f1d113443e1fcaf57a39c04f613cd2ac2b44b5cd,POLICY_APPROVED
CATV1-P113-R2R,BEAUTY_CARE,RED ERASING CREAM - CREMA ANTIROJECES,54f60685-7212-4322-9984-6f5f497916e1,,90000,db96c5ed70c0f55eb47e1d1c3357e36dde17426e498fa428a57fea58738cbeaf,POLICY_APPROVED
CATV1-P113-R3L,BEAUTY_CARE,SERUM EXFOLIANTE AZUL ONE DAY,54f60685-7212-4322-9984-6f5f497916e1,,121000,80694137f88d00d082950fa355d741b37a1513a6ecd7beb0dcb1a1b7b5500a63,POLICY_APPROVED
CATV1-P113-R3R,BEAUTY_CARE,SERUM COLAGENO 7500 INTENSIVO,54f60685-7212-4322-9984-6f5f497916e1,,136000,720e9bdfebee6a5ec1190728ba5b610611a3257e97a8d14cebe12e9060b39a08,POLICY_APPROVED
CATV1-P114-R1L,BEAUTY_CARE,SERUM DE ACIDO SUCCINICO ROJO ACNE,54f60685-7212-4322-9984-6f5f497916e1,,136000,d74ad06950a4e97731a198b2d3c374b065fd371729dec2622b84617bb5437048,POLICY_APPROVED
CATV1-P114-R1R,BEAUTY_CARE,SERUM RED 2.0 PARA PEILES SENSIBLES,54f60685-7212-4322-9984-6f5f497916e1,,106000,472c350b9324766e2c62da55bb586dcd1b91b4058c25bade5b378fe4dc2837d6,POLICY_APPROVED
CATV1-P114-R2L,BEAUTY_CARE,CREMA HIDRANTE ROSA ACIDO HIALURONICO,54f60685-7212-4322-9984-6f5f497916e1,,99000,5c34d2a2b408bc4acd5a9a56c14964301155a585fdf5da5ca860af3212cb83fb,POLICY_APPROVED
CATV1-P114-R2R,BEAUTY_CARE,MASCARILLA COLAGENO VELO FACIAL,54f60685-7212-4322-9984-6f5f497916e1,,24000,5ef238df7e98293a198c27839111da0b491ee61576deae78a0e1949f917bff4f,POLICY_APPROVED
CATV1-P116-R1L,BEAUTY_CARE,CENTELLA LIGTH CLEASING,78bc4553-2c58-4a9f-9b26-d337c0e29d05,,101000,ad14856068b2e1a5d4325c982bc7894069f14f92a211bd5afb1897e754f42a9a,POLICY_APPROVED
CATV1-P116-R1R,BEAUTY_CARE,OIL KIT TRAVEL CENTELLA,78bc4553-2c58-4a9f-9b26-d337c0e29d05,,146000,fd1223b7b34b926f52340610a69a94f37b62d30ab5930f35dde7850979a13b35,POLICY_APPROVED
CATV1-P116-R2L,BEAUTY_CARE,AIR SUNCREAM PLUS +50,78bc4553-2c58-4a9f-9b26-d337c0e29d05,,106000,5783ad731936b784d090e88c91f166aa86f772187a3a74e4ed0ae470dc84633c,POLICY_APPROVED
CATV1-P116-R2R,BEAUTY_CARE,AIRFIT SUNCREAM LIFTG,78bc4553-2c58-4a9f-9b26-d337c0e29d05,,106000,f3a33b477134f7e463edc3fb088a5167dbbb761b4bda65856c2228ca2bfbfa12,POLICY_APPROVED
CATV1-P116-R3L,BEAUTY_CARE,POREZING LIGTH GEL CREAM,78bc4553-2c58-4a9f-9b26-d337c0e29d05,,91000,e0a08c688ff9426689af0d5a4d94a4deb7ebb14fd93e02607b2c0a995757e6d3,POLICY_APPROVED
CATV1-P116-R3R,BEAUTY_CARE,QUICK CLAY STICK,78bc4553-2c58-4a9f-9b26-d337c0e29d05,,96000,3c8f4cc1371e9325d6009b745dffc939cc5bdca80773a00e607082edf0c5e12c,POLICY_APPROVED
CATV1-P117-R1L,BEAUTY_CARE,TEA-TRICA PURIFING,78bc4553-2c58-4a9f-9b26-d337c0e29d05,,110000,ffc8f7fe3e8dad1a3da5e6b582863266c650c381da9f13effe9a019699ebbaeb,POLICY_APPROVED
CATV1-P117-R1R,BEAUTY_CARE,TEA TRICA B5 CREAM,78bc4553-2c58-4a9f-9b26-d337c0e29d05,,110000,b9c85f3218dc09037a1fc6b5d14fd323b5e1ea9e4df12aee2012676ef531f2c5,POLICY_APPROVED
CATV1-P117-R2L,BEAUTY_CARE,TONE BRIGHTENING CREAM,78bc4553-2c58-4a9f-9b26-d337c0e29d05,,110000,8325db6e77df0e536e06f408edeefc77a1e91e3fd7ee95ab549c3e86d41c7b41,POLICY_APPROVED
CATV1-P117-R2R,BEAUTY_CARE,KIT MINI CENTELLA POREZING,78bc4553-2c58-4a9f-9b26-d337c0e29d05,,131000,4676b9af828d527cdf0b1b9f6a6d5767a96f2efdbb310164d78352c12a988473,POLICY_APPROVED
CATV1-P119-R1L,BEAUTY_CARE,VASELINE SUNLIT GLOW,23e8de5f-d5a8-41f0-a3a7-169eaa4eadfc,,67000,d762717ec1904b5bb92cdc498137b9c5cc5772a9dd28443f1003d6a32ad90427,POLICY_APPROVED
CATV1-P119-R1R,BEAUTY_CARE,GOLDEN HOUR GLOW,23e8de5f-d5a8-41f0-a3a7-169eaa4eadfc,,67000,0ecfba98d34f07187203478648be0487c9544fa3a7785d28afe74dd3af4f4ea4,POLICY_APPROVED
CATV1-P119-R2L,BEAUTY_CARE,COCO RADIANT,23e8de5f-d5a8-41f0-a3a7-169eaa4eadfc,,61000,c7d7e0528af4672448e0c4222ce650dacf519eaed4d0b67e66e143117d338fc3,POLICY_APPROVED
CATV1-P119-R2R,BEAUTY_CARE,VASELINE MINI HIDRATANTE LABIOS,23e8de5f-d5a8-41f0-a3a7-169eaa4eadfc,,30000,1debd9c5e49b301ca655a64fae6dc61d320306a12243b5c4438daa6d18d6c407,POLICY_APPROVED
CATV1-P121-R1L,BEAUTY_CARE,JABON LIQUIDO EOS,e0e130b8-60d3-4b2d-8fbb-a0329c19adc0,,80000,2d3d38096a7e0393da7f35c6ba331b6609662430d474c74db4942460bacc7c9d,POLICY_APPROVED
CATV1-P121-R1R,BEAUTY_CARE,CREMA EOS,e0e130b8-60d3-4b2d-8fbb-a0329c19adc0,,80000,417da140f201094275266d4a9c47e2a8ad8e2a5ffed320b392b9a686d90ab985,POLICY_APPROVED
CATV1-P123-R1L,BEAUTY_CARE,GOMAS RELAXING MAGNESIO,1d6dae29-08b1-4b89-8569-3e09bd05fe6d,,141000,518d7319f36c3015440e2725657b805e106ba5e498af115f0c025b7571d7e227,POLICY_APPROVED
CATV1-P123-R1R,BEAUTY_CARE,GOMAS BEAUTY UNDENIABLE,1d6dae29-08b1-4b89-8569-3e09bd05fe6d,,136000,5105171d0e6781b45abeab827cbf9179b90e37968023612b6db51de3af55d487,POLICY_APPROVED
CATV1-P123-R2L,BEAUTY_CARE,SUEÑO SALUDABLE,1d6dae29-08b1-4b89-8569-3e09bd05fe6d,,141000,34effbb421c1d0f99f1bb070599fc696aa1e9d0ab36cb59b8be69453642e4f2e,POLICY_APPROVED
CATV1-P125-R1L,BEAUTY_CARE,RICE SERUM,14935694-a7a6-4130-846a-be0565a29c0e,,9000,8d6aca69c5217c321a9f02480c617ee9a8e32353c1a894d95eb5706c7e26e490,POLICY_APPROVED
CATV1-P125-R1R,BEAUTY_CARE,RICE CREAM,14935694-a7a6-4130-846a-be0565a29c0e,,19000,0ba9f01c7dd6b4dcc509ed312a156d25214fe599ffbbcffb5cddf7604ebc75f7,HUMAN_APPROVED
CATV1-P125-R2L,BEAUTY_CARE,RICE TONER,14935694-a7a6-4130-846a-be0565a29c0e,,26000,bd1910578f087e7df418d0cdfb87d602442e1a002345057e01ab0a11693011e9,POLICY_APPROVED
CATV1-P125-R2R,BEAUTY_CARE,RICE FACIAL CLEASNER,14935694-a7a6-4130-846a-be0565a29c0e,,19000,364d747edf73235be4e64382d8bb2db4a72462f3f3392e5d0b800a867843a31f,POLICY_APPROVED
CATV1-P125-R3L,BEAUTY_CARE,WATER MELON CREAM .,14935694-a7a6-4130-846a-be0565a29c0e,,19000,e7dc2d663baf845f755f9aeab0e90ac68f07a64d28876af8118ce0e16cff926b,POLICY_APPROVED
CATV1-P125-R3R,BEAUTY_CARE,WATER MELON TONER,14935694-a7a6-4130-846a-be0565a29c0e,,26000,ff36c235e544e43ef39bc0e6c742a4ec40e2a09722e2f9eccab5e7b48d03594d,POLICY_APPROVED
CATV1-P126-R1L,BEAUTY_CARE,WATER MELON FACIAL CLEASNER,14935694-a7a6-4130-846a-be0565a29c0e,,19000,9af850cc0d8be3e36da97d47549b8d7f2fd2797255808f813c8a657ebbd435a5,POLICY_APPROVED
CATV1-P126-R1R,BEAUTY_CARE,WATER MELON ESSENCE SERUM,14935694-a7a6-4130-846a-be0565a29c0e,,20000,2bca7b0c60201d029b5fdca7b7db52140149ecb02215ddfa0850c2f26b9f90a9,POLICY_APPROVED
CATV1-P126-R2L,BEAUTY_CARE,TEA TREE TONER,14935694-a7a6-4130-846a-be0565a29c0e,,26000,4d353e9a92c4409ad3d6b9a798e857c1e1ad763cce3268e58bfb9f44caeab079,POLICY_APPROVED
CATV1-P126-R2R,BEAUTY_CARE,TEA TREE FACIAL CREAM,14935694-a7a6-4130-846a-be0565a29c0e,,19000,4fac9d6e55e46c9c417e9690aac4cf9f3d1cf31a6687b5a5326512773bbbe0c3,POLICY_APPROVED
CATV1-P126-R3L,BEAUTY_CARE,TEA TREE SERUM,14935694-a7a6-4130-846a-be0565a29c0e,,19000,b9a0bd2b2f73cc02341f9f422ca90dea1a71c61060146378db0e06dfcfab8309,POLICY_APPROVED
CATV1-P126-R3R,BEAUTY_CARE,TEA TREE FACIAL CLEANSER,14935694-a7a6-4130-846a-be0565a29c0e,,19000,3d2f39c3accecced9b30edfa2637698a16480151232747a7d8b6aca79b3ea51f,POLICY_APPROVED
CATV1-P128-R1L,BEAUTY_CARE,TINTA GIRLY,ee824908-74ce-4709-9eb3-255748302976,,23000,41c969059499d423c1367c93240548c14813c42f6e350d4bdb9934ccf7bf3b73,POLICY_APPROVED
CATV1-P128-R1R,BEAUTY_CARE,GEL ALOE VERA,ee824908-74ce-4709-9eb3-255748302976,,33000,3bef182de0ec3cb50fc95295420fce5848c68130e4be8a4f070cf75bf5f95504,POLICY_APPROVED
CATV1-P128-R2L,BEAUTY_CARE,BLOQUEADOR GIRLY 3 TONOS,ee824908-74ce-4709-9eb3-255748302976,,61000,e2a1eb6e29f37f01b37d7d2969e90be6667f6c34bc4c78784f70b53a0143e837,POLICY_APPROVED
CATV1-P128-R2R,BEAUTY_CARE,MANTEQUILLA CORPORAL,ee824908-74ce-4709-9eb3-255748302976,,38000,e97da9359f0391426a3d709baed1dcb0f7fc2d7956b68f45e3815a0bd54af00a,POLICY_APPROVED
CATV1-P128-R3L,BEAUTY_CARE,BRUMA FACIAL,ee824908-74ce-4709-9eb3-255748302976,,36000,89ee3e8e2281d3f7149be887deea8d9b232cc5b3ba76ba08701f2854b483f308,POLICY_APPROVED
CATV1-P128-R3R,BEAUTY_CARE,AGUA MICELAR,ee824908-74ce-4709-9eb3-255748302976,,31000,77ee6f191c523c663fd982f6864b23e6791c77ee18b1e56c18e6d39f3858642b,POLICY_APPROVED
CATV1-P129-R1L,BEAUTY_CARE,MASCARILLA NUTRITIVA,ee824908-74ce-4709-9eb3-255748302976,,32000,0fcd8c70e68afa26421a4a62adb3b5aabf2fafd94c9674cf7253e9f113d44ffd,POLICY_APPROVED
CATV1-P129-R1R,BEAUTY_CARE,JABON LIMPIADOR,ee824908-74ce-4709-9eb3-255748302976,,34000,7ca8767f370e0b249abb8c9dd7e537e6581cb9c90007bedd2aae7827b6a5231c,POLICY_APPROVED
CATV1-P129-R2L,BEAUTY_CARE,FIJADOR GRANDE,ee824908-74ce-4709-9eb3-255748302976,,37000,b217d14a43168e86149eb1e5b6bf8a711e5fbb6eec3845e4db55a9acea0f45ed,POLICY_APPROVED
CATV1-P129-R2R,BEAUTY_CARE,LAPIZ DE LABIOS,ee824908-74ce-4709-9eb3-255748302976,,15000,11629e264de6f67a312fd4c483c37c14705c446664de65727a6a89f2f2654a11,POLICY_APPROVED
CATV1-P129-R3L,BEAUTY_CARE,LIP BALM,ee824908-74ce-4709-9eb3-255748302976,,34000,ad76b732d929ecce334014b7ee96db3179affe3266915e4d9a65eb4bc2591779,POLICY_APPROVED
CATV1-P129-R3R,BEAUTY_CARE,CREMA HIDRATANTE,ee824908-74ce-4709-9eb3-255748302976,,30000,2837c1d9b8202873750b57e121d733f1b9432b497db2cff0b0c3ac16d3418f1d,POLICY_APPROVED
CATV1-P130-R1L,BEAUTY_CARE,KIT VIAJERO,ee824908-74ce-4709-9eb3-255748302976,,72000,cf34daa841b4c5422915f92e62fb91cde217bc7ecb72ede3d14400829efdbce9,HUMAN_APPROVED
CATV1-P130-R1R,BEAUTY_CARE,POLVOS SUELTOS,ee824908-74ce-4709-9eb3-255748302976,,36500,445528f14b67a40ae16e48b9563fe9bcd2ca40eb117eea0cd6894d2ce2266891,POLICY_APPROVED
CATV1-P130-R2L,BEAUTY_CARE,CONTORNO OJOS,ee824908-74ce-4709-9eb3-255748302976,,31000,cfe708925f6be52cb53494d97e0aa9633b2fee4b9b6f2351a6c809e886e90c8f,POLICY_APPROVED
CATV1-P130-R2R,BEAUTY_CARE,PESTANINA GIRLY,ee824908-74ce-4709-9eb3-255748302976,,21000,eb8b1c3df423a5e36508bb220c6f185f1aaf5bed10e5deadcce65d803c342a62,POLICY_APPROVED
CATV1-P130-R3L,BEAUTY_CARE,LIP STICK MILAN Y ROMA,ee824908-74ce-4709-9eb3-255748302976,,23000,21afa81b6d99fda407dce7083da30021f6b5a208606d38c4d970e305bde476c3,POLICY_APPROVED
CATV1-P130-R3R,BEAUTY_CARE,CREMA DE NOCHE,ee824908-74ce-4709-9eb3-255748302976,,28000,cf51fa66dd089714e188d91aabd10b1d2fc100f0e139f91be065dccbfe842e47,POLICY_APPROVED
CATV1-P131-R1L,BEAUTY_CARE,LIP BALM PEPTIDE,ee824908-74ce-4709-9eb3-255748302976,,34000,861b346cbb7dbe0780636613c017d16638960fe20a3dc388e4bff32890aaa8ad,POLICY_APPROVED
CATV1-P131-R1R,BEAUTY_CARE,DESMAQUILLADOR DE OJOS,ee824908-74ce-4709-9eb3-255748302976,,34000,a04f687c8d528095958b821154d284cb5b04a0a3b9ac562731a3bcd950a3717d,POLICY_APPROVED
CATV1-P131-R2L,BEAUTY_CARE,LIP BAR,ee824908-74ce-4709-9eb3-255748302976,,26000,459de8a97b2378bf9cc045ff3af6c493aec62e1066665dd00b5069674d6eed3f,POLICY_APPROVED
CATV1-P131-R2R,BEAUTY_CARE,LECHE LIMPIADORA,ee824908-74ce-4709-9eb3-255748302976,,36000,0414001f6c6e0e94163d0904cedab7b2ccc2df9325f953f41c0b8ebc2b977047,POLICY_APPROVED
CATV1-P133-R1L,BEAUTY_CARE,DESPIGMENTANTE LB,64b0a568-2007-418f-a691-678d9b4eaca4,,50000,cb68e73278beaf7684814e787122abb9486766d237a9d6b3bade9a23a07a3c08,POLICY_APPROVED
CATV1-P133-R1R,BEAUTY_CARE,ANTITRANSPIRANTE,64b0a568-2007-418f-a691-678d9b4eaca4,,53000,6f63b2996c07fbb3b3c5a233421c2690df8b1bf4d93980daf8d97e31b379bfac,POLICY_APPROVED
CATV1-P133-R2L,BEAUTY_CARE,GEL RENOVADOR INTIMO,64b0a568-2007-418f-a691-678d9b4eaca4,,64000,aad5371d00074d5e191070451182d74370b56659be5997c0c053ee5e075af919,POLICY_APPROVED
CATV1-P133-R2R,BEAUTY_CARE,PANTALLA SOLAR,64b0a568-2007-418f-a691-678d9b4eaca4,,46000,2cac504775226242c770a8029da36048e04a90f516297f677d153cce38efa334,POLICY_APPROVED
CATV1-P135-R1L,BEAUTY_CARE,CEPILLO DESENREDANTE 54,,b36e2375-b910-4030-abf2-832999885338,13000,08ba51147da70f059b02c79aa43857cf074b75213979e68d7e7d7c0c68270fdf,POLICY_APPROVED
CATV1-P135-R1R,BEAUTY_CARE,MINIMARIPOSA,,b36e2375-b910-4030-abf2-832999885338,4000,57933e0a22663a0c74c5ab1343da74dd47ed5c76e375d29d34d92fcf666748ec,POLICY_APPROVED
CATV1-P135-R2L,BEAUTY_CARE,DEADEMA DELGADA (PREGUNTA COLORES),,b36e2375-b910-4030-abf2-832999885338,6000,567be40cbaa91980677e06556e71079b9c5b1c851b5fb19603edb3711a9616b4,POLICY_APPROVED
CATV1-P135-R2R,BEAUTY_CARE,GANCHO DOBLE MARIPOSA,,b36e2375-b910-4030-abf2-832999885338,9000,301c874ccaf034d083a914d827bb04c767b219439d5741992ff3ca2cb5f93939,POLICY_APPROVED
CATV1-P135-R3L,BEAUTY_CARE,SCRUNCHI MEDIANA,,b36e2375-b910-4030-abf2-832999885338,7000,a68945dd3f38abf54bbce929074861c2c6c9cd2b273f293ddb9fae283e495fef,POLICY_APPROVED
CATV1-P135-R3R,BEAUTY_CARE,DIADEMA MEDIANA,,b36e2375-b910-4030-abf2-832999885338,7000,7b66fe469f0e3803caeafac02efd94792349e2822956ec534412dd38044e8b40,POLICY_APPROVED
CATV1-P136-R1L,BEAUTY_CARE,GORRO SATIN DOBLE VARIOS COLORES,,b36e2375-b910-4030-abf2-832999885338,19000,ae434c70626380fe24f4c956b4f05199483c510bbbe9b96788ff6c1213241a7f,POLICY_APPROVED
CATV1-P136-R1R,BEAUTY_CARE,MOÑA MEDIANA,,b36e2375-b910-4030-abf2-832999885338,8000,a7f763b38bcce477d114059a0ae8ba418c794ac6451499845ebf4f93c5604861,POLICY_APPROVED
CATV1-P136-R2L,BEAUTY_CARE,CEPILLO MASAJEADOR,,b36e2375-b910-4030-abf2-832999885338,11000,26a502e9f54560a1232f61ceb00ddfab54e43a2d60adb75ae95a6461a7955523,HUMAN_APPROVED
CATV1-P136-R2R,BEAUTY_CARE,SCRUNCHI PEQUEÑA,,b36e2375-b910-4030-abf2-832999885338,5000,0fc29a9d3e6d951d5e409e7020dbcf84376b765242224bff9557642e2cca30d4,POLICY_APPROVED
CATV1-P136-R3L,BEAUTY_CARE,MOÑAS PEQUEÑA,,b36e2375-b910-4030-abf2-832999885338,6000,dcbe787d81dbee93af08f1fa61815fcac789d7fed54f11c93dcc15d2b7e0b172,POLICY_APPROVED
CATV1-P136-R3R,BEAUTY_CARE,DEADEMAS NUBE CON MUÑEQUERA,,b36e2375-b910-4030-abf2-832999885338,13000,e4739ca89bb0fb14e630387bee25a9a866d878c10e91bc83699aee792930b78f,POLICY_APPROVED
CATV1-P137-R1L,BEAUTY_CARE,CEPILLO PULIDOR,,b36e2375-b910-4030-abf2-832999885338,11000,bc744733fba2397bf7ec85840eefb4a7c5105e3271646609bac87ba860b4d4e1,POLICY_APPROVED
CATV1-P137-R1R,BEAUTY_CARE,CEPILLO DESENREDANTE,,b36e2375-b910-4030-abf2-832999885338,9000,3051f4d2263718f95cc98e79af11b85c1e995b218c63f14196ec51d1f0d8fd5b,POLICY_APPROVED
CATV1-P137-R2L,BEAUTY_CARE,GORRO SATIN SENCILLO VARIOS COLORES,,b36e2375-b910-4030-abf2-832999885338,15000,65b24706216f057840c99119143e6e1279d562a5653dc7b98f76299bb8eb7e49,POLICY_APPROVED
CATV1-P137-R3L,BEAUTY_CARE,SCRUNCHI GRANDE,,b36e2375-b910-4030-abf2-832999885338,8000,fef48d22a00ee1b069c13e425d84b8e63026f8e4a3692f70c3a29a5337ddd0da,POLICY_APPROVED
CATV1-P137-R3R,BEAUTY_CARE,CEPILLO BAMBU,,b36e2375-b910-4030-abf2-832999885338,19000,7647db0d516f759a884ee225754c0914a236d6f78cc2623f53ef1c05f5358dd8,POLICY_APPROVED
CATV1-P138-R1L,BEAUTY_CARE,MASAJEADOR CAPILAR,,b36e2375-b910-4030-abf2-832999885338,13000,c39303465fb9c1b168ccc77301f9d21f6cdd8c9563584eb3c0b0a776c465f490,HUMAN_APPROVED
CATV1-P138-R1R,BEAUTY_CARE,GANCHO MARIPOSA NACAR,,b36e2375-b910-4030-abf2-832999885338,13000,9ff8f0772ba9b029e3ba8e23de9466e16819338f3a553db72696f10eaa6fac89,POLICY_APPROVED
CATV1-P138-R2L,BEAUTY_CARE,PONY CUFF MEDIA LUNA,,b36e2375-b910-4030-abf2-832999885338,6000,a7ddbf3c425851396c02a655f71f4e23b4f0a8c1f18778b0fc205f9a0b337d9f,POLICY_APPROVED
CATV1-P138-R2R,BEAUTY_CARE,PONYCUFF,,b36e2375-b910-4030-abf2-832999885338,6000,272cc02b7f3b7945afad223fcb09a21eb08caa4b0016ac8b8ed435e0272c5595,POLICY_APPROVED
CATV1-P138-R3L,BEAUTY_CARE,MARIPOSA NACAR DOBLE,,b36e2375-b910-4030-abf2-832999885338,13000,f8d4ad1cc1f6d6a9d0df210c9b6c931ebb156ca718c34138530a7590c843eb68,POLICY_APPROVED
CATV1-P138-R3R,BEAUTY_CARE,CEPILLO MASAJEADOR,,b36e2375-b910-4030-abf2-832999885338,13000,78d67f4d5a0bd5be4abc53b1bae36288aeea8125e1dc790c8ea5db978ca993b4,HUMAN_APPROVED
CATV1-P139-R1L,BEAUTY_CARE,KITGANCHOS,,b36e2375-b910-4030-abf2-832999885338,8000,4bb40a587e8fd0f5f5cf9fdb465d01778eceecb406bf0d7dec2f52ae8b776799,POLICY_APPROVED
CATV1-P139-R1R,BEAUTY_CARE,DEADEMAS NUBE,,b36e2375-b910-4030-abf2-832999885338,13000,b1e35e86cf0d9f2d76c40ba799b9c7170b3ee025af3b08e7019c5fae4de53c17,HUMAN_APPROVED
CATV1-P139-R2L,BEAUTY_CARE,FUNDAS DE SATIN,,b36e2375-b910-4030-abf2-832999885338,16000,5820ab1a73b2b153d1fb7be0b818f2a76db2bb6a9101ac436e864695bca906a2,POLICY_APPROVED
CATV1-P139-R2R,BEAUTY_CARE,PINZA MARIPOSA,,b36e2375-b910-4030-abf2-832999885338,8000,7b49dec94a746cf3eff1b29a171034dd23a71af9b54b007e10e471593c1fb163,POLICY_APPROVED
CATV1-P139-R3L,BEAUTY_CARE,MOÑA TULIPAN,,b36e2375-b910-4030-abf2-832999885338,13000,8f815e1a0ce04d07946046ea3b378c62ee0c9e70e814955d4872b126293be4da,POLICY_APPROVED
CATV1-P139-R3R,BEAUTY_CARE,FUNDA ESTAMPADA DIFERENTES,,b36e2375-b910-4030-abf2-832999885338,21000,92fffbc07131e24687b2b927b2d97ad641d590976a8c1e0cb438705d55a3db78,POLICY_APPROVED
CATV1-P140-R1L,BEAUTY_CARE,PINZA COREANA X,,b36e2375-b910-4030-abf2-832999885338,3800,029420cc6334f37789f221cc930e4a40ed09806769ce12b15ab1a91d772332a8,HUMAN_APPROVED
CATV1-P140-R2L,BEAUTY_CARE,GANCHO CEBRA,,b36e2375-b910-4030-abf2-832999885338,7000,4f0b0eed1dd0e17f38aed46b383cc183944ed5d6a1d499f318b519913a57d077,POLICY_APPROVED
CATV1-P140-R2R,BEAUTY_CARE,MOÑOS X2,,b36e2375-b910-4030-abf2-832999885338,7000,e8a61380c8d1b18b70477494a6652a978d6dbb639577246be3656d5d06edda04,POLICY_APPROVED
CATV1-P141-R1R,BEAUTY_CARE,PINZA CORENANA X,,b36e2375-b910-4030-abf2-832999885338,8000,efb6e53e598efdd888db8699347f633e374083cc3b665afefce3a0d76d82c3ec,HUMAN_APPROVED
CATV1-P141-R2L,BEAUTY_CARE,CEPILLO RIZOS,,b36e2375-b910-4030-abf2-832999885338,19000,273ec9cd967c17e0c6df70f7cfb83ddfbe7434f88d4d069cd37c3268f8186c63,POLICY_APPROVED
CATV1-P141-R3L,BEAUTY_CARE,GANGCHO FLOR HAWA VAQUITA,,b36e2375-b910-4030-abf2-832999885338,7000,b646587e3a066ac7b5fb839c47574b12c27d24e7c7ec3d6a725b7651e9c46aa9,POLICY_APPROVED
CATV1-P142-R1L,BEAUTY_CARE,GANCHO FLOR GRANDE,,b36e2375-b910-4030-abf2-832999885338,7000,d410dcf3e7781548452c67be03037d1fa6b9ecbef8887de321ab0c55069fc4d0,POLICY_APPROVED
CATV1-P142-R2L,BEAUTY_CARE,KIT PEINETAS,,b36e2375-b910-4030-abf2-832999885338,9000,782027bf574eb0af30b9d2b55c94fab7fa5f93f673bd0655794b3312f0d1a7e5,POLICY_APPROVED
CATV1-P142-R2R,BEAUTY_CARE,CEPILLO CON ESPEJO,,b36e2375-b910-4030-abf2-832999885338,11000,59fda67cd8eef0d42cc3dbf0be9d68ca76447a85daedb5f77ce44e23a86a78a3,POLICY_APPROVED
CATV1-P142-R3L,BEAUTY_CARE,DEADEMAS OREJITAS CON MUÑEQUERA,,b36e2375-b910-4030-abf2-832999885338,16000,fa64067834cd9fc7c5cc59648490d4ae949ed39c122c1dc43105e94ac129e95d,POLICY_APPROVED
CATV1-P142-R3R,BEAUTY_CARE,MASAJEADOR CON BORLAS,,b36e2375-b910-4030-abf2-832999885338,11000,611668078050ecbe0b3ea3806dfe31fab2567609cbe8a233d4dadebed3fc4698,POLICY_APPROVED
CATV1-P144-R1L,BEAUTY_CARE,RUBOR OG YESS QUEEN,4ef7e563-2744-446c-804d-7fc5952ec59a,,41000,24da711148989ae3490d7d8ffe19b8c2c97326ec40c2be0bd87912c2df5d948f,HUMAN_APPROVED
CATV1-P144-R1R,BEAUTY_CARE,RUBOR OG YESS QUEEN,4ef7e563-2744-446c-804d-7fc5952ec59a,,36000,87167d3d8985887c403e11cb5dbbdaf5204369ae2588d2e0d3f9e345c3388423,HUMAN_APPROVED
CATV1-P144-R2L,BEAUTY_CARE,ILUMINADOR UFF OG,4ef7e563-2744-446c-804d-7fc5952ec59a,,41000,d255911b90810dc46f1d2d90b6ff0de1136177e61df77dd63c1fe2c89663f60c,POLICY_APPROVED
CATV1-P144-R2R,BEAUTY_CARE,ILUMINADOR DAILY OG,4ef7e563-2744-446c-804d-7fc5952ec59a,,43000,d7d9162571ff8cee1ab68c0a0163daa0989eada83b8a2a33c9dc75c2ce2ac75e,POLICY_APPROVED
CATV1-P144-R3L,BEAUTY_CARE,CORRECTOR OG,4ef7e563-2744-446c-804d-7fc5952ec59a,,33000,9d484359c69dbb17bc1cc71e5789a4c5fe2919e62259a87722cdc041c6c41a58,POLICY_APPROVED
CATV1-P144-R3R,BEAUTY_CARE,BASE AQUA OG,4ef7e563-2744-446c-804d-7fc5952ec59a,,43000,7f0ee6a8be22ee8556ba1ccf7b629a22a9d5b9210e1f149c5c6c12ad96e7f0f7,POLICY_APPROVED
CATV1-P145-R1L,BEAUTY_CARE,BROCHA PROFESIONAL BD02,4ef7e563-2744-446c-804d-7fc5952ec59a,,27000,055caa967fd0487b8e22c6a80e4a6aa2ebf8e73b0402195581e3fc2a78c45950,POLICY_APPROVED
CATV1-P145-R1R,BEAUTY_CARE,BROCHA PROFESIONAL BD01,4ef7e563-2744-446c-804d-7fc5952ec59a,,29000,88a0043e1972cf8b1436650c5ef598c89cc4699a147776472f593d12f1be449c,POLICY_APPROVED
CATV1-P145-R2L,BEAUTY_CARE,BROCHA PROFESIONAL BD03,4ef7e563-2744-446c-804d-7fc5952ec59a,,19000,1fffc9992bbb504abf6117f044fc1694b3b791eec8e555e40daadb90f9ac7cdd,POLICY_APPROVED
CATV1-P145-R2R,BEAUTY_CARE,BROCHA PROFESIONAL BD04,4ef7e563-2744-446c-804d-7fc5952ec59a,,14000,20a721e89b3fd63abdab70091248fe4dfa28f43a9df93f6e72159a00a40ec971,POLICY_APPROVED
CATV1-P145-R3R,BEAUTY_CARE,PESTAÑINA DRAMATIC OG,4ef7e563-2744-446c-804d-7fc5952ec59a,,31000,3bd1ba8c9314dd9f5cc1ce6bdb8fb80222e8ccbaacddf23461c327a51545c296,POLICY_APPROVED
CATV1-P146-R2R,BEAUTY_CARE,POLVO OG,4ef7e563-2744-446c-804d-7fc5952ec59a,,31000,5fb460f220534464666866c5cea5e313e88289d96596cc99028017512fed7ea2,POLICY_APPROVED
CATV1-P148-R1L,BEAUTY_CARE,SERUM CEJAS Y PESTAÑAS,27533ebe-da8e-4e03-8f65-e001fb9418fa,,50000,349df36e895908013128be4ee3758212deae05220df4d0d97da02eb1c99b91ea,POLICY_APPROVED
CATV1-P148-R1R,BEAUTY_CARE,ENCRESPADOR PROFESIONAL,27533ebe-da8e-4e03-8f65-e001fb9418fa,,37000,6265e084735a053929661fa19529000fde22548702ca2262768e1e9b1dbe01e8,POLICY_APPROVED
CATV1-P148-R2L,BEAUTY_CARE,BI FASIL PEQ,27533ebe-da8e-4e03-8f65-e001fb9418fa,,21000,c8ff658189c3943edfb152da5e3c124a8e2205d054e36663876219878b69dd59,POLICY_APPROVED
CATV1-P148-R2R,BEAUTY_CARE,BI FASIL GRANDE,27533ebe-da8e-4e03-8f65-e001fb9418fa,,46000,5bb617c0020f3fc7b5011bc6c33247056c7298dc73326cd372a8567958e252c6,POLICY_APPROVED
CATV1-P150-R1L,BEAUTY_CARE,LIP GLOSS LITCHI HONEY,340fb06e-fd22-49ec-a967-359e83aa939b,,31000,0c48026223c28e88da86b4b6027b18a9cde9d1366a2ea03d77598143bb307a56,POLICY_APPROVED
CATV1-P150-R2L,BEAUTY_CARE,TROPICAL LUST,340fb06e-fd22-49ec-a967-359e83aa939b,,31000,2f912e8ad33b9fab3dc9ad0242ae98a78db328f0f4e799ea56488d7c1489d451,HUMAN_APPROVED
CATV1-P150-R2R,BEAUTY_CARE,LIP GLOSS SANGRIA KISS,340fb06e-fd22-49ec-a967-359e83aa939b,,31000,4535ae4be700ffd6664212840df72711bc7feeb4cf5fac0eca0326da5eca559b,POLICY_APPROVED
CATV1-P150-R3R,BEAUTY_CARE,BERRY FONDUE,340fb06e-fd22-49ec-a967-359e83aa939b,,31000,47d9ad00776c057aa3c32722028ae1b14c77edf43d4a9d6389752d652e991e74,HUMAN_APPROVED
CATV1-P151-R1L,BEAUTY_CARE,LIP GLOSS FAIRY DUST,340fb06e-fd22-49ec-a967-359e83aa939b,,31000,70f211a16be0e68cf30aaf300a03ee3b6dc9cc24eda7d78e5e79fb316dea4cd1,POLICY_APPROVED
CATV1-P151-R2L,BEAUTY_CARE,VELVET CHERRY,340fb06e-fd22-49ec-a967-359e83aa939b,,31000,9ad79b6acb29ced794ca913a83b6e277305a91b4d2ab85a4716f10fb28644a2e,HUMAN_APPROVED
CATV1-P151-R2R,BEAUTY_CARE,LIP LLINERLITCHI HONEY,340fb06e-fd22-49ec-a967-359e83aa939b,,21000,cc9ffcefd9085b3d21ccb8fc97da26b75eb2c0baf373bbe3652bf464bc94fdcd,POLICY_APPROVED
CATV1-P152-R1L,BEAUTY_CARE,LIP LINER FAIRY DUST,340fb06e-fd22-49ec-a967-359e83aa939b,,21000,e3600f9b54290eddc19bbe8c60e7740779d1179754fe9a61aed4c7a8966ce164,POLICY_APPROVED
CATV1-P152-R1R,BEAUTY_CARE,SANGRIA KISS,340fb06e-fd22-49ec-a967-359e83aa939b,,21000,af520f16585fd688edd55be87209cc8a68418a85285af00ff85411e1beb1373d,POLICY_APPROVED
CATV1-P152-R2L,BEAUTY_CARE,LIP LINER VELVET CHERRY,340fb06e-fd22-49ec-a967-359e83aa939b,,21000,0b43c86bd0c5a724767a5c7b9c7d058cd0c3fd581845192a5738a95fdaa4fd71,POLICY_APPROVED
CATV1-P152-R3L,BEAUTY_CARE,BERRY FONDUE,340fb06e-fd22-49ec-a967-359e83aa939b,,21000,e2a7501aaf9db032b2d91f3c5d554a14c43d48f775ff5cff97b0b62a47744325,HUMAN_APPROVED
CATV1-P153-R1L,BEAUTY_CARE,DUO LIP LINER Y LIP GLOSS TROPICAL LUST,340fb06e-fd22-49ec-a967-359e83aa939b,,46000,ca9fde2ff74295316a2b9e5ddaac774e5eea7f3019e8863f5cd91c8dd9be0283,POLICY_APPROVED
CATV1-P153-R1R,BEAUTY_CARE,DUO LIP LINER Y LIP GLOSS FAIRY DUST,340fb06e-fd22-49ec-a967-359e83aa939b,,46000,1eab58711b554a7921142aff21cfc117e9cb552dd4b4160a3aa3f0f4036e28dd,POLICY_APPROVED
CATV1-P153-R2L,BEAUTY_CARE,DUO LIP LINER Y LIP GLOSS SANGRIA KISS,340fb06e-fd22-49ec-a967-359e83aa939b,,46000,48f618292483d8532519b7a3a09524e900cadd0591ad91066f4c24dfed597442,POLICY_APPROVED
CATV1-P153-R2R,BEAUTY_CARE,DUO LIP LINER Y LIP GLOSS VELVET CHERRY,340fb06e-fd22-49ec-a967-359e83aa939b,,46000,abe6f0098cdae04a881cdbcb31291de6c0718dae2ee88dff3b680ee286535893,POLICY_APPROVED
CATV1-P153-R3L,BEAUTY_CARE,DUO LIP LINER Y LIP GLOSS BERRY FONDUE,340fb06e-fd22-49ec-a967-359e83aa939b,,46000,8df4f314b4481ed49448f56204599c48b09e0e239bd55b3a115ad43952bbf078,POLICY_APPROVED
CATV1-P153-R3R,BEAUTY_CARE,DUO LIP LINER Y LIP GLOSS LITCHIE HONEY,340fb06e-fd22-49ec-a967-359e83aa939b,,46000,3cacbc925bd7e680f950b79bdff7611a624f3c29710ecabf14559740c1f5b9df,POLICY_APPROVED
CATV1-P155-R1L,BEAUTY_CARE,BASE ATENEA 30ML,abf21e50-eeba-4043-994f-673492de30f6,,54000,63eb3721443e41d31fa3ed83d84f25862cb2b067fa2e763d5bdfbb668fbcd154,POLICY_APPROVED
CATV1-P155-R1R,BEAUTY_CARE,POLVO TRASLUCIDO PEQ,abf21e50-eeba-4043-994f-673492de30f6,,39000,fb9a5b507833441afe1c9b5e68abea100055a369eb8a20d90de21a3be5577195,POLICY_APPROVED
CATV1-P155-R2L,BEAUTY_CARE,POLVO TRASLUCIDO GRANDE,abf21e50-eeba-4043-994f-673492de30f6,,77000,1548f57aaade28eec129410c92e4afd7e8cc144c5865e5d56081f2403b112385,POLICY_APPROVED
CATV1-P155-R2R,BEAUTY_CARE,MINI PEPTIDE LIP BALM,abf21e50-eeba-4043-994f-673492de30f6,,61000,f348c555b9f6828a3d01ba72eb626e2f125b0b72a5ef9592ac35f4827115be72,POLICY_APPROVED
CATV1-P155-R3L,BEAUTY_CARE,CORRECTOR ATENEA,abf21e50-eeba-4043-994f-673492de30f6,,50000,ecae8a955b695e2f4fe77cf7808b1a77e7b4152d969ae46380757ff394d2e209,POLICY_APPROVED
CATV1-P155-R3R,BEAUTY_CARE,RUBOR COMPACTO X2,abf21e50-eeba-4043-994f-673492de30f6,,51000,b44b8665849c97e0d78bf130501a2a5799551ad52ca09af0f49c1fcb7c289198,POLICY_APPROVED
CATV1-P156-R1L,BEAUTY_CARE,LIP GLOSS ATENEA,abf21e50-eeba-4043-994f-673492de30f6,,35000,0a5ce04728a4fad68b93caac557850c565e7d9998c71a8f53b9351bb45b9466e,POLICY_APPROVED
CATV1-P156-R1R,BEAUTY_CARE,LIP OIL TINTED,abf21e50-eeba-4043-994f-673492de30f6,,37000,fdfca0d9ca960d449f47594a1f15e16c8fae6c394c32fb61060f5a98eeea4ca6,POLICY_APPROVED
CATV1-P156-R2L,BEAUTY_CARE,STICKS MINIS CREMOSOS,abf21e50-eeba-4043-994f-673492de30f6,,27000,12b545f7654403c4e664dad2c3a79bc18b1b591be71ae9778e63bf4c6cbc43c7,POLICY_APPROVED
CATV1-P156-R2R,BEAUTY_CARE,PEPTIDE LIP BALM ATENEA,abf21e50-eeba-4043-994f-673492de30f6,,37000,a4060d7e4abfc8b2a6a49cd107e30cec360b4a541e353d3ee5a73cae9e107c6e,POLICY_APPROVED
CATV1-P156-R3L,BEAUTY_CARE,STICK ILUMINADOR,abf21e50-eeba-4043-994f-673492de30f6,,45000,504a47c821f601a8f483405c21ba9cbe2b7fe8f52c97d3ba527c409397b9d761,POLICY_APPROVED
CATV1-P156-R3R,BEAUTY_CARE,STICK BLUSH,abf21e50-eeba-4043-994f-673492de30f6,,45000,65b2431ebc960669d484b9cba91f781abfb156e602feb729d00a5a11b7ff67c5,POLICY_APPROVED
CATV1-P157-R1L,BEAUTY_CARE,STIKC BRONZER,abf21e50-eeba-4043-994f-673492de30f6,,45000,791907236939e74ee76f142c5838510826fcf12ff345aa30251b606743d06c56,POLICY_APPROVED
CATV1-P157-R1R,BEAUTY_CARE,FIJADOR ATENEA MINI,abf21e50-eeba-4043-994f-673492de30f6,,36000,5bf7ba07a09dd4b139942c5e584030efcb61a0f782790359354f047a24895d59,POLICY_APPROVED
CATV1-P157-R2L,BEAUTY_CARE,RUBOR NACARADO,abf21e50-eeba-4043-994f-673492de30f6,,29000,3caf1591b01b6fe3f1cd9cdc0c822bf3c5d50d1746708f28f4be20c1364be8e4,POLICY_APPROVED
CATV1-P157-R2R,BEAUTY_CARE,GEL DE CEJAS 13ML,abf21e50-eeba-4043-994f-673492de30f6,,31000,a352e0fd246d04c5e8722720a4dfc2bab9d18279ed2810b45c7de0a230afcd7c,POLICY_APPROVED
CATV1-P157-R3L,BEAUTY_CARE,FIJADOR ATENEA 80ML,abf21e50-eeba-4043-994f-673492de30f6,,41000,211b274aa96966a74236dc8ab7d96ec52580de9342b76df6bd3b66a8a5f9cb45,POLICY_APPROVED
CATV1-P157-R3R,BEAUTY_CARE,RUBOR COMPACTO,abf21e50-eeba-4043-994f-673492de30f6,,31000,e95cb5b3a8ee25ef2827b0794976b3e5646f7b27a48dfd22995efc9093281352,POLICY_APPROVED
CATV1-P158-R1L,BEAUTY_CARE,TINTA SERUM ATENEA,abf21e50-eeba-4043-994f-673492de30f6,,70000,812506d753ad9149061db666615fe900d9c02a116885bc68568781145817bb13,POLICY_APPROVED
CATV1-P158-R1R,BEAUTY_CARE,GEL FIJADOR DE CEJAS 5ML,abf21e50-eeba-4043-994f-673492de30f6,,19000,131a5596bea045fd45fb0a916af26044e009183451c06fdb04f94159d2c63573,POLICY_APPROVED
CATV1-P158-R2L,BEAUTY_CARE,RUBOR STICK ATENEA (4 TONOS ),abf21e50-eeba-4043-994f-673492de30f6,,45000,56eaacf9b5a79bf5bb94af29b07696b915add03055f93a31e74d8d35f516c25f,POLICY_APPROVED
CATV1-P158-R2R,BEAUTY_CARE,ILUMINDOR STICK (2 TONOS ),abf21e50-eeba-4043-994f-673492de30f6,,45000,4b1255662181bdcd6084e6754f4487e25d3ae86572f8318630a33ba17a1fea18,HUMAN_APPROVED
CATV1-P158-R3L,BEAUTY_CARE,(4 TONOS ),abf21e50-eeba-4043-994f-673492de30f6,,45000,7b8648f589b12718fd08b76a20924c4fb8bdaca17d6b52790d76d1094333059c,POLICY_APPROVED
CATV1-P158-R3R,BEAUTY_CARE,ILUMINADOR COMPACTO (4 TONOS),abf21e50-eeba-4043-994f-673492de30f6,,45000,a1a46d58416c310805a0894d46d048e0e461a617541bdc6bada4b347e26a0d23,POLICY_APPROVED
CATV1-P159-R1L,BEAUTY_CARE,CONTORNO COMPACTO (4 TONOS),abf21e50-eeba-4043-994f-673492de30f6,,45000,4fe3446d57b8fd3648ce7da1fc0db127fc2bbd66c44bec36fd50a97f94737507,POLICY_APPROVED
CATV1-P159-R1R,BEAUTY_CARE,BASE ATENEA 50ML,abf21e50-eeba-4043-994f-673492de30f6,,70000,c964172da57ea84d9cd6ccf5866302ec0fc7e03477c1e20066f39a85618353c3,POLICY_APPROVED
CATV1-P159-R2L,BEAUTY_CARE,CORRECTOR MINI ATENEA,abf21e50-eeba-4043-994f-673492de30f6,,20000,d1a000b8393ec67883e2184d0147a218c746bd4de67689f07cc3be9b163ed3e6,POLICY_APPROVED
CATV1-P159-R2R,BEAUTY_CARE,BROCHA TIPO GOTA PARA CORRECTOR ATENEA,abf21e50-eeba-4043-994f-673492de30f6,,33000,96b824ee22d230643dac5827aff28a15f41a709b6999f5448032696b7dd6b092,POLICY_APPROVED
CATV1-P159-R3L,BEAUTY_CARE,BROCHA RUBOR POLVO ATENEA,abf21e50-eeba-4043-994f-673492de30f6,,35000,ab05fd6d3af99dec065edfcf864743ce7e0becfdb3cb8c53e033e3cd991dc406,POLICY_APPROVED
CATV1-P159-R3R,BEAUTY_CARE,ATENEA,abf21e50-eeba-4043-994f-673492de30f6,,57000,eabb14ea0a6bb4e2354ec1c0edf99be7092b963ef6e4155a5f09c10f15054f5a,POLICY_APPROVED
CATV1-P160-R1L,BEAUTY_CARE,BROCHA POLVO Y CORRECTOR ATENEA,abf21e50-eeba-4043-994f-673492de30f6,,27000,c8f06953073d2d9506f90e408bef7d686573cf9a598295c0388cefd9c9364a97,POLICY_APPROVED
CATV1-P160-R1R,BEAUTY_CARE,BROCHA ILUMINADOR Y POLVO SUELTO ATENEA,abf21e50-eeba-4043-994f-673492de30f6,,24000,efd635299d74ebdb6a88f781704051008297e86116b4fc0390c9878a53a4dbff,POLICY_APPROVED
CATV1-P160-R2L,BEAUTY_CARE,BROCHA DIFUMINADORA,abf21e50-eeba-4043-994f-673492de30f6,,18000,12b1552992343554a7043a62be9efb7ff79a4559ed649959a28bccb44e88f4c1,POLICY_APPROVED
CATV1-P160-R2R,BEAUTY_CARE,BROCHA LAMINADO DE CEJAS,abf21e50-eeba-4043-994f-673492de30f6,,13000,6d11252c85e04a436bbef038e91c098e5d597a4e9cb0b34c7981b9b8d1a5acf9,POLICY_APPROVED
CATV1-P160-R3L,BEAUTY_CARE,PESTAÑINA PRUEBA DE AGUA,abf21e50-eeba-4043-994f-673492de30f6,,26000,07a0463c66d0a689c262de5968df941115759da4c855deb5564770d8330875c1,POLICY_APPROVED
CATV1-P160-R3R,BEAUTY_CARE,PESTAÑINA LAVABLE,abf21e50-eeba-4043-994f-673492de30f6,,26000,0ab1df7f55f3a2219128ec2453de1427ef37415775397828f85f8800c5cb7e6f,POLICY_APPROVED
CATV1-P161-R1L,BEAUTY_CARE,LIP BALM ATENEA,abf21e50-eeba-4043-994f-673492de30f6,,47000,09da15ffce329147a6c24d03196e17989b703328feeda44a9d2e4555c423bc73,POLICY_APPROVED
CATV1-P161-R1R,BEAUTY_CARE,COLOR PENCIL,abf21e50-eeba-4043-994f-673492de30f6,,16000,14ba9e3e7239ad533dc4e588bf41ebdcaa832240d5d178a77dd346395083d481,POLICY_APPROVED
CATV1-P163-R1L,BEAUTY_CARE,CORRECTOR MAJIKAL,52c89d28-6e86-49d7-838d-1ea3be7c096f,,33500,981426c660aea46393b723c15a4466a0b1c48a555cd9251271214f5d22b32131,POLICY_APPROVED
CATV1-P163-R1R,BEAUTY_CARE,RUBOR FLOR,52c89d28-6e86-49d7-838d-1ea3be7c096f,,40000,d7aac9156f24e7ed9aa449921417c483157efdd017d289e85d20e51264eec72b,POLICY_APPROVED
CATV1-P163-R2L,BEAUTY_CARE,CONTORNO EN CREMA,52c89d28-6e86-49d7-838d-1ea3be7c096f,,36000,902275f3b4bf5e5ed077dadeb323f75664e682c5be5da6e77fec592929b8e9f8,POLICY_APPROVED
CATV1-P163-R2R,BEAUTY_CARE,PALETA X4 MULTIUSOS,52c89d28-6e86-49d7-838d-1ea3be7c096f,,51000,9d6367a61b6928bbd7931223a38c574b93da2fc1c9c4c3951a4dcd96ed14dc8a,POLICY_APPROVED
CATV1-P163-R3L,BEAUTY_CARE,POLVO MAJIKAL,52c89d28-6e86-49d7-838d-1ea3be7c096f,,49000,2985b0d6afdacb2aa37f0b93be93f69a7d4061c3c6ab67b91dcbd3fe4cccd939,POLICY_APPROVED
CATV1-P163-R3R,BEAUTY_CARE,PROTECTOR SOLAR,52c89d28-6e86-49d7-838d-1ea3be7c096f,,56000,d464cdb3be9912520c1ff85dadec3c6b25078f73a114eb91165e616a49320e61,POLICY_APPROVED
CATV1-P164-R1L,BEAUTY_CARE,LIP OIL GLOS MAJIKAL,52c89d28-6e86-49d7-838d-1ea3be7c096f,,23000,514795a74e8a74fb422df9c78812cad91bd5f51301dfc504ad292af887762b12,POLICY_APPROVED
CATV1-P164-R1R,BEAUTY_CARE,LLAVERO KISS MAJIKAL,52c89d28-6e86-49d7-838d-1ea3be7c096f,,28000,2d007dff3e67b95af5878b4b747efe7f3a0067a92efba5e28bcf3a49174d9da2,POLICY_APPROVED
CATV1-P164-R2L,BEAUTY_CARE,LAPIZ DELINEADO MAGICO MAJIKAL,52c89d28-6e86-49d7-838d-1ea3be7c096f,,20000,48885f789000b5b322c4deb33bd0570705d46e571801039c0df313a31fd24b14,POLICY_APPROVED
CATV1-P164-R2R,BEAUTY_CARE,MANTEQUILLA MAJIKAL,52c89d28-6e86-49d7-838d-1ea3be7c096f,,37900,6d465dd0c011ab7f92c79036f7e198b872e0d1b2332372e43e7404ff8a47cc59,POLICY_APPROVED
CATV1-P164-R3L,BEAUTY_CARE,POLVO MAJIKAL MINI,52c89d28-6e86-49d7-838d-1ea3be7c096f,,31000,2985b0d6afdacb2aa37f0b93be93f69a7d4061c3c6ab67b91dcbd3fe4cccd939,HUMAN_APPROVED
CATV1-P164-R3R,BEAUTY_CARE,POLVO MAJIKAL MINI,52c89d28-6e86-49d7-838d-1ea3be7c096f,,16000,d0a44af5f0b532ec3ee256b809c820dcafc3395a363fd78aca128c189116a549,HUMAN_APPROVED
CATV1-P166-R1L,BEAUTY_CARE,FIJADOR PEQUEÑO NABA,db7a3532-3f9d-4056-a960-cbf98fe3f359,,35000,33204fdb47a34a9257339ecaebd001870ce404e11604475a632d0af50febf2d8,POLICY_APPROVED
CATV1-P166-R1R,BEAUTY_CARE,FIJADOR MEDIANO NABA,db7a3532-3f9d-4056-a960-cbf98fe3f359,,56000,132154133cb02af333b4dfa27e04653d130f71967f0a818d6ac25be623f0c886,POLICY_APPROVED
CATV1-P166-R2L,BEAUTY_CARE,FIJADOR GRANDE NABA,db7a3532-3f9d-4056-a960-cbf98fe3f359,,66000,fd7ace1caa36195d1cc67ecb413a14b90ce7236adfeb1bc039a2475a074f1eb6,POLICY_APPROVED
CATV1-P168-R1L,BEAUTY_CARE,RUBOR MINERALIZADO,dba9ca71-ba8e-4e1c-bbe0-c71c3e1bbfbb,,25000,c02eee43c392a5be6f01d37ec81cf6b9d0e31d2ae28300ea1a0d5406de0d2ad6,POLICY_APPROVED
CATV1-P168-R1R,BEAUTY_CARE,POLVOS ANIK,dba9ca71-ba8e-4e1c-bbe0-c71c3e1bbfbb,,37000,0e8dc83c5078c539e280410d59d747840198666144990b3c20ea2d27c4f29ae3,POLICY_APPROVED
CATV1-P168-R2L,BEAUTY_CARE,BASEANIK,dba9ca71-ba8e-4e1c-bbe0-c71c3e1bbfbb,,45000,23c8fd1ed9393990be4e7f822468987c9c7c617d5b5c2bb8f21d8c753d285595,POLICY_APPROVED
CATV1-P168-R2R,BEAUTY_CARE,ILUMINADOR ANIK,dba9ca71-ba8e-4e1c-bbe0-c71c3e1bbfbb,,26000,ffe97616b7d317fd86a47f42fbc841386a904179a6f628dc8adbd6838caa9eed,POLICY_APPROVED
CATV1-P168-R3L,BEAUTY_CARE,BETUN ANIK,dba9ca71-ba8e-4e1c-bbe0-c71c3e1bbfbb,,24000,e77fb7d954a3796c1ca431abae7c63053e2886e6470ae8e86088b8ee4bd93582,POLICY_APPROVED
CATV1-P168-R3R,BEAUTY_CARE,GLOSSANIK,dba9ca71-ba8e-4e1c-bbe0-c71c3e1bbfbb,,23000,b675d841258a0f03890ab2e62978cb8e100fb0a98dc42638095b856e9b5415ba,POLICY_APPROVED
CATV1-P169-R1L,BEAUTY_CARE,RUBOR BONITAEN POLVO,dba9ca71-ba8e-4e1c-bbe0-c71c3e1bbfbb,,21000,e7e23648b5a29d73c6369adc0495256710ce77434c665872e34335b2029f696c,POLICY_APPROVED
CATV1-P169-R1R,BEAUTY_CARE,ILUMINADOR RADIANTE ANK,dba9ca71-ba8e-4e1c-bbe0-c71c3e1bbfbb,,26000,a0563b3b63d2adb84abadff859ef0641c100915f4993be69fafd831c01522bdb,POLICY_APPROVED
CATV1-P169-R2L,BEAUTY_CARE,RUBORBONITA,dba9ca71-ba8e-4e1c-bbe0-c71c3e1bbfbb,,29000,834c91cd58e9f49690f0d64658d8d65b1fd6bbd864f3938a6dfa7c3c9193f25e,POLICY_APPROVED
CATV1-P169-R2R,BEAUTY_CARE,CORRECTOR ANIK NUEVO,dba9ca71-ba8e-4e1c-bbe0-c71c3e1bbfbb,,25000,8196b4a5894c97a271e64feb59a97f49b2d52689b177f40ff0020bdfe83e9187,POLICY_APPROVED
CATV1-P169-R3L,BEAUTY_CARE,PESTAÑINA ANIK SOLO ROSADA,dba9ca71-ba8e-4e1c-bbe0-c71c3e1bbfbb,,25000,1e4b3cd919aee549d94a65cc0ee9e3b01816527d5f9265e7e4527d7d1b6f033f,POLICY_APPROVED
CATV1-P169-R3R,BEAUTY_CARE,PESTAÑINA ANIK CAFE,dba9ca71-ba8e-4e1c-bbe0-c71c3e1bbfbb,,25000,4d80c0a2dc57d84443e46c4c73056d53ae59c7606164013ea5f582fa17a13a70,POLICY_APPROVED
CATV1-P170-R1L,BEAUTY_CARE,CONTORNO ANIK,dba9ca71-ba8e-4e1c-bbe0-c71c3e1bbfbb,,28000,779a1383e031079b4ec6dee46daa4157062d8b4cf92a74bfc9c152b8fe85c8e1,POLICY_APPROVED
CATV1-P170-R1R,BEAUTY_CARE,ILUMINADOR EN CREMA,dba9ca71-ba8e-4e1c-bbe0-c71c3e1bbfbb,,35000,d281bcdb2db1f718440557ceb0a89127c4ad2286349be56c0456391c40e0fb02,POLICY_APPROVED
CATV1-P170-R2L,BEAUTY_CARE,LAPIIZ ANIK 4 TONOS,dba9ca71-ba8e-4e1c-bbe0-c71c3e1bbfbb,,16000,2b1681d1cac20b886ac9b3439d620a9664fb80eda8cbc2b8560ce8d810a4f452,POLICY_APPROVED
CATV1-P170-R2R,BEAUTY_CARE,LAPIZ DE CEJAS ANIK,dba9ca71-ba8e-4e1c-bbe0-c71c3e1bbfbb,,18000,c18a7585eeb630c2063afd51cb02290564153373bb15adc5bddeadd18480cbf4,POLICY_APPROVED
CATV1-P170-R3L,BEAUTY_CARE,LIP BALM ANIK,dba9ca71-ba8e-4e1c-bbe0-c71c3e1bbfbb,,22000,a573fe35d63cb5c647ccc4aa552c9f9d0df88deca9f434331e575a9b5c93cd30,POLICY_APPROVED
CATV1-P170-R3R,BEAUTY_CARE,PESTAÑINA BROW PARADISE,dba9ca71-ba8e-4e1c-bbe0-c71c3e1bbfbb,,25000,069ea66dbf842cbf2a1611b61a97e859c4a384953bde6423dd89eeeb484fb5ae,POLICY_APPROVED
CATV1-P171-R1L,BEAUTY_CARE,RUBOR SERUM ANIK,dba9ca71-ba8e-4e1c-bbe0-c71c3e1bbfbb,,29000,89d5c1cbc73f84d5d2076a8258e2fd0b9d4dd942aaccbd7b9b062ba94d36addb,POLICY_APPROVED
CATV1-P171-R1R,BEAUTY_CARE,BROCHA ICONI-K,dba9ca71-ba8e-4e1c-bbe0-c71c3e1bbfbb,,23000,90af0470dac793ecc60eac0a8f470917f06b2c4027b7c6da87c6efd6a4d873bf,POLICY_APPROVED
CATV1-P171-R2L,BEAUTY_CARE,GEL CEJAS ANIIK,dba9ca71-ba8e-4e1c-bbe0-c71c3e1bbfbb,,23000,1bcadcf41ccaec5494a550cd62a6cbdd6e7b24a1615ebd5e17b4e2241e040f27,HUMAN_APPROVED
CATV1-P173-R1L,BEAUTY_CARE,CORRECTOR FLAWLES,d90c6030-d3b7-4536-96bc-388cfe16a805,,17500,6ec601d308172157fa0a604a858cbb25b58d7aa1351db1b891f17e6ab438307c,POLICY_APPROVED
CATV1-P173-R1R,BEAUTY_CARE,GEL MELU NUEVO,d90c6030-d3b7-4536-96bc-388cfe16a805,,21500,3640235c5e639acd4ffa3b9aca5841a922ac34c46031288c8092faf115d5342b,POLICY_APPROVED
CATV1-P173-R2L,BEAUTY_CARE,JABON DE CEJAS MELU,d90c6030-d3b7-4536-96bc-388cfe16a805,,15000,e29fdf23e718f16d6547ef012dde65c2abeae31758dddbed22eafb8c6ea5da32,POLICY_APPROVED
CATV1-P173-R2R,BEAUTY_CARE,LIP OIL,d90c6030-d3b7-4536-96bc-388cfe16a805,,16000,dc3623bd3a7c7505599ce98673106f34c8551c4f10f15448dcc5af6cc535949f,POLICY_APPROVED
CATV1-P173-R3L,BEAUTY_CARE,LAPIZ RETRACTIL NEGRO,d90c6030-d3b7-4536-96bc-388cfe16a805,,11900,5dd0c45244d21f768a131989a55f765ef878cf393b24f5702130ab2460f4fae7,POLICY_APPROVED
CATV1-P175-R1L,BEAUTY_CARE,BASE 2 EN 1,e466082b-7532-4204-b781-94650387a81f,,38800,3f4f01c90a3283ad8853edc22d948079b1096434017ff5f17ab185aca71af25c,POLICY_APPROVED
CATV1-P175-R1R,BEAUTY_CARE,DELINEADOR,e466082b-7532-4204-b781-94650387a81f,,13000,47c1bc8c78d8d80eece61821b01162e4e3e5b61547e548be1f4a09aa44b30719,HUMAN_APPROVED
CATV1-P175-R2L,BEAUTY_CARE,BORLA TERCIOPELO,e466082b-7532-4204-b781-94650387a81f,,9000,2b331fcd8a7c2adb37cede8043cd79bba95962c9654a8e564262c254074bd9ce,POLICY_APPROVED
CATV1-P175-R2R,BEAUTY_CARE,DEADEMARENO,e466082b-7532-4204-b781-94650387a81f,,13000,3c13fd580d72d490864e8649161f46d01f2a2f53c22dbfdc345da0babf802c70,POLICY_APPROVED
CATV1-P176-R1L,BEAUTY_CARE,POLVO COMPACTO Y POLVO SOLO TONO ROSADO,e466082b-7532-4204-b781-94650387a81f,,34000,bf27b07fc1105840ffe00477311c31003eadbcaf61206365264663d259e3e714,POLICY_APPROVED
CATV1-P176-R1R,BEAUTY_CARE,BORLA INDIVIDUAL,e466082b-7532-4204-b781-94650387a81f,,6000,d46ce4094e8225b9631d5d3cf297e91c06073bc8a52555902bc36cdfb010d690,POLICY_APPROVED
CATV1-P176-R2R,BEAUTY_CARE,RUBOR 3 TONOS 5,e466082b-7532-4204-b781-94650387a81f,,13000,c1bb337654ed1d1c0298d116a81386fb592aed1652ee6eea1d8e00d8c64818e3,POLICY_APPROVED
CATV1-P176-R3L,BEAUTY_CARE,DEADEMAOSOBRILLO,e466082b-7532-4204-b781-94650387a81f,,13000,221e66a65b7360e216f08f39571dd07314dd6b6b052f419144a0b8fc19bf61ec,HUMAN_APPROVED
CATV1-P177-R1L,BEAUTY_CARE,REPUESTOS ENCRESPADOR,e466082b-7532-4204-b781-94650387a81f,,7000,19ebe266b658c6ce2b6c6b71bdc4359d9505f970c5a0e2c3ccd53179c5e32972,POLICY_APPROVED
CATV1-P177-R1R,BEAUTY_CARE,BLOOMLIPPARRTY,e466082b-7532-4204-b781-94650387a81f,,16000,7a032db666379fdb9783d644bb347ca6f7ee28df44a8b146665a34e6de314719,POLICY_APPROVED
CATV1-P177-R2L,BEAUTY_CARE,POLVO TRASLUCIDO GRANDE BLANCO,e466082b-7532-4204-b781-94650387a81f,,41000,492b6f9c92811d18ac4462e716f64166efae6786dc56b0b8dfa37d2c173898fa,POLICY_APPROVED
CATV1-P177-R2R,BEAUTY_CARE,RUBOR X3 (PREGUNTA LOS TO,e466082b-7532-4204-b781-94650387a81f,,39000,524317291955c72caf52ae4e9b53005bfe4c53b9872d64e383e5ac32546d598a,POLICY_APPROVED
CATV1-P177-R3L,BEAUTY_CARE,BASE EN BARRA TONOS),e466082b-7532-4204-b781-94650387a81f,,16000,dea53b30c83e24e10c2856fb5a71f319d7a3fe4705e0456df5450bc55769fe49,POLICY_APPROVED
CATV1-P177-R3R,BEAUTY_CARE,BROCHA MOFETA BLOOM,e466082b-7532-4204-b781-94650387a81f,,16000,6e4e7489e99b3238f60535877deee12c22e2955c5a2d7c6a5f9cb33715037411,POLICY_APPROVED
CATV1-P178-R1L,BEAUTY_CARE,PESTAORGNICAS MADELYN,e466082b-7532-4204-b781-94650387a81f,,11000,87e54654b8c649c983c57986beed1cb48fb390ed152bec6f115fa8a006a68770,POLICY_APPROVED
CATV1-P178-R1R,BEAUTY_CARE,PELOAPELO,e466082b-7532-4204-b781-94650387a81f,,11000,21a69c8b7e54dfde899052622bf4426b4cd75c525ad5f3bcb34ac283f96e4d7d,POLICY_APPROVED
CATV1-P178-R2L,BEAUTY_CARE,PESTAÑAS ENTERAS,e466082b-7532-4204-b781-94650387a81f,,9000,70b5bee282bcf43b77e5abb25b91fab69bccbb3f3d56c078bcd67ee47a41a8a9,POLICY_APPROVED
CATV1-P178-R2R,BEAUTY_CARE,APLICADOR DE PESTAÑINA,e466082b-7532-4204-b781-94650387a81f,,7000,3eadf0516e25a1b8ec52788d6f7d90d8d981d4436dce4c29cfe74accadeaacd1,POLICY_APPROVED
CATV1-P178-R3L,BEAUTY_CARE,BORLABIG NEGRA,e466082b-7532-4204-b781-94650387a81f,,7000,90c03496ca5310a42c66e92e72ba45dfb6a96a0956cf362031d69945c3cc646a,POLICY_APPROVED
CATV1-P178-R3R,BEAUTY_CARE,BROCHA SILICONA,e466082b-7532-4204-b781-94650387a81f,,13000,ded4b07cf644d964a5d2cf963f7f59ea879edbd536f28f6060aa315211a36796,POLICY_APPROVED
CATV1-P179-R1L,BEAUTY_CARE,POLVO PINK BLOOM,e466082b-7532-4204-b781-94650387a81f,,31000,4d8d406cc7d75a4aedba291207ac52320562f25b4ec72cb160d243c619237a7f,POLICY_APPROVED
CATV1-P179-R1R,BEAUTY_CARE,LAPIZ DE LABIOS TODOS LOS TONOS,e466082b-7532-4204-b781-94650387a81f,,11000,2ee030d82de330a7a1222886dafaaaf1776a1f6d8e5e7b02898ba8173722c4ec,POLICY_APPROVED
CATV1-P179-R2L,BEAUTY_CARE,LIP CREAM BLOOM,e466082b-7532-4204-b781-94650387a81f,,13000,3908a89117bcb17a1b10d6726eb18fcd53b1590e5b6b3d1518afad259b9df825,POLICY_APPROVED
CATV1-P179-R2R,BEAUTY_CARE,JUICY GLOSS,e466082b-7532-4204-b781-94650387a81f,,16000,60aebd7a7a0aba1874669650b4e2d694bd5f4100968ae04a0e9e1f8e1d2b150a,POLICY_APPROVED
CATV1-P179-R3L,BEAUTY_CARE,BLOOM LOVE,e466082b-7532-4204-b781-94650387a81f,,16000,cb419011d3e136a4e411d418851ceb32d863a07e35afb354ff91bc80694d97b9,POLICY_APPROVED
CATV1-P180-R1L,BEAUTY_CARE,BIG BLENDER NEGRO,e466082b-7532-4204-b781-94650387a81f,,13000,6ce422466355493205b84fb613edb323ec4eb312e5565bb29a8b80f1d43570ac,POLICY_APPROVED
CATV1-P180-R1R,BEAUTY_CARE,CAJA DE PESTAÑAS,e466082b-7532-4204-b781-94650387a81f,,16000,8a8b7b97f72d3a3befd85d91c330018f626d421617e5f962f62faa2ee4ac086f,POLICY_APPROVED
CATV1-P180-R2R,BEAUTY_CARE,DEADEMAOSO,e466082b-7532-4204-b781-94650387a81f,,13000,d3c160c727bdb4421063e596e8b3c227fdf06a3ca252336bafecb406a482ce49,POLICY_APPROVED
CATV1-P180-R3R,BEAUTY_CARE,DEADEMACORAZON,e466082b-7532-4204-b781-94650387a81f,,13000,6ddcfa2fdd59ab3f89c97fd2df48087d699acb91034637b8a548fab477b848d0,POLICY_APPROVED
CATV1-P181-R1R,BEAUTY_CARE,CORRECTOR XL,e466082b-7532-4204-b781-94650387a81f,,39500,a0fa11fef5059f0bf751ee70c09ae4fcf9365a45156fab6f53d1182decb0cd78,POLICY_APPROVED
CATV1-P181-R2L,BEAUTY_CARE,BLOOM KISS,e466082b-7532-4204-b781-94650387a81f,,14000,377f65caf90c744ba00b49114ad2da5f9c6cd23f25af73d1264b55a83817f6f0,HUMAN_APPROVED
CATV1-P181-R2R,BEAUTY_CARE,VIAL») 16.UUU,e466082b-7532-4204-b781-94650387a81f,,16000,0b5e8b4eabe3d6a1e2ea06ea96fc390303614e839869640df8e971be14c8de17,POLICY_APPROVED
CATV1-P181-R3L,BEAUTY_CARE,POLVO PURPURE BIG,e466082b-7532-4204-b781-94650387a81f,,36000,43e1c192ea91475f38c16ae3130aa7a104c18a49d2b8d3792db2587c6b3f8e7b,POLICY_APPROVED
CATV1-P181-R3R,BEAUTY_CARE,BROCHAS NUDE ELEGANCE,e466082b-7532-4204-b781-94650387a81f,,29000,b3b02b51f3dc33dfaba2c12a4436d9a8369bca0ad459d25cf4d741fb6b5880b1,HUMAN_APPROVED
CATV1-P182-R1L,BEAUTY_CARE,BROCHAS NUDE ELEGACE,e466082b-7532-4204-b781-94650387a81f,,29000,2ecb6d38704baadaac669c92fa8f3a29a0c3b3832f3790bd4767d20a1d8e9d06,POLICY_APPROVED
CATV1-P182-R1R,BEAUTY_CARE,TINTA BLOOM TONO 1,e466082b-7532-4204-b781-94650387a81f,,19000,3108e6d8d96add2671994e39402ccdaaff99670d62f45a73efa8854ff7856fbd,POLICY_APPROVED
CATV1-P182-R2R,BEAUTY_CARE,BROCHAS BRUSH,e466082b-7532-4204-b781-94650387a81f,,16000,2450fc17c3d90ec05ab555125f3cacb664f483068877aa0892271f79e125f942,POLICY_APPROVED
CATV1-P182-R3L,BEAUTY_CARE,PALETA KISS LOVE,e466082b-7532-4204-b781-94650387a81f,,23000,8255a22550d186981a41ed8499a409ed22ae73418c57b586d0b2ebf283870881,POLICY_APPROVED
CATV1-P183-R1L,BEAUTY_CARE,BLOOM FRESH,e466082b-7532-4204-b781-94650387a81f,,16000,54a11193cf5a8145c201962d603317ee56eed7a8c627ecfd2f2626cd17af4123,POLICY_APPROVED
CATV1-P183-R1R,BEAUTY_CARE,BASE CUSHION TODOS LOS TONOS,e466082b-7532-4204-b781-94650387a81f,,31000,bdc339e93aa6b23b4e4af741606c25d4041ff6a66f230ef91f71246e913b5c2d,POLICY_APPROVED
CATV1-P183-R2L,BEAUTY_CARE,RUBOR LIQUIDO TONO 2 Y TONO 3,e466082b-7532-4204-b781-94650387a81f,,21000,fdf50d8dfe4cbaf4521e23807be858fb1dc2f3357d8068ce5ba2e7957ddd7c6d,POLICY_APPROVED
CATV1-P183-R2R,BEAUTY_CARE,BLOOM NECTAR TODOS LOS TONOS,e466082b-7532-4204-b781-94650387a81f,,16000,844403e0b9f65b3a6f5cd6f47b4a7f720363a41732bfb6c117b10bbe92d152ce,POLICY_APPROVED
CATV1-P183-R3L,BEAUTY_CARE,KISS TINT SHELL,e466082b-7532-4204-b781-94650387a81f,,16000,68f2a7852f494ee84b50cc51b1b14435b1bbc50a20510705c1e5ef7282dfa3fa,POLICY_APPROVED
CATV1-P183-R3R,BEAUTY_CARE,BRONZER SCULT,e466082b-7532-4204-b781-94650387a81f,,32500,06f94f5d848d9d1787d080a3fc4e8df590506c73ca03791edd1e3e5fa592c023,POLICY_APPROVED
CATV1-P184-R1L,BEAUTY_CARE,POLVO TRASLUCIDO PINK,e466082b-7532-4204-b781-94650387a81f,,41000,b8530ddc0dbf43011201e4f79bfb66c2610caea53aeb055b12c8a6dbf3509037,POLICY_APPROVED
CATV1-P184-R1R,BEAUTY_CARE,LIP COCO NUT,e466082b-7532-4204-b781-94650387a81f,,16000,92ca5ab1d8291f68e4c2a298eadcacef53eeeb423ce31c122fb53b6d343552f6,POLICY_APPROVED
CATV1-P184-R2L,BEAUTY_CARE,BLOOM MINI KISS,e466082b-7532-4204-b781-94650387a81f,,6000,ba648d9fb0bdf803928b49b7d7cedba9a55b87fef2e39ab8456140af5bc95abe,POLICY_APPROVED
CATV1-P184-R2R,BEAUTY_CARE,PALETA DE RUBORES,e466082b-7532-4204-b781-94650387a81f,,39000,82ba932a70bb91240d8bf4b2c4c1b5c455ff316dd816ba9e70f7e505070c680c,POLICY_APPROVED
CATV1-P184-R3L,BEAUTY_CARE,BLOOM HONEY,e466082b-7532-4204-b781-94650387a81f,,16000,cfe1e5b1c6bd2b06c7286c26da4ece405211cb58ababdf0ec3b540a69d058175,POLICY_APPROVED
CATV1-P184-R3R,BEAUTY_CARE,BLOOM TOUCH LOVE,e466082b-7532-4204-b781-94650387a81f,,19000,62b86609ab49615371da64ec17ac8709eb67722cc4f1b6d53fb5f754bcb85acd,POLICY_APPROVED
CATV1-P185-R1L,BEAUTY_CARE,CORRECTOR 10ML ALGUNOS TONOS,e466082b-7532-4204-b781-94650387a81f,,26000,f144a8f4177fd46364338a96c2b773feadd40df6191bca6938c05737b34fe141,POLICY_APPROVED
CATV1-P185-R1R,BEAUTY_CARE,BLOOM TOUCH CAT,e466082b-7532-4204-b781-94650387a81f,,19000,ce19eb24799184b304ec16e777580e5299ba2e44baa5701ab784fb8bcecd086c,POLICY_APPROVED
CATV1-P185-R2L,BEAUTY_CARE,PRIMER CREAM,e466082b-7532-4204-b781-94650387a81f,,26000,4ac68ec1bbc6c73adf30d3815ddfe32a04461175e8a8e2f976f4f3eb26f046bc,POLICY_APPROVED
CATV1-P185-R2R,BEAUTY_CARE,PRIMER,e466082b-7532-4204-b781-94650387a81f,,25000,d55b133ba5160a2619dc6ddc0ca9e1c4a81c691d7e611d49051ffafac92be073,POLICY_APPROVED
CATV1-P185-R3L,BEAUTY_CARE,BLOOM TINT BERRY,e466082b-7532-4204-b781-94650387a81f,,21000,5426520b2615f6a05f50f7a37d3b6ed7962b6c639baa46306592e40bf549bc63,POLICY_APPROVED
CATV1-P185-R3R,BEAUTY_CARE,TINTA BUBBLE,e466082b-7532-4204-b781-94650387a81f,,16000,c801ed8de84a67137bee9def176c85d15ef2f4de88636193a15f1aa23e06bdb1,POLICY_APPROVED
CATV1-P186-R1L,BEAUTY_CARE,FIJADOR GRANDE XMAPYOR$29.000,e466082b-7532-4204-b781-94650387a81f,,48500,e925783196169495c18b872c3a6450319f4a2c6a1f42f431561579636f8f1b9b,POLICY_APPROVED
CATV1-P186-R1R,BEAUTY_CARE,FIJADOR MINI,e466082b-7532-4204-b781-94650387a81f,,29000,09165fada6879263543ecbb8a93175b57dcf9f589313d54ffe863e2159907d20,POLICY_APPROVED
CATV1-P186-R2L,BEAUTY_CARE,BLOOMING JELLY 4 TONOS,e466082b-7532-4204-b781-94650387a81f,,16000,545cd88f32058464826d0a11c81005c34b528c95146207e6bad68088b4611289,POLICY_APPROVED
CATV1-P186-R2R,BEAUTY_CARE,MIST FIX HIDRATANTE,e466082b-7532-4204-b781-94650387a81f,,27000,07e934f105d182bbdbf2928eb87dde5df89694593fdbd174450bfb85ab7d8a7d,POLICY_APPROVED
CATV1-P186-R3L,BEAUTY_CARE,PALETA NUDE 2 TONOS,e466082b-7532-4204-b781-94650387a81f,,36000,bf0a2f26896208856ad5869b97bf5a07ea8c6ecfe7f978c01c0b06a254e5cbfa,POLICY_APPROVED
CATV1-P186-R3R,BEAUTY_CARE,BLOOM LAMINATION,e466082b-7532-4204-b781-94650387a81f,,20000,6b2d4304133897685401a7f1431382ce45288ec210cc580dc24d80450a0e1404,POLICY_APPROVED
CATV1-P187-R1L,BEAUTY_CARE,BLOOM CHERRY,e466082b-7532-4204-b781-94650387a81f,,16000,90d95b467e8a8d27820f5451066f863771a07091396c18f49502416df0a4c0b8,POLICY_APPROVED
CATV1-P187-R2L,BEAUTY_CARE,GLOSS NUDE,e466082b-7532-4204-b781-94650387a81f,,29000,a69805acf6e51aeadeb370be48a48a8b3b0a646695cb381fc65ae9dc91d4a4b1,POLICY_APPROVED
CATV1-P187-R2R,BEAUTY_CARE,TUS MINIS FAVORITOS,e466082b-7532-4204-b781-94650387a81f,,26000,70de110116b5e8543306b7fe93ab3e923e3d2fd3bd7497c201d8d9a8d3554fd3,POLICY_APPROVED
CATV1-P187-R3L,BEAUTY_CARE,GLOSS BLOOM DUO,e466082b-7532-4204-b781-94650387a81f,,21000,dbfc0436af4503fc5d015c44e745167f4428a2d4d2763485b2dd212aaa80aa31,POLICY_APPROVED
CATV1-P187-R3R,BEAUTY_CARE,BLUSH BLOOM,e466082b-7532-4204-b781-94650387a81f,,17000,5e93ee9e8be0c4aae12bab40cd56ba50a124bc80bc884e012cd3bc64c1bbc6e9,POLICY_APPROVED
CATV1-P188-R1L,BEAUTY_CARE,BLOOM BLUSHY,e466082b-7532-4204-b781-94650387a81f,,26000,c8a290c010ae9ed7dbbd159a1a609ed20c788256696a23de9540ed3b27919323,POLICY_APPROVED
CATV1-P188-R1R,BEAUTY_CARE,BLOOM DESMQUILLANTES,e466082b-7532-4204-b781-94650387a81f,,21000,45e8d2562612574d4673250b4261d84ecebd7586367ee735c71f40d13af235f3,POLICY_APPROVED
CATV1-P188-R2L,BEAUTY_CARE,BYE BYE GRANOS,e466082b-7532-4204-b781-94650387a81f,,13000,e3bafca9f64dafbc21ee28116559bb438c6ce29d0c276ad21b2e6f05bf36117a,POLICY_APPROVED
CATV1-P188-R2R,BEAUTY_CARE,BLOOM GIOLA,e466082b-7532-4204-b781-94650387a81f,,23000,b5c8528f223e96a0275224dd8a5db66793f3990e2b08e28ca733333f6707b07b,POLICY_APPROVED
CATV1-P188-R3L,BEAUTY_CARE,LAPIZ DE CEJAS,e466082b-7532-4204-b781-94650387a81f,,13000,5608248cd03135feb0d18d6b19a7d4d1dc1b14ec184f27f141708b161a89f0ef,POLICY_APPROVED
CATV1-P188-R3R,BEAUTY_CARE,PESTAÑINA CAFE,e466082b-7532-4204-b781-94650387a81f,,33000,dc05baaaad57de15dec1a622b71b86fda42d500edd7545443fd78717dded76b0,POLICY_APPROVED
CATV1-P189-R1L,BEAUTY_CARE,BLOOM BRONZER 01 Y 02,e466082b-7532-4204-b781-94650387a81f,,29000,3cf2de55fff85bc1ae8d36694d014368e0228d962b4b545f25bda350bf970a2f,POLICY_APPROVED
CATV1-P189-R1R,BEAUTY_CARE,BYE BYE BUBBLES,e466082b-7532-4204-b781-94650387a81f,,12000,f39066a543310570198309987eb7de7f3a3fe61754e8539a8831000e7b956bbf,POLICY_APPROVED
CATV1-P189-R2L,BEAUTY_CARE,BLOOM PUFF PRIMER,e466082b-7532-4204-b781-94650387a81f,,25000,eeb14ae89d512714ea153061727ba5a0f94c7e87d472c942aa7d31796c93ebaf,POLICY_APPROVED
CATV1-P189-R2R,BEAUTY_CARE,BLOOM LAPIZ BEIGE,e466082b-7532-4204-b781-94650387a81f,,11000,83dcff5c960edb4b59b42dcfd5e5090e1b07ddd1e5a7693642bf2cc27d506a22,POLICY_APPROVED
CATV1-P189-R3L,BEAUTY_CARE,BLOOM LAPIZ CAFE,e466082b-7532-4204-b781-94650387a81f,,11000,ec55681e9ab5f77d6d8cfb23b8c3ec54e6d7b4e2ed691694dac7f809b4b84d0f,POLICY_APPROVED
CATV1-P189-R3R,BEAUTY_CARE,3 TONOS,e466082b-7532-4204-b781-94650387a81f,,18000,1149cd97bce6595db071ab0802ac347844afa6a5ff1704e080cd5dfd5af29cab,POLICY_APPROVED
CATV1-P190-R1L,BEAUTY_CARE,GLOSS SINERA SHINE,e466082b-7532-4204-b781-94650387a81f,,17000,242d2db38f62c8b8921a54e1dd429595ab4efffdb4c565ed92b937f2c7d82024,POLICY_APPROVED
CATV1-P190-R1R,BEAUTY_CARE,BLOOM MEOW GATITO,e466082b-7532-4204-b781-94650387a81f,,17000,1b9c65e999ef0a07399fe4d541951c9d9f3ed9de45cfd925023623fe4e597ec5,POLICY_APPROVED
CATV1-P190-R2L,BEAUTY_CARE,BLOOM CRISTAL,e466082b-7532-4204-b781-94650387a81f,,17000,38905d642a35f9d8af023c81302f7806adcbcec603c2864cbf01327b3f05d421,POLICY_APPROVED
CATV1-P190-R2R,BEAUTY_CARE,BLUSH SHELL PREGUNTA TONOS,e466082b-7532-4204-b781-94650387a81f,,17000,2a013233d9e4f54e81955599dce7f07dceb7b2359a23da3d36eeff0ed5126f56,POLICY_APPROVED
CATV1-P190-R3L,BEAUTY_CARE,BLOOM FILTER GRANDE,e466082b-7532-4204-b781-94650387a81f,,41000,fe64074a5dfffacd06b2313e8e851d4540bd10a9ceb97df495a134d01f02fcb6,POLICY_APPROVED
CATV1-P190-R3R,BEAUTY_CARE,BLOOM FUSION COMPACTO,e466082b-7532-4204-b781-94650387a81f,,34600,2bafd8a5b7fc456d004f061d48d6e155339a57b9408bb952e88fafbeefa9da2c,POLICY_APPROVED
CATV1-P191-R1L,BEAUTY_CARE,BLOOM FILTER PEQUE,e466082b-7532-4204-b781-94650387a81f,,33000,635d9bf4c9d63358e12e3afa4e282b3ce0ef9a05fc4cc56d8496a9c827aea656,POLICY_APPROVED
CATV1-P191-R1R,BEAUTY_CARE,BLOOM DULCE,e466082b-7532-4204-b781-94650387a81f,,23000,5a7080f0e93a8b9dda531b5be011ba3aefb1060d2e0ae7b0047c830de43bb3e6,POLICY_APPROVED
CATV1-P191-R2L,BEAUTY_CARE,TUS MINI INFALTABLES,e466082b-7532-4204-b781-94650387a81f,,26000,3c8da7d290c2b553a63638cd4649006c4a40a9c3dc0356dbb9999556a38d1810,POLICY_APPROVED
CATV1-P191-R2R,BEAUTY_CARE,SERUM REHAD LABIAL,e466082b-7532-4204-b781-94650387a81f,,16000,e1b0e77d5f08f13a4e054ea8567d0509d52894657f64540fa3c50e97c512d7b0,POLICY_APPROVED
CATV1-P191-R3L,BEAUTY_CARE,BLOOM BROWTIFUL,e466082b-7532-4204-b781-94650387a81f,,20000,35ae045583bd2b4fea3e606fabc87e2e2ce56c07539c44672c08504385d3dddf,POLICY_APPROVED
CATV1-P192-R1L,BEAUTY_CARE,LABIOS DE SEDA,e466082b-7532-4204-b781-94650387a81f,,22000,4c66aa75b59dd1009ef64a6d6df957f586211cac4cef45f0a5066313f9cbd334,POLICY_APPROVED
CATV1-P192-R1R,BEAUTY_CARE,BLOOM LIP LINER PRO,e466082b-7532-4204-b781-94650387a81f,,18000,2f52f6b9e1c65f94695db89ff797b310c0cdebe5c857cae2e5a7e4b1a980f0aa,POLICY_APPROVED
CATV1-P192-R2L,BEAUTY_CARE,BLOOM POLVO DE HADAS 2 TONOS,e466082b-7532-4204-b781-94650387a81f,,13000,f298569173242357f5702261120bfadd5d2869a47fb52c5ec3ad594f0a9045dd,POLICY_APPROVED
CATV1-P192-R2R,BEAUTY_CARE,CONTROL OIL,e466082b-7532-4204-b781-94650387a81f,,26000,9e09ba3f562002e11bea2b405aa245adf6383883a0b043751912cc84f0a74013,POLICY_APPROVED
CATV1-P192-R3L,BEAUTY_CARE,POLVO DE HADAS ROSY,e466082b-7532-4204-b781-94650387a81f,,16000,9001a88be68ecd573a08179d0dec3f4e1f9f7170b23f5b2eea66174fc09ee479,POLICY_APPROVED
CATV1-P192-R3R,BEAUTY_CARE,BLOOM SEDUCTORA,e466082b-7532-4204-b781-94650387a81f,,17800,88a6808482bf3128132f52aba23ea39bcb8aac41528fdfb56fe81f2ea9245159,POLICY_APPROVED
CATV1-P193-R1L,BEAUTY_CARE,BLOOM LIP OIL ONE,e466082b-7532-4204-b781-94650387a81f,,17000,3ee777362f1acfd6c53d55e2c030dcb23881c05d6ee28f6ea2f9d268e853670e,POLICY_APPROVED
CATV1-P193-R2L,BEAUTY_CARE,CANDY SHELL,e466082b-7532-4204-b781-94650387a81f,,16000,ff2f37c26510709b4b8eec6830d324aa037ec17d0465c639edd26a25e74f22b0,POLICY_APPROVED
CATV1-P193-R2R,BEAUTY_CARE,BLOOM VOLUMINIZADOR,e466082b-7532-4204-b781-94650387a81f,,16000,7410a866538d993dde4cdf447d19dbc8666577cf2b83c676b37ca8e12b265be9,POLICY_APPROVED
CATV1-P193-R3L,BEAUTY_CARE,SOMBRA LUXURY,e466082b-7532-4204-b781-94650387a81f,,46000,34d32eb9ad71316b48395ed5938d905d346e87de39af3ea4e223c147f29b6791,POLICY_APPROVED
CATV1-P193-R3R,BEAUTY_CARE,LIP KIP,e466082b-7532-4204-b781-94650387a81f,,23000,bb74516ae7e684722f5c59b14dfdf9d8e55ca1b7bcb755a33e5727b00df54f1a,POLICY_APPROVED
CATV1-P194-R1L,BEAUTY_CARE,BLUSH MAGIC,e466082b-7532-4204-b781-94650387a81f,,20000,e96bed014b3c65f500a2287358dd053d766bafc32464f99c789a79584f818a63,POLICY_APPROVED
CATV1-P194-R1R,BEAUTY_CARE,TINTA PALETA,e466082b-7532-4204-b781-94650387a81f,,9500,b43d45ec12984b2f96144c36cf82a85ee477fab664077d5e0aa339870329120d,POLICY_APPROVED
CATV1-P194-R2L,BEAUTY_CARE,PRIMER PLUMPING,e466082b-7532-4204-b781-94650387a81f,,21000,0ed5b588c81eed289ab5fcaf7d88ab55a07f19c0dc3621ae98365024e0fc4ef0,POLICY_APPROVED
CATV1-P194-R2R,BEAUTY_CARE,TINTA BOW BLOOM,e466082b-7532-4204-b781-94650387a81f,,16000,e4338fbe5518e326573ea1a72aa651162d47a97265ceecb2da6ccf5b4087038a,POLICY_APPROVED
CATV1-P194-R3L,BEAUTY_CARE,BLOOM DEFINER CONTOUR,e466082b-7532-4204-b781-94650387a81f,,29000,fc27c63a7265a06a165bba680cd3648ee77f4963c9ae310fe9517c7a9564018f,POLICY_APPROVED
CATV1-P195-R1L,BEAUTY_CARE,CHERRY BLOSSON 4 TONOS,e466082b-7532-4204-b781-94650387a81f,,31000,a1fdea60bc00c3c3abc8d240ebf5cb3071125d5a08cf3c2d63ef2836a7226ca0,POLICY_APPROVED
CATV1-P195-R1R,BEAUTY_CARE,BLOOM SPARKLE KISS 4 TONOS,e466082b-7532-4204-b781-94650387a81f,,18000,6130f2db8917be508173a3fbe7719288b467295aa7bf187fd16c74cb3d4e6a4b,POLICY_APPROVED
CATV1-P195-R2L,BEAUTY_CARE,BLOOM SUBLIME XL,e466082b-7532-4204-b781-94650387a81f,,26000,46286a8c548d0e4c2b614bc643b1e97453663ce7e0d81a06e8506858ee3da937,POLICY_APPROVED
CATV1-P195-R2R,BEAUTY_CARE,BLOOM FUSION,e466082b-7532-4204-b781-94650387a81f,,17800,74461cdf42fbe072097917893025b207126d15f713374fb5caaf910c99410ffb,POLICY_APPROVED
CATV1-P195-R3L,BEAUTY_CARE,BLOOM LATTE 2 TONOS,e466082b-7532-4204-b781-94650387a81f,,21000,416e8fdf87ea6aca6bc29a3222bcc18a8d4e8ccf350c1881e84698d1a19618b9,POLICY_APPROVED
CATV1-P195-R3R,BEAUTY_CARE,BLOOM POROS INVISIBLES,e466082b-7532-4204-b781-94650387a81f,,23000,0fd730f24b7bc497d04ec8c068cb3d11e0752ae701452e8de2dbf1629d47b5f2,POLICY_APPROVED
CATV1-P196-R1L,BEAUTY_CARE,CORRECTOR AZUL NEUTRALIZANTE 10ML,e466082b-7532-4204-b781-94650387a81f,,26000,4154493ce427f7ab9d0705969ac86273dc98c92dbc890e9db35853dcfe2fedea,POLICY_APPROVED
CATV1-P196-R1R,BEAUTY_CARE,CORRECTOR AMARILLO NEUTRALIZANTE 10ML,e466082b-7532-4204-b781-94650387a81f,,26000,0115cc83406e366091c125aa737bef045f2344ef15aa910cfe7223c8507a1a85,POLICY_APPROVED
CATV1-P196-R2L,BEAUTY_CARE,CORRECTOR VERDE NEUTRALIZANTE 10ML,e466082b-7532-4204-b781-94650387a81f,,26000,a5514eaad298446c1f05a6a5c0e3425247aaac67d504eb8b30e696dcda60bc6a,POLICY_APPROVED
CATV1-P196-R2R,BEAUTY_CARE,BLLOMULTRA BLENDI,e466082b-7532-4204-b781-94650387a81f,,14500,de44e593d0c1edcc35218b9b4472ddb5e5927cf1a617b3e0784622675f41de61,POLICY_APPROVED
CATV1-P196-R3L,BEAUTY_CARE,PESTAÑINA LASH RESISTENTE WATER PROOF,e466082b-7532-4204-b781-94650387a81f,,26000,5990aea5be3ed58d22ad50574f4529b84d586583bd6365551b48e155f187190d,POLICY_APPROVED
CATV1-P196-R3R,BEAUTY_CARE,BLOM COSMIC,e466082b-7532-4204-b781-94650387a81f,,35000,fc1e0eb92a17c63d30f98335a2a071d2156302a54b2c23e92ece66851c1b72fa,POLICY_APPROVED
CATV1-P197-R1L,BEAUTY_CARE,POLVO COMPACTO,e466082b-7532-4204-b781-94650387a81f,,33000,ced18833d0db9036e03909faac992330d7dcd9b781dfd797be8ce9e2d068b451,POLICY_APPROVED
CATV1-P197-R1R,BEAUTY_CARE,BLOOM HYDRATINT,e466082b-7532-4204-b781-94650387a81f,,19000,7a882f4e4db1229ae9f85c770fcf98fa2e79c4f8689d498cbfdbf717d6435271,POLICY_APPROVED
CATV1-P197-R2L,BEAUTY_CARE,BLOM LUMI GLOSS,e466082b-7532-4204-b781-94650387a81f,,19500,6d66420f004e501423ec129ddd897e57c68c63c6823ab965b6a5fa942968ca2d,POLICY_APPROVED
CATV1-P197-R2R,BEAUTY_CARE,BLOOM DOLCE DESTELLO,e466082b-7532-4204-b781-94650387a81f,,26000,72c1e91d79be57ddd2bbd48956c97d46fb8dc3a45288e25db7da46527fb688d1,POLICY_APPROVED
CATV1-P197-R3L,BEAUTY_CARE,LLAVERO BOW MIMOSA,e466082b-7532-4204-b781-94650387a81f,,29000,115a2055db93ace2c12da4df4148abbf2b6623d81aa386c2d11d6dfb413dda1c,POLICY_APPROVED
CATV1-P197-R3R,BEAUTY_CARE,BLOOM CAPUCHIC,e466082b-7532-4204-b781-94650387a81f,,19000,a7b622822da2ba257b2161a561648e96760eb445c721c2c38e548997ba87baee,POLICY_APPROVED
CATV1-P198-R1L,BEAUTY_CARE,BLOOM ESPEJO ME Y MOCHA CORAZON,e466082b-7532-4204-b781-94650387a81f,,29000,8df34e63ff9a78c587671a86c66a76c2a0a67d24a87a7f11b6a4a3150f08c6bc,POLICY_APPROVED
CATV1-P198-R1R,BEAUTY_CARE,BLOOM LAMINATION XL,e466082b-7532-4204-b781-94650387a81f,,26000,a1f8b246a16dd29274c473ead6e858c07bd9799ee65476b22027c78012b30551,POLICY_APPROVED
CATV1-P198-R2L,BEAUTY_CARE,BLOOM LATTE KISS,e466082b-7532-4204-b781-94650387a81f,,23000,a992f0933205d7b6214857b72d4fa042d1b89795e7fc69b8d8597d17bdccfc80,POLICY_APPROVED
CATV1-P198-R2R,BEAUTY_CARE,BLOOM POP MIMOSA,e466082b-7532-4204-b781-94650387a81f,,26000,4884e12e67efcfd60c723e03b6b491c0e74a21933031d5baaf937fedd2d1806f,POLICY_APPROVED
CATV1-P198-R3L,BEAUTY_CARE,BLOOM VIBES COLOR,e466082b-7532-4204-b781-94650387a81f,,44000,29be09791382b6eddb0acb00125bcff7c0acdac431094e8826527c5f06b48c6e,POLICY_APPROVED
CATV1-P198-R3R,BEAUTY_CARE,BLOOM VIBES TERRACOTA,e466082b-7532-4204-b781-94650387a81f,,44000,8d5864e0cb906fcad3b10f2a97234639a9da1ac5febff6a12ad919a643a562f8,POLICY_APPROVED
CATV1-P199-R1L,BEAUTY_CARE,BLOOM PODWER PARER,e466082b-7532-4204-b781-94650387a81f,,26000,d6e7158ed2bdd085b17a067908ea0a2ab2efb44d5fdb2a68646d4a72974d1bf1,POLICY_APPROVED
CATV1-P199-R1R,BEAUTY_CARE,BLOOM AQUA FRUIT,e466082b-7532-4204-b781-94650387a81f,,20000,39684a1875ff1a2278a58feea480afdfc87e8c9256bb0dac77eba93c4f3b615f,POLICY_APPROVED
CATV1-P199-R2L,BEAUTY_CARE,BLOOM LOVE PUFF,e466082b-7532-4204-b781-94650387a81f,,7000,8c8267738b0d125e3d9b84ad240dbbc2d44dc7872e2b5e842a7f2edce25c0366,POLICY_APPROVED
CATV1-P199-R2R,BEAUTY_CARE,BLOOM YELLY FUSION,e466082b-7532-4204-b781-94650387a81f,,33900,e2a82b99bf6cd63d7b916beae02597693855b52d58f9b46ab28e67354b46abbc,POLICY_APPROVED
CATV1-P199-R3L,BEAUTY_CARE,BLOOM AMORE CURL,e466082b-7532-4204-b781-94650387a81f,,16000,10426a63d830c2a1d62d6694f1c452c3b713898e6f2d8b654129c01404c5e354,POLICY_APPROVED
CATV1-P200-R1L,BEAUTY_CARE,BLOOM ESSENTIAL CREAM,e466082b-7532-4204-b781-94650387a81f,,61900,66cb345aa0a3d3c571a9801a730bdb6aa22dde3bd76a0304ebbaad18d10135c4,POLICY_APPROVED
CATV1-P200-R1R,BEAUTY_CARE,BLOOM REPAIR CREAM,e466082b-7532-4204-b781-94650387a81f,,61900,cbd0a58df14206206615cef7aca5d87ee08cc5ebcce62dcb27b7eca87bed68ea,POLICY_APPROVED
CATV1-P200-R2L,BEAUTY_CARE,BLOOM SERUM BALANCE,e466082b-7532-4204-b781-94650387a81f,,59000,011f436ba229b3a8907b79928ecf20df465fffde6cffcfdd7587501bcd17a430,POLICY_APPROVED
CATV1-P200-R2R,BEAUTY_CARE,BLOOM REPAIR MIST,e466082b-7532-4204-b781-94650387a81f,,60900,7901ad4071030077c4b9039af7df6da63dbe8f6620533967c252febcb6f14a6f,POLICY_APPROVED
CATV1-P200-R3L,BEAUTY_CARE,BLOOM CLEARSE LUMI GEL,e466082b-7532-4204-b781-94650387a81f,,41900,646d889de1afc38cd8c18a6bff023159f369682b6d0e6454b5d29af741f390ab,POLICY_APPROVED
CATV1-P202-R1L,BEAUTY_CARE,HUMIDE GLOSS,a4ed69d0-66b1-4abd-9207-5ff729babb58,,21000,96377c59141c2eec3e39abf6712011b7b6e3662dfd99ff8c11c21d0fe7bb9473,HUMAN_APPROVED
CATV1-P202-R1R,BEAUTY_CARE,JUICYLIPS TONO 202,a4ed69d0-66b1-4abd-9207-5ff729babb58,,21000,67f5a41db2960535f75e5630ae5f4846b74d41468deed0e84981bbbb81865bb0,HUMAN_APPROVED
CATV1-P202-R2L,BEAUTY_CARE,"JUICY GLOSS 200,201,202",a4ed69d0-66b1-4abd-9207-5ff729babb58,,33000,4bcd3595bae4eeb92049c979bea7ab94ea6b1b8f3fcbcc4048d9b5b3f6817feb,HUMAN_APPROVED
CATV1-P202-R2R,BEAUTY_CARE,CLICKGLOSS PRO,a4ed69d0-66b1-4abd-9207-5ff729babb58,,23900,254ee6403586599c696bdc3f22789062de331060f450e9149a60bc2192bac876,HUMAN_APPROVED
CATV1-P202-R3L,BEAUTY_CARE,"LIPPIE BAL,M",a4ed69d0-66b1-4abd-9207-5ff729babb58,,16000,8a63757f066edeefa2a86e7a7a734e0dbe2d73cddec6cef6a76d11eeb5da5c22,HUMAN_APPROVED
CATV1-P202-R3R,BEAUTY_CARE,RUBOR NOSTALGIC,a4ed69d0-66b1-4abd-9207-5ff729babb58,,37000,d8ea06a1e6e6eec3775201dd071106992e9e29d4440ca1f22c5df67aa783f1cc,HUMAN_APPROVED
CATV1-P203-R1L,BEAUTY_CARE,PESTAÑAS PREGLUE,a4ed69d0-66b1-4abd-9207-5ff729babb58,,6000,dd0506a601cd5fdbd64fee0964f0e56a21911faf9398df5a53dad611cbf456f9,HUMAN_APPROVED
CATV1-P203-R1R,BEAUTY_CARE,CONTORNO HUMIDE,a4ed69d0-66b1-4abd-9207-5ff729babb58,,32000,6193d0ee3b8717bb5a3c3dff661024fe0b2c7d4c8bdabf6e391678df47a56fc5,HUMAN_APPROVED
CATV1-P203-R2L,BEAUTY_CARE,CORRECTOR HUMIDE,a4ed69d0-66b1-4abd-9207-5ff729babb58,,41000,3af553798505a7fbcd63c523c984274f73c27afaad9f4459ee7310ca93c38301,HUMAN_APPROVED
CATV1-P203-R2R,BEAUTY_CARE,PINE,a4ed69d0-66b1-4abd-9207-5ff729babb58,,46000,d91074f4846f0aef8d4b849359033f54552558b7a83d452e858b733b185c7278,HUMAN_APPROVED
CATV1-P203-R3L,BEAUTY_CARE,SERUM RETINOL,a4ed69d0-66b1-4abd-9207-5ff729babb58,,51000,a1ca068d359483fa266b818d2769183b134500de8e7aeb35fa805c6caa11e8bd,HUMAN_APPROVED
CATV1-P203-R3R,BEAUTY_CARE,ALGODÓN MONTOC,a4ed69d0-66b1-4abd-9207-5ff729babb58,,26000,6372b666a37eb053fb035534acdf3b1250e49d1eb82674f4b44d954ee88f6c47,HUMAN_APPROVED
CATV1-P204-R1L,BEAUTY_CARE,FIJADOR GRANDE,a4ed69d0-66b1-4abd-9207-5ff729babb58,,31000,c8c999447dbb4c3ccdc8bba710ab7e866a6f2fe1db974665cd2c68b63163fad7,HUMAN_APPROVED
CATV1-P204-R1R,BEAUTY_CARE,FIJADOR DIX FIX 30 ML,a4ed69d0-66b1-4abd-9207-5ff729babb58,,30000,56cccf1ac5bee95741c7ed16a8707f62be0b9df9de81015c775a658cc9130596,HUMAN_APPROVED
CATV1-P204-R2L,BEAUTY_CARE,GEL HIDRATANTE HYDRO,a4ed69d0-66b1-4abd-9207-5ff729babb58,,61000,b0cb20d98317144202e9ba495edb2befe7730806f8bdfef7f72a390dc996d2cd,HUMAN_APPROVED
CATV1-P204-R2R,BEAUTY_CARE,SERUM NIACINAMIDA,a4ed69d0-66b1-4abd-9207-5ff729babb58,,51000,e0cd946edf1898c745cf0e8cf19c89b3f56227de28d5e8a36ff2c47d40b60a4c,HUMAN_APPROVED
CATV1-P204-R3L,BEAUTY_CARE,FACE LIFT ACIDO HIALURONICO,a4ed69d0-66b1-4abd-9207-5ff729babb58,,51000,7b67f5eb5d48f55c6d1ae438d4324782637c2c01e36fac0fe431f7866fca3b20,HUMAN_APPROVED
CATV1-P204-R3R,BEAUTY_CARE,SERUM VITAMINA C,a4ed69d0-66b1-4abd-9207-5ff729babb58,,51000,f0eef860467cd1ecf569d14e0053bc54e32a9b32f27f430f54497583fca6cafe,HUMAN_APPROVED
CATV1-P205-R1L,BEAUTY_CARE,JABONFACIAL,a4ed69d0-66b1-4abd-9207-5ff729babb58,,61000,afd95a86cceeb5bdbfa3ba7d0d90bfeddabe4125e4519e32809261ad1041342d,HUMAN_APPROVED
CATV1-P205-R1R,BEAUTY_CARE,CONTORNO DE OJOS,a4ed69d0-66b1-4abd-9207-5ff729babb58,,61000,0dfe32438064ca9db66b347c6e48de1ce350e1c0c377cfad9fc4fa2ab2e2f0c9,HUMAN_APPROVED
CATV1-P205-R2L,BEAUTY_CARE,SERUM BLUSH MONT,a4ed69d0-66b1-4abd-9207-5ff729babb58,,31000,6593419e57094f36e7c98466cdd16191fa9422eb1efb033b77181c7cd66b7101,HUMAN_APPROVED
CATV1-P205-R2R,BEAUTY_CARE,AMORE,a4ed69d0-66b1-4abd-9207-5ff729babb58,,12000,9700f65fa94ef999b6a65b9494b2551a3cb19c812b845d584be13883a4372cc5,HUMAN_APPROVED
CATV1-P205-R3L,BEAUTY_CARE,CEPILLO EFECTO ALISADO,a4ed69d0-66b1-4abd-9207-5ff729babb58,,16000,6608cde615b772e80950a9c49c9397d3f1be7fed8d3ac9335462aa8a7c6dd155,HUMAN_APPROVED
CATV1-P205-R3R,BEAUTY_CARE,BROE WAX ULTRA,a4ed69d0-66b1-4abd-9207-5ff729babb58,,30000,ed9a27414fd82982df0f47158892a489226aefea84b6b4929f23faea683fd03c,HUMAN_APPROVED
CATV1-P206-R1L,BEAUTY_CARE,HUMIDE LAPIZ DE CEJAS,a4ed69d0-66b1-4abd-9207-5ff729babb58,,20900,c402b620ceed614473d1a33058671ad320a9420830c83770204b964287f78c6b,HUMAN_APPROVED
CATV1-P206-R1R,BEAUTY_CARE,SPIRAL GLOSSHUMIDE,a4ed69d0-66b1-4abd-9207-5ff729babb58,,27900,07c609669a32acd807660b44cd42766abac5d554ac8bc72d2c9e48e279e077e9,HUMAN_APPROVED
CATV1-P206-R2L,BEAUTY_CARE,SOFT POWDER ROSADO,a4ed69d0-66b1-4abd-9207-5ff729babb58,,50000,bad88da5798d13800289bb495f209a17adfa96cbc1446d85e100672d8487bdf8,HUMAN_APPROVED
CATV1-P206-R2R,BEAUTY_CARE,BASEMONTOC TONO 100,a4ed69d0-66b1-4abd-9207-5ff729babb58,,61000,03db42ba8d94d2c5842b4deb4655fb93fcf4522653d452334836a021a5c46f2f,HUMAN_APPROVED
CATV1-P206-R3L,BEAUTY_CARE,LIPPIE BOOSTER,a4ed69d0-66b1-4abd-9207-5ff729babb58,,23000,6abeb8985e068562b2bf7ce44969a696e7ef08e7c9c4041f6fe8adce41869822,HUMAN_APPROVED
CATV1-P206-R3R,BEAUTY_CARE,ILUMINADOR PALETA,a4ed69d0-66b1-4abd-9207-5ff729babb58,,50000,142a13f308797206dbf8fed23aa7fe7fcfa990140a5fbf7bb7cbd3d12364f1f2,HUMAN_APPROVED
CATV1-P207-R1L,BEAUTY_CARE,CONTROL OIL MONTOC,a4ed69d0-66b1-4abd-9207-5ff729babb58,,29000,a5c169bde2a9523a040929e2512296567d8879758a08839bad07f1bda2bb0682,HUMAN_APPROVED
CATV1-P207-R1R,BEAUTY_CARE,CORA LIP,a4ed69d0-66b1-4abd-9207-5ff729babb58,,26000,825510c4f2a4f29d1a0fedcd95480cb79fd232af3c757ac9e9f2b49f29db7d07,HUMAN_APPROVED
CATV1-P207-R2L,BEAUTY_CARE,LAPIZ DE LABIOS,a4ed69d0-66b1-4abd-9207-5ff729babb58,,16000,2815d3c90a2fdac9c8f84bc4a82df7723ded3adff515da3d49562b7292608ac6,HUMAN_APPROVED
CATV1-P207-R2R,BEAUTY_CARE,BASE,a4ed69d0-66b1-4abd-9207-5ff729babb58,,60000,bdcfb46283277293f46a04d0f9dde7d30acbb514d01abeb8122ab49d1c41ae79,HUMAN_APPROVED
CATV1-P207-R3L,BEAUTY_CARE,LAPIZ MONTOC X,a4ed69d0-66b1-4abd-9207-5ff729babb58,,16000,4d97e0773f7e14e619e30499671700d948c4bb6303dc25d68e9142f876332e84,HUMAN_APPROVED
CATV1-P207-R3R,BEAUTY_CARE,BROCHA B74 X,a4ed69d0-66b1-4abd-9207-5ff729babb58,,29000,26252104d6cbe8800a73771740e0e6038b47fa7dfc9fac4281c3bb11106b464b,HUMAN_APPROVED
CATV1-P208-R1L,BEAUTY_CARE,LIGHT SET MONTOC,a4ed69d0-66b1-4abd-9207-5ff729babb58,,37000,44152c4d518118460c2147adc9d5bc3be7c867195e455bb0d5f81981cefc5e4f,HUMAN_APPROVED
CATV1-P208-R1R,BEAUTY_CARE,POLVO MONTOC 30G,a4ed69d0-66b1-4abd-9207-5ff729babb58,,66000,08b1fcc43224e9364ec8800998c0b6e095b28c9e54ab175620b1a4bc66038056,HUMAN_APPROVED
CATV1-P208-R2L,BEAUTY_CARE,POLVO 10G TRASLUCIDO,a4ed69d0-66b1-4abd-9207-5ff729babb58,,38000,d683e080eb04c723f174056d8a4b2fd2b19723aa83bbf419ee2c329a0e5a5aa7,HUMAN_APPROVED
CATV1-P208-R2R,BEAUTY_CARE,LIGHT SET MONTOC,a4ed69d0-66b1-4abd-9207-5ff729babb58,,34000,4356b805291093a42092a94303af505a0ca334cc0855fd7ed0bb06d01a7d3607,HUMAN_APPROVED
CATV1-P209-R1L,BEAUTY_CARE,BRONZER MONTOC,a4ed69d0-66b1-4abd-9207-5ff729babb58,,46000,cffce6cc6e3f26fcb9c2d9ff0869c835328af8e39c15a21ab37c203a8944c16b,HUMAN_APPROVED
CATV1-P209-R1R,BEAUTY_CARE,PRIMER GRIP,a4ed69d0-66b1-4abd-9207-5ff729babb58,,46000,12f5c96be8d1ff753bdae4f10faf1b6e7b863b7cb1f1d73880538ee4e32071a0,HUMAN_APPROVED
CATV1-P209-R2L,BEAUTY_CARE,FIJADOR 200ML,a4ed69d0-66b1-4abd-9207-5ff729babb58,,79000,97437a108850187819acf619f464f9fc7ff69799941555b9a580512d7369d72b,HUMAN_APPROVED
CATV1-P209-R2R,BEAUTY_CARE,POLVO 10G BANANA,a4ed69d0-66b1-4abd-9207-5ff729babb58,,38000,65eed587491d71d7bb7e58f661d99878b7e03b79c95ce243d03fa5697557a8e1,HUMAN_APPROVED
CATV1-P209-R3L,BEAUTY_CARE,RUBOR STICK,a4ed69d0-66b1-4abd-9207-5ff729babb58,,22000,e1a3b4566158e129b50884a08554dca73a19950457f3e909335c5b5073032da7,HUMAN_APPROVED
CATV1-P209-R3R,BEAUTY_CARE,BB CREAM SUNSOON,a4ed69d0-66b1-4abd-9207-5ff729babb58,,60000,d279a74c82186c23f2617fd81b1e8633ed7b04cd001f3e117cd122760ed56cca,HUMAN_APPROVED
CATV1-P210-R1L,BEAUTY_CARE,AGUA DE ROSAS,a4ed69d0-66b1-4abd-9207-5ff729babb58,,36000,6e1a301e6360de739a6086da1d9b29d750fbaeb4f5fc0199ee12aee412222268,HUMAN_APPROVED
CATV1-P210-R1R,BEAUTY_CARE,KIT DE BROCHAS VIAJERAS,a4ed69d0-66b1-4abd-9207-5ff729babb58,,61000,538b219029a86ad7ceae3b666c36de8181aaa82df2957573722fb354ce4261a2,HUMAN_APPROVED
CATV1-P210-R2L,BEAUTY_CARE,HELLO BEACH BRONZER,a4ed69d0-66b1-4abd-9207-5ff729babb58,,18000,fcff2e190a66beafb1ac59af7c799e342f82817f573c43041cf60d3a26c3f9d1,HUMAN_APPROVED
CATV1-P210-R2R,BEAUTY_CARE,BLOQUEADOR SUNSOON,a4ed69d0-66b1-4abd-9207-5ff729babb58,,67000,040d29fdf4c3441ce9e49d663c403acf68c42c1faa5f82e3bed064c33e57ed54,HUMAN_APPROVED
CATV1-P210-R3L,BEAUTY_CARE,BASE,a4ed69d0-66b1-4abd-9207-5ff729babb58,,53000,9f280146b7c9bbe004f004c2dbc8918f7ab77e2a90e6772a595c65d08851d231,HUMAN_APPROVED
CATV1-P210-R3R,BEAUTY_CARE,RUBOR,a4ed69d0-66b1-4abd-9207-5ff729babb58,,45000,2be8b4040aa8138e88492d76e832d1553525bc02deeac1912dad2ec80e983684,HUMAN_APPROVED
CATV1-P211-R1L,BEAUTY_CARE,ENCRESPADOR,a4ed69d0-66b1-4abd-9207-5ff729babb58,,16000,a8d2b6cfe2d504203d08472b8c555fa85d9069c858316c96855d79e504a4d401,HUMAN_APPROVED
CATV1-P211-R1R,BEAUTY_CARE,BROCHA FLUFLY,a4ed69d0-66b1-4abd-9207-5ff729babb58,,58000,649c2460ac0009cae8edaa406a3c3700295852063d02a810e53de34eff8284c8,HUMAN_APPROVED
CATV1-P211-R2L,BEAUTY_CARE,PALETA HARMONY,a4ed69d0-66b1-4abd-9207-5ff729babb58,,41000,6da1340cc9a080f4e1506eaa7ca32af7a32ca34b69fc7c552815f5b36085ea04,HUMAN_APPROVED
CATV1-P211-R2R,BEAUTY_CARE,DELINEADOR MIAU,a4ed69d0-66b1-4abd-9207-5ff729babb58,,20000,711db7183611b143dbc102d2619b8c638b56ef1915cc259aa2452f18ba4a3a3e,HUMAN_APPROVED
CATV1-P211-R3L,BEAUTY_CARE,MONTOC BEAUTY SKIN GEL,a4ed69d0-66b1-4abd-9207-5ff729babb58,,59000,28b191155bb458b37829c44b2afd3555677e5dc78992537b95b935e49aa9e1af,HUMAN_APPROVED
CATV1-P211-R3R,BEAUTY_CARE,POLVO 30G BANANA,a4ed69d0-66b1-4abd-9207-5ff729babb58,,66000,e7096aea2adb7562627ce3b7cae34db5b5d1856b2f649512d6537bd12b4460cb,HUMAN_APPROVED
CATV1-P213-R1L,BEAUTY_CARE,BROCHARUBOR,,3544b1fc-163e-4fe0-8751-d653d17451f7,16000,76250ce31a93b56b3eb0a799d8c2a159917bce37cdd7b41933b8468838f0d7e6,POLICY_APPROVED
CATV1-P213-R1R,BEAUTY_CARE,MINI ESPONJAS X4,,3544b1fc-163e-4fe0-8751-d653d17451f7,16000,dd310ebc68def6d65b2a4a38ad5566643a6b13b03f4b1dd5aa508af8c72bcc69,POLICY_APPROVED
CATV1-P213-R2L,BEAUTY_CARE,BROCHABASE,,3544b1fc-163e-4fe0-8751-d653d17451f7,15000,17d473b263010e71710c8fcbb969e777a1c0f5c17c1290e57a1d50173a465595,POLICY_APPROVED
CATV1-P213-R3L,BEAUTY_CARE,PEGANTE DE PESTAÑAS,,3544b1fc-163e-4fe0-8751-d653d17451f7,13000,867b2e6d29734872b34169fb1957d9578411de01d3d08b4f9ee3efbb0ffcae6e,POLICY_APPROVED
CATV1-P214-R1L,BEAUTY_CARE,ESPEJO DE LUJO 2 ESTILOS,,3544b1fc-163e-4fe0-8751-d653d17451f7,36000,8b2206d96a2d3eb4e2702e392ee267545bb45c1f517905ccbbdfb0e413b7b3b0,POLICY_APPROVED
CATV1-P214-R1R,BEAUTY_CARE,ESPEJOOREJASOSOSOPORT,,3544b1fc-163e-4fe0-8751-d653d17451f7,19000,6741a4cc0d2b46ede2c74a221ede718efd339250dbb58a57caf29cfdfccacff9,POLICY_APPROVED
CATV1-P214-R2L,BEAUTY_CARE,TOALLAS DESMAQUILLANTES,,3544b1fc-163e-4fe0-8751-d653d17451f7,11000,214b1b27d591108d94905cfbed443171dcad0fdf87b27eed39ae2353dce56f32,POLICY_APPROVED
CATV1-P215-R1L,BEAUTY_CARE,BROCHA CEJAS,,3544b1fc-163e-4fe0-8751-d653d17451f7,6000,7cc56b614004f98c2e7c63ca47bf6394c93589854cb0af727cc17ba0ef39ab0c,HUMAN_APPROVED
CATV1-P215-R1R,BEAUTY_CARE,BROCHA RUBOR,,3544b1fc-163e-4fe0-8751-d653d17451f7,13000,bc79f12ce6e6412830f43af73e36e6074874cb8dde097926a71135eda06f5bda,POLICY_APPROVED
CATV1-P215-R2L,BEAUTY_CARE,BROCHA POLVOS,,3544b1fc-163e-4fe0-8751-d653d17451f7,14000,caa8646d39086ae269883468bc06804b75c06742af4cc52b95075cab18ef6377,POLICY_APPROVED
CATV1-P215-R2R,BEAUTY_CARE,LTEIALLIA HS DECDALETINNTINNDL,,3544b1fc-163e-4fe0-8751-d653d17451f7,5000,2098b4ebfd1ca2f114796755000fa2ec0f4e5c57a8d4675c17cfb6cd6276f9bb,POLICY_APPROVED
CATV1-P215-R3L,BEAUTY_CARE,PAPELARROZ,,3544b1fc-163e-4fe0-8751-d653d17451f7,13000,4a1cb35c15ff092c088869f04d581b0faa6f9569e9ba57685756307fcf78d8cd,POLICY_APPROVED
CATV1-P215-R3R,BEAUTY_CARE,BROCHA SOMBRA,,3544b1fc-163e-4fe0-8751-d653d17451f7,8000,16c22533b9b5a1415ba29869e8564336692da56da3ca9e6a9a1b4f2c6b1117a2,POLICY_APPROVED
CATV1-P216-R1R,BEAUTY_CARE,BROCHA PARA CORRECTOR,,3544b1fc-163e-4fe0-8751-d653d17451f7,11000,8b8e1c457d5bf25581bf58abacbd60d7f03122b2dac5aa51a57a73be27370241,POLICY_APPROVED
CATV1-P216-R2L,BEAUTY_CARE,BROCHA CONTORNO O CORRECTOR,,3544b1fc-163e-4fe0-8751-d653d17451f7,13000,dc8cc70b3be1ba518fc308e961117878f3f5a51e43bf37a562b912eb7ca68243,POLICY_APPROVED
CATV1-P216-R2R,BEAUTY_CARE,SACAPUNTAS DOBLE,,3544b1fc-163e-4fe0-8751-d653d17451f7,5000,a622bc27c251cc9ed59daa9d3aed7a43611810e4d50c530b919a3c9e698a2369,POLICY_APPROVED
CATV1-P216-R3L,BEAUTY_CARE,POMITOS TRIAUNGULARES,,3544b1fc-163e-4fe0-8751-d653d17451f7,7000,15fed8e5390e9e0258f09c8b0db8959c7d107d368072e2f45e0eeaa0d1ceb256,POLICY_APPROVED
CATV1-P216-R3R,BEAUTY_CARE,POMITOS CORAZONES,,3544b1fc-163e-4fe0-8751-d653d17451f7,7000,98565a05fef8085ec90f0fcd6e35dcbcb60f0b35747a42022779b3df73ec9a56,POLICY_APPROVED
CATV1-P218-R1L,BEAUTY_CARE,DELINEADOR BLANCO,,69039ea1-d8d5-4ae9-9dcb-f57b20ec92b7,13000,30e032c6ff70aa170525b96ad580be94340a376e64ba0b4d2054585c874e5e02,HUMAN_APPROVED
CATV1-P218-R1R,BEAUTY_CARE,DELINEADOR LOLI,,69039ea1-d8d5-4ae9-9dcb-f57b20ec92b7,15000,59099947778b97f695fcc6ccad39f16b7b869898a43f48a8e0e718c244e3990f,POLICY_APPROVED
CATV1-P218-R2L,BEAUTY_CARE,PESTAÑAS MIIS,,69039ea1-d8d5-4ae9-9dcb-f57b20ec92b7,11000,8d1f7020fa89b98be2d24e62aa7765488e6b0f94b4e87aa951496b704cf4dbc2,POLICY_APPROVED
CATV1-P218-R2R,BEAUTY_CARE,PESTAÑINACEJASMASLAPIZ,,69039ea1-d8d5-4ae9-9dcb-f57b20ec92b7,13000,39b58bf247da8493dcdad3e6c65efc7b244b08356822fa116893245b7ad57aad,POLICY_APPROVED
CATV1-P218-R3L,BEAUTY_CARE,PESTAÑAS PELOAPELO X,,69039ea1-d8d5-4ae9-9dcb-f57b20ec92b7,11000,3674bb74d229c43c6f773b6320d6b6a551cd67bf4929955d40c8aa3beef590e5,HUMAN_APPROVED
CATV1-P218-R3R,BEAUTY_CARE,PESTAÑINA CHARMING,,69039ea1-d8d5-4ae9-9dcb-f57b20ec92b7,19000,f4ad1282a77de7894dcf759ba91cfdaebae5461d38c3a7d1eadea8a9edc32666,POLICY_APPROVED
CATV1-P219-R1L,BEAUTY_CARE,DELINEADORCAFÉUSHAS,,69039ea1-d8d5-4ae9-9dcb-f57b20ec92b7,13000,c5f53670d124a12bd2f78e2f7144f08aa260668adc0648c2329a8a675c65206a,POLICY_APPROVED
CATV1-P220-R1L,BEAUTY_CARE,PESTAÑINAPROSACAFÉ4EN1,,69039ea1-d8d5-4ae9-9dcb-f57b20ec92b7,23000,326d58a33d96eb323ff044920acacd23cc3f5c32358134840bc000588c239332,POLICY_APPROVED
CATV1-P220-R1R,BEAUTY_CARE,PESTAÑINA PROSAMAXI,,69039ea1-d8d5-4ae9-9dcb-f57b20ec92b7,23000,fe0af83993b97ddceb66677b27b6f2d29c88e9079f2d5ea403210bf4ac318da9,POLICY_APPROVED
CATV1-P220-R2L,BEAUTY_CARE,PESTAÑINAPROSAPROF.SILICON,,69039ea1-d8d5-4ae9-9dcb-f57b20ec92b7,23000,fd5e41a81d6b8efca86552e8b44d5425f239a10f81d93464129103f9e2929e07,POLICY_APPROVED
CATV1-P220-R2R,BEAUTY_CARE,PESTAÑINAPROSAMAXI SILICON,,69039ea1-d8d5-4ae9-9dcb-f57b20ec92b7,23000,edda4e976e22320cff2d425ea703eca1ea93cc8c6888fcf5b8530ec59624d151,HUMAN_APPROVED
CATV1-P220-R3L,BEAUTY_CARE,PESTAÑINAPROSAPROFESIONAL,,69039ea1-d8d5-4ae9-9dcb-f57b20ec92b7,23000,f9b634ef9eda9e6fb8b88a44fd8a0af0b53b3ebc1e682e034fb19d391e80d374,HUMAN_APPROVED
CATV1-P220-R3R,BEAUTY_CARE,PESTAÑINAMICROFIBRA,,69039ea1-d8d5-4ae9-9dcb-f57b20ec92b7,23000,ea1f354bc77179d1fb7a75ae7a0e436312adb9aa43d610dcb74523412af80312,POLICY_APPROVED
CATV1-P221-R1L,BEAUTY_CARE,PESTAÑINA AZUL PROSA,,69039ea1-d8d5-4ae9-9dcb-f57b20ec92b7,13000,81832948fe7b54d5afe99b799f22533974571b911ffc5d4538830af638c63fc1,POLICY_APPROVED
CATV1-P221-R1R,BEAUTY_CARE,DELINEADOR PINCELBLANCO,,69039ea1-d8d5-4ae9-9dcb-f57b20ec92b7,13000,438f86eae40fda20708ab668ffd3ce3155203721a68b1e9e42afab1fc33ad371,POLICY_APPROVED
CATV1-P221-R2L,BEAUTY_CARE,HENNAPILUSS,,69039ea1-d8d5-4ae9-9dcb-f57b20ec92b7,16000,6227092c48fbe91ce785d38b4e643b913c0266b5902b79db1b1f9b4e0f6c007a,POLICY_APPROVED
CATV1-P221-R2R,BEAUTY_CARE,PILUSS PESTÁÑAS,,69039ea1-d8d5-4ae9-9dcb-f57b20ec92b7,46000,f9f58ac5474206b28fc5d365bfc5b5182ff99382982e2be10639236e75e688e3,HUMAN_APPROVED
CATV1-P221-R3L,BEAUTY_CARE,PILUSS PESTÁÑAS,,69039ea1-d8d5-4ae9-9dcb-f57b20ec92b7,11000,71530ce269afb34fb256974c9d99642c2a3332d5c5f923ee75138aecfd574822,HUMAN_APPROVED
CATV1-P221-R3R,BEAUTY_CARE,DELINEADOR BLANCO,,69039ea1-d8d5-4ae9-9dcb-f57b20ec92b7,7000,1242f31cf91710208ca1b90e66a42c38833db88595e49a42529d5488aff1032d,HUMAN_APPROVED
CATV1-P222-R1R,BEAUTY_CARE,GOT2B,,69039ea1-d8d5-4ae9-9dcb-f57b20ec92b7,36000,0028d4746fb4d5918bb3366e8b63c41b545b399a907948c443cca2f732de34d9,POLICY_APPROVED
CATV1-P222-R2R,BEAUTY_CARE,PESTAÑAS INFINITO,,69039ea1-d8d5-4ae9-9dcb-f57b20ec92b7,21000,6d866fc4ca4af77711191e529c7bb8c7d8b3e5f25c052eba5c5d6a522f632fbb,POLICY_APPROVED
CATV1-P223-R1R,BEAUTY_CARE,COSMETIQUERA BOLSO,,69039ea1-d8d5-4ae9-9dcb-f57b20ec92b7,41000,fcdb31982d68901df961235858aee9041d07e5ecd9d9192976947f212b2dd17b,HUMAN_APPROVED
CATV1-P223-R2L,BEAUTY_CARE,COMETIQUERA DOBLE BIMBA,,69039ea1-d8d5-4ae9-9dcb-f57b20ec92b7,36000,e4ef727cb03cf4813d2f0d13b13e926021f74fd491c8eca5b835a6c4be2e7a18,POLICY_APPROVED
CATV1-P223-R2R,BEAUTY_CARE,COSMETIQUERA ORGANIZADOR,,69039ea1-d8d5-4ae9-9dcb-f57b20ec92b7,33000,23b662f8b84382255bc6e8d84f480053b903957ca5b3db2b0d40ef2297952728,POLICY_APPROVED
CATV1-P223-R3L,BEAUTY_CARE,‘ MORADA (,,69039ea1-d8d5-4ae9-9dcb-f57b20ec92b7,33000,4f9d3de3f249f5d55c59b61c766969151e923068bfe14234909022dd57a66ed5,POLICY_APPROVED
CATV1-P223-R3R,BEAUTY_CARE,PUNTOS,,69039ea1-d8d5-4ae9-9dcb-f57b20ec92b7,30000,adf129928ba4cf07e446c1c281b8c9d211e574b44620c6e67b6429950e477735,POLICY_APPROVED
CATV1-P225-R1L,BEAUTY_CARE,LABIAL CON LAPIZ,,318f08f0-9aa4-4099-a767-9e0ac8298157,13000,d311ab0da62c2807ef7619790f179b49fd27dd28934e6b55a49c540ad7ecbdf1,POLICY_APPROVED
CATV1-P225-R1R,BEAUTY_CARE,HIDRATANTE EOS,,318f08f0-9aa4-4099-a767-9e0ac8298157,13000,634f3fa8cf4cf5288d16d84c8f03414e4e6fbd771fd63e687cb2808b41cbd6ed,POLICY_APPROVED
CATV1-P225-R2L,BEAUTY_CARE,BRILLO SAS,,318f08f0-9aa4-4099-a767-9e0ac8298157,10000,b2a2e14a1a49317c5889b4255bc0a99bddce14bc32a12a248d81cc2d66c520aa,POLICY_APPROVED
CATV1-P225-R2R,BEAUTY_CARE,USHAS 12 TONOS DIFERENTES X,,318f08f0-9aa4-4099-a767-9e0ac8298157,14000,6100eebbe751c36c99bf9c808058980cfa5f766a47cde24ff3f443a0a0a812e2,HUMAN_APPROVED
CATV1-P225-R3L,BEAUTY_CARE,TINTATINTED,,318f08f0-9aa4-4099-a767-9e0ac8298157,11000,f60ee1b0ffcedc0706f6e1437a7633d43d1d829ed78d8331b10897c299a76601,POLICY_APPROVED
CATV1-P225-R3R,BEAUTY_CARE,LABIALUSHASMATTE ENBARRA,,318f08f0-9aa4-4099-a767-9e0ac8298157,10000,c22a7b8de56eb02d0bcb5943eb8cf271fc16e32cd9a304742b1d57c09719968c,POLICY_APPROVED
CATV1-P226-R1L,BEAUTY_CARE,TINTALIPTIN,,318f08f0-9aa4-4099-a767-9e0ac8298157,10000,3d41c0652a1ea7a47b0afcdcd43806ce0a96d5ecb9df98bc8b01f28a2c6f9a9e,POLICY_APPROVED
CATV1-P226-R1R,BEAUTY_CARE,GLOSSSAS,,318f08f0-9aa4-4099-a767-9e0ac8298157,11000,8353c420cf7de9cd55d5151ce8eb5d6eda08897b9ff3beff51b2f27ae204089f,POLICY_APPROVED
CATV1-P226-R2L,BEAUTY_CARE,LAPIZSAS,,318f08f0-9aa4-4099-a767-9e0ac8298157,5000,b36d5a4205edba4afbfde5a4a71b78df7d209c5557425fd61126f34d6003d742,POLICY_APPROVED
CATV1-P226-R2R,BEAUTY_CARE,LABIALMATTESAS,,318f08f0-9aa4-4099-a767-9e0ac8298157,11000,1aa865c6e63327ae655f633ef32d76e5147118824a09d07583f702823665f5df,POLICY_APPROVED
CATV1-P227-R1L,BEAUTY_CARE,LABIAL AURORA TRENDY,,318f08f0-9aa4-4099-a767-9e0ac8298157,21000,9dfea00e3167143eed8917a3b85e00c2f0f9f5f19a6ea96257ab0a6f8ca29ad7,POLICY_APPROVED
CATV1-P227-R1R,BEAUTY_CARE,GLOSS HIDRATANTE,,318f08f0-9aa4-4099-a767-9e0ac8298157,11000,8b288708b20c8334fd2b278f6a682599430c0ed7d80e236c01f0911c14481e3e,POLICY_APPROVED
CATV1-P227-R2L,BEAUTY_CARE,GLOSS CON COLOR LLAVERO,,318f08f0-9aa4-4099-a767-9e0ac8298157,11000,cc758671f0cb829032ac7620f72b3261e239e7b73f94da049458939a5d4b2b19,HUMAN_APPROVED
CATV1-P227-R2R,BEAUTY_CARE,AURA MOCCA,,318f08f0-9aa4-4099-a767-9e0ac8298157,21000,8ae6d0dd181823e64264e8e77ec8f16903d7f6107d4436f053b22218b82e94a6,POLICY_APPROVED
CATV1-P229-R1L,BEAUTY_CARE,BASE CELESTIAL TONO 5 Y 6,,e137169e-b616-4487-aa3e-7637db245219,26000,373726062d7c388482a3060131a1fd651948b63050fd186a21ad357783224741,POLICY_APPROVED
CATV1-P229-R2L,BEAUTY_CARE,POLVO FLOWER X,,e137169e-b616-4487-aa3e-7637db245219,14000,1ace6293a61e84874beba0fe8834279e852b42061f081905d68fcb49e23e94d3,POLICY_APPROVED
CATV1-P229-R3L,BEAUTY_CARE,BASE USHAS FULL COVER,,e137169e-b616-4487-aa3e-7637db245219,23000,ffe40844c70ac3f3f6a604e501f024ac949f16b5edee75ca003462ac59451a05,POLICY_APPROVED
CATV1-P229-R3R,BEAUTY_CARE,BASE USHAS,,e137169e-b616-4487-aa3e-7637db245219,27000,a234d5af2ccc65adbba16033780587a9586720eeac039e7d3c4f4b6ab3f9d097,POLICY_APPROVED
CATV1-P230-R1L,BEAUTY_CARE,CORRECTOR DEALTACOBERTURA BEYONGS.A.S,,e137169e-b616-4487-aa3e-7637db245219,15000,8defaa18cac2b78b1f4d26b1fee78571c9d86ead8449376555fb2feaf32dbaa0,POLICY_APPROVED
CATV1-P230-R1R,BEAUTY_CARE,POLVO ANA MARIA,,e137169e-b616-4487-aa3e-7637db245219,29000,b54ce1da55b46c32d7aab2ada5e75778535d66dd95b45f6eef35824ec43689b0,POLICY_APPROVED
CATV1-P230-R2L,BEAUTY_CARE,POLVORAQUEL,,e137169e-b616-4487-aa3e-7637db245219,26000,e858b85433ccf9fb8042c82422fd420cdf69a2881792aed2a827ef642e17b09c,POLICY_APPROVED
CATV1-P230-R3L,BEAUTY_CARE,POLVO DE HADAS,,e137169e-b616-4487-aa3e-7637db245219,13000,4403ad2e058f9ceb8ab975b5a0b8765d7c7ce761eb6b7d8dbe1b5b9d1e21c303,HUMAN_APPROVED
CATV1-P231-R1L,BEAUTY_CARE,ILUMIANDOR,,e137169e-b616-4487-aa3e-7637db245219,11000,d8074b088d7ea617efaca31efebc230c0736901868a876f7caefe42dab078bd3,HUMAN_APPROVED
CATV1-P231-R1R,BEAUTY_CARE,RUBOR X3 TONO CAFE,,e137169e-b616-4487-aa3e-7637db245219,13000,93fde2ffcd8e81ee47e0a94650883fa721ea0ea5deefca07f3a3ea52f9dc91c9,POLICY_APPROVED
CATV1-P231-R2L,BEAUTY_CARE,POLVO COMPACTO PERFECT,,e137169e-b616-4487-aa3e-7637db245219,13000,95e1f21ee0b9993aefab9b2957af8f9a655055482c6f2101347089664a097c23,POLICY_APPROVED
CATV1-P231-R3R,BEAUTY_CARE,POLVO DE HADASEXTRAGRANDE,,e137169e-b616-4487-aa3e-7637db245219,15000,d911f98e0aca95eab1fb008ad9629d7004b4d1d69d68e53cafa60eabf4f7ed52,POLICY_APPROVED
CATV1-P233-R1R,BEAUTY_CARE,MANTEQUILLA PURPURE,ea9d8272-18a7-4af8-8f21-578b65ac5c66,,27000,f8e603fde416e1d49c4b2669f618cb4699d0a7fdd0651b6c01a79683c1c493c5,POLICY_APPROVED
CATV1-P233-R2L,BEAUTY_CARE,MANTEQUILLA MINI,ea9d8272-18a7-4af8-8f21-578b65ac5c66,,14000,a36f9b7604d211c2fe339232212b6d05ada1b701d1a4b76e27535d516635356a,POLICY_APPROVED
CATV1-P233-R2R,BEAUTY_CARE,AGUA DE 120 ML,ea9d8272-18a7-4af8-8f21-578b65ac5c66,,14000,fee87ff9607eeb0b96a307efad2fcb19de10d99e4440018be133e3ad95a5ea2d,POLICY_APPROVED
CATV1-P233-R3R,BEAUTY_CARE,MINI SPLASH PURPURE,ea9d8272-18a7-4af8-8f21-578b65ac5c66,,17000,0ef08d99e311c51f2945ff267586d0672a749bd4180e4690858719e20164df9d,POLICY_APPROVED
CATV1-P234-R1L,BEAUTY_CARE,GLOSS PURPURE,ea9d8272-18a7-4af8-8f21-578b65ac5c66,,17000,2abf69ba6d5614dd97fdc8c955cfdd75cfbba1b7f73ee65a8a139d9f082a5ff0,POLICY_APPROVED
CATV1-P234-R1R,BEAUTY_CARE,LIP SERUM,ea9d8272-18a7-4af8-8f21-578b65ac5c66,,20900,ce629df426f76c332b3bbda2f8104829d9d5adb33335d53cc6477a0c327f9028,POLICY_APPROVED
CATV1-P234-R2L,BEAUTY_CARE,LIP BALM PURPURE,ea9d8272-18a7-4af8-8f21-578b65ac5c66,,20900,460fc9d14ad0318718b2ebfef3ea59234a5698e8b186f15e320f6a9532d7738a,POLICY_APPROVED
CATV1-P234-R2R,BEAUTY_CARE,"KIT PERFUME ,SPLASH Y CREMA",ea9d8272-18a7-4af8-8f21-578b65ac5c66,,29000,dc9190a6b65e58e282a28d614b42dfa60ebc78dab38e567188ad68f520ffb885,POLICY_APPROVED
CATV1-P234-R3L,BEAUTY_CARE,PERFUMES CAPILARES,ea9d8272-18a7-4af8-8f21-578b65ac5c66,,23000,57cf072519aed5948679d4924fa5f9c22cf425f5f50e6182450a0b3ae519b8b4,POLICY_APPROVED
CATV1-P234-R3R,BEAUTY_CARE,PERFUMES CAPILARES SOLO MORADO,ea9d8272-18a7-4af8-8f21-578b65ac5c66,,25000,4bb7f09c67ee75c9df4b5ac6f35f13f2f844c8dd6679514abea0b79544efb865,POLICY_APPROVED
CATV1-P235-R1L,BEAUTY_CARE,MANTEQUILLA GRANDE,ea9d8272-18a7-4af8-8f21-578b65ac5c66,,29000,6fd6e2f6101ac83e1f96289ad8e7b6d0901e76493b162c3026fe0a8ed8dc8218,POLICY_APPROVED
CATV1-P235-R1R,BEAUTY_CARE,JABON CORPORAL TODOS,ea9d8272-18a7-4af8-8f21-578b65ac5c66,,29000,559c6fe768be9d38d994651fbe1e5d291bc9d85e0d8dfc17a4342c41e7c47ed4,POLICY_APPROVED
CATV1-P235-R2L,BEAUTY_CARE,EXFOLIANTE CORPORAL,ea9d8272-18a7-4af8-8f21-578b65ac5c66,,29000,6633940363dd61721f79f0ffafcf0fa451da30f6dc3e937a5aa5f32d158fc243,POLICY_APPROVED
CATV1-P235-R2R,BEAUTY_CARE,MINI MANTEQUILLA TODAS,ea9d8272-18a7-4af8-8f21-578b65ac5c66,,15000,4b32497a7443b24f33123b4550497e7f84fb3560b03ced36b6e48b2a0288599a,POLICY_APPROVED
CATV1-P235-R3L,BEAUTY_CARE,PERFUME NUEVO,ea9d8272-18a7-4af8-8f21-578b65ac5c66,,29000,0b818ec8ef73bb8ab08ffe07e1dd1f1af9804558416c39c7aedf34ba17121da1,POLICY_APPROVED
CATV1-P235-R3R,BEAUTY_CARE,CREMA CON LLAVERO,ea9d8272-18a7-4af8-8f21-578b65ac5c66,,21000,b001efa23fb624e97207c69a2781d728795422aff20fbd9ae783378e5bc11d56,POLICY_APPROVED
CATV1-P236-R1L,BEAUTY_CARE,LABIALES OH OH OH,ea9d8272-18a7-4af8-8f21-578b65ac5c66,,15000,a429184cd8301d2211dbcfed9ea01368a47b74239230bc86c311714b7f30e97f,POLICY_APPROVED
CATV1-P236-R1R,BEAUTY_CARE,LIP OIL,ea9d8272-18a7-4af8-8f21-578b65ac5c66,,17000,188a43f9f7754ce341f1cac3453ae923c57d6d75520d00fe950a34f2b8521913,POLICY_APPROVED
CATV1-P236-R2L,BEAUTY_CARE,GLOSS HONEY,ea9d8272-18a7-4af8-8f21-578b65ac5c66,,19000,62d2e3baa7c161efdb4b50657d6603d31d15e9b60fda89e52ee9e2d5919d6b87,POLICY_APPROVED
CATV1-P236-R2R,BEAUTY_CARE,MINI SPLASH,ea9d8272-18a7-4af8-8f21-578b65ac5c66,,18000,be30fd6941e104092654f22de33dbc753c76451fcfbcacf32963ef599cf1444b,POLICY_APPROVED
CATV1-P236-R3R,BEAUTY_CARE,LIP SERUM CHOCOLATE KISS,ea9d8272-18a7-4af8-8f21-578b65ac5c66,,20000,fb6b9a87a139f729dbf2a8149fe9a621f177743ce6f06796b76d2b2e46400522,POLICY_APPROVED
CATV1-P237-R1L,BEAUTY_CARE,POLVO BANANA,ea9d8272-18a7-4af8-8f21-578b65ac5c66,,17000,3286ce5f6ea7cbf8b6d45a951bf3b3de9d1440cb60af571b56ad255db4f52bb8,POLICY_APPROVED
CATV1-P237-R1R,BEAUTY_CARE,ACEITE CORPORAL,ea9d8272-18a7-4af8-8f21-578b65ac5c66,,30000,b7294de6c6237467cbf31b610e479e1938b98f2853a91768395e2da6293d5257,POLICY_APPROVED
CATV1-P237-R2L,BEAUTY_CARE,BARRA PERFUME,ea9d8272-18a7-4af8-8f21-578b65ac5c66,,19000,95c2b0c10788e17b536027b76c06f38e6d30b6dc5a1f536187e576ff37142796,POLICY_APPROVED
CATV1-P237-R2R,BEAUTY_CARE,MILK SHAKE PURPURE,ea9d8272-18a7-4af8-8f21-578b65ac5c66,,18000,bc25648d1e282c61e4a50d6fecb29427ef6bd13e90311fcae66367da8f663b9b,POLICY_APPROVED
CATV1-P237-R3L,BEAUTY_CARE,GLOS POP PURPURE,ea9d8272-18a7-4af8-8f21-578b65ac5c66,,20000,d0621cb27c3b67e738b037d3809acf98431b7364dda51fbaec3097ee0e0d7fd2,POLICY_APPROVED
CATV1-P237-R3R,BEAUTY_CARE,CEPILLO DESENREDANTE,ea9d8272-18a7-4af8-8f21-578b65ac5c66,,16000,bd5242e15e0bade48e6a06ae89026a54166dda13b4a4c75c5c992e4bfa596fca,POLICY_APPROVED
CATV1-P238-R1L,BEAUTY_CARE,ESPEJO,ea9d8272-18a7-4af8-8f21-578b65ac5c66,,14000,bb123d37d61e5c853964a6777c096f93a5344b9d2f5e6bafc8cef8c5b305b0c9,POLICY_APPROVED
CATV1-P238-R1R,BEAUTY_CARE,LABIAL HUMECTANTE,ea9d8272-18a7-4af8-8f21-578b65ac5c66,,8000,44fcea456092b3d009877921008cc17a13462ddeca02b62b78076a3e56ea99fa,HUMAN_APPROVED
CATV1-P238-R2L,BEAUTY_CARE,LABIAL HUMECTANTE,ea9d8272-18a7-4af8-8f21-578b65ac5c66,,20000,1d6a6c87f8d934d42cc23c6f3a422f91b635d9927a310ae98bfaa7b67660d4c9,HUMAN_APPROVED
CATV1-P238-R2R,BEAUTY_CARE,JELLY GLOW,ea9d8272-18a7-4af8-8f21-578b65ac5c66,,18000,db5b00a8337bda57bb6a69e825b7129256f42a0ac8bf88fa74c0bb7942943d50,POLICY_APPROVED
CATV1-P238-R3R,BEAUTY_CARE,FOST CREAM,ea9d8272-18a7-4af8-8f21-578b65ac5c66,,21000,b704761126f2291b974b0dd32516bf8d7f084aed4ee9b54ca034c69b59b3d4f3,POLICY_APPROVED
CATV1-P240-R1L,BEAUTY_CARE,MANTEQUILLA MANGO SUNSET,fe7fbce3-260b-44f2-a8a7-0d0f5cfec721,,26000,1dee07b7fbdba7036b95d48578d82255cc0e0e8b66606e884f7f94d6899f7317,POLICY_APPROVED
CATV1-P240-R1R,BEAUTY_CARE,MANTEQUILLA DRAGON KISS,fe7fbce3-260b-44f2-a8a7-0d0f5cfec721,,26000,18045b65ee15643cdfadaec0032939aa14b9e49eb8419ad19edac051f4bcee7c,POLICY_APPROVED
CATV1-P240-R2L,BEAUTY_CARE,SHIMMER NUBE ROSA,fe7fbce3-260b-44f2-a8a7-0d0f5cfec721,,26000,1315e811fe8fedadfc46ed34053b9fef636994de737720648b6b9489b361688a,POLICY_APPROVED
CATV1-P240-R2R,BEAUTY_CARE,MANTEQUILLA ROSE ADICTION,fe7fbce3-260b-44f2-a8a7-0d0f5cfec721,,26000,b16d1e4671a6089a7c40f99eecb0214a423fb3442ff57bfb1200f91c720b966c,POLICY_APPROVED
CATV1-P240-R3L,BEAUTY_CARE,MANTEQUILLA POP CORN,fe7fbce3-260b-44f2-a8a7-0d0f5cfec721,,26000,1f0db38a8ef5a2f948438a78e86bee3e427276a2ab007186fd1d0802f2334a59,POLICY_APPROVED
CATV1-P240-R3R,BEAUTY_CARE,MANTEQUILLA SWEET PINK,fe7fbce3-260b-44f2-a8a7-0d0f5cfec721,,26000,4f212fa6b34e75c39fbab0fe9968f5b91c5b446e169f2fa1f3bbd9882a49b020,POLICY_APPROVED
CATV1-P241-R1L,BEAUTY_CARE,AGUA ROSAS NUBE,fe7fbce3-260b-44f2-a8a7-0d0f5cfec721,,28500,f2ff31f2c5866a051d86f117a966d032a3f562c6827e65c8373b26617e120a38,POLICY_APPROVED
CATV1-P241-R1R,BEAUTY_CARE,TONICO ALOE VERA X250ML,fe7fbce3-260b-44f2-a8a7-0d0f5cfec721,,23000,8b4b40a19b96e5095488e54b1dd2b9f70102ed0d71719a8828b99dc08f938070,POLICY_APPROVED
CATV1-P241-R2L,BEAUTY_CARE,DESMAQUILLADOR BIFASICO,fe7fbce3-260b-44f2-a8a7-0d0f5cfec721,,28000,55f7c2f3bbe928785bb2e00e86796a9618e466207cb4fb6427c4d36c6e5f5092,POLICY_APPROVED
CATV1-P241-R2R,BEAUTY_CARE,MINI TONICO ALOE VERA X250ML,fe7fbce3-260b-44f2-a8a7-0d0f5cfec721,,12000,6263ee65f7b4733c85d3036434ff3593c0d170167f78bf3e6c4142b498373af0,POLICY_APPROVED
CATV1-P241-R3L,BEAUTY_CARE,GEL ALOE VERA X120ML,fe7fbce3-260b-44f2-a8a7-0d0f5cfec721,,36000,5f8c62db6e9263787e948a20b977afd2cf6c18475736a178bb6a33e93dba855d,POLICY_APPROVED
CATV1-P241-R3R,BEAUTY_CARE,TONICO ROSAS X250ML,fe7fbce3-260b-44f2-a8a7-0d0f5cfec721,,23000,b1f7ebfa3f6ebccd6491210d4457ebff62e31867b9350059bd9953c0fbfbdb2e,POLICY_APPROVED
CATV1-P242-R1L,BEAUTY_CARE,ESPUMA ROSAS MINI,fe7fbce3-260b-44f2-a8a7-0d0f5cfec721,,17000,34ae7e2f2c6ebd173ffe998fd1845f9c3c527cedf6ee579f36bc3196d81fb761,POLICY_APPROVED
CATV1-P242-R1R,BEAUTY_CARE,ESPUMA ROSAS GRANDE X150ML,fe7fbce3-260b-44f2-a8a7-0d0f5cfec721,,24500,2c09f0e73a15411376c60ec7b328b85fc834d3ff180dd886218a38272962672b,POLICY_APPROVED
CATV1-P243-R1L,BEAUTY_CARE,RAYITOS DE SOL,fe7fbce3-260b-44f2-a8a7-0d0f5cfec721,,18000,ce2b5e4d8b221464b2ea4059f0d1ee26e7514fd50464c823153705d95d01918a,POLICY_APPROVED
CATV1-P243-R1R,BEAUTY_CARE,AGUA TERMAL HYDRO,fe7fbce3-260b-44f2-a8a7-0d0f5cfec721,,23000,8d32b78c7f9e205b5b6af5ccb81941c59ee1996b2f99858307ef31f49c31a7e5,POLICY_APPROVED
CATV1-P243-R2L,BEAUTY_CARE,FIJADOR MATTE,fe7fbce3-260b-44f2-a8a7-0d0f5cfec721,,11000,804beb78f61d85d56ecbef07aa2cd29cbeb2e87552d101fb834f42e99c53d1ab,POLICY_APPROVED
CATV1-P244-R1L,BEAUTY_CARE,MASCARILLA VITAMINA C,fe7fbce3-260b-44f2-a8a7-0d0f5cfec721,,4000,0386fb3ca21d6bbc5f6c33d110b571ee748e4db84c196b21774fd6f8464d97fd,POLICY_APPROVED
CATV1-P244-R1R,BEAUTY_CARE,MASCARILLA ROSAS,fe7fbce3-260b-44f2-a8a7-0d0f5cfec721,,4000,6b88140091a9627a376d810a1c0563d041d89ac6d0ddb04b717f999de2760f4a,POLICY_APPROVED
CATV1-P244-R2L,BEAUTY_CARE,MASCARILLA RETINOL,fe7fbce3-260b-44f2-a8a7-0d0f5cfec721,,4000,bf44b48e5995168b7c269429fc12b17d00e5b4de3fbf07a9eece506b7116ab76,POLICY_APPROVED
CATV1-P244-R2R,BEAUTY_CARE,MASCARILLA CENTELLA,fe7fbce3-260b-44f2-a8a7-0d0f5cfec721,,4000,598b5c10a749740c67b09cc8c4f246089fc1b80f6a37c69b6db58865306b3b1c,POLICY_APPROVED
CATV1-P244-R3L,BEAUTY_CARE,MASCARILLA ARROZ,fe7fbce3-260b-44f2-a8a7-0d0f5cfec721,,4000,16a7d1914657f79a0d5875f1eb2701bc8e4ce6fdb50aa30c7b3f46b2d70169a4,POLICY_APPROVED
CATV1-P244-R3R,BEAUTY_CARE,MASCARILLA NARANJA,fe7fbce3-260b-44f2-a8a7-0d0f5cfec721,,4000,27473024cd5ee667255d7c269e914305dbb1116a9684e30453ec37cb8aed2b66,POLICY_APPROVED
