source_reference_id,approval_source,proposed_product_id,business_line,product_name,brand_id,category_id,sale_price_cop,image_sha256,proposed_sku,proposed_catalog_code,proposed_slug,sku_resolution_status,catalog_code_resolution_status,slug_resolution_status,product_id_resolution_status,eligibility_status
CATV1-P006-R1L,POLICY_APPROVED,69016840-da44-3ec0-f6dc-bf0551288a47,BEAUTY_CARE,SHAMPOO KABA,23363ac3-3646-47d3-88d8-30b13a62d37d,,46000,8ead3e09e31a064951c05a0198ed313abdf4a2dfd0b6bdf0aae92eb38cc9e9bc,BC-20000,BCV5-0001,beauty-care-shampoo-kaba,RESERVED_IMPORT_RANGE,GENERATED_CANONICAL_SOURCE_CODE,DETERMINISTIC_CANONICAL_SLUG,DETERMINISTIC_SOURCE_UUID,READY_CREATE
CATV1-P006-R1R,POLICY_APPROVED,f4357745-adb2-7bd0-5a1c-f9d2cc253786,BEAUTY_CARE,ACONDICIONADOR,23363ac3-3646-47d3-88d8-30b13a62d37d,,41000,6ae76c265454171c96a32d06690b2419b45667a980c63fd00ae9decbc8b2c9a0,BC-20001,BCV5-0002,beauty-care-acondicionador,RESERVED_IMPORT_RANGE,GENERATED_CANONICAL_SOURCE_CODE,DETERMINISTIC_CANONICAL_SLUG,DETERMINISTIC_SOURCE_UUID,READY_CREATE
CATV1-P006-R2L,POLICY_APPROVED,bae91b27-4bc2-3db7-7bcb-5ff49fd3066c,BEAUTY_CARE,BIOMASCARILLA,23363ac3-3646-47d3-88d8-30b13a62d37d,,46000,0c5b4f9ae556414cc43c164a178a07a108d1207497fb3ed4372be6f84587ebde,BC-20002,BCV5-0003,beauty-care-biomascarilla,RESERVED_IMPORT_RANGE,GENERATED_CANONICAL_SOURCE_CODE,DETERMINISTIC_CANONICAL_SLUG,DETERMINISTIC_SOURCE_UUID,READY_CREATE
CATV1-P006-R2R,POLICY_APPROVED,673cea51-d3ff-3cc4-a7f3-0df549eba28c,BEAUTY_CARE,REPOLARIZADOR,23363ac3-3646-47d3-88d8-30b13a62d37d,,51000,98727f28c5adf83ae4c7c80d53098d0fe291bfdc3daf84823db11e7ef477da57,BC-20003,BCV5-0004,beauty-care-repolarizador,RESERVED_IMPORT_RANGE,GENERATED_CANONICAL_SOURCE_CODE,DETERMINISTIC_CANONICAL_SLUG,DETERMINISTIC_SOURCE_UUID,READY_CREATE
CATV1-P006-R3L,POLICY_APPROVED,77a924c9-99b2-0a44-6f29-7f447ee96cf6,BEAUTY_CARE,TONICO DE CRECIMIENTO,23363ac3-3646-47d3-88d8-30b13a62d37d,,46000,6193f75dcebf5d4379406626aacc22fd7509d22a20392b92c69e6749a61bfb7c,BC-20004,BCV5-0005,beauty-care-tonico-de-crecimiento,RESERVED_IMPORT_RANGE,GENERATED_CANONICAL_SOURCE_CODE,DETERMINISTIC_CANONICAL_SLUG,DETERMINISTIC_SOURCE_UUID,READY_CREATE
CATV1-P006-R3R,POLICY_APPROVED,7d950f19-cdc7-aa5e-0c62-d656347a288d,BEAUTY_CARE,LOCION ASTRINGENTE,23363ac3-3646-47d3-88d8-30b13a62d37d,,61000,751a34825ceeab4cbc240a0cebd7dc3aa2c86ca7608c817ec6ad8867845cf735,BC-20005,BCV5-0006,beauty-care-locion-astringente,RESERVED_IMPORT_RANGE,GENERATED_CANONICAL_SOURCE_CODE,DETERMINISTIC_CANONICAL_SLUG,DETERMINISTIC_SOURCE_UUID,READY_CREATE
CATV1-P007-R1L,POLICY_APPROVED,19839e22-ec06-dc7f-b133-d0864de5d68b,BEAUTY_CARE,DERMOACLARANTE,23363ac3-3646-47d3-88d8-30b13a62d37d,,61000,6c614eda651d32003fac5832af0c367bacd35e2906f58965d0907a4c7e3cb14a,BC-20006,BCV5-0007,beauty-care-dermoaclarante,RESERVED_IMPORT_RANGE,GENERATED_CANONICAL_SOURCE_CODE,DETERMINISTIC_CANONICAL_SLUG,DETERMINISTIC_SOURCE_UUID,READY_CREATE
CATV1-P007-R1R,POLICY_APPROVED,cd855167-2338-0311-6fab-f1bb427b38fa,BEAUTY_CARE,CREMA TENSORA,23363ac3-3646-47d3-88d8-30b13a62d37d,,61000,e786bf686eb91387c69e3c06333bbecd476fb21cd2fd2383417b5419396345dd,BC-20007,BCV5-0008,beauty-care-crema-tensora,RESERVED_IMPORT_RANGE,GENERATED_CANONICAL_SOURCE_CODE,DETERMINISTIC_CANONICAL_SLUG,DETERMINISTIC_SOURCE_UUID,READY_CREATE
CATV1-P007-R2L,POLICY_APPROVED,f45d20fa-a67d-35ae-510c-871a5693550c,BEAUTY_CARE,PERFUMEPARA ELCABELLO,23363ac3-3646-47d3-88d8-30b13a62d37d,,51000,4fa8527e7ab91c4bab4cb2ed3ca0b3a4887c3d2a13747952192876569bc83314,BC-20008,BCV5-0009,beauty-care-perfumepara-elcabello,RESERVED_IMPORT_RANGE,GENERATED_CANONICAL_SOURCE_CODE,DETERMINISTIC_CANONICAL_SLUG,DETERMINISTIC_SOURCE_UUID,READY_CREATE
CATV1-P007-R2R,POLICY_APPROVED,ac71a320-037b-7278-4d4b-031dda93393d,BEAUTY_CARE,TONICO DESPIGMENTANTE,23363ac3-3646-47d3-88d8-30b13a62d37d,,61000,962738081b2af872b16f2b6b62ec27016304f5012daa41954721251e076c9565,BC-20009,BCV5-0010,beauty-care-tonico-despigmentante,RESERVED_IMPORT_RANGE,GENERATED_CANONICAL_SOURCE_CODE,DETERMINISTIC_CANONICAL_SLUG,DETERMINISTIC_SOURCE_UUID,READY_CREATE
CATV1-P007-R3L,POLICY_APPROVED,0ecf1f69-602f-2072-1a24-381e9cde1592,BEAUTY_CARE,POCIMA DE PESTAÑAS,23363ac3-3646-47d3-88d8-30b13a62d37d,,66000,fa97e7bfc1204d32b1873f4c0c789dd9a1a6aa1ab5d23934f9bf59e99d168039,BC-20010,BCV5-0011,beauty-care-pocima-de-pestanas,RESERVED_IMPORT_RANGE,GENERATED_CANONICAL_SOURCE_CODE,DETERMINISTIC_CANONICAL_SLUG,DETERMINISTIC_SOURCE_UUID,READY_CREATE
CATV1-P007-R3R,POLICY_APPROVED,3d6fad27-a2f7-7f34-71f8-afe81d692f27,BEAUTY_CARE,PARCHES SOS,23363ac3-3646-47d3-88d8-30b13a62d37d,,26000,0afee50b06fc773d1fb3b8cd0538383de281b237307a1253c061938d9751c3ff,BC-20011,BCV5-0012,beauty-care-parches-sos,RESERVED_IMPORT_RANGE,GENERATED_CANONICAL_SOURCE_CODE,DETERMINISTIC_CANONICAL_SLUG,DETERMINISTIC_SOURCE_UUID,READY_CREATE
CATV1-P008-R1L,POLICY_APPROVED,db9858f1-4f26-b8fa-2f2c-58bf37d0feb2,BEAUTY_CARE,DEPILADOR OMG,23363ac3-3646-47d3-88d8-30b13a62d37d,,31000,273311a34f790d914304dc8caab259e3968e98a30d87aa5d6bcef00e45a99fb9,BC-20012,BCV5-0013,beauty-care-depilador-omg,RESERVED_IMPORT_RANGE,GENERATED_CANONICAL_SOURCE_CODE,DETERMINISTIC_CANONICAL_SLUG,DETERMINISTIC_SOURCE_UUID,READY_CREATE
CATV1-P008-R1R,POLICY_APPROVED,a96c04c8-674d-7893-b8ae-541b737040df,BEAUTY_CARE,KIDS SHAMPOO,23363ac3-3646-47d3-88d8-30b13a62d37d,,46000,d5f57665859276ce8d6975eddc4d1d7e5ad06858371d9d9708742cee876e8be4,BC-20013,BCV5-0014,beauty-care-kids-shampoo,RESERVED_IMPORT_RANGE,GENERATED_CANONICAL_SOURCE_CODE,DETERMINISTIC_CANONICAL_SLUG,DETERMINISTIC_SOURCE_UUID,READY_CREATE
CATV1-P008-R2L,POLICY_APPROVED,bb778288-e584-f8e6-6714-6f7dbf7266a5,BEAUTY_CARE,KERATINA PEQ,23363ac3-3646-47d3-88d8-30b13a62d37d,,81000,8a2c9df1b736c31b8e327b9b9c8bbb46adf5eee2d2161bd691f52c7b1e6221e9,BC-20014,BCV5-0015,beauty-care-keratina-peq,RESERVED_IMPORT_RANGE,GENERATED_CANONICAL_SOURCE_CODE,DETERMINISTIC_CANONICAL_SLUG,DETERMINISTIC_SOURCE_UUID,READY_CREATE
CATV1-P008-R2R,POLICY_APPROVED,a6d8d5ad-4182-fdf8-2290-4ae97d6defe3,BEAUTY_CARE,KERATINA GRANDE,23363ac3-3646-47d3-88d8-30b13a62d37d,,131000,6136d314b6be844cc3e846e4d1f8bca627f9a8f52260865f512af5f5988ed217,BC-20015,BCV5-0016,beauty-care-keratina-grande-p008-r2r,RESERVED_IMPORT_RANGE,GENERATED_CANONICAL_SOURCE_CODE,DETERMINISTIC_CANONICAL_SLUG,DETERMINISTIC_SOURCE_UUID,READY_CREATE
CATV1-P008-R3L,POLICY_APPROVED,1886ae19-a3d7-57a0-6f47-92496cb4e233,BEAUTY_CARE,SHAMPOO REVITALIZANTE,23363ac3-3646-47d3-88d8-30b13a62d37d,,51000,e63229651952062fb23e76547fb0cdba1d53d87bc63b1a603913658a74a535c9,BC-20016,BCV5-0017,beauty-care-shampoo-revitalizante,RESERVED_IMPORT_RANGE,GENERATED_CANONICAL_SOURCE_CODE,DETERMINISTIC_CANONICAL_SLUG,DETERMINISTIC_SOURCE_UUID,READY_CREATE
CATV1-P008-R3R,POLICY_APPROVED,673614ba-856f-f63a-7bcf-334b59579a4b,BEAUTY_CARE,TRATA REVITALIZANTE,23363ac3-3646-47d3-88d8-30b13a62d37d,,51000,0b6b7e9770c7a9b436d9d9871f29bee7b6e6afae1f0ed3ee0a3d56ed3f5f3b3b,BC-20017,BCV5-0018,beauty-care-trata-revitalizante,RESERVED_IMPORT_RANGE,GENERATED_CANONICAL_SOURCE_CODE,DETERMINISTIC_CANONICAL_SLUG,DETERMINISTIC_SOURCE_UUID,READY_CREATE
CATV1-P009-R1L,POLICY_APPROVED,c973fe02-90a0-f759-dd5d-d0f6fd6f0f49,BEAUTY_CARE,CORRECTOR OJERAS,23363ac3-3646-47d3-88d8-30b13a62d37d,,36000,07051d4df4d48678ebf452a418e4ec29073c4f480bdc678183ce9b71c43345bc,BC-20018,BCV5-0019,beauty-care-corrector-ojeras,RESERVED_IMPORT_RANGE,GENERATED_CANONICAL_SOURCE_CODE,DETERMINISTIC_CANONICAL_SLUG,DETERMINISTIC_SOURCE_UUID,READY_CREATE
CATV1-P011-R1L,HUMAN_APPROVED,6782a4dc-5324-cb75-f736-b4d0d926443e,BEAUTY_CARE,SHAMPOO ROMERO,57bbddd8-dfe8-44db-b492-158e4a50894b,,51000,8ccce9904b7e57dbe9db8b0380c23533386d8b8cecc43a381a2ce79fcca97a7a,BC-20019,BCV5-0020,beauty-care-shampoo-romero-p011-r1l,RESERVED_IMPORT_RANGE,GENERATED_CANONICAL_SOURCE_CODE,DETERMINISTIC_CANONICAL_SLUG,DETERMINISTIC_SOURCE_UUID,READY_CREATE
CATV1-P011-R1R,HUMAN_APPROVED,c8839400-6442-709c-bef5-a53d32cd96f6,BEAUTY_CARE,SHAMPOO ARGAN,57bbddd8-dfe8-44db-b492-158e4a50894b,,41000,307211268d350970a7d1245ec271211dbc90ce40b383a5eb418b6bded80d343a,BC-20020,BCV5-0021,beauty-care-shampoo-argan,RESERVED_IMPORT_RANGE,GENERATED_CANONICAL_SOURCE_CODE,DETERMINISTIC_CANONICAL_SLUG,DETERMINISTIC_SOURCE_UUID,READY_CREATE
CATV1-P011-R2L,HUMAN_APPROVED,e07e6246-619a-6052-25a9-cebc969e83e9,BEAUTY_CARE,ACONDICIONADOR NUEVO,57bbddd8-dfe8-44db-b492-158e4a50894b,,51000,2848c574adbcba94f5d4662708e162c88b9cdd5354d21fac4fb7777f59bec420,BC-20021,BCV5-0022,beauty-care-acondicionador-nuevo,RESERVED_IMPORT_RANGE,GENERATED_CANONICAL_SOURCE_CODE,DETERMINISTIC_CANONICAL_SLUG,DETERMINISTIC_SOURCE_UUID,READY_CREATE
CATV1-P011-R2R,HUMAN_APPROVED,8b36ab1b-c41e-a7d0-a6af-e252ee3b2542,BEAUTY_CARE,SHAMPOO ANTICASPA,57bbddd8-dfe8-44db-b492-158e4a50894b,,51000,c78df799d5e460cd6dea90f3a2ffd9152c31c0699b7653a91aba3ffacbaec724,BC-20022,BCV5-0023,beauty-care-shampoo-anticaspa-p011-r2r,RESERVED_IMPORT_RANGE,GENERATED_CANONICAL_SOURCE_CODE,DETERMINISTIC_CANONICAL_SLUG,DETERMINISTIC_SOURCE_UUID,READY_CREATE
CATV1-P011-R3L,HUMAN_APPROVED,7c430611-0c7a-4e71-cdf7-9ae5e1bb9407,BEAUTY_CARE,GOTAS CBD,57bbddd8-dfe8-44db-b492-158e4a50894b,,36000,290324bf5d500a4ba04638973d85b64f2be244e34b91eb0a833a2d6cb6ac0371,BC-20023,BCV5-0024,beauty-care-gotas-cbd,RESERVED_IMPORT_RANGE,GENERATED_CANONICAL_SOURCE_CODE,DETERMINISTIC_CANONICAL_SLUG,DETERMINISTIC_SOURCE_UUID,READY_CREATE
CATV1-P011-R3R,HUMAN_APPROVED,076e3d14-a126-d25a-ec3f-c81ad338cc15,BEAUTY_CARE,TONICO ANTICAIDA,57bbddd8-dfe8-44db-b492-158e4a50894b,,51000,bfe56039331447140e4fb34f9bd79ba65f9d4c204d66e057cb840fe288a65f3c,BC-20024,BCV5-0025,beauty-care-tonico-anticaida-p011-r3r,RESERVED_IMPORT_RANGE,GENERATED_CANONICAL_SOURCE_CODE,DETERMINISTIC_CANONICAL_SLUG,DETERMINISTIC_SOURCE_UUID,READY_CREATE
CATV1-P012-R1L,HUMAN_APPROVED,43859bdd-7958-f6a6-5251-e1fc286cc75f,BEAUTY_CARE,EXFOLIANTE CAPILAR,57bbddd8-dfe8-44db-b492-158e4a50894b,,66000,2fc027150227f2c79879a76a50e5b98811edd052ff22c14ada37d2d37e2d687f,BC-20025,BCV5-0026,beauty-care-exfoliante-capilar-p012-r1l,RESERVED_IMPORT_RANGE,GENERATED_CANONICAL_SOURCE_CODE,DETERMINISTIC_CANONICAL_SLUG,DETERMINISTIC_SOURCE_UUID,READY_CREATE
CATV1-P014-R1L,HUMAN_APPROVED,c36b2418-2c84-e700-a7bf-5afa3f9c0b6e,BEAUTY_CARE,BRONCEADOR ZANAHORIA,03a73a7c-1a85-4429-b459-c68ad93c9664,,46000,21e454637dc6e8cb2c608b04f040f82c11b6e16821d2587d64b6b5ac4e313f83,BC-20026,BCV5-0027,beauty-care-bronceador-zanahoria,RESERVED_IMPORT_RANGE,GENERATED_CANONICAL_SOURCE_CODE,DETERMINISTIC_CANONICAL_SLUG,DETERMINISTIC_SOURCE_UUID,READY_CREATE
CATV1-P014-R1R,HUMAN_APPROVED,95e55d36-14a7-29be-76eb-3e5689bcb8d1,BEAUTY_CARE,BRONCEADOR COCO,03a73a7c-1a85-4429-b459-c68ad93c9664,,46000,798df4f214568d7ea19c358aab58aebf9efa56a1c7ef403eabb60555858d5814,BC-20027,BCV5-0028,beauty-care-bronceador-coco,RESERVED_IMPORT_RANGE,GENERATED_CANONICAL_SOURCE_CODE,DETERMINISTIC_CANONICAL_SLUG,DETERMINISTIC_SOURCE_UUID,READY_CREATE
CATV1-P014-R2L,HUMAN_APPROVED,16357acd-f09c-08fe-ac91-c0743028ebb5,BEAUTY_CARE,LOCION DE ORO,03a73a7c-1a85-4429-b459-c68ad93c9664,,16000,7c5f45e722cef477cf4c62d2bf5d1a29ff9c91d89eb43efcdf76861e38c009ff,BC-20028,BCV5-0029,beauty-care-locion-de-oro,RESERVED_IMPORT_RANGE,GENERATED_CANONICAL_SOURCE_CODE,DETERMINISTIC_CANONICAL_SLUG,DETERMINISTIC_SOURCE_UUID,READY_CREATE
CATV1-P014-R2R,HUMAN_APPROVED,61bc50dd-6cba-f55f-f1a2-f2219970869d,BEAUTY_CARE,MANTEQUILLA CORPORAL,03a73a7c-1a85-4429-b459-c68ad93c9664,,51000,3923a45ec2bcbf7638db45772081c19258431209f1d42d0bde798cd685762de9,BC-20029,BCV5-0030,beauty-care-mantequilla-corporal-p014-r2r,RESERVED_IMPORT_RANGE,GENERATED_CANONICAL_SOURCE_CODE,DETERMINISTIC_CANONICAL_SLUG,DETERMINISTIC_SOURCE_UUID,READY_CREATE
CATV1-P014-R3L,HUMAN_APPROVED,bed93775-472c-ef57-b6b0-a76411426d59,BEAUTY_CARE,GEL DE ALOE VERA,03a73a7c-1a85-4429-b459-c68ad93c9664,,51000,05efd58a869e7975f046361145c4ba39b3774da981a8893ded77a5eb38497739,BC-20030,BCV5-0031,beauty-care-gel-de-aloe-vera,RESERVED_IMPORT_RANGE,GENERATED_CANONICAL_SOURCE_CODE,DETERMINISTIC_CANONICAL_SLUG,DETERMINISTIC_SOURCE_UUID,READY_CREATE
CATV1-P014-R3R,HUMAN_APPROVED,3f024dc4-5e4d-cdff-7414-7104d853e55e,BEAUTY_CARE,BRONCEADOR EN GEL,03a73a7c-1a85-4429-b459-c68ad93c9664,,51000,54fc84ba0553539c26ce535f6579fb090b94d878d9dc5176910df4937afea82a,BC-20031,BCV5-0032,beauty-care-bronceador-en-gel,RESERVED_IMPORT_RANGE,GENERATED_CANONICAL_SOURCE_CODE,DETERMINISTIC_CANONICAL_SLUG,DETERMINISTIC_SOURCE_UUID,READY_CREATE
CATV1-P015-R1L,HUMAN_APPROVED,93ad9283-dfd5-9764-d0b4-2132e4fce790,BEAUTY_CARE,FRESHING POP,03a73a7c-1a85-4429-b459-c68ad93c9664,,51000,f8e87d7d5073f3fdcab9435b8bce3b435505091d294b4da7ab3dcc67e7f4d7cc,BC-20032,BCV5-0033,beauty-care-freshing-pop,RESERVED_IMPORT_RANGE,GENERATED_CANONICAL_SOURCE_CODE,DETERMINISTIC_CANONICAL_SLUG,DETERMINISTIC_SOURCE_UUID,READY_CREATE
CATV1-P015-R1R,HUMAN_APPROVED,3a97b778-2db1-da3b-3917-0301ee437937,BEAUTY_CARE,AUTOBRONCEADOR,03a73a7c-1a85-4429-b459-c68ad93c9664,,56000,28fd233f865189e6ef1743a55aef146779a5cbb69744bf47048a472ae9195907,BC-20033,BCV5-0034,beauty-care-autobronceador,RESERVED_IMPORT_RANGE,GENERATED_CANONICAL_SOURCE_CODE,DETERMINISTIC_CANONICAL_SLUG,DETERMINISTIC_SOURCE_UUID,READY_CREATE
CATV1-P015-R2L,HUMAN_APPROVED,407c5d77-279c-bc3c-8dfc-02f04e1b08a8,BEAUTY_CARE,BLOQUEADOR,03a73a7c-1a85-4429-b459-c68ad93c9664,,56000,0c05df2418e1391a4b58ce5fb71088f1308ad7e74374fba2e2089e044191802f,BC-20034,BCV5-0035,beauty-care-bloqueador,RESERVED_IMPORT_RANGE,GENERATED_CANONICAL_SOURCE_CODE,DETERMINISTIC_CANONICAL_SLUG,DETERMINISTIC_SOURCE_UUID,READY_CREATE
CATV1-P015-R2R,HUMAN_APPROVED,20157dcb-5b42-3ba6-dcfd-c1bc84cfb0bf,BEAUTY_CARE,BRONCEADOR DE CHOCOLATE Y MIEL,03a73a7c-1a85-4429-b459-c68ad93c9664,,61000,cf10f2c64cd311475e87c266ca77e4fa9e21181f6ecd5fdffc5659dcece311a4,BC-20035,BCV5-0036,beauty-care-bronceador-de-chocolate-y-miel,RESERVED_IMPORT_RANGE,GENERATED_CANONICAL_SOURCE_CODE,DETERMINISTIC_CANONICAL_SLUG,DETERMINISTIC_SOURCE_UUID,READY_CREATE
CATV1-P015-R3L,HUMAN_APPROVED,5506f491-2b39-a6ca-7862-bc61d8bee1fb,BEAUTY_CARE,BRONCEADOR AUTOBRONCEADORA,03a73a7c-1a85-4429-b459-c68ad93c9664,,71000,faf866a560417a35f0c182423dd8cff548b59b91ee237747eef6f44ea3f31990,BC-20036,BCV5-0037,beauty-care-bronceador-autobronceadora,RESERVED_IMPORT_RANGE,GENERATED_CANONICAL_SOURCE_CODE,DETERMINISTIC_CANONICAL_SLUG,DETERMINISTIC_SOURCE_UUID,READY_CREATE
CATV1-P017-R1L,POLICY_APPROVED,59aacd81-d9ea-a1f9-fba3-b15005b59e5d,BEAUTY_CARE,SHAMPOO CEBOLLA,93f65203-1aaf-405d-9c6d-9e4c46b9b936,,46000,faa6afb8eb03ea8eeff80abc56e6ae56f4d163c95faa87ab80c000200a861ba0,BC-20037,BCV5-0038,beauty-care-shampoo-cebolla-p017-r1l,RESERVED_IMPORT_RANGE,GENERATED_CANONICAL_SOURCE_CODE,DETERMINISTIC_CANONICAL_SLUG,DETERMINISTIC_SOURCE_UUID,READY_CREATE
CATV1-P017-R1R,POLICY_APPROVED,a6c48be7-0e11-587a-3007-a28c0d8651c3,BEAUTY_CARE,ACOND.CEBOLLA,93f65203-1aaf-405d-9c6d-9e4c46b9b936,,41000,c24a79a54d6b75885aef959cb566bc7011b2fac59cb303669e61ceff0dc6ca5c,BC-20038,BCV5-0039,beauty-care-acond-cebolla,RESERVED_IMPORT_RANGE,GENERATED_CANONICAL_SOURCE_CODE,DETERMINISTIC_CANONICAL_SLUG,DETERMINISTIC_SOURCE_UUID,READY_CREATE
CATV1-P017-R2L,POLICY_APPROVED,edc554b0-3325-4039-d9fb-f6f9ad3d07fc,BEAUTY_CARE,TERAPIA CAPILAR,93f65203-1aaf-405d-9c6d-9e4c46b9b936,,47000,6f97eab87395c47ba7303dcd23f06c81a32faaddd947874a51c3f036f24ab4dc,BC-20039,BCV5-0040,beauty-care-terapia-capilar,RESERVED_IMPORT_RANGE,GENERATED_CANONICAL_SOURCE_CODE,DETERMINISTIC_CANONICAL_SLUG,DETERMINISTIC_SOURCE_UUID,READY_CREATE
CATV1-P017-R2R,POLICY_APPROVED,baf8a87c-c0c6-b399-e0b6-ee7defbe1544,BEAUTY_CARE,SHAMPOO ROMERO,93f65203-1aaf-405d-9c6d-9e4c46b9b936,,46000,17d22299da067c8ca78986b302e904007a040d5449a307cf6a1f732bd056dbff,BC-20040,BCV5-0041,beauty-care-shampoo-romero-p017-r2r,RESERVED_IMPORT_RANGE,GENERATED_CANONICAL_SOURCE_CODE,DETERMINISTIC_CANONICAL_SLUG,DETERMINISTIC_SOURCE_UUID,READY_CREATE
CATV1-P017-R3L,POLICY_APPROVED,630f71b8-1b29-0bd4-5ee7-9cf570a70218,BEAUTY_CARE,ACONDI. ROMERO,93f65203-1aaf-405d-9c6d-9e4c46b9b936,,41000,19971dd346f085f7989cf71d919c2f653c28b22a53e9c51573d9526a418dfe3f,BC-20041,BCV5-0042,beauty-care-acondi-romero,RESERVED_IMPORT_RANGE,GENERATED_CANONICAL_SOURCE_CODE,DETERMINISTIC_CANONICAL_SLUG,DETERMINISTIC_SOURCE_UUID,READY_CREATE
CATV1-P017-R3R,POLICY_APPROVED,a4ad6905-d01e-1f8b-8c4f-781fd64a6097,BEAUTY_CARE,BIOTERAPIA CAPILAR,93f65203-1aaf-405d-9c6d-9e4c46b9b936,,44000,feca0f4988ba6c801ecf45eef59f3849737e3b3b162402b7d7086c04d582c06c,BC-20042,BCV5-0043,beauty-care-bioterapia-capilar,RESERVED_IMPORT_RANGE,GENERATED_CANONICAL_SOURCE_CODE,DETERMINISTIC_CANONICAL_SLUG,DETERMINISTIC_SOURCE_UUID,READY_CREATE
CATV1-P018-R1L,POLICY_APPROVED,973fac55-1967-3b17-9f72-1c74a333f34c,BEAUTY_CARE,PONTENCIALIZADOR CAPILAR,93f65203-1aaf-405d-9c6d-9e4c46b9b936,,46000,c5666e563b66a46f62dc8ca012acdbb02e7a6f7f7a9ce23e91cd35c43b22dcf0,BC-20043,BCV5-0044,beauty-care-pontencializador-capilar,RESERVED_IMPORT_RANGE,GENERATED_CANONICAL_SOURCE_CODE,DETERMINISTIC_CANONICAL_SLUG,DETERMINISTIC_SOURCE_UUID,READY_CREATE
CATV1-P018-R1R,POLICY_APPROVED,4a02b3ff-27fd-e5f5-5705-8d727f8ef8f4,BEAUTY_CARE,SHAMPOO COCTEL FRUTAS,93f65203-1aaf-405d-9c6d-9e4c46b9b936,,41000,2bd8f235f05e36c84ff2d0928523238605d91985f78a44c2238f067f5807cf35,BC-20044,BCV5-0045,beauty-care-shampoo-coctel-frutas,RESERVED_IMPORT_RANGE,GENERATED_CANONICAL_SOURCE_CODE,DETERMINISTIC_CANONICAL_SLUG,DETERMINISTIC_SOURCE_UUID,READY_CREATE
CATV1-P018-R2L,POLICY_APPROVED,c6e6e472-8f99-850d-f923-95c05bedc639,BEAUTY_CARE,COCTEL DE FRUTAS,93f65203-1aaf-405d-9c6d-9e4c46b9b936,,51000,ca6943c9e618944e3252356295c9e766ea1b012d1b24f545bf93d2c47fdb1244,BC-20045,BCV5-0046,beauty-care-coctel-de-frutas,RESERVED_IMPORT_RANGE,GENERATED_CANONICAL_SOURCE_CODE,DETERMINISTIC_CANONICAL_SLUG,DETERMINISTIC_SOURCE_UUID,READY_CREATE
CATV1-P018-R2R,POLICY_APPROVED,d2bcaa40-84ba-0bfe-4c38-c19b2eb7f0a9,BEAUTY_CARE,TONICO ANTICAIDA,93f65203-1aaf-405d-9c6d-9e4c46b9b936,,71000,5a5e8ea1a20b6378fa0da19d0b6c6f358dad0e13c50c67a577aa013a6c0b73ac,BC-20046,BCV5-0047,beauty-care-tonico-anticaida-p018-r2r,RESERVED_IMPORT_RANGE,GENERATED_CANONICAL_SOURCE_CODE,DETERMINISTIC_CANONICAL_SLUG,DETERMINISTIC_SOURCE_UUID,READY_CREATE
CATV1-P018-R3L,POLICY_APPROVED,9083a3f2-89e3-a156-4501-3d4f30916dd8,BEAUTY_CARE,SH.GINSENG,93f65203-1aaf-405d-9c6d-9e4c46b9b936,,43000,11aa0e69d0e6c054fbfb42f7a8362d258c8fb23abd9fea06cab41cec6e0e622e,BC-20047,BCV5-0048,beauty-care-sh-ginseng,RESERVED_IMPORT_RANGE,GENERATED_CANONICAL_SOURCE_CODE,DETERMINISTIC_CANONICAL_SLUG,DETERMINISTIC_SOURCE_UUID,READY_CREATE
CATV1-P018-R3R,POLICY_APPROVED,86eb4f94-b449-dfed-ed61-52465f4254ad,BEAUTY_CARE,ACONDI.GINSENG,93f65203-1aaf-405d-9c6d-9e4c46b9b936,,41000,45c76dc3d247ec485e37df95a3376d663212028cd0e4fbe55770fc52a7715b4c,BC-20048,BCV5-0049,beauty-care-acondi-ginseng,RESERVED_IMPORT_RANGE,GENERATED_CANONICAL_SOURCE_CODE,DETERMINISTIC_CANONICAL_SLUG,DETERMINISTIC_SOURCE_UUID,READY_CREATE
CATV1-P019-R1L,POLICY_APPROVED,bb84f6bd-eb1f-62b2-2266-673daec9cefb,BEAUTY_CARE,SHAMPOO AGUACATE,93f65203-1aaf-405d-9c6d-9e4c46b9b936,,41000,ff22ab0d18df07d18b39ab627b502b2a29d2882446459cb926cd7a24dbdbc733,BC-20049,BCV5-0050,beauty-care-shampoo-aguacate,RESERVED_IMPORT_RANGE,GENERATED_CANONICAL_SOURCE_CODE,DETERMINISTIC_CANONICAL_SLUG,DETERMINISTIC_SOURCE_UUID,READY_CREATE
CATV1-P019-R1R,POLICY_APPROVED,433a4e18-5079-b6fd-232a-bb86574f30ab,BEAUTY_CARE,SHAMPOO ALEO VERA,93f65203-1aaf-405d-9c6d-9e4c46b9b936,,41000,6b38618e62816aa89ab82355548489de34f5c1b4700993766cef3df2363906c5,BC-20050,BCV5-0051,beauty-care-shampoo-aleo-vera,RESERVED_IMPORT_RANGE,GENERATED_CANONICAL_SOURCE_CODE,DETERMINISTIC_CANONICAL_SLUG,DETERMINISTIC_SOURCE_UUID,READY_CREATE
CATV1-P019-R2L,POLICY_APPROVED,c5653a89-15b7-ad5f-e305-47bb54ded076,BEAUTY_CARE,ACONDICIONADOR ALOE,93f65203-1aaf-405d-9c6d-9e4c46b9b936,,36000,baf876490a669e79466379f148ebcfe17aabdbc841668d42b4139ea0986cf20a,BC-20051,BCV5-0052,beauty-care-acondicionador-aloe,RESERVED_IMPORT_RANGE,GENERATED_CANONICAL_SOURCE_CODE,DETERMINISTIC_CANONICAL_SLUG,DETERMINISTIC_SOURCE_UUID,READY_CREATE
CATV1-P019-R2R,POLICY_APPROVED,e9a25b2d-b83a-d40a-67d4-268ea55483a4,BEAUTY_CARE,SHAMPOO GUSANO DE SEDA,93f65203-1aaf-405d-9c6d-9e4c46b9b936,,41000,12fa6ff846261524748f7e9a34600a230d7303880854eb4efcbdf5759f47a724,BC-20052,BCV5-0053,beauty-care-shampoo-gusano-de-seda,RESERVED_IMPORT_RANGE,GENERATED_CANONICAL_SOURCE_CODE,DETERMINISTIC_CANONICAL_SLUG,DETERMINISTIC_SOURCE_UUID,READY_CREATE
CATV1-P019-R3L,POLICY_APPROVED,caeaa748-5f80-88c5-93e8-0f323b66ad24,BEAUTY_CARE,SHAMPOO ANTICASPA,93f65203-1aaf-405d-9c6d-9e4c46b9b936,,41000,eb61eedcb3607200979898b7f36ee10e6904914493367b603f4de0cc3fc573bb,BC-20053,BCV5-0054,beauty-care-shampoo-anticaspa-p019-r3l,RESERVED_IMPORT_RANGE,GENERATED_CANONICAL_SOURCE_CODE,DETERMINISTIC_CANONICAL_SLUG,DETERMINISTIC_SOURCE_UUID,READY_CREATE
CATV1-P019-R3R,POLICY_APPROVED,20f0a049-9845-5a45-365e-83a980d657c6,BEAUTY_CARE,SHAMPOO MANZANILLA,93f65203-1aaf-405d-9c6d-9e4c46b9b936,,41000,03e31fdf29f429dfc4142a715a50f5551a598deec08d708eec6fa31071d71732,BC-20054,BCV5-0055,beauty-care-shampoo-manzanilla,RESERVED_IMPORT_RANGE,GENERATED_CANONICAL_SOURCE_CODE,DETERMINISTIC_CANONICAL_SLUG,DETERMINISTIC_SOURCE_UUID,READY_CREATE
CATV1-P020-R1L,POLICY_APPROVED,cdda61e0-0271-abb5-b7fa-1190b0e1c246,BEAUTY_CARE,SHAMPOO CAFE,93f65203-1aaf-405d-9c6d-9e4c46b9b936,,41000,f9bf1eecbe70a78e4a8f5ca2440856629abf2a97cdc02fe6d11a96f661ac64de,BC-20055,BCV5-0056,beauty-care-shampoo-cafe,RESERVED_IMPORT_RANGE,GENERATED_CANONICAL_SOURCE_CODE,DETERMINISTIC_CANONICAL_SLUG,DETERMINISTIC_SOURCE_UUID,READY_CREATE
CATV1-P020-R1R,POLICY_APPROVED,5e694a15-77b2-fc85-c252-97e100085f01,BEAUTY_CARE,CREMA PARA PEINAR,93f65203-1aaf-405d-9c6d-9e4c46b9b936,,39000,f06e2169690d8dc2d61064dd3555881c89736952c8e568d10909c983da852ce3,BC-20056,BCV5-0057,beauty-care-crema-para-peinar,RESERVED_IMPORT_RANGE,GENERATED_CANONICAL_SOURCE_CODE,DETERMINISTIC_CANONICAL_SLUG,DETERMINISTIC_SOURCE_UUID,READY_CREATE
CATV1-P020-R2L,POLICY_APPROVED,9113c977-2d45-f871-073d-4dbefdf705cb,BEAUTY_CARE,BLINDAGEM,93f65203-1aaf-405d-9c6d-9e4c46b9b936,,49000,cc162fe85d8392e6c428b99a676eb61c3fbb88ede54a2fc3b84f8612c6fd6bcc,BC-20057,BCV5-0058,beauty-care-blindagem,RESERVED_IMPORT_RANGE,GENERATED_CANONICAL_SOURCE_CODE,DETERMINISTIC_CANONICAL_SLUG,DETERMINISTIC_SOURCE_UUID,READY_CREATE
CATV1-P020-R2R,POLICY_APPROVED,bc807d49-a01c-ae71-0930-aabadbc7abeb,BEAUTY_CARE,SHAMPOO BANANO,93f65203-1aaf-405d-9c6d-9e4c46b9b936,,41000,4e2d468bba76b82805a770e3ae60987dd1675db7a3d666b6a51ff1f2ce477f3e,BC-20058,BCV5-0059,beauty-care-shampoo-banano,RESERVED_IMPORT_RANGE,GENERATED_CANONICAL_SOURCE_CODE,DETERMINISTIC_CANONICAL_SLUG,DETERMINISTIC_SOURCE_UUID,READY_CREATE
CATV1-P020-R3L,POLICY_APPROVED,dcfc6c24-aa28-7cc0-2f34-2f8d0b6bd0d9,BEAUTY_CARE,ACONDICIONADOR BANANO,93f65203-1aaf-405d-9c6d-9e4c46b9b936,,41000,fb5423820dd9cbb1df5bca8e01dba91a4722a13b996c9c3024c739ca455fe9c4,BC-20059,BCV5-0060,beauty-care-acondicionador-banano,RESERVED_IMPORT_RANGE,GENERATED_CANONICAL_SOURCE_CODE,DETERMINISTIC_CANONICAL_SLUG,DETERMINISTIC_SOURCE_UUID,READY_CREATE
CATV1-P020-R3R,POLICY_APPROVED,99cea97c-30f3-54a1-32f9-58bcc99768bd,BEAUTY_CARE,MASCARILLA DE BANANO,93f65203-1aaf-405d-9c6d-9e4c46b9b936,,44000,ac85fb7b302b3d674592fcf693305ec43b9376be1490a1bd349e14c4f09b8138,BC-20060,BCV5-0061,beauty-care-mascarilla-de-banano,RESERVED_IMPORT_RANGE,GENERATED_CANONICAL_SOURCE_CODE,DETERMINISTIC_CANONICAL_SLUG,DETERMINISTIC_SOURCE_UUID,READY_CREATE
CATV1-P021-R1L,POLICY_APPROVED,6e1cbf77-84a8-e919-1f1b-33dccb173537,BEAUTY_CARE,CREMA DEPEINAR BANANO,93f65203-1aaf-405d-9c6d-9e4c46b9b936,,39000,a7d5e04613b55c63cb08b97deb3f2110f4eb30583e9ee7b5db1b10c163bafd31,BC-20061,BCV5-0062,beauty-care-crema-depeinar-banano,RESERVED_IMPORT_RANGE,GENERATED_CANONICAL_SOURCE_CODE,DETERMINISTIC_CANONICAL_SLUG,DETERMINISTIC_SOURCE_UUID,READY_CREATE
CATV1-P021-R1R,POLICY_APPROVED,32c6f311-727c-521c-efa7-2c408fb8cc9f,BEAUTY_CARE,TRATAMI. NUTRITIVO,93f65203-1aaf-405d-9c6d-9e4c46b9b936,,46000,7e353635d247ad22cee996336d512fe9459a538843aa7525eae9fc57abe98554,BC-20062,BCV5-0063,beauty-care-tratami-nutritivo,RESERVED_IMPORT_RANGE,GENERATED_CANONICAL_SOURCE_CODE,DETERMINISTIC_CANONICAL_SLUG,DETERMINISTIC_SOURCE_UUID,READY_CREATE
CATV1-P021-R2L,POLICY_APPROVED,4eb828ce-f254-2159-e7b2-0d0d80eda5b0,BEAUTY_CARE,SHAMPOO EN SECO,93f65203-1aaf-405d-9c6d-9e4c46b9b936,,43000,d2728dd5ea2f732940f17ab52d1be8023acc3b72fa9ff8e6cf187f5789607443,BC-20063,BCV5-0064,beauty-care-shampoo-en-seco-p021-r2l,RESERVED_IMPORT_RANGE,GENERATED_CANONICAL_SOURCE_CODE,DETERMINISTIC_CANONICAL_SLUG,DETERMINISTIC_SOURCE_UUID,READY_CREATE
CATV1-P021-R2R,POLICY_APPROVED,dfbb51f5-82e7-c683-b609-8bc0a3350884,BEAUTY_CARE,SHAMPOO CURLY,93f65203-1aaf-405d-9c6d-9e4c46b9b936,,51000,c875cf38727abb66e9842833d60944ef3205be579306a92da977d5a534363b28,BC-20064,BCV5-0065,beauty-care-shampoo-curly,RESERVED_IMPORT_RANGE,GENERATED_CANONICAL_SOURCE_CODE,DETERMINISTIC_CANONICAL_SLUG,DETERMINISTIC_SOURCE_UUID,READY_CREATE
CATV1-P021-R3L,POLICY_APPROVED,176628df-bafb-ec14-813b-523f42dd92c8,BEAUTY_CARE,ACONDI CURLY AFRO,93f65203-1aaf-405d-9c6d-9e4c46b9b936,,51000,507bcbbf54805cdd699a21dbe40292d72686059e7e1206f0362892946a5b17f1,BC-20065,BCV5-0066,beauty-care-acondi-curly-afro,RESERVED_IMPORT_RANGE,GENERATED_CANONICAL_SOURCE_CODE,DETERMINISTIC_CANONICAL_SLUG,DETERMINISTIC_SOURCE_UUID,READY_CREATE
CATV1-P021-R3R,POLICY_APPROVED,2b34196e-812a-1270-6493-a399b80b713e,BEAUTY_CARE,CREMA DE PEINAR CURLY,93f65203-1aaf-405d-9c6d-9e4c46b9b936,,41000,ef088fad874bb918992fe9843717ff462b027ffeaaeef4cb8543b3f1d3a80cd3,BC-20066,BCV5-0067,beauty-care-crema-de-peinar-curly,RESERVED_IMPORT_RANGE,GENERATED_CANONICAL_SOURCE_CODE,DETERMINISTIC_CANONICAL_SLUG,DETERMINISTIC_SOURCE_UUID,READY_CREATE
CATV1-P022-R1L,POLICY_APPROVED,16890fef-4906-5a7c-d61a-82824b3c82c2,BEAUTY_CARE,MASCARILLA AFRO CURLY,93f65203-1aaf-405d-9c6d-9e4c46b9b936,,56000,bf8926d49015adb7f840c0709e30393550584e442b98153e1df59d5055c90a21,BC-20067,BCV5-0068,beauty-care-mascarilla-afro-curly,RESERVED_IMPORT_RANGE,GENERATED_CANONICAL_SOURCE_CODE,DETERMINISTIC_CANONICAL_SLUG,DETERMINISTIC_SOURCE_UUID,READY_CREATE
CATV1-P022-R1R,POLICY_APPROVED,e5b316ee-25a1-d752-fb97-142a9022a347,BEAUTY_CARE,GEL DEFINIDORA,93f65203-1aaf-405d-9c6d-9e4c46b9b936,,46000,590237c8962ab98a7a0b5b85ac1026474f470b2e25443a7e2c5d39be07f1fbae,BC-20068,BCV5-0069,beauty-care-gel-definidora,RESERVED_IMPORT_RANGE,GENERATED_CANONICAL_SOURCE_CODE,DETERMINISTIC_CANONICAL_SLUG,DETERMINISTIC_SOURCE_UUID,READY_CREATE
CATV1-P022-R2L,POLICY_APPROVED,f3c54656-47e1-a221-9ab7-4f54a62706d7,BEAUTY_CARE,OLEO CAPILAR,93f65203-1aaf-405d-9c6d-9e4c46b9b936,,71000,af6277bba7f3a004dfd3bcd6ee13e3c2216532fe5ec9037699305507fe22f2a7,BC-20069,BCV5-0070,beauty-care-oleo-capilar,RESERVED_IMPORT_RANGE,GENERATED_CANONICAL_SOURCE_CODE,DETERMINISTIC_CANONICAL_SLUG,DETERMINISTIC_SOURCE_UUID,READY_CREATE
CATV1-P022-R2R,POLICY_APPROVED,69f8e853-102e-d4ed-a9cb-d8b30b5c5bc1,BEAUTY_CARE,AURA CAPILAR,93f65203-1aaf-405d-9c6d-9e4c46b9b936,,51000,f3beb9b553134e4315380f0a1568b79c2ce5538fa28885e7ef9089b731623aaf,BC-20070,BCV5-0071,beauty-care-aura-capilar,RESERVED_IMPORT_RANGE,GENERATED_CANONICAL_SOURCE_CODE,DETERMINISTIC_CANONICAL_SLUG,DETERMINISTIC_SOURCE_UUID,READY_CREATE
CATV1-P022-R3L,POLICY_APPROVED,dde58eb8-0093-870f-73b5-bdad81671f6a,BEAUTY_CARE,ANYEPLEX,93f65203-1aaf-405d-9c6d-9e4c46b9b936,,56000,8e866c74d0d17534eadbd23dbc9a328cffc854ad3d2b6571eba5b7f4bb0b13fc,BC-20071,BCV5-0072,beauty-care-anyeplex,RESERVED_IMPORT_RANGE,GENERATED_CANONICAL_SOURCE_CODE,DETERMINISTIC_CANONICAL_SLUG,DETERMINISTIC_SOURCE_UUID,READY_CREATE
CATV1-P022-R3R,POLICY_APPROVED,17e4cd17-7a2f-acc4-30a4-bcd59eaac575,BEAUTY_CARE,PERFUME ANYELUZ,93f65203-1aaf-405d-9c6d-9e4c46b9b936,,61000,a6ea19d87bad055eb3de512228a9a7986b0089685507ab1fb30f41fcddcf79ad,BC-20072,BCV5-0073,beauty-care-perfume-anyeluz,RESERVED_IMPORT_RANGE,GENERATED_CANONICAL_SOURCE_CODE,DETERMINISTIC_CANONICAL_SLUG,DETERMINISTIC_SOURCE_UUID,READY_CREATE
CATV1-P023-R1L,POLICY_APPROVED,f328a3f5-1424-45b0-c0c3-68adc98730fe,BEAUTY_CARE,VITAMINA C DIA Y NOCHE C/U,93f65203-1aaf-405d-9c6d-9e4c46b9b936,,61000,bed8b3256c7c25ef86c70f2daae78473e0a1117334d8a2315e6836378ffabe7d,BC-20073,BCV5-0074,beauty-care-vitamina-c-dia-y-noche-c-u,RESERVED_IMPORT_RANGE,GENERATED_CANONICAL_SOURCE_CODE,DETERMINISTIC_CANONICAL_SLUG,DETERMINISTIC_SOURCE_UUID,READY_CREATE
CATV1-P023-R1R,POLICY_APPROVED,48eeae46-7c89-48b9-4c0a-4707add89231,BEAUTY_CARE,BLOQUEADOR SOLAR,93f65203-1aaf-405d-9c6d-9e4c46b9b936,,61000,5bf8ba21129a95749449fc499dcbe7b5965b408f40fb31cf3ce440bcededc073,BC-20074,BCV5-0075,beauty-care-bloqueador-solar,RESERVED_IMPORT_RANGE,GENERATED_CANONICAL_SOURCE_CODE,DETERMINISTIC_CANONICAL_SLUG,DETERMINISTIC_SOURCE_UUID,READY_CREATE
CATV1-P023-R2L,POLICY_APPROVED,3e536bb1-1b0e-c669-b7d2-8f142e7c95b2,BEAUTY_CARE,OLEO ANTIEDAD,93f65203-1aaf-405d-9c6d-9e4c46b9b936,,71000,0afa223f707f5e93ab7a3b23ec91839e3d1cd742c6ce8c3fd516c7e3e279b048,BC-20075,BCV5-0076,beauty-care-oleo-antiedad,RESERVED_IMPORT_RANGE,GENERATED_CANONICAL_SOURCE_CODE,DETERMINISTIC_CANONICAL_SLUG,DETERMINISTIC_SOURCE_UUID,READY_CREATE
CATV1-P023-R2R,POLICY_APPROVED,98a281d6-fe7a-f43e-dbfb-6abeb0167671,BEAUTY_CARE,PERFUME ROSAS,93f65203-1aaf-405d-9c6d-9e4c46b9b936,,76000,e1bd55aab1caf8b2e027e27d0040b9b272bb904255eb2a95d944a8831ad21e59,BC-20076,BCV5-0077,beauty-care-perfume-rosas,RESERVED_IMPORT_RANGE,GENERATED_CANONICAL_SOURCE_CODE,DETERMINISTIC_CANONICAL_SLUG,DETERMINISTIC_SOURCE_UUID,READY_CREATE
CATV1-P023-R3L,POLICY_APPROVED,0530c2e9-3df6-36cd-e0c3-f7deebd16238,BEAUTY_CARE,ACIDO Y HILURONICO,93f65203-1aaf-405d-9c6d-9e4c46b9b936,,76000,498eee7340cc1af0237940e3af4cf7262dea37b31eecfbefac2a731e6c90e6bc,BC-20077,BCV5-0078,beauty-care-acido-y-hiluronico,RESERVED_IMPORT_RANGE,GENERATED_CANONICAL_SOURCE_CODE,DETERMINISTIC_CANONICAL_SLUG,DETERMINISTIC_SOURCE_UUID,READY_CREATE
CATV1-P023-R3R,POLICY_APPROVED,1b400ad9-a9dd-3e4d-fd0f-31d13f5c8ce4,BEAUTY_CARE,CREMA CORPORAL,93f65203-1aaf-405d-9c6d-9e4c46b9b936,,39000,ba6e0240725173bb02baae219535a38a1f264c753fe8c1e71eb197d8fa91a651,BC-20078,BCV5-0079,beauty-care-crema-corporal-p023-r3r,RESERVED_IMPORT_RANGE,GENERATED_CANONICAL_SOURCE_CODE,DETERMINISTIC_CANONICAL_SLUG,DETERMINISTIC_SOURCE_UUID,READY_CREATE
CATV1-P024-R1L,POLICY_APPROVED,ecfa1c38-8060-acd9-fa0f-b97d518c9d4a,BEAUTY_CARE,GOMITAS FORTIFICADAS,93f65203-1aaf-405d-9c6d-9e4c46b9b936,,71000,1329b9612b675be5c6800c5f65c207f488a258a52fc34ba34bd66c420655e728,BC-20079,BCV5-0080,beauty-care-gomitas-fortificadas,RESERVED_IMPORT_RANGE,GENERATED_CANONICAL_SOURCE_CODE,DETERMINISTIC_CANONICAL_SLUG,DETERMINISTIC_SOURCE_UUID,READY_CREATE
CATV1-P024-R1R,POLICY_APPROVED,7b0bbfb8-60cf-c460-2dce-0dd9c4f75594,BEAUTY_CARE,COLAGENO,93f65203-1aaf-405d-9c6d-9e4c46b9b936,,101000,bdb0110e02f5c2f353a8a30050486cc0b4924862d447e8368c160a18a072c79a,BC-20080,BCV5-0081,beauty-care-colageno,RESERVED_IMPORT_RANGE,GENERATED_CANONICAL_SOURCE_CODE,DETERMINISTIC_CANONICAL_SLUG,DETERMINISTIC_SOURCE_UUID,READY_CREATE
CATV1-P024-R2L,POLICY_APPROVED,ea1064d8-5a9c-d9c0-cd64-ba400161195a,BEAUTY_CARE,GEL REDUCTOR,93f65203-1aaf-405d-9c6d-9e4c46b9b936,,39000,635e11ef550d721ce416cbb0dbac2df4fe705658f0ac734aebecf3fa6ceca2d2,BC-20081,BCV5-0082,beauty-care-gel-reductor,RESERVED_IMPORT_RANGE,GENERATED_CANONICAL_SOURCE_CODE,DETERMINISTIC_CANONICAL_SLUG,DETERMINISTIC_SOURCE_UUID,READY_CREATE
CATV1-P024-R2R,POLICY_APPROVED,0862b5ba-90a3-1754-5e45-58645334c955,BEAUTY_CARE,BRONCEADOR ANYELUZ,93f65203-1aaf-405d-9c6d-9e4c46b9b936,,43000,f6879be59f9263861866b9e00bbda8295b238bb4cd965f82315466a0ca2d1a2e,BC-20082,BCV5-0083,beauty-care-bronceador-anyeluz,RESERVED_IMPORT_RANGE,GENERATED_CANONICAL_SOURCE_CODE,DETERMINISTIC_CANONICAL_SLUG,DETERMINISTIC_SOURCE_UUID,READY_CREATE
CATV1-P024-R3L,POLICY_APPROVED,9033ed09-15e8-0070-2bc4-692f195c6b6e,BEAUTY_CARE,JALEA FACIAL ANYELUZ,93f65203-1aaf-405d-9c6d-9e4c46b9b936,,51000,8847eff835991a5190e8b73b60885b88e41980909edff3d33581eec38bd97e76,BC-20083,BCV5-0084,beauty-care-jalea-facial-anyeluz,RESERVED_IMPORT_RANGE,GENERATED_CANONICAL_SOURCE_CODE,DETERMINISTIC_CANONICAL_SLUG,DETERMINISTIC_SOURCE_UUID,READY_CREATE
CATV1-P024-R3R,POLICY_APPROVED,35667122-4257-fcb0-d629-5128e6fda0bf,BEAUTY_CARE,TONICO FACIAL ROSAS ANYELUZ,93f65203-1aaf-405d-9c6d-9e4c46b9b936,,61000,34417fe6e4d7e73333ee89c87aba23c1e3ca9ad579fbf2bff158392b8e17d1c4,BC-20084,BCV5-0085,beauty-care-tonico-facial-rosas-anyeluz,RESERVED_IMPORT_RANGE,GENERATED_CANONICAL_SOURCE_CODE,DETERMINISTIC_CANONICAL_SLUG,DETERMINISTIC_SOURCE_UUID,READY_CREATE
CATV1-P025-R1L,POLICY_APPROVED,33957a6c-e2c8-4a9d-dda4-73c6e3d62b58,BEAUTY_CARE,TRATAMIENTO DE MACA,93f65203-1aaf-405d-9c6d-9e4c46b9b936,,76000,43034e42af3e4ff9da162a0be4a177a2e6918159b9e7dfbb133a3ed4c02cee6c,BC-20085,BCV5-0086,beauty-care-tratamiento-de-maca,RESERVED_IMPORT_RANGE,GENERATED_CANONICAL_SOURCE_CODE,DETERMINISTIC_CANONICAL_SLUG,DETERMINISTIC_SOURCE_UUID,READY_CREATE
CATV1-P025-R1R,POLICY_APPROVED,24f658d1-3e34-3f0a-7330-daeef0d51e8a,BEAUTY_CARE,SHAMPOO PROFESIONAL LISO EN CASA,93f65203-1aaf-405d-9c6d-9e4c46b9b936,,81000,c5b672903cf8a3cfae5fe569ca56f54143a76519c632afc7a88f2b73c9d7de38,BC-20086,BCV5-0087,beauty-care-shampoo-profesional-liso-en-casa,RESERVED_IMPORT_RANGE,GENERATED_CANONICAL_SOURCE_CODE,DETERMINISTIC_CANONICAL_SLUG,DETERMINISTIC_SOURCE_UUID,READY_CREATE
CATV1-P025-R2L,HUMAN_APPROVED,120c7dcb-d1b7-1851-0377-44dd0be9c69b,BEAUTY_CARE,PROFESIONAL LISO EN CASA,93f65203-1aaf-405d-9c6d-9e4c46b9b936,,71000,25b5a1fd4b40c39f1d7a39599ec696258a64259d930ca5e3b6facac7e8539f82,BC-20087,BCV5-0088,beauty-care-profesional-liso-en-casa-p025-r2l,RESERVED_IMPORT_RANGE,GENERATED_CANONICAL_SOURCE_CODE,DETERMINISTIC_CANONICAL_SLUG,DETERMINISTIC_SOURCE_UUID,READY_CREATE
CATV1-P025-R2R,HUMAN_APPROVED,8b044835-3919-3561-5e40-04ffa4c3379c,BEAUTY_CARE,PROFESIONAL LISO EN CASA,93f65203-1aaf-405d-9c6d-9e4c46b9b936,,71000,fd0601bab61f16fdf6db1dfb7cca9a3c426668f314eed48fa4e250609bca74c8,BC-20088,BCV5-0089,beauty-care-profesional-liso-en-casa-p025-r2r,RESERVED_IMPORT_RANGE,GENERATED_CANONICAL_SOURCE_CODE,DETERMINISTIC_CANONICAL_SLUG,DETERMINISTIC_SOURCE_UUID,READY_CREATE
CATV1-P025-R3L,POLICY_APPROVED,43df7455-f40e-6c47-02ef-d424518be222,BEAUTY_CARE,MASCARILLA CAPILAR CON VAPOR,93f65203-1aaf-405d-9c6d-9e4c46b9b936,,61000,ac8ca38c0db2e221e160ee44f307088af180a01612877a16a17a3f59cec9f731,BC-20089,BCV5-0090,beauty-care-mascarilla-capilar-con-vapor,RESERVED_IMPORT_RANGE,GENERATED_CANONICAL_SOURCE_CODE,DETERMINISTIC_CANONICAL_SLUG,DETERMINISTIC_SOURCE_UUID,READY_CREATE
CATV1-P027-R1L,POLICY_APPROVED,14de87bf-116b-6055-0180-441d78a075fe,BEAUTY_CARE,SHAMPOO KIDS,7d7ace64-4b5a-46ff-99e8-ffe658fe617f,,36900,0f5b2a9ed1cb9ef3932ce120e1630821fd91b6378bcf7036c8d4511260083ad9,BC-20090,BCV5-0091,beauty-care-shampoo-kids,RESERVED_IMPORT_RANGE,GENERATED_CANONICAL_SOURCE_CODE,DETERMINISTIC_CANONICAL_SLUG,DETERMINISTIC_SOURCE_UUID,READY_CREATE
CATV1-P027-R1R,POLICY_APPROVED,38c45804-e699-cc04-c43e-44e164973b7e,BEAUTY_CARE,SHAMPOO ULTRANUTRITIVO,7d7ace64-4b5a-46ff-99e8-ffe658fe617f,,36900,bb1a0bd427840590defb92427f6fee8159dfeae0e2aabf6e91a46332c007980f,BC-20091,BCV5-0092,beauty-care-shampoo-ultranutritivo,RESERVED_IMPORT_RANGE,GENERATED_CANONICAL_SOURCE_CODE,DETERMINISTIC_CANONICAL_SLUG,DETERMINISTIC_SOURCE_UUID,READY_CREATE
CATV1-P027-R2L,POLICY_APPROVED,e18c3818-2a8b-56ba-cc27-29de40e424a1,BEAUTY_CARE,SHAMPOO MAGIA CAPIALR,7d7ace64-4b5a-46ff-99e8-ffe658fe617f,,36900,843fdc2b2da1c8d47ad2a5d50f81a298e0447fdde38a500fbb375d1e40b867aa,BC-20092,BCV5-0093,beauty-care-shampoo-magia-capialr,RESERVED_IMPORT_RANGE,GENERATED_CANONICAL_SOURCE_CODE,DETERMINISTIC_CANONICAL_SLUG,DETERMINISTIC_SOURCE_UUID,READY_CREATE
CATV1-P027-R2R,POLICY_APPROVED,9ac21c55-ca1b-e977-ad0e-869d623f3d11,BEAUTY_CARE,BIOREPO,7d7ace64-4b5a-46ff-99e8-ffe658fe617f,,37900,6cefd7ccdd37ce42ee081128d306e7b3cf2b5856ebfc1c82c8fd1f912b8b7815,BC-20093,BCV5-0094,beauty-care-biorepo,RESERVED_IMPORT_RANGE,GENERATED_CANONICAL_SOURCE_CODE,DETERMINISTIC_CANONICAL_SLUG,DETERMINISTIC_SOURCE_UUID,READY_CREATE
CATV1-P027-R3L,POLICY_APPROVED,1321363f-964c-9287-bba9-d9b5861b608a,BEAUTY_CARE,TRATA.EMERGENCIA CAPILAR,7d7ace64-4b5a-46ff-99e8-ffe658fe617f,,37900,0375df204e2229f9a857456e5bd7f0a5f1fd60b10bfcec7d537fb14db221ba4f,BC-20094,BCV5-0095,beauty-care-trata-emergencia-capilar,RESERVED_IMPORT_RANGE,GENERATED_CANONICAL_SOURCE_CODE,DETERMINISTIC_CANONICAL_SLUG,DETERMINISTIC_SOURCE_UUID,READY_CREATE
CATV1-P028-R1R,POLICY_APPROVED,e79855e5-7b11-749b-f37b-0f8b97014d01,BEAUTY_CARE,TRATAMIENTO DE RIZOS,7d7ace64-4b5a-46ff-99e8-ffe658fe617f,,37900,fa8f9a930fbf0be73598c21a295181a888336e31f6bfa9beb3482875f5929e06,BC-20095,BCV5-0096,beauty-care-tratamiento-de-rizos,RESERVED_IMPORT_RANGE,GENERATED_CANONICAL_SOURCE_CODE,DETERMINISTIC_CANONICAL_SLUG,DETERMINISTIC_SOURCE_UUID,READY_CREATE
CATV1-P028-R2L,POLICY_APPROVED,9d501e52-e6e4-bf7d-ef32-90ba0c34ec5d,BEAUTY_CARE,SHAMPOO ANTICASPA,7d7ace64-4b5a-46ff-99e8-ffe658fe617f,,36900,551647c0878878ad0d2b1c6be54c7c841e980ca19c5192f2d735da648aad5498,BC-20096,BCV5-0097,beauty-care-shampoo-anticaspa-p028-r2l,RESERVED_IMPORT_RANGE,GENERATED_CANONICAL_SOURCE_CODE,DETERMINISTIC_CANONICAL_SLUG,DETERMINISTIC_SOURCE_UUID,READY_CREATE
CATV1-P028-R2R,POLICY_APPROVED,8793d235-cf76-cf68-67bf-08d097f6a33b,BEAUTY_CARE,DESENREDANTE,7d7ace64-4b5a-46ff-99e8-ffe658fe617f,,34900,b81f746f5a18937ec4a87cd6503a66aed81b5a58a23955c75cb4462bdd5242f9,BC-20097,BCV5-0098,beauty-care-desenredante,RESERVED_IMPORT_RANGE,GENERATED_CANONICAL_SOURCE_CODE,DETERMINISTIC_CANONICAL_SLUG,DETERMINISTIC_SOURCE_UUID,READY_CREATE
CATV1-P028-R3L,POLICY_APPROVED,f54a051a-0b6f-a165-ac78-95d3c3756ff1,BEAUTY_CARE,TONICO HERBAL,7d7ace64-4b5a-46ff-99e8-ffe658fe617f,,50900,c83ec1820cd1d5eeb787f1ff976ad86a69a21cfb04201e0b120c768cbcb83943,BC-20098,BCV5-0099,beauty-care-tonico-herbal,RESERVED_IMPORT_RANGE,GENERATED_CANONICAL_SOURCE_CODE,DETERMINISTIC_CANONICAL_SLUG,DETERMINISTIC_SOURCE_UUID,READY_CREATE
CATV1-P028-R3R,HUMAN_APPROVED,f61131a0-dd0d-126f-2b9a-146a3c91108b,BEAUTY_CARE,SHAMPOO BIOREPO,7d7ace64-4b5a-46ff-99e8-ffe658fe617f,,36900,f917ae7b7949f2efb13eb0a647480658d8d26ee8902acd60d629b581f2a4ef7d,BC-20099,BCV5-0100,beauty-care-shampoo-biorepo,RESERVED_IMPORT_RANGE,GENERATED_CANONICAL_SOURCE_CODE,DETERMINISTIC_CANONICAL_SLUG,DETERMINISTIC_SOURCE_UUID,READY_CREATE
CATV1-P029-R1L,POLICY_APPROVED,ed51457f-75ce-45e9-10c6-17a3580b1042,BEAUTY_CARE,AMPOLLETA,7d7ace64-4b5a-46ff-99e8-ffe658fe617f,,15900,23ba1515e44d301fa8827fe1615c71dc5b055430b08d631d71ce990ff59c8b62,BC-20100,BCV5-0101,beauty-care-ampolleta,RESERVED_IMPORT_RANGE,GENERATED_CANONICAL_SOURCE_CODE,DETERMINISTIC_CANONICAL_SLUG,DETERMINISTIC_SOURCE_UUID,READY_CREATE
CATV1-P029-R1R,POLICY_APPROVED,4e743be0-2a66-104c-e081-5c514e75e1f5,BEAUTY_CARE,GOTAS MAGICAS,7d7ace64-4b5a-46ff-99e8-ffe658fe617f,,32900,1039f4d55bd050032135980be0ecdf456e313e69b68253b05344370c2aea8569,BC-20101,BCV5-0102,beauty-care-gotas-magicas,RESERVED_IMPORT_RANGE,GENERATED_CANONICAL_SOURCE_CODE,DETERMINISTIC_CANONICAL_SLUG,DETERMINISTIC_SOURCE_UUID,READY_CREATE
CATV1-P029-R2L,HUMAN_APPROVED,581e8a17-179a-3be2-b149-4505f1c439c6,BEAUTY_CARE,SERUM MILAGROS,7d7ace64-4b5a-46ff-99e8-ffe658fe617f,,37000,a0d8dd8c3c03136abf5951b89a9a76a6d404e38dca0bbb6df81087344e5a0b27,BC-20102,BCV5-0103,beauty-care-serum-milagros-p029-r2l,RESERVED_IMPORT_RANGE,GENERATED_CANONICAL_SOURCE_CODE,DETERMINISTIC_CANONICAL_SLUG,DETERMINISTIC_SOURCE_UUID,READY_CREATE
CATV1-P029-R2R,POLICY_APPROVED,f197d83e-4078-5203-1fa6-1e74e1e1aa8b,BEAUTY_CARE,PERFUME CAPILAR,7d7ace64-4b5a-46ff-99e8-ffe658fe617f,,34900,b647a5999c71fa2685a4387a090f5becbd9d24ce5cd20f5f8db085c70527a744,BC-20103,BCV5-0104,beauty-care-perfume-capilar-p029-r2r,RESERVED_IMPORT_RANGE,GENERATED_CANONICAL_SOURCE_CODE,DETERMINISTIC_CANONICAL_SLUG,DETERMINISTIC_SOURCE_UUID,READY_CREATE
CATV1-P029-R3L,POLICY_APPROVED,20b1eed7-1cac-ee04-067f-6d76057f55ed,BEAUTY_CARE,SHAMPOO ROMERO,7d7ace64-4b5a-46ff-99e8-ffe658fe617f,,36900,1589068fb034ea699eeef27793f33cc2501afda70ae3e8c828a22d134e635333,BC-20104,BCV5-0105,beauty-care-shampoo-romero-p029-r3l,RESERVED_IMPORT_RANGE,GENERATED_CANONICAL_SOURCE_CODE,DETERMINISTIC_CANONICAL_SLUG,DETERMINISTIC_SOURCE_UUID,READY_CREATE
CATV1-P030-R1L,POLICY_APPROVED,0f2eadcc-b7c7-89ee-fcef-0597ac9fbe10,BEAUTY_CARE,AMPOLLETA ELIXIR,7d7ace64-4b5a-46ff-99e8-ffe658fe617f,,15900,691f878418bb6c3c1b2292f7eb92c66cfede4c18c64479fec5a9c005d1073888,BC-20105,BCV5-0106,beauty-care-ampolleta-elixir,RESERVED_IMPORT_RANGE,GENERATED_CANONICAL_SOURCE_CODE,DETERMINISTIC_CANONICAL_SLUG,DETERMINISTIC_SOURCE_UUID,READY_CREATE
CATV1-P030-R1R,POLICY_APPROVED,1644cb13-dead-5790-8ba6-34b2c4df5645,BEAUTY_CARE,MULTIVITAMINICO,7d7ace64-4b5a-46ff-99e8-ffe658fe617f,,39000,2aee39841cb2d5d397a39b3619d44dfc29d5de2cebc29c92819264e13f483c1e,BC-20106,BCV5-0107,beauty-care-multivitaminico,RESERVED_IMPORT_RANGE,GENERATED_CANONICAL_SOURCE_CODE,DETERMINISTIC_CANONICAL_SLUG,DETERMINISTIC_SOURCE_UUID,READY_CREATE
CATV1-P030-R2L,POLICY_APPROVED,836023ca-3bce-a9ca-e372-d3f79468a388,BEAUTY_CARE,BLOQUEADOR SOLAR SIN COLOR,7d7ace64-4b5a-46ff-99e8-ffe658fe617f,,64000,eb151181c91934c7346be80796165c7a842bc291ea155f986f9c8ecfb6d766d1,BC-20107,BCV5-0108,beauty-care-bloqueador-solar-sin-color,RESERVED_IMPORT_RANGE,GENERATED_CANONICAL_SOURCE_CODE,DETERMINISTIC_CANONICAL_SLUG,DETERMINISTIC_SOURCE_UUID,READY_CREATE
CATV1-P030-R2R,POLICY_APPROVED,59cc407c-bff6-83e6-952b-61e64835f14e,BEAUTY_CARE,BLOQUEADOR SOLAR COLOR,7d7ace64-4b5a-46ff-99e8-ffe658fe617f,,64000,8ccf671f2ae87287bd02188e18fc68ec6df0d1a48f89c925b1206162efe2793f,BC-20108,BCV5-0109,beauty-care-bloqueador-solar-color,RESERVED_IMPORT_RANGE,GENERATED_CANONICAL_SOURCE_CODE,DETERMINISTIC_CANONICAL_SLUG,DETERMINISTIC_SOURCE_UUID,READY_CREATE
CATV1-P030-R3L,POLICY_APPROVED,8f8ac0d0-0ce6-c81a-81d8-70c89da7dc72,BEAUTY_CARE,ANTIENREDO,7d7ace64-4b5a-46ff-99e8-ffe658fe617f,,25000,152cd211bcd82bd32c14daf80a107a47f11092d8a0c239fcfeaa59b920edc217,BC-20109,BCV5-0110,beauty-care-antienredo,RESERVED_IMPORT_RANGE,GENERATED_CANONICAL_SOURCE_CODE,DETERMINISTIC_CANONICAL_SLUG,DETERMINISTIC_SOURCE_UUID,READY_CREATE
CATV1-P030-R3R,POLICY_APPROVED,d179848c-6fec-30e6-d704-dadf3ad61295,BEAUTY_CARE,TRAT. MAGIA,7d7ace64-4b5a-46ff-99e8-ffe658fe617f,,37900,8aebd86f9584a159cd24bdfff648b557d3ebf03a94ed00a3e1c02111b4a9adf1,BC-20110,BCV5-0111,beauty-care-trat-magia,RESERVED_IMPORT_RANGE,GENERATED_CANONICAL_SOURCE_CODE,DETERMINISTIC_CANONICAL_SLUG,DETERMINISTIC_SOURCE_UUID,READY_CREATE
CATV1-P031-R1L,POLICY_APPROVED,e4506798-cbc1-2daa-b82d-14f7d5530403,BEAUTY_CARE,DESENREDANTE HERBAL,7d7ace64-4b5a-46ff-99e8-ffe658fe617f,,34900,32b5d11675a555aa01623fba77c3f9c4bcc6113d892c994fb8b8986f2a250dce,BC-20111,BCV5-0112,beauty-care-desenredante-herbal,RESERVED_IMPORT_RANGE,GENERATED_CANONICAL_SOURCE_CODE,DETERMINISTIC_CANONICAL_SLUG,DETERMINISTIC_SOURCE_UUID,READY_CREATE
CATV1-P031-R1R,POLICY_APPROVED,06a9e178-91d6-4590-5170-1780402dc0ac,BEAUTY_CARE,CERA CAPILAR,7d7ace64-4b5a-46ff-99e8-ffe658fe617f,,40900,8ea78a1d43e567d5558649542503e365f8c2e77b5883c8b9f49215de40c0870b,BC-20112,BCV5-0113,beauty-care-cera-capilar,RESERVED_IMPORT_RANGE,GENERATED_CANONICAL_SOURCE_CODE,DETERMINISTIC_CANONICAL_SLUG,DETERMINISTIC_SOURCE_UUID,READY_CREATE
CATV1-P031-R2L,POLICY_APPROVED,fb25c133-bf34-398d-fbb3-66f68f650236,BEAUTY_CARE,MASCARILLA HERBAL,7d7ace64-4b5a-46ff-99e8-ffe658fe617f,,39900,4206ee1f589276e4514fb14f9decd99d920b619bbf310628442e509c13e7c5f7,BC-20113,BCV5-0114,beauty-care-mascarilla-herbal,RESERVED_IMPORT_RANGE,GENERATED_CANONICAL_SOURCE_CODE,DETERMINISTIC_CANONICAL_SLUG,DETERMINISTIC_SOURCE_UUID,READY_CREATE
CATV1-P031-R2R,POLICY_APPROVED,70b302c1-cc0a-892c-e242-f4aa5da1d0d2,BEAUTY_CARE,CREMA CORPORAL,7d7ace64-4b5a-46ff-99e8-ffe658fe617f,,39000,32382ea20e8c1bd1c3db7a7a5b80d0011f593ee31957bb10a739eb32ae8d8bc3,BC-20114,BCV5-0115,beauty-care-crema-corporal-p031-r2r,RESERVED_IMPORT_RANGE,GENERATED_CANONICAL_SOURCE_CODE,DETERMINISTIC_CANONICAL_SLUG,DETERMINISTIC_SOURCE_UUID,READY_CREATE
CATV1-P031-R3L,POLICY_APPROVED,50d00634-db08-c9f0-7cbf-62d7681f9c33,BEAUTY_CARE,KIT PERFUME X5,7d7ace64-4b5a-46ff-99e8-ffe658fe617f,,51000,e115a64b6dfa5a41cdae54efd513e7a2cebf38ee75990f65a7d93a46efb5db35,BC-20115,BCV5-0116,beauty-care-kit-perfume-x5,RESERVED_IMPORT_RANGE,GENERATED_CANONICAL_SOURCE_CODE,DETERMINISTIC_CANONICAL_SLUG,DETERMINISTIC_SOURCE_UUID,READY_CREATE
CATV1-P031-R3R,POLICY_APPROVED,c1c8255c-f9f7-e4e9-f775-377cf04a5569,BEAUTY_CARE,PERFUME MINI INDIVIDUALES,7d7ace64-4b5a-46ff-99e8-ffe658fe617f,,14000,5f7031b08ce206c78eb72e355cdaa8dd166a06f63edded21c72a15713c6f648f,BC-20116,BCV5-0117,beauty-care-perfume-mini-individuales,RESERVED_IMPORT_RANGE,GENERATED_CANONICAL_SOURCE_CODE,DETERMINISTIC_CANONICAL_SLUG,DETERMINISTIC_SOURCE_UUID,READY_CREATE
CATV1-P032-R1L,POLICY_APPROVED,544bf19b-60f0-8fbb-b417-eae4ba4cec45,BEAUTY_CARE,MASCARILLA PROFESIONAL,7d7ace64-4b5a-46ff-99e8-ffe658fe617f,,77000,e023ab1898510c3e7c8c5dc530505a64287405f59c0bf0e56481a54fd3ff54c4,BC-20117,BCV5-0118,beauty-care-mascarilla-profesional,RESERVED_IMPORT_RANGE,GENERATED_CANONICAL_SOURCE_CODE,DETERMINISTIC_CANONICAL_SLUG,DETERMINISTIC_SOURCE_UUID,READY_CREATE
CATV1-P032-R1R,POLICY_APPROVED,5e2eca9b-1075-2f02-5cb4-6822b669135b,BEAUTY_CARE,DESENREDANTE MARTINA,7d7ace64-4b5a-46ff-99e8-ffe658fe617f,,34900,205157de0fc4de302974f533f6c595edd3fbf1a00d29bb0c421de399b02f5754,BC-20118,BCV5-0119,beauty-care-desenredante-martina,RESERVED_IMPORT_RANGE,GENERATED_CANONICAL_SOURCE_CODE,DETERMINISTIC_CANONICAL_SLUG,DETERMINISTIC_SOURCE_UUID,READY_CREATE
CATV1-P032-R2L,POLICY_APPROVED,5e3b74af-622f-e36e-52ec-b4592f502cd3,BEAUTY_CARE,ACONDI ULTRA MILAGROS,7d7ace64-4b5a-46ff-99e8-ffe658fe617f,,37900,7b8acc98749fab8ca41ec5ada79dea5b122c4acaaa7f0e8dcdfeed8f1691e73b,BC-20119,BCV5-0120,beauty-care-acondi-ultra-milagros,RESERVED_IMPORT_RANGE,GENERATED_CANONICAL_SOURCE_CODE,DETERMINISTIC_CANONICAL_SLUG,DETERMINISTIC_SOURCE_UUID,READY_CREATE
CATV1-P032-R2R,POLICY_APPROVED,450fc4fb-04a0-21e6-a7d1-73d63ae2279b,BEAUTY_CARE,SHAMPOO EXFOLIANTE,7d7ace64-4b5a-46ff-99e8-ffe658fe617f,,34900,c894b29af97cdd1f93903b10e3bc091b958aa6ee3cfc7ba1a29f1d0c331a2f00,BC-20120,BCV5-0121,beauty-care-shampoo-exfoliante,RESERVED_IMPORT_RANGE,GENERATED_CANONICAL_SOURCE_CODE,DETERMINISTIC_CANONICAL_SLUG,DETERMINISTIC_SOURCE_UUID,READY_CREATE
CATV1-P032-R3L,POLICY_APPROVED,fdb24274-80ae-e120-d88c-fdd4edf656c9,BEAUTY_CARE,SHAMPOO EN SECO,7d7ace64-4b5a-46ff-99e8-ffe658fe617f,,38000,b60a9386162056a429a5356c487aec6802093694768f38136b19eeb0d31b477a,BC-20121,BCV5-0122,beauty-care-shampoo-en-seco-p032-r3l,RESERVED_IMPORT_RANGE,GENERATED_CANONICAL_SOURCE_CODE,DETERMINISTIC_CANONICAL_SLUG,DETERMINISTIC_SOURCE_UUID,READY_CREATE
CATV1-P032-R3R,HUMAN_APPROVED,ae76e9de-4e92-1649-bb0c-725060f41f04,BEAUTY_CARE,SERUM MILAGROS,7d7ace64-4b5a-46ff-99e8-ffe658fe617f,,47000,fa5e440bbed40a5095a7b0b2c9426f1817f0caefb753ac772844862159859489,BC-20122,BCV5-0123,beauty-care-serum-milagros-p032-r3r,RESERVED_IMPORT_RANGE,GENERATED_CANONICAL_SOURCE_CODE,DETERMINISTIC_CANONICAL_SLUG,DETERMINISTIC_SOURCE_UUID,READY_CREATE
CATV1-P033-R1L,POLICY_APPROVED,2db1dc52-e86d-f8f0-23bb-146e979f1e9e,BEAUTY_CARE,SHAMPOO CEBOLLA,7d7ace64-4b5a-46ff-99e8-ffe658fe617f,,40900,7a8ef3f0f4837c4cbd2a2e5bb196a229b435b2d37c9b22be8043c8d9f58184bb,BC-20123,BCV5-0124,beauty-care-shampoo-cebolla-p033-r1l,RESERVED_IMPORT_RANGE,GENERATED_CANONICAL_SOURCE_CODE,DETERMINISTIC_CANONICAL_SLUG,DETERMINISTIC_SOURCE_UUID,READY_CREATE
CATV1-P033-R2L,POLICY_APPROVED,f7190184-ea01-8102-abb5-2c4f779117f4,BEAUTY_CARE,MASCARILLA CEBOLLA,7d7ace64-4b5a-46ff-99e8-ffe658fe617f,,39900,90b7d15b21d75946b0b9c110f2f79cfe6d5cda11b4618e6e90f3d56be23d65b0,BC-20124,BCV5-0125,beauty-care-mascarilla-cebolla,RESERVED_IMPORT_RANGE,GENERATED_CANONICAL_SOURCE_CODE,DETERMINISTIC_CANONICAL_SLUG,DETERMINISTIC_SOURCE_UUID,READY_CREATE
CATV1-P033-R2R,POLICY_APPROVED,f3b2b102-8f5d-c2db-5d8a-ab89c866a6ea,BEAUTY_CARE,SERUM DE PESTAÑAS,7d7ace64-4b5a-46ff-99e8-ffe658fe617f,,46000,796e58634b67dc28e8f04ec102173c48230a326fdeb71ab484806b702e1dc390,BC-20125,BCV5-0126,beauty-care-serum-de-pestanas,RESERVED_IMPORT_RANGE,GENERATED_CANONICAL_SOURCE_CODE,DETERMINISTIC_CANONICAL_SLUG,DETERMINISTIC_SOURCE_UUID,READY_CREATE
CATV1-P033-R3L,POLICY_APPROVED,4f904d0d-e362-9860-f02e-febf92f30b6a,BEAUTY_CARE,KIT PEINETAS X5,7d7ace64-4b5a-46ff-99e8-ffe658fe617f,,24000,0618f3c8334327be9340d457d1d2b98c24c380105a14285f8c69d3bc9cd5cfce,BC-20126,BCV5-0127,beauty-care-kit-peinetas-x5,RESERVED_IMPORT_RANGE,GENERATED_CANONICAL_SOURCE_CODE,DETERMINISTIC_CANONICAL_SLUG,DETERMINISTIC_SOURCE_UUID,READY_CREATE
CATV1-P033-R3R,POLICY_APPROVED,1a83bcd7-3490-fe08-c844-62c9f23efb53,BEAUTY_CARE,PARCHES SOS CON ACIDO SALICILICO,7d7ace64-4b5a-46ff-99e8-ffe658fe617f,,19000,debfedc7a128e6d688ad126f1744b373d8c9cf6fcf1db39972ac0556c7637319,BC-20127,BCV5-0128,beauty-care-parches-sos-con-acido-salicilico,RESERVED_IMPORT_RANGE,GENERATED_CANONICAL_SOURCE_CODE,DETERMINISTIC_CANONICAL_SLUG,DETERMINISTIC_SOURCE_UUID,READY_CREATE
CATV1-P034-R1L,POLICY_APPROVED,e844a92f-886a-5594-03dc-a54a569c5204,BEAUTY_CARE,SHAMPOO Y ACONDI ULTRA,7d7ace64-4b5a-46ff-99e8-ffe658fe617f,,16000,7d6bd25960bea4bff34f3c9531e1c1f726159b36331c62839d3557b69e940fc9,BC-20128,BCV5-0129,beauty-care-shampoo-y-acondi-ultra,RESERVED_IMPORT_RANGE,GENERATED_CANONICAL_SOURCE_CODE,DETERMINISTIC_CANONICAL_SLUG,DETERMINISTIC_SOURCE_UUID,READY_CREATE
CATV1-P034-R1R,POLICY_APPROVED,3ba4509f-b846-989c-1b1f-1142f9ed9c15,BEAUTY_CARE,BIOREPO MINI MINI,7d7ace64-4b5a-46ff-99e8-ffe658fe617f,,16000,bb45bf7cb963e71cd523a79a171990f7824a2cc009a36c9696513b4e864a0c6f,BC-20129,BCV5-0130,beauty-care-biorepo-mini-mini,RESERVED_IMPORT_RANGE,GENERATED_CANONICAL_SOURCE_CODE,DETERMINISTIC_CANONICAL_SLUG,DETERMINISTIC_SOURCE_UUID,READY_CREATE
CATV1-P034-R2L,POLICY_APPROVED,c031eda7-6db8-e043-c7c7-287481efa4c6,BEAUTY_CARE,SHAMPOO CEBOLLA MINI,7d7ace64-4b5a-46ff-99e8-ffe658fe617f,,16000,ce0215a56d0503b63234bb394de331c427b46b2f79f9ec9c77aa67f9cda1c9e0,BC-20130,BCV5-0131,beauty-care-shampoo-cebolla-mini,RESERVED_IMPORT_RANGE,GENERATED_CANONICAL_SOURCE_CODE,DETERMINISTIC_CANONICAL_SLUG,DETERMINISTIC_SOURCE_UUID,READY_CREATE
CATV1-P035-R2L,POLICY_APPROVED,b0330eca-b068-ffe0-c404-c3d49d5c1c95,BEAUTY_CARE,COSMETIQUERA,7d7ace64-4b5a-46ff-99e8-ffe658fe617f,,36000,7ff77b48ce4c54719907b674bbf1ce67b6af30e8d26ab3d1a2a1327b58054bb5,BC-20131,BCV5-0132,beauty-care-cosmetiquera,RESERVED_IMPORT_RANGE,GENERATED_CANONICAL_SOURCE_CODE,DETERMINISTIC_CANONICAL_SLUG,DETERMINISTIC_SOURCE_UUID,READY_CREATE
CATV1-P035-R2R,POLICY_APPROVED,05b313d8-0cb0-abb3-edf2-607433bb5c6d,BEAUTY_CARE,"TRATA, ADVANCE 20 BIOREPO",7d7ace64-4b5a-46ff-99e8-ffe658fe617f,,39000,84080bd5e4d80b866c1996296a958059b65a46ab1a6366ffd15d84a9517fee12,BC-20132,BCV5-0133,beauty-care-trata-advance-20-biorepo,RESERVED_IMPORT_RANGE,GENERATED_CANONICAL_SOURCE_CODE,DETERMINISTIC_CANONICAL_SLUG,DETERMINISTIC_SOURCE_UUID,READY_CREATE
CATV1-P035-R3L,POLICY_APPROVED,9190c109-87c0-2921-c9cd-ff34c746b338,BEAUTY_CARE,TERMO ROSE,7d7ace64-4b5a-46ff-99e8-ffe658fe617f,,37000,0c1fdcf4e28c1180dd42ccf5eb4e271177d2d4305a5e2f1bd4fbc0124a7ca2c0,BC-20133,BCV5-0134,beauty-care-termo-rose,RESERVED_IMPORT_RANGE,GENERATED_CANONICAL_SOURCE_CODE,DETERMINISTIC_CANONICAL_SLUG,DETERMINISTIC_SOURCE_UUID,READY_CREATE
CATV1-P037-R1L,HUMAN_APPROVED,61ecc5ff-e9cd-fb24-4cbc-fe8cc3c7a042,BEAUTY_CARE,SHAMPOO MIEL,7bcd850b-f2c6-447e-8b80-bb0796deb9df,,47000,76227161fc14de8bbeb8e0bd885bdb58d0d53cba9d9c0d4177078971d234280f,BC-20134,BCV5-0135,beauty-care-shampoo-miel,RESERVED_IMPORT_RANGE,GENERATED_CANONICAL_SOURCE_CODE,DETERMINISTIC_CANONICAL_SLUG,DETERMINISTIC_SOURCE_UUID,READY_CREATE
CATV1-P037-R1R,POLICY_APPROVED,d7d66c38-2d7b-47b8-0ff9-34e98eb59538,BEAUTY_CARE,MIEL CAPILAR,7bcd850b-f2c6-447e-8b80-bb0796deb9df,,61900,822c79ccb64877325a09f24bfdba737e0a3e04fb943033194497d0b60189e5aa,BC-20135,BCV5-0136,beauty-care-miel-capilar,RESERVED_IMPORT_RANGE,GENERATED_CANONICAL_SOURCE_CODE,DETERMINISTIC_CANONICAL_SLUG,DETERMINISTIC_SOURCE_UUID,READY_CREATE
CATV1-P037-R2L,HUMAN_APPROVED,2eb43dee-15e9-b274-2a66-760bdbdf55d0,BEAUTY_CARE,MASCARILLA MIEL,7bcd850b-f2c6-447e-8b80-bb0796deb9df,,52900,819be1abcaa172865eab8ac0349def6a144714a1e66c54a0b11806c8f5ac4b9f,BC-20136,BCV5-0137,beauty-care-mascarilla-miel,RESERVED_IMPORT_RANGE,GENERATED_CANONICAL_SOURCE_CODE,DETERMINISTIC_CANONICAL_SLUG,DETERMINISTIC_SOURCE_UUID,READY_CREATE
CATV1-P037-R2R,POLICY_APPROVED,a14897c9-1d67-f7fd-db7a-e35bfd57bfb9,BEAUTY_CARE,PERFUME CAPILAR,7bcd850b-f2c6-447e-8b80-bb0796deb9df,,48900,81111ce1f58e11401fcb26314102bc8c6428b8c73aeb2e3110652a88ee6ed389,BC-20137,BCV5-0138,beauty-care-perfume-capilar-p037-r2r,RESERVED_IMPORT_RANGE,GENERATED_CANONICAL_SOURCE_CODE,DETERMINISTIC_CANONICAL_SLUG,DETERMINISTIC_SOURCE_UUID,READY_CREATE
CATV1-P037-R3L,POLICY_APPROVED,eb6eb282-5a52-322c-dabe-cec4675a35fd,BEAUTY_CARE,MINI PERFUMES,7bcd850b-f2c6-447e-8b80-bb0796deb9df,,49900,b44de7d89ac93b125f8ba07da0cb41c3c85bfa951f0fb94b565f912d394db603,BC-20138,BCV5-0139,beauty-care-mini-perfumes,RESERVED_IMPORT_RANGE,GENERATED_CANONICAL_SOURCE_CODE,DETERMINISTIC_CANONICAL_SLUG,DETERMINISTIC_SOURCE_UUID,READY_CREATE
CATV1-P037-R3R,POLICY_APPROVED,40a119f8-f86c-a616-f62d-5b04704ced46,BEAUTY_CARE,SUERO DE CLICK HAIR,7bcd850b-f2c6-447e-8b80-bb0796deb9df,,40900,dc859c5a762d6b87d5967a98d8b50ae302adf27c655c4088e9bb183aa986c864,BC-20139,BCV5-0140,beauty-care-suero-de-click-hair,RESERVED_IMPORT_RANGE,GENERATED_CANONICAL_SOURCE_CODE,DETERMINISTIC_CANONICAL_SLUG,DETERMINISTIC_SOURCE_UUID,READY_CREATE
CATV1-P038-R1L,POLICY_APPROVED,4154177b-69da-0187-660e-602e493384a6,BEAUTY_CARE,PELINEX,7bcd850b-f2c6-447e-8b80-bb0796deb9df,,65000,a95f264cfb18c0bda9ce46dc5bdf709cbd30e3493c1fb215b1a622312b6f6f47,BC-20140,BCV5-0141,beauty-care-pelinex,RESERVED_IMPORT_RANGE,GENERATED_CANONICAL_SOURCE_CODE,DETERMINISTIC_CANONICAL_SLUG,DETERMINISTIC_SOURCE_UUID,READY_CREATE
CATV1-P038-R1R,POLICY_APPROVED,c825d1d4-278e-6c48-e791-2c013d25fb19,BEAUTY_CARE,ENERGIZANTE CAPILAR,7bcd850b-f2c6-447e-8b80-bb0796deb9df,,46900,35f51223b211d5aaea8713b3704d475e6049f0d9e0aa8d6a9d8df1387de5f9ad,BC-20141,BCV5-0142,beauty-care-energizante-capilar,RESERVED_IMPORT_RANGE,GENERATED_CANONICAL_SOURCE_CODE,DETERMINISTIC_CANONICAL_SLUG,DETERMINISTIC_SOURCE_UUID,READY_CREATE
CATV1-P038-R2L,POLICY_APPROVED,94be1739-df76-a488-47a5-6b2b979accc7,BEAUTY_CARE,SHAMPOO CABELLO GRASO,7bcd850b-f2c6-447e-8b80-bb0796deb9df,,46900,6c01368cb0a0715cc948a18dbb1bf8ea46225b24dc1daa9315e187b5343b6302,BC-20142,BCV5-0143,beauty-care-shampoo-cabello-graso,RESERVED_IMPORT_RANGE,GENERATED_CANONICAL_SOURCE_CODE,DETERMINISTIC_CANONICAL_SLUG,DETERMINISTIC_SOURCE_UUID,READY_CREATE
CATV1-P038-R2R,POLICY_APPROVED,dca2d89d-b05d-a2bc-3109-5bc9746cd875,BEAUTY_CARE,GOMAS CLICK,7bcd850b-f2c6-447e-8b80-bb0796deb9df,,126000,83b9a2c0d118a28fbb5bff8babfc370ad318bf1600501e3ff1e88fe41a703bd9,BC-20143,BCV5-0144,beauty-care-gomas-click,RESERVED_IMPORT_RANGE,GENERATED_CANONICAL_SOURCE_CODE,DETERMINISTIC_CANONICAL_SLUG,DETERMINISTIC_SOURCE_UUID,READY_CREATE
CATV1-P038-R3L,POLICY_APPROVED,33777039-ff5f-61c2-f0ec-dc2f63560af4,BEAUTY_CARE,MINI KIT DE PERFUMES,7bcd850b-f2c6-447e-8b80-bb0796deb9df,,49900,4e6bf1e3a9804d6e6040f5a732bfd23d71f3e0118da68f2367d36317627cc284,BC-20144,BCV5-0145,beauty-care-mini-kit-de-perfumes,RESERVED_IMPORT_RANGE,GENERATED_CANONICAL_SOURCE_CODE,DETERMINISTIC_CANONICAL_SLUG,DETERMINISTIC_SOURCE_UUID,READY_CREATE
CATV1-P038-R3R,POLICY_APPROVED,51d047a8-1358-b123-a72d-486c813ce45f,BEAUTY_CARE,PERFUME PISTACHO,7bcd850b-f2c6-447e-8b80-bb0796deb9df,,60900,d5506e704cf796c855376b5f2e4036cb924c4295625002a1536ffa8bea37441e,BC-20145,BCV5-0146,beauty-care-perfume-pistacho,RESERVED_IMPORT_RANGE,GENERATED_CANONICAL_SOURCE_CODE,DETERMINISTIC_CANONICAL_SLUG,DETERMINISTIC_SOURCE_UUID,READY_CREATE
CATV1-P039-R1L,HUMAN_APPROVED,21cbd5f9-3b28-0056-fd0e-1f54657eec4f,BEAUTY_CARE,ACONDI CLICK,7bcd850b-f2c6-447e-8b80-bb0796deb9df,,45900,b668f67e7c6af649b7abc1630d500aa806ce33cdbf6b285b78296140eca73078,BC-20146,BCV5-0147,beauty-care-acondi-click,RESERVED_IMPORT_RANGE,GENERATED_CANONICAL_SOURCE_CODE,DETERMINISTIC_CANONICAL_SLUG,DETERMINISTIC_SOURCE_UUID,READY_CREATE
CATV1-P039-R1R,POLICY_APPROVED,3b7719d4-6c26-93d8-3b17-a3df08332d74,BEAUTY_CARE,PERFUME MIEL,7bcd850b-f2c6-447e-8b80-bb0796deb9df,,60900,ceeb5d04cb5b37d177458fac3e3dc9157c675135914adbebca1695fa896e7074,BC-20147,BCV5-0148,beauty-care-perfume-miel,RESERVED_IMPORT_RANGE,GENERATED_CANONICAL_SOURCE_CODE,DETERMINISTIC_CANONICAL_SLUG,DETERMINISTIC_SOURCE_UUID,READY_CREATE
CATV1-P039-R2L,POLICY_APPROVED,141fed9b-5777-ddb2-ccce-cb1d4f2307d7,BEAUTY_CARE,JABON CREMOSO,7bcd850b-f2c6-447e-8b80-bb0796deb9df,,50000,a0bfd25d05aa2f6e7458a4d5f9f05009916d870e2bfdb426c99a9d4e0a701954,BC-20148,BCV5-0149,beauty-care-jabon-cremoso,RESERVED_IMPORT_RANGE,GENERATED_CANONICAL_SOURCE_CODE,DETERMINISTIC_CANONICAL_SLUG,DETERMINISTIC_SOURCE_UUID,READY_CREATE
CATV1-P039-R2R,POLICY_APPROVED,ff83b7b7-7311-8405-6658-ac75b750a39b,BEAUTY_CARE,EXFOLIANTE CAPILAR,7bcd850b-f2c6-447e-8b80-bb0796deb9df,,60000,1fe1f5ce135368a7e414066ab6ca5fb0a68c7ba0f27921572dd0ff30910b8075,BC-20149,BCV5-0150,beauty-care-exfoliante-capilar-p039-r2r,RESERVED_IMPORT_RANGE,GENERATED_CANONICAL_SOURCE_CODE,DETERMINISTIC_CANONICAL_SLUG,DETERMINISTIC_SOURCE_UUID,READY_CREATE
CATV1-P039-R3L,POLICY_APPROVED,ff962c3a-db80-c9b1-a898-7fafc52de5ce,BEAUTY_CARE,MANTEQUILLA CON BRILLO,7bcd850b-f2c6-447e-8b80-bb0796deb9df,,60000,7a4a0e56138652099963017fd02a741f002ff84d80a624a6d1381130505e287b,BC-20150,BCV5-0151,beauty-care-mantequilla-con-brillo,RESERVED_IMPORT_RANGE,GENERATED_CANONICAL_SOURCE_CODE,DETERMINISTIC_CANONICAL_SLUG,DETERMINISTIC_SOURCE_UUID,READY_CREATE
CATV1-P039-R3R,POLICY_APPROVED,5f67b85c-e255-f991-768f-76784aa54bc0,BEAUTY_CARE,PERFUME CLICK DANI DUKE,7bcd850b-f2c6-447e-8b80-bb0796deb9df,,80900,4eb4b13aea5305f82176662f88d38683a08cae08a5af68d8d0b7d0e8e202f59f,BC-20151,BCV5-0152,beauty-care-perfume-click-dani-duke,RESERVED_IMPORT_RANGE,GENERATED_CANONICAL_SOURCE_CODE,DETERMINISTIC_CANONICAL_SLUG,DETERMINISTIC_SOURCE_UUID,READY_CREATE
CATV1-P040-R1L,POLICY_APPROVED,c845d2b1-8528-ab07-7203-07eaacf25aca,BEAUTY_CARE,PELINEX PEQUEÑO,7bcd850b-f2c6-447e-8b80-bb0796deb9df,,37000,6f5b2baa5b3e52b351a0f9c2fdcd1b328da285170d286d08606802c1adda43d8,BC-20152,BCV5-0153,beauty-care-pelinex-pequeno,RESERVED_IMPORT_RANGE,GENERATED_CANONICAL_SOURCE_CODE,DETERMINISTIC_CANONICAL_SLUG,DETERMINISTIC_SOURCE_UUID,READY_CREATE
CATV1-P040-R1R,HUMAN_APPROVED,6e9b5e9e-4140-0426-9004-8fd41ea5ccb7,BEAUTY_CARE,ACONDI MIEL,7bcd850b-f2c6-447e-8b80-bb0796deb9df,,45900,07b957818f0c0ce588550c549ba43d72933197f23445b3673d566dd656cbe354,BC-20153,BCV5-0154,beauty-care-acondi-miel,RESERVED_IMPORT_RANGE,GENERATED_CANONICAL_SOURCE_CODE,DETERMINISTIC_CANONICAL_SLUG,DETERMINISTIC_SOURCE_UUID,READY_CREATE
CATV1-P040-R2L,HUMAN_APPROVED,a77c93b3-d070-f8ac-b806-6b2139dcf838,BEAUTY_CARE,PERFUME MASHMELLOW,7bcd850b-f2c6-447e-8b80-bb0796deb9df,,60900,0ca99cede5f6d2c292d090942c776c6a9f7729e47fe8dc774817dbd7f0e11650,BC-20154,BCV5-0155,beauty-care-perfume-mashmellow,RESERVED_IMPORT_RANGE,GENERATED_CANONICAL_SOURCE_CODE,DETERMINISTIC_CANONICAL_SLUG,DETERMINISTIC_SOURCE_UUID,READY_CREATE
CATV1-P040-R2R,POLICY_APPROVED,23c61b0c-b9e8-f2a7-38ce-38fcaf34e7b2,BEAUTY_CARE,MIEL MINI,7bcd850b-f2c6-447e-8b80-bb0796deb9df,,31000,33b3059434ec9405cda9dcb8d78f56ccce73da339ada4ada7d960444e00d423e,BC-20155,BCV5-0156,beauty-care-miel-mini,RESERVED_IMPORT_RANGE,GENERATED_CANONICAL_SOURCE_CODE,DETERMINISTIC_CANONICAL_SLUG,DETERMINISTIC_SOURCE_UUID,READY_CREATE
CATV1-P040-R3L,POLICY_APPROVED,5ba84736-4bbc-2626-09fd-f3d4d9821624,BEAUTY_CARE,TERMOPROTECTOR LECH,7bcd850b-f2c6-447e-8b80-bb0796deb9df,,51000,7ba86e6897ddd06b8a6fb450c959536715098442fe7ebc6292dee7b3eb62ba7c,BC-20156,BCV5-0157,beauty-care-termoprotector-lech,RESERVED_IMPORT_RANGE,GENERATED_CANONICAL_SOURCE_CODE,DETERMINISTIC_CANONICAL_SLUG,DETERMINISTIC_SOURCE_UUID,READY_CREATE
CATV1-P042-R1L,POLICY_APPROVED,7df642c5-a0ad-09c8-2122-3e764ab59799,BEAUTY_CARE,SHAMPOO TRADICIONAL,21ac02f8-6a51-46be-8f41-daa08b4a770f,,39900,df3c9c192da2b9a9b5e8b9e7d8740e901dffe71f242e155931e7e17433e870e6,BC-20157,BCV5-0158,beauty-care-shampoo-tradicional,RESERVED_IMPORT_RANGE,GENERATED_CANONICAL_SOURCE_CODE,DETERMINISTIC_CANONICAL_SLUG,DETERMINISTIC_SOURCE_UUID,READY_CREATE
CATV1-P042-R1R,POLICY_APPROVED,8b5bc766-c535-ecd6-921e-a54af9c718ab,BEAUTY_CARE,TRATAMIENTO TRADICIONAL,21ac02f8-6a51-46be-8f41-daa08b4a770f,,39900,dd1110a1c4ae3be34af722290f62f95d9799e9e036d8bb8817a85617089196b9,BC-20158,BCV5-0159,beauty-care-tratamiento-tradicional,RESERVED_IMPORT_RANGE,GENERATED_CANONICAL_SOURCE_CODE,DETERMINISTIC_CANONICAL_SLUG,DETERMINISTIC_SOURCE_UUID,READY_CREATE
CATV1-P042-R2L,POLICY_APPROVED,bbcd824e-8609-7786-4e6a-38ff0a7fedce,BEAUTY_CARE,DUAL CREMA PARA PEINAR,21ac02f8-6a51-46be-8f41-daa08b4a770f,,39900,76dd5c9d94ef772cefed35d96374bb76d56d7050199d43c7934c46a8e6fe2add,BC-20159,BCV5-0160,beauty-care-dual-crema-para-peinar,RESERVED_IMPORT_RANGE,GENERATED_CANONICAL_SOURCE_CODE,DETERMINISTIC_CANONICAL_SLUG,DETERMINISTIC_SOURCE_UUID,READY_CREATE
CATV1-P042-R2R,POLICY_APPROVED,77e9636e-1e96-af95-e1b4-78718b233cb4,BEAUTY_CARE,ANCESTRAL,21ac02f8-6a51-46be-8f41-daa08b4a770f,,41000,76e68148fbd7064d0e99633ee59c7b4b00325593d241df520fdb986e390d11ee,BC-20160,BCV5-0161,beauty-care-ancestral,RESERVED_IMPORT_RANGE,GENERATED_CANONICAL_SOURCE_CODE,DETERMINISTIC_CANONICAL_SLUG,DETERMINISTIC_SOURCE_UUID,READY_CREATE
CATV1-P042-R3L,POLICY_APPROVED,c7a68c90-43c8-d4fc-c4eb-1a085b060251,BEAUTY_CARE,TRATAMIENTO BANANO,21ac02f8-6a51-46be-8f41-daa08b4a770f,,41000,96320f61c6770106b0174e43075d46bbca8737dd328320919d46c7ca9153faa4,BC-20161,BCV5-0162,beauty-care-tratamiento-banano,RESERVED_IMPORT_RANGE,GENERATED_CANONICAL_SOURCE_CODE,DETERMINISTIC_CANONICAL_SLUG,DETERMINISTIC_SOURCE_UUID,READY_CREATE
CATV1-P042-R3R,POLICY_APPROVED,ddc4f1b0-a86a-2829-82ef-d04033a22cb3,BEAUTY_CARE,PERFUME PARA EL CABELLO,21ac02f8-6a51-46be-8f41-daa08b4a770f,,43000,fe26924d8b2ac60ace673b6caeaefd76efe5c27d45b31a6cea36ce76af88d063,BC-20162,BCV5-0163,beauty-care-perfume-para-el-cabello,RESERVED_IMPORT_RANGE,GENERATED_CANONICAL_SOURCE_CODE,DETERMINISTIC_CANONICAL_SLUG,DETERMINISTIC_SOURCE_UUID,READY_CREATE
CATV1-P043-R1L,POLICY_APPROVED,ae02b7d2-b477-15e0-c1ef-2d4accea6798,BEAUTY_CARE,DUOTONIC,21ac02f8-6a51-46be-8f41-daa08b4a770f,,59900,96a14f77cc887e297cf594bbc5082dc975fe68d01727e94048752f8d1160853e,BC-20163,BCV5-0164,beauty-care-duotonic,RESERVED_IMPORT_RANGE,GENERATED_CANONICAL_SOURCE_CODE,DETERMINISTIC_CANONICAL_SLUG,DETERMINISTIC_SOURCE_UUID,READY_CREATE
CATV1-P043-R1R,POLICY_APPROVED,1f4e84d5-731d-7e29-1eab-4c362f30afa3,BEAUTY_CARE,SHAMPOO GRASA,21ac02f8-6a51-46be-8f41-daa08b4a770f,,41000,1401d760390e233060de70293f8c5532d0e4ffcb0a0efc30eb9da2513c4bc372,BC-20164,BCV5-0165,beauty-care-shampoo-grasa,RESERVED_IMPORT_RANGE,GENERATED_CANONICAL_SOURCE_CODE,DETERMINISTIC_CANONICAL_SLUG,DETERMINISTIC_SOURCE_UUID,READY_CREATE
CATV1-P043-R2L,POLICY_APPROVED,d0f45bd8-2b54-07bf-2d62-16c59c836679,BEAUTY_CARE,TRATAMIENTO TONGOLE,21ac02f8-6a51-46be-8f41-daa08b4a770f,,39900,1c7dfed38c0ed0decd8c7fdd9b6782dcdf50e2c72135f1b9e8e0b4ccbee9e3cb,BC-20165,BCV5-0166,beauty-care-tratamiento-tongole,RESERVED_IMPORT_RANGE,GENERATED_CANONICAL_SOURCE_CODE,DETERMINISTIC_CANONICAL_SLUG,DETERMINISTIC_SOURCE_UUID,READY_CREATE
CATV1-P043-R2R,POLICY_APPROVED,9ddcdccb-03e7-accf-9442-5123662e30b1,BEAUTY_CARE,TERMO B8,21ac02f8-6a51-46be-8f41-daa08b4a770f,,50000,ae476426c45037f7fe7f319b365cd1be6b03d0be12c5b16e7801b8236603d6ab,BC-20166,BCV5-0167,beauty-care-termo-b8,RESERVED_IMPORT_RANGE,GENERATED_CANONICAL_SOURCE_CODE,DETERMINISTIC_CANONICAL_SLUG,DETERMINISTIC_SOURCE_UUID,READY_CREATE
CATV1-P043-R3L,POLICY_APPROVED,d471250d-28ba-22dd-771b-abcd17a3198a,BEAUTY_CARE,SHAMPOO TONGOLE,21ac02f8-6a51-46be-8f41-daa08b4a770f,,39900,855e8c3e8e3ae4e462667955aefb1f565b1ca74155131f83ae15e5e10c595210,BC-20167,BCV5-0168,beauty-care-shampoo-tongole,RESERVED_IMPORT_RANGE,GENERATED_CANONICAL_SOURCE_CODE,DETERMINISTIC_CANONICAL_SLUG,DETERMINISTIC_SOURCE_UUID,READY_CREATE
CATV1-P043-R3R,POLICY_APPROVED,c78c344a-c89f-2f21-ecb2-24f62f4a6af4,BEAUTY_CARE,SHAMPOO CONTROL CAIDA,21ac02f8-6a51-46be-8f41-daa08b4a770f,,50000,4db713b5faf9f37db563622fa84d6ff3df93da5e51ea3e6fcdfc30e65f5b6400,BC-20168,BCV5-0169,beauty-care-shampoo-control-caida,RESERVED_IMPORT_RANGE,GENERATED_CANONICAL_SOURCE_CODE,DETERMINISTIC_CANONICAL_SLUG,DETERMINISTIC_SOURCE_UUID,READY_CREATE
CATV1-P044-R1L,POLICY_APPROVED,decddee1-bff4-f985-6dc8-aebbd46d8818,BEAUTY_CARE,GEL DEFINIDORA DE RIZOS,21ac02f8-6a51-46be-8f41-daa08b4a770f,,45000,eab91a7166194009f2dda339b5587c0c2d26ace8d8fd68430110f8c8c1351331,BC-20169,BCV5-0170,beauty-care-gel-definidora-de-rizos,RESERVED_IMPORT_RANGE,GENERATED_CANONICAL_SOURCE_CODE,DETERMINISTIC_CANONICAL_SLUG,DETERMINISTIC_SOURCE_UUID,READY_CREATE
CATV1-P044-R1R,POLICY_APPROVED,2e51835c-8d7b-e28b-8b99-87b7160282d0,BEAUTY_CARE,CREMA DE PEINAR,21ac02f8-6a51-46be-8f41-daa08b4a770f,,39900,1675548b8d49ec34c0714467d8a63f526a3e16ca139a9c18df90c9923babcea5,BC-20170,BCV5-0171,beauty-care-crema-de-peinar-p044-r1r,RESERVED_IMPORT_RANGE,GENERATED_CANONICAL_SOURCE_CODE,DETERMINISTIC_CANONICAL_SLUG,DETERMINISTIC_SOURCE_UUID,READY_CREATE
CATV1-P044-R2L,POLICY_APPROVED,7e001a3c-0a1b-0a4c-a2e1-d6bd8835fad2,BEAUTY_CARE,MASCARILLA TONG,21ac02f8-6a51-46be-8f41-daa08b4a770f,,41000,d2a4e78ca6e307b6f5ce36e2893322a8e64141c2239a1bb25661ac28dc2eec97,BC-20171,BCV5-0172,beauty-care-mascarilla-tong,RESERVED_IMPORT_RANGE,GENERATED_CANONICAL_SOURCE_CODE,DETERMINISTIC_CANONICAL_SLUG,DETERMINISTIC_SOURCE_UUID,READY_CREATE
CATV1-P044-R2R,POLICY_APPROVED,76389cbf-7236-293e-cb7b-bcd49f43df59,BEAUTY_CARE,TRATAMIENTO BOOSTER,21ac02f8-6a51-46be-8f41-daa08b4a770f,,39000,c0ee00621def1d375cc2009ac4cf975ccd8fa3afe13d8e78eeec8ad21fda3aa4,BC-20172,BCV5-0173,beauty-care-tratamiento-booster,RESERVED_IMPORT_RANGE,GENERATED_CANONICAL_SOURCE_CODE,DETERMINISTIC_CANONICAL_SLUG,DETERMINISTIC_SOURCE_UUID,READY_CREATE
CATV1-P044-R3L,POLICY_APPROVED,5932dab0-b1c9-dc86-4e69-b14805374f19,BEAUTY_CARE,BRILLO INFINITO,21ac02f8-6a51-46be-8f41-daa08b4a770f,,50000,0bbcd868e9dbd45621ab582281d5d2d41b6bb0cd21cd29017426f6f85cdf25b0,BC-20173,BCV5-0174,beauty-care-brillo-infinito,RESERVED_IMPORT_RANGE,GENERATED_CANONICAL_SOURCE_CODE,DETERMINISTIC_CANONICAL_SLUG,DETERMINISTIC_SOURCE_UUID,READY_CREATE
CATV1-P044-R3R,POLICY_APPROVED,48571b33-6df3-e1fb-a62b-1c587efeceec,BEAUTY_CARE,SPORT ULTRAPROTECCION,21ac02f8-6a51-46be-8f41-daa08b4a770f,,48000,bc7a0e3adc311f196afc1ec54f0b6ab49c7024c18a72056af7de8584a8f09478,BC-20174,BCV5-0175,beauty-care-sport-ultraproteccion,RESERVED_IMPORT_RANGE,GENERATED_CANONICAL_SOURCE_CODE,DETERMINISTIC_CANONICAL_SLUG,DETERMINISTIC_SOURCE_UUID,READY_CREATE
CATV1-P045-R1L,POLICY_APPROVED,aee6d259-2537-80c6-b573-bb529622e076,BEAUTY_CARE,RESTAR PLEX POCION,21ac02f8-6a51-46be-8f41-daa08b4a770f,,66000,80f87b7a72fadf3f1232090591eed080fbc7e95bd6cb46db1ee88358d10b157a,BC-20175,BCV5-0176,beauty-care-restar-plex-pocion,RESERVED_IMPORT_RANGE,GENERATED_CANONICAL_SOURCE_CODE,DETERMINISTIC_CANONICAL_SLUG,DETERMINISTIC_SOURCE_UUID,READY_CREATE
CATV1-P045-R1R,POLICY_APPROVED,68d94210-afdb-0cf2-0a00-5dc81f5b8c73,BEAUTY_CARE,SHAMPOO POCION KIDS,21ac02f8-6a51-46be-8f41-daa08b4a770f,,38000,af61d058e50ffa3fe099c1fc03e555d52a268c1f1853a0a98a9319e710c24062,BC-20176,BCV5-0177,beauty-care-shampoo-pocion-kids,RESERVED_IMPORT_RANGE,GENERATED_CANONICAL_SOURCE_CODE,DETERMINISTIC_CANONICAL_SLUG,DETERMINISTIC_SOURCE_UUID,READY_CREATE
CATV1-P045-R2L,POLICY_APPROVED,8471cfcc-33b9-2cfa-31f1-aa7431cf2612,BEAUTY_CARE,ACONDI POCION KIDS,21ac02f8-6a51-46be-8f41-daa08b4a770f,,38000,b5100278a0365cafe0d059f6bc3ab1c4101eeda44b30da5950dbd8e2da224807,BC-20177,BCV5-0178,beauty-care-acondi-pocion-kids,RESERVED_IMPORT_RANGE,GENERATED_CANONICAL_SOURCE_CODE,DETERMINISTIC_CANONICAL_SLUG,DETERMINISTIC_SOURCE_UUID,READY_CREATE
CATV1-P045-R2R,POLICY_APPROVED,227a600b-a118-3711-50cf-522c17b94045,BEAUTY_CARE,DESENREDANTE KIDS,21ac02f8-6a51-46be-8f41-daa08b4a770f,,29900,21a35ba47325429199ee85c25c2a4809a028de325bfc76516d4b3cc7a5357316,BC-20178,BCV5-0179,beauty-care-desenredante-kids,RESERVED_IMPORT_RANGE,GENERATED_CANONICAL_SOURCE_CODE,DETERMINISTIC_CANONICAL_SLUG,DETERMINISTIC_SOURCE_UUID,READY_CREATE
CATV1-P045-R3L,POLICY_APPROVED,75599b73-dcb8-672d-8b60-bd87e445a67b,BEAUTY_CARE,TONICO CASPA,21ac02f8-6a51-46be-8f41-daa08b4a770f,,42000,a06f26468ddd6d63610b1a85847c449d558099377504c1c15f5ee1a2f3b40e71,BC-20179,BCV5-0180,beauty-care-tonico-caspa,RESERVED_IMPORT_RANGE,GENERATED_CANONICAL_SOURCE_CODE,DETERMINISTIC_CANONICAL_SLUG,DETERMINISTIC_SOURCE_UUID,READY_CREATE
CATV1-P045-R3R,POLICY_APPROVED,ee06c5f5-778d-8454-e8d6-5567d6597db6,BEAUTY_CARE,SHAMPOO CASPA,21ac02f8-6a51-46be-8f41-daa08b4a770f,,46000,5906a42dc03bafb84a52b3c175c3f956558c7b969d01bfcddc43a76ca1d97ab4,BC-20180,BCV5-0181,beauty-care-shampoo-caspa,RESERVED_IMPORT_RANGE,GENERATED_CANONICAL_SOURCE_CODE,DETERMINISTIC_CANONICAL_SLUG,DETERMINISTIC_SOURCE_UUID,READY_CREATE
CATV1-P047-R1L,POLICY_APPROVED,daf4f520-216b-1bea-4e38-ccc07e60e865,BEAUTY_CARE,SHROMERO,aee464be-85d5-4eca-87d2-084648554252,,36000,39c17e406086c7c4c0e535bf40589700ee7318cab2e4b9a285259d8067dca834,BC-20181,BCV5-0182,beauty-care-shromero,RESERVED_IMPORT_RANGE,GENERATED_CANONICAL_SOURCE_CODE,DETERMINISTIC_CANONICAL_SLUG,DETERMINISTIC_SOURCE_UUID,READY_CREATE
CATV1-P047-R1R,POLICY_APPROVED,c0774e09-bf0c-1f1b-3875-88d0039fd2ad,BEAUTY_CARE,SHCEBOLLA,aee464be-85d5-4eca-87d2-084648554252,,36000,d9983299747f5b4aef87f0eb5dffbe1113b7e5f301e1afce9a11c4c6f452df23,BC-20182,BCV5-0183,beauty-care-shcebolla,RESERVED_IMPORT_RANGE,GENERATED_CANONICAL_SOURCE_CODE,DETERMINISTIC_CANONICAL_SLUG,DETERMINISTIC_SOURCE_UUID,READY_CREATE
CATV1-P047-R2L,POLICY_APPROVED,04962268-78c0-3882-5f0d-a4076ecce9ba,BEAUTY_CARE,TRATAMIENTOAGUACATE,aee464be-85d5-4eca-87d2-084648554252,,36000,f6eef9bab712c6050f1de2ee715d10486e4025e34c907285c48e93b73cc97188,BC-20183,BCV5-0184,beauty-care-tratamientoaguacate,RESERVED_IMPORT_RANGE,GENERATED_CANONICAL_SOURCE_CODE,DETERMINISTIC_CANONICAL_SLUG,DETERMINISTIC_SOURCE_UUID,READY_CREATE
CATV1-P047-R2R,POLICY_APPROVED,679dd63c-2c18-d4bc-0b4c-187be029a512,BEAUTY_CARE,SHMENTA Y AJI,aee464be-85d5-4eca-87d2-084648554252,,36000,9d113b53af2128d45b92121cb4c6a68fa58145441532b6177f28591d0063fa11,BC-20184,BCV5-0185,beauty-care-shmenta-y-aji,RESERVED_IMPORT_RANGE,GENERATED_CANONICAL_SOURCE_CODE,DETERMINISTIC_CANONICAL_SLUG,DETERMINISTIC_SOURCE_UUID,READY_CREATE
CATV1-P047-R3L,POLICY_APPROVED,0532506b-252c-1b34-de4d-81ee410e0c5b,BEAUTY_CARE,KERATINA 120ML,aee464be-85d5-4eca-87d2-084648554252,,36000,27125ad4165fc9c1c3ad5207c213fe547fbea90071331af2e9240134e4aa2b80,BC-20185,BCV5-0186,beauty-care-keratina-120ml,RESERVED_IMPORT_RANGE,GENERATED_CANONICAL_SOURCE_CODE,DETERMINISTIC_CANONICAL_SLUG,DETERMINISTIC_SOURCE_UUID,READY_CREATE
CATV1-P047-R3R,POLICY_APPROVED,6135c16f-487c-b1fd-4e9a-4b9b50b7b149,BEAUTY_CARE,KERATINA MEDIANA,aee464be-85d5-4eca-87d2-084648554252,,61000,a96bd1fbdf160f0178556072f344ee3069de1e317812056153989e72efe4e7d7,BC-20186,BCV5-0187,beauty-care-keratina-mediana,RESERVED_IMPORT_RANGE,GENERATED_CANONICAL_SOURCE_CODE,DETERMINISTIC_CANONICAL_SLUG,DETERMINISTIC_SOURCE_UUID,READY_CREATE
CATV1-P048-R1L,POLICY_APPROVED,41e61b10-caec-be3f-4e87-3c0400c663ab,BEAUTY_CARE,TERMO PROTECTOR ROSADO,aee464be-85d5-4eca-87d2-084648554252,,24000,9eb287bf807f3ec4b9ef5aef1d5e702d2f09b9f371468a68333c122565426f75,BC-20187,BCV5-0188,beauty-care-termo-protector-rosado,RESERVED_IMPORT_RANGE,GENERATED_CANONICAL_SOURCE_CODE,DETERMINISTIC_CANONICAL_SLUG,DETERMINISTIC_SOURCE_UUID,READY_CREATE
CATV1-P048-R1R,POLICY_APPROVED,0abc8d4b-9d3e-1131-164f-9ad7863f962e,BEAUTY_CARE,TERMO PROTECTOR AZUL,aee464be-85d5-4eca-87d2-084648554252,,23000,00ac9e3e48edb2b8c75e6d6861bf9c4cd4e468b1509ffcc2d7185f6eb25f6941,BC-20188,BCV5-0189,beauty-care-termo-protector-azul,RESERVED_IMPORT_RANGE,GENERATED_CANONICAL_SOURCE_CODE,DETERMINISTIC_CANONICAL_SLUG,DETERMINISTIC_SOURCE_UUID,READY_CREATE
CATV1-P048-R2L,POLICY_APPROVED,af84d138-c7a7-6118-8afa-71282140a88f,BEAUTY_CARE,KERATINA GRANDE,aee464be-85d5-4eca-87d2-084648554252,,151000,2a87eb1fcf88a605f9bdc5b36603032ba681fc7d9220e71e5b5baa0abd2f4c2e,BC-20189,BCV5-0190,beauty-care-keratina-grande-p048-r2l,RESERVED_IMPORT_RANGE,GENERATED_CANONICAL_SOURCE_CODE,DETERMINISTIC_CANONICAL_SLUG,DETERMINISTIC_SOURCE_UUID,READY_CREATE
CATV1-P048-R2R,POLICY_APPROVED,8abe4e6e-af2c-8b2b-9e89-f76775b8f44d,BEAUTY_CARE,BOMBA RITUAL,aee464be-85d5-4eca-87d2-084648554252,,38000,246100d75152079444d6955ff4012b05678a1bfa68fae88feee0cb5163637ee1,BC-20190,BCV5-0191,beauty-care-bomba-ritual,RESERVED_IMPORT_RANGE,GENERATED_CANONICAL_SOURCE_CODE,DETERMINISTIC_CANONICAL_SLUG,DETERMINISTIC_SOURCE_UUID,READY_CREATE
CATV1-P048-R3L,POLICY_APPROVED,a6fdaad9-393f-10bb-6c88-0b81df905bdb,BEAUTY_CARE,KIT TERMO MINI,aee464be-85d5-4eca-87d2-084648554252,,18000,e0465f14d4f2b8942389c6cc3c9777d0f7450bd7ec7ee42461a10b0c6ff7ebce,BC-20191,BCV5-0192,beauty-care-kit-termo-mini,RESERVED_IMPORT_RANGE,GENERATED_CANONICAL_SOURCE_CODE,DETERMINISTIC_CANONICAL_SLUG,DETERMINISTIC_SOURCE_UUID,READY_CREATE
CATV1-P048-R3R,POLICY_APPROVED,25b5cb43-44b3-327e-09b0-1d5c7e2fae8e,BEAUTY_CARE,MANTEQUILLA RITUAL,aee464be-85d5-4eca-87d2-084648554252,,28000,ae0e442a2def4db6fd21f1240ae519fdf6398f94bc21af6d8e60c43d1dafed7b,BC-20192,BCV5-0193,beauty-care-mantequilla-ritual,RESERVED_IMPORT_RANGE,GENERATED_CANONICAL_SOURCE_CODE,DETERMINISTIC_CANONICAL_SLUG,DETERMINISTIC_SOURCE_UUID,READY_CREATE
CATV1-P049-R1L,POLICY_APPROVED,e8778989-38ab-4308-6d18-6bf0594062dd,BEAUTY_CARE,BRONCEADOR RITUAL,aee464be-85d5-4eca-87d2-084648554252,,37000,3a8fd219a7b7c12c1c5c847596b4afbdb5c359423ea5855aeb4db4241ae36cec,BC-20193,BCV5-0194,beauty-care-bronceador-ritual,RESERVED_IMPORT_RANGE,GENERATED_CANONICAL_SOURCE_CODE,DETERMINISTIC_CANONICAL_SLUG,DETERMINISTIC_SOURCE_UUID,READY_CREATE
CATV1-P049-R1R,POLICY_APPROVED,db321009-3487-abad-dd0a-0939c6fb5043,BEAUTY_CARE,TRATAMIENTO JALEA MIEL,aee464be-85d5-4eca-87d2-084648554252,,38000,60a47c9e668f060ade133e23530e08e69e323a163d55c63446f5313c98f29ca0,BC-20194,BCV5-0195,beauty-care-tratamiento-jalea-miel,RESERVED_IMPORT_RANGE,GENERATED_CANONICAL_SOURCE_CODE,DETERMINISTIC_CANONICAL_SLUG,DETERMINISTIC_SOURCE_UUID,READY_CREATE
CATV1-P049-R2L,POLICY_APPROVED,25abcc00-90b2-3ba1-9310-a3ecd9504036,BEAUTY_CARE,SHAMPOO JALEA MIEL,aee464be-85d5-4eca-87d2-084648554252,,39000,7ab79655eb6840382449d590ad59d1b22ed4cf25d6f0b04691f63f03d7e65253,BC-20195,BCV5-0196,beauty-care-shampoo-jalea-miel,RESERVED_IMPORT_RANGE,GENERATED_CANONICAL_SOURCE_CODE,DETERMINISTIC_CANONICAL_SLUG,DETERMINISTIC_SOURCE_UUID,READY_CREATE
CATV1-P051-R1L,POLICY_APPROVED,bdbe5e94-3c8b-4443-87e5-e3d5532426eb,BEAUTY_CARE,SHAMPOO CEBOLLA GINGIBRE,ef713ca9-a46b-46b6-90ea-c100d46fe90f,,41000,2067b1674eaff49bfec65b4a793feb9eefd9f3ea54c194527c4dc02cd0284b0b,BC-20196,BCV5-0197,beauty-care-shampoo-cebolla-gingibre,RESERVED_IMPORT_RANGE,GENERATED_CANONICAL_SOURCE_CODE,DETERMINISTIC_CANONICAL_SLUG,DETERMINISTIC_SOURCE_UUID,READY_CREATE
CATV1-P051-R1R,POLICY_APPROVED,b408b1a1-0ff5-fdc3-34a3-f53b9bbe6ba8,BEAUTY_CARE,SHAMPOO CANELA Y MIEL,ef713ca9-a46b-46b6-90ea-c100d46fe90f,,41000,1826141d215f1e18cdfdf518fbeca0b48ecff304d77f7a334e0019a0a5dff550,BC-20197,BCV5-0198,beauty-care-shampoo-canela-y-miel,RESERVED_IMPORT_RANGE,GENERATED_CANONICAL_SOURCE_CODE,DETERMINISTIC_CANONICAL_SLUG,DETERMINISTIC_SOURCE_UUID,READY_CREATE
CATV1-P051-R2L,POLICY_APPROVED,bed2aea1-4fa5-8164-d90d-c4242c323e42,BEAUTY_CARE,SHAMPOO VINAGRE DE MANZANA,ef713ca9-a46b-46b6-90ea-c100d46fe90f,,41000,5a2864bcb9c3f05884e8634aeeb6f2dc0d2300ed1a3fc09b5d070bd6fa6b446a,BC-20198,BCV5-0199,beauty-care-shampoo-vinagre-de-manzana,RESERVED_IMPORT_RANGE,GENERATED_CANONICAL_SOURCE_CODE,DETERMINISTIC_CANONICAL_SLUG,DETERMINISTIC_SOURCE_UUID,READY_CREATE
CATV1-P051-R2R,POLICY_APPROVED,163faa0b-9dd3-6b57-3032-19a421f133c2,BEAUTY_CARE,SHAMPOO ARROZ,ef713ca9-a46b-46b6-90ea-c100d46fe90f,,41000,b41e65206091d5531fe2ce6a7fb372da6058594833dac842782f530bbef00f33,BC-20199,BCV5-0200,beauty-care-shampoo-arroz,RESERVED_IMPORT_RANGE,GENERATED_CANONICAL_SOURCE_CODE,DETERMINISTIC_CANONICAL_SLUG,DETERMINISTIC_SOURCE_UUID,READY_CREATE
CATV1-P051-R3L,POLICY_APPROVED,47673ad6-9aed-10ed-ba56-42e6b66b54a0,BEAUTY_CARE,SHAMPOO MIX DE FRUTAS,ef713ca9-a46b-46b6-90ea-c100d46fe90f,,41000,51bffc648863e3737d78b8d35c1def0f9508cfa74b4c15e0d0eca5aced6bd312,BC-20200,BCV5-0201,beauty-care-shampoo-mix-de-frutas,RESERVED_IMPORT_RANGE,GENERATED_CANONICAL_SOURCE_CODE,DETERMINISTIC_CANONICAL_SLUG,DETERMINISTIC_SOURCE_UUID,READY_CREATE
CATV1-P051-R3R,POLICY_APPROVED,a86805b3-b706-15cf-7a1a-5661267d5b11,BEAUTY_CARE,ACONDI ARROZ,ef713ca9-a46b-46b6-90ea-c100d46fe90f,,39000,199406fe74cabc0a84cb03a00a8120f5d966509a05504615d5952fa7930cfda7,BC-20201,BCV5-0202,beauty-care-acondi-arroz,RESERVED_IMPORT_RANGE,GENERATED_CANONICAL_SOURCE_CODE,DETERMINISTIC_CANONICAL_SLUG,DETERMINISTIC_SOURCE_UUID,READY_CREATE
CATV1-P052-R1L,POLICY_APPROVED,7aea4f0d-f26a-a76a-4831-617aa1b4fd16,BEAUTY_CARE,ACONDI JARABE DE,ef713ca9-a46b-46b6-90ea-c100d46fe90f,,39000,fe69269e45deb62f29240d33d9b05be28739e7678088ce28b228d1a98138ec3f,BC-20202,BCV5-0203,beauty-care-acondi-jarabe-de,RESERVED_IMPORT_RANGE,GENERATED_CANONICAL_SOURCE_CODE,DETERMINISTIC_CANONICAL_SLUG,DETERMINISTIC_SOURCE_UUID,READY_CREATE
CATV1-P052-R1R,POLICY_APPROVED,9730f571-af75-0092-cf5a-6f23930c1d30,BEAUTY_CARE,MANGO ACONDI ALGODÓN Y COCO,ef713ca9-a46b-46b6-90ea-c100d46fe90f,,39000,6d2e6b49fcbbe1a0f5b1ec368a802b4838a88b2bba856bb6b51b4da6f4a33db4,BC-20203,BCV5-0204,beauty-care-mango-acondi-algodon-y-coco,RESERVED_IMPORT_RANGE,GENERATED_CANONICAL_SOURCE_CODE,DETERMINISTIC_CANONICAL_SLUG,DETERMINISTIC_SOURCE_UUID,READY_CREATE
CATV1-P052-R2L,POLICY_APPROVED,98310947-28b4-30e5-0d21-f490d40e1cf1,BEAUTY_CARE,ACONDI EXTRATO GENGIBRE,ef713ca9-a46b-46b6-90ea-c100d46fe90f,,39000,3360cf735e594b7e6611cafe264dbdba7a7a49cfedcc4cb8b33c02ba16b92b9b,BC-20204,BCV5-0205,beauty-care-acondi-extrato-gengibre,RESERVED_IMPORT_RANGE,GENERATED_CANONICAL_SOURCE_CODE,DETERMINISTIC_CANONICAL_SLUG,DETERMINISTIC_SOURCE_UUID,READY_CREATE
CATV1-P052-R2R,POLICY_APPROVED,f0e23ce3-b4eb-a376-3208-d584f891b1db,BEAUTY_CARE,DESENREDANTE CON Y SIN GLITTER,ef713ca9-a46b-46b6-90ea-c100d46fe90f,,46000,ff421cb068b8d8050881b9336dda2e46c469bb081bc75f58182ff793f1b09ed1,BC-20205,BCV5-0206,beauty-care-desenredante-con-y-sin-glitter,RESERVED_IMPORT_RANGE,GENERATED_CANONICAL_SOURCE_CODE,DETERMINISTIC_CANONICAL_SLUG,DETERMINISTIC_SOURCE_UUID,READY_CREATE
CATV1-P052-R3L,POLICY_APPROVED,3709f78e-abb3-155d-8859-e909adb018f5,BEAUTY_CARE,ACEITE DE PUNTAS UCHUVA,ef713ca9-a46b-46b6-90ea-c100d46fe90f,,36000,128f0abc6b222c2e620680c6970d1efa9f08fe9db5e06b6931c17e694b201637,BC-20206,BCV5-0207,beauty-care-aceite-de-puntas-uchuva,RESERVED_IMPORT_RANGE,GENERATED_CANONICAL_SOURCE_CODE,DETERMINISTIC_CANONICAL_SLUG,DETERMINISTIC_SOURCE_UUID,READY_CREATE
CATV1-P052-R3R,POLICY_APPROVED,4b8d2b30-8625-3379-91e6-461ad95b1b18,BEAUTY_CARE,FRIZZ CREMA EMERGENCIA,ef713ca9-a46b-46b6-90ea-c100d46fe90f,,31000,f0d2c01c109354119be4350c1ab580d26571ca23d98a6f05f25dc27669fc54fb,BC-20207,BCV5-0208,beauty-care-frizz-crema-emergencia,RESERVED_IMPORT_RANGE,GENERATED_CANONICAL_SOURCE_CODE,DETERMINISTIC_CANONICAL_SLUG,DETERMINISTIC_SOURCE_UUID,READY_CREATE
CATV1-P053-R1L,POLICY_APPROVED,370f442d-617d-ee79-ed4a-f843fc6b836c,BEAUTY_CARE,TRATAMIENTO PROTEINA DE ARROZ,ef713ca9-a46b-46b6-90ea-c100d46fe90f,,41000,1c05620dea70eb48a3810daadaaed1908359625e5482f759ba21655c8247c59a,BC-20208,BCV5-0209,beauty-care-tratamiento-proteina-de-arroz,RESERVED_IMPORT_RANGE,GENERATED_CANONICAL_SOURCE_CODE,DETERMINISTIC_CANONICAL_SLUG,DETERMINISTIC_SOURCE_UUID,READY_CREATE
CATV1-P053-R1R,POLICY_APPROVED,f6025984-812c-ef05-a09a-bdc30618c203,BEAUTY_CARE,TRATAMIENTO COCTEL DE FRUTAS,ef713ca9-a46b-46b6-90ea-c100d46fe90f,,41000,929dac730b478397bedc4e61bfe4c983e1b07d60b18be4de982a2271a79e5623,BC-20209,BCV5-0210,beauty-care-tratamiento-coctel-de-frutas,RESERVED_IMPORT_RANGE,GENERATED_CANONICAL_SOURCE_CODE,DETERMINISTIC_CANONICAL_SLUG,DETERMINISTIC_SOURCE_UUID,READY_CREATE
CATV1-P053-R2L,POLICY_APPROVED,fa2b6e9c-b595-5731-cb0c-c0f335eec4d4,BEAUTY_CARE,TRATAMIENTO PULPA COCO,ef713ca9-a46b-46b6-90ea-c100d46fe90f,,41000,9ca26ac589dcb07a91722c3c41013a0ba34924f646195dc1c998686c7f53b1f1,BC-20210,BCV5-0211,beauty-care-tratamiento-pulpa-coco,RESERVED_IMPORT_RANGE,GENERATED_CANONICAL_SOURCE_CODE,DETERMINISTIC_CANONICAL_SLUG,DETERMINISTIC_SOURCE_UUID,READY_CREATE
CATV1-P053-R2R,POLICY_APPROVED,510beaae-3729-fbc2-df0d-21ddbe3cf2b5,BEAUTY_CARE,TRATAMIENTO PULPA DE CAFE,ef713ca9-a46b-46b6-90ea-c100d46fe90f,,41000,a9e4fa73eddccb3ff335ca66bae4388e3990125db924b324ff226249ce21b05d,BC-20211,BCV5-0212,beauty-care-tratamiento-pulpa-de-cafe,RESERVED_IMPORT_RANGE,GENERATED_CANONICAL_SOURCE_CODE,DETERMINISTIC_CANONICAL_SLUG,DETERMINISTIC_SOURCE_UUID,READY_CREATE
CATV1-P053-R3L,POLICY_APPROVED,e5a75104-3927-ca2e-e095-aad1f880d4ff,BEAUTY_CARE,EXFOLIANTE CAPILAR PAPAYA,ef713ca9-a46b-46b6-90ea-c100d46fe90f,,41000,51a5a34eb7240cfe1762d3e55ad5f6083ff2f38c8c91bbf068be56218bd65d07,BC-20212,BCV5-0213,beauty-care-exfoliante-capilar-papaya,RESERVED_IMPORT_RANGE,GENERATED_CANONICAL_SOURCE_CODE,DETERMINISTIC_CANONICAL_SLUG,DETERMINISTIC_SOURCE_UUID,READY_CREATE
CATV1-P053-R3R,POLICY_APPROVED,b1fb0a82-cbf1-1386-de3a-12f807567d3f,BEAUTY_CARE,TONICO AGUITA DE ARROZ,ef713ca9-a46b-46b6-90ea-c100d46fe90f,,43000,bff8d50ddd7ba87d3409bb0e915e3fe08d8b5f7edf75999d46e93167144c98f9,BC-20213,BCV5-0214,beauty-care-tonico-aguita-de-arroz,RESERVED_IMPORT_RANGE,GENERATED_CANONICAL_SOURCE_CODE,DETERMINISTIC_CANONICAL_SLUG,DETERMINISTIC_SOURCE_UUID,READY_CREATE
CATV1-P054-R1L,POLICY_APPROVED,e48404ae-ac15-19f1-a22e-ed1a6675823b,BEAUTY_CARE,PERFUME CAPILAR GALLETA MASRSHMALLOW,ef713ca9-a46b-46b6-90ea-c100d46fe90f,,27000,1aad3ea9bb2c3bae157e5f9fb68c5b8c57f65e7943597638f15b0a649da32d78,BC-20214,BCV5-0215,beauty-care-perfume-capilar-galleta-masrshmallow,RESERVED_IMPORT_RANGE,GENERATED_CANONICAL_SOURCE_CODE,DETERMINISTIC_CANONICAL_SLUG,DETERMINISTIC_SOURCE_UUID,READY_CREATE
CATV1-P054-R1R,POLICY_APPROVED,4c218877-20ad-93cf-ca67-d0f35f8c9fda,BEAUTY_CARE,PERFUME CAPILAR FLOR DE CEREZO,ef713ca9-a46b-46b6-90ea-c100d46fe90f,,27000,b9e8a77c89ef3427c0c9ed449aa3d1dd8c241e79b75e2245885daaf5e0acee49,BC-20215,BCV5-0216,beauty-care-perfume-capilar-flor-de-cerezo,RESERVED_IMPORT_RANGE,GENERATED_CANONICAL_SOURCE_CODE,DETERMINISTIC_CANONICAL_SLUG,DETERMINISTIC_SOURCE_UUID,READY_CREATE
CATV1-P054-R2L,POLICY_APPROVED,d1bb86a5-d8ae-711c-2d64-b10defe2baae,BEAUTY_CARE,PERFUME CAPILAR FLOR DE AZUCAR,ef713ca9-a46b-46b6-90ea-c100d46fe90f,,27000,37b4651260ed38f984d8286ae0b19bce8e69d137c8ab6eeabc2d5d690e6bd302,BC-20216,BCV5-0217,beauty-care-perfume-capilar-flor-de-azucar,RESERVED_IMPORT_RANGE,GENERATED_CANONICAL_SOURCE_CODE,DETERMINISTIC_CANONICAL_SLUG,DETERMINISTIC_SOURCE_UUID,READY_CREATE
CATV1-P054-R2R,POLICY_APPROVED,91c8c047-b898-1d8a-9aba-952700bf6302,BEAUTY_CARE,PERFUME CAPILAR GALLETA CHOCOLATE,ef713ca9-a46b-46b6-90ea-c100d46fe90f,,27000,8f72b5b2daf9b1f621e4db098eb26855fd962cc4b3e42df2738574bca301d1af,BC-20217,BCV5-0218,beauty-care-perfume-capilar-galleta-chocolate,RESERVED_IMPORT_RANGE,GENERATED_CANONICAL_SOURCE_CODE,DETERMINISTIC_CANONICAL_SLUG,DETERMINISTIC_SOURCE_UUID,READY_CREATE
CATV1-P054-R3L,POLICY_APPROVED,8830e854-a11e-12d5-8b5e-aa8e1ad6fe37,BEAUTY_CARE,PERFUME CAPILAR FLOR DE FUEGO,ef713ca9-a46b-46b6-90ea-c100d46fe90f,,27000,d67de1c08b2da3219dcee008cf8e9c9ec523df1b9190fe543446a2d23b27e755,BC-20218,BCV5-0219,beauty-care-perfume-capilar-flor-de-fuego,RESERVED_IMPORT_RANGE,GENERATED_CANONICAL_SOURCE_CODE,DETERMINISTIC_CANONICAL_SLUG,DETERMINISTIC_SOURCE_UUID,READY_CREATE
CATV1-P054-R3R,POLICY_APPROVED,edfbf264-951d-17fc-44e8-c0d74b034eaa,BEAUTY_CARE,PERFUME CAPILAR PISTACHO,ef713ca9-a46b-46b6-90ea-c100d46fe90f,,27000,ae8a1a9e6e271a7ff38a38d92d3d56dbfdf6b73393831bcc48911ca10b107b6a,BC-20219,BCV5-0220,beauty-care-perfume-capilar-pistacho,RESERVED_IMPORT_RANGE,GENERATED_CANONICAL_SOURCE_CODE,DETERMINISTIC_CANONICAL_SLUG,DETERMINISTIC_SOURCE_UUID,READY_CREATE
CATV1-P055-R1L,POLICY_APPROVED,e43be350-97c8-d3b8-68f0-140e5d1c6b9f,BEAUTY_CARE,PESTAÑINA ANTIFRIZZ,ef713ca9-a46b-46b6-90ea-c100d46fe90f,,29000,7019369effccbd487ec62aa1cb6205736b6594710259a0dbad7ebd1810cf041f,BC-20220,BCV5-0221,beauty-care-pestanina-antifrizz,RESERVED_IMPORT_RANGE,GENERATED_CANONICAL_SOURCE_CODE,DETERMINISTIC_CANONICAL_SLUG,DETERMINISTIC_SOURCE_UUID,READY_CREATE
CATV1-P055-R1R,POLICY_APPROVED,23a5ea19-6569-8e09-3288-2f3d5340dc7c,BEAUTY_CARE,TERMORPROTECTOR VIAJERO,ef713ca9-a46b-46b6-90ea-c100d46fe90f,,26000,4250f3552109e3924698c4b05a78f7644e8a10225262a760da73e44b7dfa2451,BC-20221,BCV5-0222,beauty-care-termorprotector-viajero,RESERVED_IMPORT_RANGE,GENERATED_CANONICAL_SOURCE_CODE,DETERMINISTIC_CANONICAL_SLUG,DETERMINISTIC_SOURCE_UUID,READY_CREATE
CATV1-P055-R2L,POLICY_APPROVED,24d72488-5b5e-84f9-b5fc-33ae95def503,BEAUTY_CARE,CERA ANTIFRIZZ OLE,ef713ca9-a46b-46b6-90ea-c100d46fe90f,,39000,1b3ebd0ed4b2c5a93ab51d49a9c826a690099899eb99a1a76158783f1bea9e59,BC-20222,BCV5-0223,beauty-care-cera-antifrizz-ole,RESERVED_IMPORT_RANGE,GENERATED_CANONICAL_SOURCE_CODE,DETERMINISTIC_CANONICAL_SLUG,DETERMINISTIC_SOURCE_UUID,READY_CREATE
CATV1-P055-R2R,POLICY_APPROVED,54ea8263-246f-888d-2fb3-bfd2b1198c90,BEAUTY_CARE,SPRAY ANTIFRIZZ,ef713ca9-a46b-46b6-90ea-c100d46fe90f,,39000,be6dcac9d165313dce374deb90ca0628af38c0fb86e5dd2e3d0ce9e6b3f62c96,BC-20223,BCV5-0224,beauty-care-spray-antifrizz,RESERVED_IMPORT_RANGE,GENERATED_CANONICAL_SOURCE_CODE,DETERMINISTIC_CANONICAL_SLUG,DETERMINISTIC_SOURCE_UUID,READY_CREATE
CATV1-P055-R3L,POLICY_APPROVED,9dc6749b-ced1-15e7-202f-39839a313984,BEAUTY_CARE,SHAMPOO SECO PROTEINA DE ARROZ,ef713ca9-a46b-46b6-90ea-c100d46fe90f,,27000,0ed8e08f24dbd62a87568b19620e8996ea06e79af1cd6141a2645c6e6f7370b1,BC-20224,BCV5-0225,beauty-care-shampoo-seco-proteina-de-arroz,RESERVED_IMPORT_RANGE,GENERATED_CANONICAL_SOURCE_CODE,DETERMINISTIC_CANONICAL_SLUG,DETERMINISTIC_SOURCE_UUID,READY_CREATE
CATV1-P055-R3R,POLICY_APPROVED,39f3727f-e2d8-3e5f-4973-7088b4588596,BEAUTY_CARE,SPLASH CORPORAL,ef713ca9-a46b-46b6-90ea-c100d46fe90f,,28000,f983893aaaf69fcf8b7a5549bb33710fe3dac291bf2c260dc8a4dfba3d5fb94b,BC-20225,BCV5-0226,beauty-care-splash-corporal-p055-r3r,RESERVED_IMPORT_RANGE,GENERATED_CANONICAL_SOURCE_CODE,DETERMINISTIC_CANONICAL_SLUG,DETERMINISTIC_SOURCE_UUID,READY_CREATE
CATV1-P056-R1L,POLICY_APPROVED,c57527ab-a0af-5abe-25ce-25be739a4fad,BEAUTY_CARE,MANTEQUILLA CORPORAL,ef713ca9-a46b-46b6-90ea-c100d46fe90f,,36000,688712b21e9341a5683d7e3c2dda3ebe4c2cba5512452befc20b64b542b6d661,BC-20226,BCV5-0227,beauty-care-mantequilla-corporal-p056-r1l,RESERVED_IMPORT_RANGE,GENERATED_CANONICAL_SOURCE_CODE,DETERMINISTIC_CANONICAL_SLUG,DETERMINISTIC_SOURCE_UUID,READY_CREATE
CATV1-P056-R1R,POLICY_APPROVED,dd527a39-afef-c357-a820-284d1512b385,BEAUTY_CARE,PERFUME SKIN GODDESS / STICK JELLY,ef713ca9-a46b-46b6-90ea-c100d46fe90f,,31000,15edda9297850c328e2b6d37331a2f0fbb58d5c4d501c82a475854291c8e8efa,BC-20227,BCV5-0228,beauty-care-perfume-skin-goddess-stick-jelly,RESERVED_IMPORT_RANGE,GENERATED_CANONICAL_SOURCE_CODE,DETERMINISTIC_CANONICAL_SLUG,DETERMINISTIC_SOURCE_UUID,READY_CREATE
CATV1-P058-R1L,POLICY_APPROVED,13b62c19-096d-8fdb-6614-f075f4e073b5,BEAUTY_CARE,SHAMPOO REPADOR,9216592a-1e1e-49df-9fb7-2a126fe9bce1,,41000,659d8aa510360404913fa67a7ef26f5bfaf9922af2872153faa790fd539f5bfe,BC-20228,BCV5-0229,beauty-care-shampoo-repador,RESERVED_IMPORT_RANGE,GENERATED_CANONICAL_SOURCE_CODE,DETERMINISTIC_CANONICAL_SLUG,DETERMINISTIC_SOURCE_UUID,READY_CREATE
CATV1-P058-R1R,POLICY_APPROVED,dc24cafa-9b82-00f7-7597-0bb3198ebd88,BEAUTY_CARE,ACONDI REPARADOR,9216592a-1e1e-49df-9fb7-2a126fe9bce1,,41000,2aa4bc321449f0589e8fe7b3ed684c0b8bb5b57118b76c74e95299a82036f058,BC-20229,BCV5-0230,beauty-care-acondi-reparador,RESERVED_IMPORT_RANGE,GENERATED_CANONICAL_SOURCE_CODE,DETERMINISTIC_CANONICAL_SLUG,DETERMINISTIC_SOURCE_UUID,READY_CREATE
CATV1-P058-R2L,POLICY_APPROVED,7ed2be5e-636c-4573-b14b-76e44914c488,BEAUTY_CARE,SHAMPOO NANOTECNOLOGIA,9216592a-1e1e-49df-9fb7-2a126fe9bce1,,45000,9400f4b4a9ade840c1997069e4a8860cc0bb8eaf33b4572d3392bf212e0aa408,BC-20230,BCV5-0231,beauty-care-shampoo-nanotecnologia,RESERVED_IMPORT_RANGE,GENERATED_CANONICAL_SOURCE_CODE,DETERMINISTIC_CANONICAL_SLUG,DETERMINISTIC_SOURCE_UUID,READY_CREATE
CATV1-P058-R2R,POLICY_APPROVED,3e5c4b45-4ee2-a188-e86f-4d74de970a78,BEAUTY_CARE,ACONDI NANOTECNOLOGIA,9216592a-1e1e-49df-9fb7-2a126fe9bce1,,45000,07551073b0ff9805afd17ff518fa04100ac37dd137e1cdc488f71cc3431d30d5,BC-20231,BCV5-0232,beauty-care-acondi-nanotecnologia,RESERVED_IMPORT_RANGE,GENERATED_CANONICAL_SOURCE_CODE,DETERMINISTIC_CANONICAL_SLUG,DETERMINISTIC_SOURCE_UUID,READY_CREATE
CATV1-P058-R3L,POLICY_APPROVED,fb31b60c-f1af-b458-8c88-3a49caedc283,BEAUTY_CARE,MOLDING 15,9216592a-1e1e-49df-9fb7-2a126fe9bce1,,41000,d39ae53cb7dd607a0433c2f995e2ff0586dc82d6d4a704dff17d47fcda288757,BC-20232,BCV5-0233,beauty-care-molding-15,RESERVED_IMPORT_RANGE,GENERATED_CANONICAL_SOURCE_CODE,DETERMINISTIC_CANONICAL_SLUG,DETERMINISTIC_SOURCE_UUID,READY_CREATE
CATV1-P058-R3R,POLICY_APPROVED,d487a513-0419-4b9b-9a6c-cea1eb5ffff5,BEAUTY_CARE,MASCARILLA SOS RECUE21,9216592a-1e1e-49df-9fb7-2a126fe9bce1,,70900,4477c482043841d4a960c56d9a499e576834139cd4d0b242dd6b372de9b0b18c,BC-20233,BCV5-0234,beauty-care-mascarilla-sos-recue21,RESERVED_IMPORT_RANGE,GENERATED_CANONICAL_SOURCE_CODE,DETERMINISTIC_CANONICAL_SLUG,DETERMINISTIC_SOURCE_UUID,READY_CREATE
CATV1-P060-R1L,POLICY_APPROVED,4d43c4cd-ffa9-9efc-5791-fa5603b4e912,BEAUTY_CARE,SH TRADICIONAL,97dfff9f-d633-42b5-b01b-b5cf608440cf,,36000,d3f73b229ea46d5840e2ebf598ad245eb4c538d4d4c95c054c4b6e24de3bf120,BC-20234,BCV5-0235,beauty-care-sh-tradicional,RESERVED_IMPORT_RANGE,GENERATED_CANONICAL_SOURCE_CODE,DETERMINISTIC_CANONICAL_SLUG,DETERMINISTIC_SOURCE_UUID,READY_CREATE
CATV1-P060-R1R,POLICY_APPROVED,c58669cf-501f-f941-80d3-f97d52602b2e,BEAUTY_CARE,INSTANTANEO,97dfff9f-d633-42b5-b01b-b5cf608440cf,,31000,535b3309a601b53f61b6f5e9eb2a24f194ba9d7094a1d048de7565cc91640c9e,BC-20235,BCV5-0236,beauty-care-instantaneo,RESERVED_IMPORT_RANGE,GENERATED_CANONICAL_SOURCE_CODE,DETERMINISTIC_CANONICAL_SLUG,DETERMINISTIC_SOURCE_UUID,READY_CREATE
CATV1-P060-R2L,POLICY_APPROVED,180a605f-d590-91c5-a1af-c11e84338425,BEAUTY_CARE,TERMO PROTECTOR,97dfff9f-d633-42b5-b01b-b5cf608440cf,,36000,91d0069634cb7bc035996c362cccd100af44a2aad3c49e614f03e16bc7b56b12,BC-20236,BCV5-0237,beauty-care-termo-protector,RESERVED_IMPORT_RANGE,GENERATED_CANONICAL_SOURCE_CODE,DETERMINISTIC_CANONICAL_SLUG,DETERMINISTIC_SOURCE_UUID,READY_CREATE
CATV1-P060-R2R,POLICY_APPROVED,025b0e3c-7fcb-77be-f70b-ddeaf0d86dc7,BEAUTY_CARE,TERMOPROTECTOR,97dfff9f-d633-42b5-b01b-b5cf608440cf,,31000,f197a7af94477a8dfce0abcee9af978a0e23911f98bd0b3605a34511fee11da5,BC-20237,BCV5-0238,beauty-care-termoprotector,RESERVED_IMPORT_RANGE,GENERATED_CANONICAL_SOURCE_CODE,DETERMINISTIC_CANONICAL_SLUG,DETERMINISTIC_SOURCE_UUID,READY_CREATE
CATV1-P060-R3L,POLICY_APPROVED,94e0f3a5-15a3-4e75-58e5-fd1cddbfab75,BEAUTY_CARE,RASY OE,97dfff9f-d633-42b5-b01b-b5cf608440cf,,36000,4e6f57a1f0918c196364e955cfc87e1544c0a6c855d299576cc5d17be2074edc,BC-20238,BCV5-0239,beauty-care-rasy-oe,RESERVED_IMPORT_RANGE,GENERATED_CANONICAL_SOURCE_CODE,DETERMINISTIC_CANONICAL_SLUG,DETERMINISTIC_SOURCE_UUID,READY_CREATE
CATV1-P060-R3R,POLICY_APPROVED,f9740e34-7434-4774-96b9-2f9b1c858f87,BEAUTY_CARE,TERMO RIZOS ONDAS,97dfff9f-d633-42b5-b01b-b5cf608440cf,,36000,09b9b4c4ef50b6b4815e6e37647ae65a3c5649952ae4cae7af4f7cbe56845a82,BC-20239,BCV5-0240,beauty-care-termo-rizos-ondas,RESERVED_IMPORT_RANGE,GENERATED_CANONICAL_SOURCE_CODE,DETERMINISTIC_CANONICAL_SLUG,DETERMINISTIC_SOURCE_UUID,READY_CREATE
CATV1-P061-R1L,POLICY_APPROVED,586d42f0-a291-0b1b-4c18-c089899bac38,BEAUTY_CARE,MASCARILLA NUTRITIVA,97dfff9f-d633-42b5-b01b-b5cf608440cf,,36000,1f8773ade9e5734ecd2b350b0f93c763d3f4e3d65a5c1dc041669d18579b476b,BC-20240,BCV5-0241,beauty-care-mascarilla-nutritiva-p061-r1l,RESERVED_IMPORT_RANGE,GENERATED_CANONICAL_SOURCE_CODE,DETERMINISTIC_CANONICAL_SLUG,DETERMINISTIC_SOURCE_UUID,READY_CREATE
CATV1-P061-R1R,POLICY_APPROVED,0f558602-c59c-9c7d-1c17-9971bf8f69fb,BEAUTY_CARE,DEFINIDOR DE RIZOS,97dfff9f-d633-42b5-b01b-b5cf608440cf,,43000,bb4b922b4870d0b98ed8316ca35bf89d9be923a084e9ebe2cb2a441ef6bb9514,BC-20241,BCV5-0242,beauty-care-definidor-de-rizos,RESERVED_IMPORT_RANGE,GENERATED_CANONICAL_SOURCE_CODE,DETERMINISTIC_CANONICAL_SLUG,DETERMINISTIC_SOURCE_UUID,READY_CREATE
CATV1-P061-R2L,POLICY_APPROVED,4d1fde0f-f134-7d8d-5ded-ad411bb8ae11,BEAUTY_CARE,CO WASH,97dfff9f-d633-42b5-b01b-b5cf608440cf,,36000,2d4e694bfa5c1dfc73dd676656557444e33ef9200cea0160de32c2cb63b4ed1e,BC-20242,BCV5-0243,beauty-care-co-wash,RESERVED_IMPORT_RANGE,GENERATED_CANONICAL_SOURCE_CODE,DETERMINISTIC_CANONICAL_SLUG,DETERMINISTIC_SOURCE_UUID,READY_CREATE
CATV1-P061-R2R,POLICY_APPROVED,221f4440-2502-dcb6-a27c-954e812eab2b,BEAUTY_CARE,AGUA DE COCO,97dfff9f-d633-42b5-b01b-b5cf608440cf,,29000,9616e9467315bc29e112f9f186b9c2a94f72bdbc291c67a01d33282772753060,BC-20243,BCV5-0244,beauty-care-agua-de-coco,RESERVED_IMPORT_RANGE,GENERATED_CANONICAL_SOURCE_CODE,DETERMINISTIC_CANONICAL_SLUG,DETERMINISTIC_SOURCE_UUID,READY_CREATE
CATV1-P061-R3L,POLICY_APPROVED,801bdea9-77e8-31b6-23d4-1ba75015bd31,BEAUTY_CARE,MASCARILLA 7 OLEOS,97dfff9f-d633-42b5-b01b-b5cf608440cf,,56000,09080d0dd42c0ef82bce337a7ba0cc85d0f678701f60433238427624e433e9d5,BC-20244,BCV5-0245,beauty-care-mascarilla-7-oleos,RESERVED_IMPORT_RANGE,GENERATED_CANONICAL_SOURCE_CODE,DETERMINISTIC_CANONICAL_SLUG,DETERMINISTIC_SOURCE_UUID,READY_CREATE
CATV1-P061-R3R,POLICY_APPROVED,91831903-aad9-62d2-f470-08c94f1c2366,BEAUTY_CARE,MASCARILLA WOW,97dfff9f-d633-42b5-b01b-b5cf608440cf,,93000,3f3d352fc4efe7ed660610b818ede32595addee4079d7dee838390586a80fb26,BC-20245,BCV5-0246,beauty-care-mascarilla-wow,RESERVED_IMPORT_RANGE,GENERATED_CANONICAL_SOURCE_CODE,DETERMINISTIC_CANONICAL_SLUG,DETERMINISTIC_SOURCE_UUID,READY_CREATE
CATV1-P062-R1L,POLICY_APPROVED,cba4c1dc-ab40-7b3a-4908-84a1ee0c9594,BEAUTY_CARE,SH REGENERADOR,97dfff9f-d633-42b5-b01b-b5cf608440cf,,36000,21c375ad0e25233c672e3c9da0dded8e58d4e7ee313f4e9cb46fbd42fa593ae8,BC-20246,BCV5-0247,beauty-care-sh-regenerador,RESERVED_IMPORT_RANGE,GENERATED_CANONICAL_SOURCE_CODE,DETERMINISTIC_CANONICAL_SLUG,DETERMINISTIC_SOURCE_UUID,READY_CREATE
CATV1-P062-R1R,POLICY_APPROVED,d3f95d2a-55ed-9a28-6833-1c9ce0b8f283,BEAUTY_CARE,ACONDI REGENERADOR,97dfff9f-d633-42b5-b01b-b5cf608440cf,,36000,30e6e6aedc0f53772c880b96bd23569db4ca12c07e9aad30465909ba1a25b48e,BC-20247,BCV5-0248,beauty-care-acondi-regenerador,RESERVED_IMPORT_RANGE,GENERATED_CANONICAL_SOURCE_CODE,DETERMINISTIC_CANONICAL_SLUG,DETERMINISTIC_SOURCE_UUID,READY_CREATE
CATV1-P062-R2L,POLICY_APPROVED,8baf4a87-7975-b387-e97a-8aa7af2cad8e,BEAUTY_CARE,SH NUTRITIVO KIDS,97dfff9f-d633-42b5-b01b-b5cf608440cf,,36000,b14bb099d0225eb3a2c9ff8252bf4c4c7fb2ea01cbe01c64a6e6cf74afe1bb26,BC-20248,BCV5-0249,beauty-care-sh-nutritivo-kids,RESERVED_IMPORT_RANGE,GENERATED_CANONICAL_SOURCE_CODE,DETERMINISTIC_CANONICAL_SLUG,DETERMINISTIC_SOURCE_UUID,READY_CREATE
CATV1-P062-R2R,POLICY_APPROVED,fe8e3dd9-6fbc-fa54-42ca-bb84ccac35fa,BEAUTY_CARE,ACONDI KIDS,97dfff9f-d633-42b5-b01b-b5cf608440cf,,36000,dfe1202c0a77da40db052c637331d1e7ba9f9d9d3bbeab59d4ecbd67bfb0d32d,BC-20249,BCV5-0250,beauty-care-acondi-kids,RESERVED_IMPORT_RANGE,GENERATED_CANONICAL_SOURCE_CODE,DETERMINISTIC_CANONICAL_SLUG,DETERMINISTIC_SOURCE_UUID,READY_CREATE
CATV1-P062-R3L,POLICY_APPROVED,7a0e0396-2e01-4d0a-b298-e2cafaf8ebbc,BEAUTY_CARE,CREMA DE PEINAR,97dfff9f-d633-42b5-b01b-b5cf608440cf,,36000,3d374ec5f2ba1a692f7bffd7a3b7220e8788888fb765ca8b65acb84a7c61a6be,BC-20250,BCV5-0251,beauty-care-crema-de-peinar-p062-r3l,RESERVED_IMPORT_RANGE,GENERATED_CANONICAL_SOURCE_CODE,DETERMINISTIC_CANONICAL_SLUG,DETERMINISTIC_SOURCE_UUID,READY_CREATE
CATV1-P062-R3R,POLICY_APPROVED,41cd635d-3e33-3144-25f0-05e1633fb623,BEAUTY_CARE,DESENREDANTE KIDS KIDS,97dfff9f-d633-42b5-b01b-b5cf608440cf,,25000,813d9771a0b9a12254fcdfe75844eb6d358870999d8abad8d2b55c192cd4c588,BC-20251,BCV5-0252,beauty-care-desenredante-kids-kids,RESERVED_IMPORT_RANGE,GENERATED_CANONICAL_SOURCE_CODE,DETERMINISTIC_CANONICAL_SLUG,DETERMINISTIC_SOURCE_UUID,READY_CREATE
CATV1-P063-R1L,POLICY_APPROVED,c88fe372-b2af-79f1-77e2-22f7b05b8b9d,BEAUTY_CARE,SH KIDS RIZOS,97dfff9f-d633-42b5-b01b-b5cf608440cf,,41000,26fa6ade154feddf4d1d888b2f991487dc0173c8c25dbdbb3cc557f4d296ccd2,BC-20252,BCV5-0253,beauty-care-sh-kids-rizos,RESERVED_IMPORT_RANGE,GENERATED_CANONICAL_SOURCE_CODE,DETERMINISTIC_CANONICAL_SLUG,DETERMINISTIC_SOURCE_UUID,READY_CREATE
CATV1-P063-R1R,POLICY_APPROVED,932b09a0-a841-46a9-09ca-41f89c195c0e,BEAUTY_CARE,ACONDI KIDS RIZOS,97dfff9f-d633-42b5-b01b-b5cf608440cf,,41000,3c4bb13b4bd5bb18f18a405cf663dd23f37832f1875f9f8a8d0003493302bd37,BC-20253,BCV5-0254,beauty-care-acondi-kids-rizos,RESERVED_IMPORT_RANGE,GENERATED_CANONICAL_SOURCE_CODE,DETERMINISTIC_CANONICAL_SLUG,DETERMINISTIC_SOURCE_UUID,READY_CREATE
CATV1-P063-R2L,POLICY_APPROVED,dc32d95c-197d-a223-d27b-8866951b742c,BEAUTY_CARE,CREMA RIZOS KIDS,97dfff9f-d633-42b5-b01b-b5cf608440cf,,41000,8e8fd014ac05653140ea0d2bc7ef5bc3cf66d4717dc6625fadf21ffbbf449a8f,BC-20254,BCV5-0255,beauty-care-crema-rizos-kids,RESERVED_IMPORT_RANGE,GENERATED_CANONICAL_SOURCE_CODE,DETERMINISTIC_CANONICAL_SLUG,DETERMINISTIC_SOURCE_UUID,READY_CREATE
CATV1-P063-R2R,POLICY_APPROVED,97d03049-1b5b-2231-a104-5fa6fc0a2597,BEAUTY_CARE,GELATINA RIZOS,97dfff9f-d633-42b5-b01b-b5cf608440cf,,49000,21a99b2ce97d66c0980e2ef61166a5fec748c13ca33c0f3e3a641f02b1063230,BC-20255,BCV5-0256,beauty-care-gelatina-rizos,RESERVED_IMPORT_RANGE,GENERATED_CANONICAL_SOURCE_CODE,DETERMINISTIC_CANONICAL_SLUG,DETERMINISTIC_SOURCE_UUID,READY_CREATE
CATV1-P064-R1L,POLICY_APPROVED,7e5a04ba-64f6-03c4-5f0c-b85b0f208140,BEAUTY_CARE,LINEA KIDS 250 ML,97dfff9f-d633-42b5-b01b-b5cf608440cf,,27000,eaf46ee71330d9716148669545d2d33e9aa5ee4f8897f9d889ed9d91aa33eb75,BC-20256,BCV5-0257,beauty-care-linea-kids-250-ml,RESERVED_IMPORT_RANGE,GENERATED_CANONICAL_SOURCE_CODE,DETERMINISTIC_CANONICAL_SLUG,DETERMINISTIC_SOURCE_UUID,READY_CREATE
CATV1-P064-R1R,POLICY_APPROVED,58944e3d-9fe1-5d02-1dd2-bd0d7e4c29cc,BEAUTY_CARE,LINEA KIDS RIZOS 250,97dfff9f-d633-42b5-b01b-b5cf608440cf,,27000,5bd0da6e879fa05c23d62cbebb27245a4e8358893cfe9e086b29c55ec8b72962,BC-20257,BCV5-0258,beauty-care-linea-kids-rizos-250,RESERVED_IMPORT_RANGE,GENERATED_CANONICAL_SOURCE_CODE,DETERMINISTIC_CANONICAL_SLUG,DETERMINISTIC_SOURCE_UUID,READY_CREATE
CATV1-P066-R1L,POLICY_APPROVED,4b36fbfe-7b4e-79d8-42d8-e73ee7d0747c,BEAUTY_CARE,SHAMPOO DUO,238d2ca7-8671-467e-8d83-880bf9495def,,89000,58f3289d1f167f1c5cc270d484dea6591abf0ed12bb6bcdef6251229ebbe0f46,BC-20258,BCV5-0259,beauty-care-shampoo-duo,RESERVED_IMPORT_RANGE,GENERATED_CANONICAL_SOURCE_CODE,DETERMINISTIC_CANONICAL_SLUG,DETERMINISTIC_SOURCE_UUID,READY_CREATE
CATV1-P066-R1R,POLICY_APPROVED,3dfa7f13-ebfd-44c9-6f29-340114bf9328,BEAUTY_CARE,PERFUMES,238d2ca7-8671-467e-8d83-880bf9495def,,39000,7a3f2b0fbe857415350e12f4e9a11071e55923d4faa7d468d980b91a46d083c9,BC-20259,BCV5-0260,beauty-care-perfumes,RESERVED_IMPORT_RANGE,GENERATED_CANONICAL_SOURCE_CODE,DETERMINISTIC_CANONICAL_SLUG,DETERMINISTIC_SOURCE_UUID,READY_CREATE
CATV1-P066-R2L,POLICY_APPROVED,ff1b14e0-be63-68f4-1c37-6e0c4221e1ef,BEAUTY_CARE,MASCARILLA CAPILAR,238d2ca7-8671-467e-8d83-880bf9495def,,56000,cbb7143801f887bf07b3c5d6d78b18204074b8232ff83fba20ac89a84903378b,BC-20260,BCV5-0261,beauty-care-mascarilla-capilar,RESERVED_IMPORT_RANGE,GENERATED_CANONICAL_SOURCE_CODE,DETERMINISTIC_CANONICAL_SLUG,DETERMINISTIC_SOURCE_UUID,READY_CREATE
CATV1-P066-R2R,POLICY_APPROVED,c91cbe67-10f3-82f9-dd67-192ec0afbaf1,BEAUTY_CARE,SHAMPOO FOR MEN,238d2ca7-8671-467e-8d83-880bf9495def,,51000,9a7c89b6824d33a40921ba3e2457685a817d969fcd4d8c2c888e88cd2a7f203b,BC-20261,BCV5-0262,beauty-care-shampoo-for-men,RESERVED_IMPORT_RANGE,GENERATED_CANONICAL_SOURCE_CODE,DETERMINISTIC_CANONICAL_SLUG,DETERMINISTIC_SOURCE_UUID,READY_CREATE
CATV1-P066-R3L,POLICY_APPROVED,d87c18af-cd51-1d5c-133a-54c2d2399b48,BEAUTY_CARE,TONICO CAPILAR,238d2ca7-8671-467e-8d83-880bf9495def,,50000,e3e2278729c62f6b258825512baf9505ec1a7dfffd444bef08f565e7119e74f4,BC-20262,BCV5-0263,beauty-care-tonico-capilar,RESERVED_IMPORT_RANGE,GENERATED_CANONICAL_SOURCE_CODE,DETERMINISTIC_CANONICAL_SLUG,DETERMINISTIC_SOURCE_UUID,READY_CREATE
CATV1-P068-R1L,POLICY_APPROVED,77406c65-75e8-53b0-642c-54eb80e2e28c,BEAUTY_CARE,MASCARILLA KARSELL X500ML,2a4ff9aa-bf11-4226-819c-90f7f51c2072,,96000,51520f7b86ac588724067781a2a6ecb96fdc770067efd96687948b36e1ec3196,BC-20263,BCV5-0264,beauty-care-mascarilla-karsell-x500ml,RESERVED_IMPORT_RANGE,GENERATED_CANONICAL_SOURCE_CODE,DETERMINISTIC_CANONICAL_SLUG,DETERMINISTIC_SOURCE_UUID,READY_CREATE
CATV1-P068-R1R,POLICY_APPROVED,23681dc6-66e2-cddc-2778-ea36dea2f513,BEAUTY_CARE,ACEITE REPARADOR X50ML,2a4ff9aa-bf11-4226-819c-90f7f51c2072,,81000,454eae03fd3e74089fe6b92e68f60c17fbcda1e34d9eed5ae3a049fb77adb8d8,BC-20264,BCV5-0265,beauty-care-aceite-reparador-x50ml,RESERVED_IMPORT_RANGE,GENERATED_CANONICAL_SOURCE_CODE,DETERMINISTIC_CANONICAL_SLUG,DETERMINISTIC_SOURCE_UUID,READY_CREATE
CATV1-P068-R2L,POLICY_APPROVED,3e4d2353-f263-b944-94d1-6e8dacfa29ab,BEAUTY_CARE,SH Y ACONDI KARSELL,2a4ff9aa-bf11-4226-819c-90f7f51c2072,,91000,b216894df35e7ffd849ca7800320f762d9dd7a7916bb25b8e425ec6a969f423c,BC-20265,BCV5-0266,beauty-care-sh-y-acondi-karsell,RESERVED_IMPORT_RANGE,GENERATED_CANONICAL_SOURCE_CODE,DETERMINISTIC_CANONICAL_SLUG,DETERMINISTIC_SOURCE_UUID,READY_CREATE
CATV1-P068-R2R,POLICY_APPROVED,5d80615e-a3ef-97a4-4b2c-6e3361e838a2,BEAUTY_CARE,MASCARILLA KARSELL SOBRE,2a4ff9aa-bf11-4226-819c-90f7f51c2072,,13000,23e60be4441e03688f8a5a796f30f23642a93f62e306bcfb0f3c817ab9242abe,BC-20266,BCV5-0267,beauty-care-mascarilla-karsell-sobre,RESERVED_IMPORT_RANGE,GENERATED_CANONICAL_SOURCE_CODE,DETERMINISTIC_CANONICAL_SLUG,DETERMINISTIC_SOURCE_UUID,READY_CREATE
CATV1-P068-R3L,POLICY_APPROVED,2277ab39-8ea6-2eb3-ab9a-e0623bc62686,BEAUTY_CARE,MASCARILLA KARSELL NUEVA,2a4ff9aa-bf11-4226-819c-90f7f51c2072,,96000,c4ed905f163bbc633d201497bb5cc10121b60fcef317702022c4d2094e7286e3,BC-20267,BCV5-0268,beauty-care-mascarilla-karsell-nueva,RESERVED_IMPORT_RANGE,GENERATED_CANONICAL_SOURCE_CODE,DETERMINISTIC_CANONICAL_SLUG,DETERMINISTIC_SOURCE_UUID,READY_CREATE
CATV1-P070-R1L,POLICY_APPROVED,72873ee2-059e-9bce-2037-2fb523261636,BEAUTY_CARE,SHAMPOO VEGANO RECAMIER,0e9b6e58-d6b5-4a8e-93f2-1c70d76d54f7,,45500,1b87f24f34ee4ae9c4fea580543863d7f7b9501b6b2d72fa3e254d24a5613062,BC-20268,BCV5-0269,beauty-care-shampoo-vegano-recamier,RESERVED_IMPORT_RANGE,GENERATED_CANONICAL_SOURCE_CODE,DETERMINISTIC_CANONICAL_SLUG,DETERMINISTIC_SOURCE_UUID,READY_CREATE
CATV1-P070-R1R,POLICY_APPROVED,984b32f0-9faa-6a39-d527-a926690ca384,BEAUTY_CARE,ACONDICIONADOR VEGANO RECAMIER,0e9b6e58-d6b5-4a8e-93f2-1c70d76d54f7,,59000,6fa4989303fcecbade6fc21d14d3617e9b6ec6783c54bb78937b994d9ba3a215,BC-20269,BCV5-0270,beauty-care-acondicionador-vegano-recamier,RESERVED_IMPORT_RANGE,GENERATED_CANONICAL_SOURCE_CODE,DETERMINISTIC_CANONICAL_SLUG,DETERMINISTIC_SOURCE_UUID,READY_CREATE
CATV1-P070-R2L,POLICY_APPROVED,8abab643-533a-ed01-7fa5-fad4b72d3082,BEAUTY_CARE,TRATAMIENTO VEGANO RECAMIER,0e9b6e58-d6b5-4a8e-93f2-1c70d76d54f7,,54000,f5c7cae9f5a91875450fb3b1e14aae97c19c0d67bf40c47c71bf2a9d87f40d86,BC-20270,BCV5-0271,beauty-care-tratamiento-vegano-recamier,RESERVED_IMPORT_RANGE,GENERATED_CANONICAL_SOURCE_CODE,DETERMINISTIC_CANONICAL_SLUG,DETERMINISTIC_SOURCE_UUID,READY_CREATE
CATV1-P070-R2R,POLICY_APPROVED,ac7d2f32-ccae-3ffe-ee88-eaaa9662eec8,BEAUTY_CARE,CREMA PEINAR VEGANA RECAMIER,0e9b6e58-d6b5-4a8e-93f2-1c70d76d54f7,,48000,7a732a4d2ab4512f3a1db052648f2a0b62c7cf1c8f66e41e0fa4a56134bafd7c,BC-20271,BCV5-0272,beauty-care-crema-peinar-vegana-recamier,RESERVED_IMPORT_RANGE,GENERATED_CANONICAL_SOURCE_CODE,DETERMINISTIC_CANONICAL_SLUG,DETERMINISTIC_SOURCE_UUID,READY_CREATE
CATV1-P070-R3L,POLICY_APPROVED,037d2ae4-9cf7-c66f-5e5c-0f307ff98f2f,BEAUTY_CARE,TERMOPTROTECTO VEGANA RECAMIER,0e9b6e58-d6b5-4a8e-93f2-1c70d76d54f7,,41000,49ad21801eabb65d541562ab3300891cf0fcef64fd7cce6c4b92d9860b834a8c,BC-20272,BCV5-0273,beauty-care-termoptrotecto-vegana-recamier,RESERVED_IMPORT_RANGE,GENERATED_CANONICAL_SOURCE_CODE,DETERMINISTIC_CANONICAL_SLUG,DETERMINISTIC_SOURCE_UUID,READY_CREATE
CATV1-P070-R3R,POLICY_APPROVED,334f3e9b-2acd-f435-5b46-4cf54030152a,BEAUTY_CARE,MASCARILLA VEGANA RECAMIER,0e9b6e58-d6b5-4a8e-93f2-1c70d76d54f7,,54000,2413e6a2ec110e5ecde9cee93d27b409fe76bcf5379f8c01316328ceabd9a15d,BC-20273,BCV5-0274,beauty-care-mascarilla-vegana-recamier,RESERVED_IMPORT_RANGE,GENERATED_CANONICAL_SOURCE_CODE,DETERMINISTIC_CANONICAL_SLUG,DETERMINISTIC_SOURCE_UUID,READY_CREATE
CATV1-P072-R1L,POLICY_APPROVED,ceda5b99-d2a7-ce1a-4c45-7977cdb03fbb,BEAUTY_CARE,SHAMPOO MINNIE,0d5fd0dc-2e4c-4e77-bb0a-879997df316d,,39000,99d993293aeaba13dae8f0ff6cc27e596fc1debf439757bd599fef54f89cdb1c,BC-20274,BCV5-0275,beauty-care-shampoo-minnie,RESERVED_IMPORT_RANGE,GENERATED_CANONICAL_SOURCE_CODE,DETERMINISTIC_CANONICAL_SLUG,DETERMINISTIC_SOURCE_UUID,READY_CREATE
CATV1-P072-R1R,POLICY_APPROVED,290e82cf-db37-1f0e-550d-81755688a6c3,BEAUTY_CARE,MASCARILLA MINNIE,0d5fd0dc-2e4c-4e77-bb0a-879997df316d,,34000,c7637201bce9eab4c4dbe37b4b4595c2c83afeae9cda4ef2515b0a70a3638f42,BC-20275,BCV5-0276,beauty-care-mascarilla-minnie,RESERVED_IMPORT_RANGE,GENERATED_CANONICAL_SOURCE_CODE,DETERMINISTIC_CANONICAL_SLUG,DETERMINISTIC_SOURCE_UUID,READY_CREATE
CATV1-P072-R2L,POLICY_APPROVED,4b1ec1a5-9c63-7c1e-0c0e-9930fc5d6f95,BEAUTY_CARE,TERMOPROTECTOR MINNIE,0d5fd0dc-2e4c-4e77-bb0a-879997df316d,,34000,1eee2d3103423c993959df3a0151806a4583f47b7803a0739f4fa810eeff563e,BC-20276,BCV5-0277,beauty-care-termoprotector-minnie,RESERVED_IMPORT_RANGE,GENERATED_CANONICAL_SOURCE_CODE,DETERMINISTIC_CANONICAL_SLUG,DETERMINISTIC_SOURCE_UUID,READY_CREATE
CATV1-P072-R2R,POLICY_APPROVED,2ff9904f-ea9d-36c9-d3b8-b29d2a44b18e,BEAUTY_CARE,TONICO CAPILAR MINNIE,0d5fd0dc-2e4c-4e77-bb0a-879997df316d,,39000,fa464225b5cf1cbe45ff644d331989fa67e322b3a5a3de52c2271a3e54cc01dd,BC-20277,BCV5-0278,beauty-care-tonico-capilar-minnie,RESERVED_IMPORT_RANGE,GENERATED_CANONICAL_SOURCE_CODE,DETERMINISTIC_CANONICAL_SLUG,DETERMINISTIC_SOURCE_UUID,READY_CREATE
CATV1-P072-R3L,POLICY_APPROVED,45accddf-0a13-2bd6-32cd-8399367c95dd,BEAUTY_CARE,FRAGANCIA,0d5fd0dc-2e4c-4e77-bb0a-879997df316d,,14000,e8c3b587f994176316bfe1468bfc83dcb557447790ccbb96f3e50972263b6049,BC-20278,BCV5-0279,beauty-care-fragancia,RESERVED_IMPORT_RANGE,GENERATED_CANONICAL_SOURCE_CODE,DETERMINISTIC_CANONICAL_SLUG,DETERMINISTIC_SOURCE_UUID,READY_CREATE
CATV1-P072-R3R,POLICY_APPROVED,ad77ee6b-7f6c-18e5-3c08-4e24edcaa126,BEAUTY_CARE,PLANCHA MINNIE,0d5fd0dc-2e4c-4e77-bb0a-879997df316d,,370900,54f2e3d465e7c79022d1239e39eec5bd9346496e6252b9207379918c135626c0,BC-20279,BCV5-0280,beauty-care-plancha-minnie,RESERVED_IMPORT_RANGE,GENERATED_CANONICAL_SOURCE_CODE,DETERMINISTIC_CANONICAL_SLUG,DETERMINISTIC_SOURCE_UUID,READY_CREATE
CATV1-P073-R1L,POLICY_APPROVED,49fc82ee-c812-7158-dee8-3e4f53661ba1,BEAUTY_CARE,SECADOR MINNIE,0d5fd0dc-2e4c-4e77-bb0a-879997df316d,,500900,fafdda17d4e9214d06049bd2c2bb5ed39f9c40be204470f74d275a37bcc4ff2d,BC-20280,BCV5-0281,beauty-care-secador-minnie,RESERVED_IMPORT_RANGE,GENERATED_CANONICAL_SOURCE_CODE,DETERMINISTIC_CANONICAL_SLUG,DETERMINISTIC_SOURCE_UUID,READY_CREATE
CATV1-P073-R1R,POLICY_APPROVED,32a30ebc-fc7f-fc87-4e68-58ddc386fa8f,BEAUTY_CARE,CEPILLO SECADOR MINNIE,0d5fd0dc-2e4c-4e77-bb0a-879997df316d,,270900,09a1e1789bb32aedffed74d50b98268aa127ff7a78dcc20294a1bbbd18095501,BC-20281,BCV5-0282,beauty-care-cepillo-secador-minnie,RESERVED_IMPORT_RANGE,GENERATED_CANONICAL_SOURCE_CODE,DETERMINISTIC_CANONICAL_SLUG,DETERMINISTIC_SOURCE_UUID,READY_CREATE
CATV1-P073-R2L,POLICY_APPROVED,ab6e9cea-af70-b487-57ef-787f890b4a07,BEAUTY_CARE,SHAMPOO PRINCESAS,0d5fd0dc-2e4c-4e77-bb0a-879997df316d,,33000,35832935da88d68e7fa6f2b36393e65c8ead0abd1d8e2dd93863bada72d51a53,BC-20282,BCV5-0283,beauty-care-shampoo-princesas,RESERVED_IMPORT_RANGE,GENERATED_CANONICAL_SOURCE_CODE,DETERMINISTIC_CANONICAL_SLUG,DETERMINISTIC_SOURCE_UUID,READY_CREATE
CATV1-P073-R2R,HUMAN_APPROVED,632222d9-3bc7-34ea-826e-5a9a280b3fdc,BEAUTY_CARE,PRINCESAS,0d5fd0dc-2e4c-4e77-bb0a-879997df316d,,33000,03a5ca7d982e6fec3d3fc52b6b46bc96cfd5df7548ff371114082290e25ed010,BC-20283,BCV5-0284,beauty-care-princesas-p073-r2r,RESERVED_IMPORT_RANGE,GENERATED_CANONICAL_SOURCE_CODE,DETERMINISTIC_CANONICAL_SLUG,DETERMINISTIC_SOURCE_UUID,READY_CREATE
CATV1-P073-R3L,HUMAN_APPROVED,fb559fa5-c1f6-5ce5-edd0-6e70b94d1595,BEAUTY_CARE,PRINCESAS,0d5fd0dc-2e4c-4e77-bb0a-879997df316d,,39000,cc387f7e227e305d192df69c89b849d546f343d8fadc01f2d10e6d752fdd0180,BC-20284,BCV5-0285,beauty-care-princesas-p073-r3l,RESERVED_IMPORT_RANGE,GENERATED_CANONICAL_SOURCE_CODE,DETERMINISTIC_CANONICAL_SLUG,DETERMINISTIC_SOURCE_UUID,READY_CREATE
CATV1-P073-R3R,HUMAN_APPROVED,7b46d726-ce67-2e83-311e-92dd49adf5d2,BEAUTY_CARE,PRINCESAS,0d5fd0dc-2e4c-4e77-bb0a-879997df316d,,34000,4f0fdd4eba30b23c7f5dbf3fce86fbbb85a69e05ff3e7b8f2d246e329eb19801,BC-20285,BCV5-0286,beauty-care-princesas-p073-r3r,RESERVED_IMPORT_RANGE,GENERATED_CANONICAL_SOURCE_CODE,DETERMINISTIC_CANONICAL_SLUG,DETERMINISTIC_SOURCE_UUID,READY_CREATE
CATV1-P074-R1L,HUMAN_APPROVED,8f92433b-bff1-3589-d4d5-c686e91d48a7,BEAUTY_CARE,PRINCESAS,0d5fd0dc-2e4c-4e77-bb0a-879997df316d,,34000,76c181428cc80c33760a1cc4d145f41de72df59e226266f2310dec00981cf7ca,BC-20286,BCV5-0287,beauty-care-princesas-p074-r1l,RESERVED_IMPORT_RANGE,GENERATED_CANONICAL_SOURCE_CODE,DETERMINISTIC_CANONICAL_SLUG,DETERMINISTIC_SOURCE_UUID,READY_CREATE
CATV1-P074-R1R,POLICY_APPROVED,84d71c17-404b-7c4a-27c7-0640880f9717,BEAUTY_CARE,SHAMPOO AIROMAN,0d5fd0dc-2e4c-4e77-bb0a-879997df316d,,33000,14ab6dc146a24c29ec3ad1aa89fc925809cf167a4596d796969179c74373c90e,BC-20287,BCV5-0288,beauty-care-shampoo-airoman,RESERVED_IMPORT_RANGE,GENERATED_CANONICAL_SOURCE_CODE,DETERMINISTIC_CANONICAL_SLUG,DETERMINISTIC_SOURCE_UUID,READY_CREATE
CATV1-P074-R2L,HUMAN_APPROVED,8cebe35b-1145-6372-55c7-28af2a0af262,BEAUTY_CARE,AIROMAN,0d5fd0dc-2e4c-4e77-bb0a-879997df316d,,34000,79a2b58e104944bfe35b9eea1f017aa0d33bd20bec62c700dd3e82fa17f3ef54,BC-20288,BCV5-0289,beauty-care-airoman,RESERVED_IMPORT_RANGE,GENERATED_CANONICAL_SOURCE_CODE,DETERMINISTIC_CANONICAL_SLUG,DETERMINISTIC_SOURCE_UUID,READY_CREATE
CATV1-P074-R2R,POLICY_APPROVED,c6683872-7f65-f036-e3a5-716f3ae32687,BEAUTY_CARE,PAÑITOS CON Y SIN AROMA,0d5fd0dc-2e4c-4e77-bb0a-879997df316d,,14000,24333bb630aa6c9cd6b8da468d857eb3349a5a66392934c313c557b0d365117d,BC-20289,BCV5-0290,beauty-care-panitos-con-y-sin-aroma,RESERVED_IMPORT_RANGE,GENERATED_CANONICAL_SOURCE_CODE,DETERMINISTIC_CANONICAL_SLUG,DETERMINISTIC_SOURCE_UUID,READY_CREATE
CATV1-P075-R1L,POLICY_APPROVED,4a0466cc-79ad-90ef-0b59-6aea4309d206,BEAUTY_CARE,SHAMPOO WOODY,0d5fd0dc-2e4c-4e77-bb0a-879997df316d,,33000,fff7c822e5bb05eabcbe59cc84c49a3d32e67f03f7d61830138ca5b75d6f7010,BC-20290,BCV5-0291,beauty-care-shampoo-woody,RESERVED_IMPORT_RANGE,GENERATED_CANONICAL_SOURCE_CODE,DETERMINISTIC_CANONICAL_SLUG,DETERMINISTIC_SOURCE_UUID,READY_CREATE
CATV1-P075-R1R,POLICY_APPROVED,041c0ff9-2a4c-d6c8-1708-bf1dbe99262e,BEAUTY_CARE,SHAMPOO JESSIE,0d5fd0dc-2e4c-4e77-bb0a-879997df316d,,33000,c82916a5930257196041b782e9033a00aba676380bbd6d81408e46feb1418802,BC-20291,BCV5-0292,beauty-care-shampoo-jessie,RESERVED_IMPORT_RANGE,GENERATED_CANONICAL_SOURCE_CODE,DETERMINISTIC_CANONICAL_SLUG,DETERMINISTIC_SOURCE_UUID,READY_CREATE
CATV1-P075-R2L,POLICY_APPROVED,0b49b686-88c3-5c1e-0b82-f787ab14e35e,BEAUTY_CARE,JABON CORPORAL,0d5fd0dc-2e4c-4e77-bb0a-879997df316d,,31000,14f5e6107ddcb7679de6718776a074c7c01495a6a921d5bf44a3a53fcb355ed1,BC-20292,BCV5-0293,beauty-care-jabon-corporal,RESERVED_IMPORT_RANGE,GENERATED_CANONICAL_SOURCE_CODE,DETERMINISTIC_CANONICAL_SLUG,DETERMINISTIC_SOURCE_UUID,READY_CREATE
CATV1-P075-R2R,POLICY_APPROVED,5f4f8200-23ce-86e5-4f4b-f111d66bad1b,BEAUTY_CARE,JABON DE MANOS CON,0d5fd0dc-2e4c-4e77-bb0a-879997df316d,,33000,1b0a5d96133614f9e1f29e38838d85ee3d574d47a84442da1f603f124a2c9e1d,BC-20293,BCV5-0294,beauty-care-jabon-de-manos-con,RESERVED_IMPORT_RANGE,GENERATED_CANONICAL_SOURCE_CODE,DETERMINISTIC_CANONICAL_SLUG,DETERMINISTIC_SOURCE_UUID,READY_CREATE
CATV1-P075-R3L,POLICY_APPROVED,88fca1f0-b126-0a31-db31-3288a4ec5fe6,BEAUTY_CARE,SHAMPOO MICELAR SONIDO,0d5fd0dc-2e4c-4e77-bb0a-879997df316d,,28000,a9c90980c63e2cdab8563086c44f942c9b0fefea7b251a545da7b7767031704f,BC-20294,BCV5-0295,beauty-care-shampoo-micelar-sonido,RESERVED_IMPORT_RANGE,GENERATED_CANONICAL_SOURCE_CODE,DETERMINISTIC_CANONICAL_SLUG,DETERMINISTIC_SOURCE_UUID,READY_CREATE
CATV1-P075-R3R,POLICY_APPROVED,17d535cf-32d9-ea2d-9ffc-57a50d101aae,BEAUTY_CARE,SHAMPOO BUZZ LIFTH,0d5fd0dc-2e4c-4e77-bb0a-879997df316d,,33000,c5e948320c7f279ae1312bbe74fd4fd3cad34e5d81d7d4a42e2cc85d39cf4dc6,BC-20295,BCV5-0296,beauty-care-shampoo-buzz-lifth,RESERVED_IMPORT_RANGE,GENERATED_CANONICAL_SOURCE_CODE,DETERMINISTIC_CANONICAL_SLUG,DETERMINISTIC_SOURCE_UUID,READY_CREATE
CATV1-P076-R1L,POLICY_APPROVED,6719638d-e14f-9310-823b-a02b01295622,BEAUTY_CARE,MASCARILLA FACIAL,0d5fd0dc-2e4c-4e77-bb0a-879997df316d,,13000,ae887e8cf7ef72c35102f3675da453f62277058acad91cb8009d86dcc7211025,BC-20296,BCV5-0297,beauty-care-mascarilla-facial,RESERVED_IMPORT_RANGE,GENERATED_CANONICAL_SOURCE_CODE,DETERMINISTIC_CANONICAL_SLUG,DETERMINISTIC_SOURCE_UUID,READY_CREATE
CATV1-P078-R1L,POLICY_APPROVED,d7d599c9-e3f8-260f-107b-8f80a073cb8c,BEAUTY_CARE,JABON FACIAL ROSAS,f0192f46-e80f-42fb-b788-3c1c8b9aa18c,,27000,a85fce1f889505efbc374be230010fbc36b8d66cc457ffd2c98ead675aac9e73,BC-20297,BCV5-0298,beauty-care-jabon-facial-rosas,RESERVED_IMPORT_RANGE,GENERATED_CANONICAL_SOURCE_CODE,DETERMINISTIC_CANONICAL_SLUG,DETERMINISTIC_SOURCE_UUID,READY_CREATE
CATV1-P078-R1R,POLICY_APPROVED,12a2c3ce-a3cd-a700-3a03-e829c00c9f04,BEAUTY_CARE,JABON FACIAL HAMAMELIS,f0192f46-e80f-42fb-b788-3c1c8b9aa18c,,27000,ba4871db49a9b49c57f3434db809b8ab970e9d4994663ad6639ff872074d28e0,BC-20298,BCV5-0299,beauty-care-jabon-facial-hamamelis,RESERVED_IMPORT_RANGE,GENERATED_CANONICAL_SOURCE_CODE,DETERMINISTIC_CANONICAL_SLUG,DETERMINISTIC_SOURCE_UUID,READY_CREATE
CATV1-P078-R2L,POLICY_APPROVED,1b717c47-9518-050d-b213-04386e616be9,BEAUTY_CARE,DESMAQUILLADOR BIFASICO,f0192f46-e80f-42fb-b788-3c1c8b9aa18c,,37000,3eddc6536c85d895e4cb841b533d3e9f1ec505967a070898ecca4e6f52b48ae2,BC-20299,BCV5-0300,beauty-care-desmaquillador-bifasico-p078-r2l,RESERVED_IMPORT_RANGE,GENERATED_CANONICAL_SOURCE_CODE,DETERMINISTIC_CANONICAL_SLUG,DETERMINISTIC_SOURCE_UUID,READY_CREATE
CATV1-P078-R2R,POLICY_APPROVED,7e70b3c5-60cf-3ba4-32c3-bd281a5afbae,BEAUTY_CARE,ESPUMA FACIAL NIACIMANIDA Y ALOE VERA,f0192f46-e80f-42fb-b788-3c1c8b9aa18c,,27000,0b64e23f85d1f9f3f6192eca60ad6881058e2211fa762d598dedb1bdc029b8ec,BC-20300,BCV5-0301,beauty-care-espuma-facial-niacimanida-y-aloe-vera,RESERVED_IMPORT_RANGE,GENERATED_CANONICAL_SOURCE_CODE,DETERMINISTIC_CANONICAL_SLUG,DETERMINISTIC_SOURCE_UUID,READY_CREATE
CATV1-P078-R3L,POLICY_APPROVED,b44d0898-e885-63bb-b909-cfcc0b5115cf,BEAUTY_CARE,ESPUMA FACIAL ROSAS,f0192f46-e80f-42fb-b788-3c1c8b9aa18c,,27000,4c6a8408e344919bf28ad965c070555faae7887a1b858e906c83f219962de2a4,BC-20301,BCV5-0302,beauty-care-espuma-facial-rosas,RESERVED_IMPORT_RANGE,GENERATED_CANONICAL_SOURCE_CODE,DETERMINISTIC_CANONICAL_SLUG,DETERMINISTIC_SOURCE_UUID,READY_CREATE
CATV1-P078-R3R,POLICY_APPROVED,f28f26d2-bd59-7f66-6b41-92288a2b91b0,BEAUTY_CARE,ESPUMA FACIAL ACIDO HIUALU. Y ALOE VERA,f0192f46-e80f-42fb-b788-3c1c8b9aa18c,,27000,84de88ebcc0dd623c1dbf8f32b21c80233a413538cd4f1f90c2c2d4ef789961d,BC-20302,BCV5-0303,beauty-care-espuma-facial-acido-hiualu-y-aloe-vera,RESERVED_IMPORT_RANGE,GENERATED_CANONICAL_SOURCE_CODE,DETERMINISTIC_CANONICAL_SLUG,DETERMINISTIC_SOURCE_UUID,READY_CREATE
CATV1-P079-R1L,POLICY_APPROVED,f0c5f995-77ab-32fc-e8fa-19c571106ef9,BEAUTY_CARE,ESPUMA FACIAL HAMAMELIS,f0192f46-e80f-42fb-b788-3c1c8b9aa18c,,27000,12aa78fdd90f0823dba793cd54901428d2308950d2abc529a25442fc1a2b20cd,BC-20303,BCV5-0304,beauty-care-espuma-facial-hamamelis,RESERVED_IMPORT_RANGE,GENERATED_CANONICAL_SOURCE_CODE,DETERMINISTIC_CANONICAL_SLUG,DETERMINISTIC_SOURCE_UUID,READY_CREATE
CATV1-P079-R1R,POLICY_APPROVED,671ec600-883c-a12e-d763-8ff9edb20a21,BEAUTY_CARE,AGUA MICELAR,f0192f46-e80f-42fb-b788-3c1c8b9aa18c,,25000,020c2ae7b85ba3e69c195b6bb4b37316be5f13c7aa76417954fe7962a592158d,BC-20304,BCV5-0305,beauty-care-agua-micelar-p079-r1r,RESERVED_IMPORT_RANGE,GENERATED_CANONICAL_SOURCE_CODE,DETERMINISTIC_CANONICAL_SLUG,DETERMINISTIC_SOURCE_UUID,READY_CREATE
CATV1-P079-R2L,POLICY_APPROVED,81029079-2282-de92-6df5-ce79d6a1a4a9,BEAUTY_CARE,"ACEITE CORPORAL COCO,ALMENDRA,NARANJA",f0192f46-e80f-42fb-b788-3c1c8b9aa18c,,25000,8cc975d31738b6b3415302bb9aa790f45874ec8e78e3304bb38814f0c4dd0e6f,BC-20305,BCV5-0306,beauty-care-aceite-corporal-coco-almendra-naranja,RESERVED_IMPORT_RANGE,GENERATED_CANONICAL_SOURCE_CODE,DETERMINISTIC_CANONICAL_SLUG,DETERMINISTIC_SOURCE_UUID,READY_CREATE
CATV1-P079-R2R,POLICY_APPROVED,59715d4a-b0ec-ab7b-9642-3546c8f75c0e,BEAUTY_CARE,EXFOLIANTE FACIAL ROSAS Y AGUACATE,f0192f46-e80f-42fb-b788-3c1c8b9aa18c,,27000,9d6b179147ecd306e7c5f0bc602bf1447b2e7c4fb055144ac05c36e252c3c92d,BC-20306,BCV5-0307,beauty-care-exfoliante-facial-rosas-y-aguacate,RESERVED_IMPORT_RANGE,GENERATED_CANONICAL_SOURCE_CODE,DETERMINISTIC_CANONICAL_SLUG,DETERMINISTIC_SOURCE_UUID,READY_CREATE
CATV1-P079-R3L,POLICY_APPROVED,d3c87040-a354-b2ce-b710-5b36c0925246,BEAUTY_CARE,TONICO FACIAL 110ML ROSAS Y ALOE VERA,f0192f46-e80f-42fb-b788-3c1c8b9aa18c,,13000,3e565cebe899de808f1dfabb62381fa819194e494735b247b3f331559eaf267a,BC-20307,BCV5-0308,beauty-care-tonico-facial-110ml-rosas-y-aloe-vera,RESERVED_IMPORT_RANGE,GENERATED_CANONICAL_SOURCE_CODE,DETERMINISTIC_CANONICAL_SLUG,DETERMINISTIC_SOURCE_UUID,READY_CREATE
CATV1-P079-R3R,POLICY_APPROVED,387e26a0-aa52-367d-398a-c1cf70f03385,BEAUTY_CARE,TONICO FACIAL 250ML ROSAS Y ALOE VERA,f0192f46-e80f-42fb-b788-3c1c8b9aa18c,,15000,54bd32e8cdf5d29a88c358ade411ad993e4814cfb314e6c78e5661c85dbaaaf8,BC-20308,BCV5-0309,beauty-care-tonico-facial-250ml-rosas-y-aloe-vera,RESERVED_IMPORT_RANGE,GENERATED_CANONICAL_SOURCE_CODE,DETERMINISTIC_CANONICAL_SLUG,DETERMINISTIC_SOURCE_UUID,READY_CREATE
CATV1-P080-R1L,POLICY_APPROVED,0d9bf921-8afa-de99-9981-ff775f84b788,BEAUTY_CARE,SUERO FACIAL,f0192f46-e80f-42fb-b788-3c1c8b9aa18c,,39000,90082a5f99dd1e9786c3adb14ca293509b556194b478814e29f13c005f54c03e,BC-20309,BCV5-0310,beauty-care-suero-facial,RESERVED_IMPORT_RANGE,GENERATED_CANONICAL_SOURCE_CODE,DETERMINISTIC_CANONICAL_SLUG,DETERMINISTIC_SOURCE_UUID,READY_CREATE
CATV1-P080-R1R,POLICY_APPROVED,96315803-2f1f-ed1f-c932-d9aad1421633,BEAUTY_CARE,CHISPITAS,f0192f46-e80f-42fb-b788-3c1c8b9aa18c,,27000,f611b75d290126ad02ec9e9f48cc7619c94e713721009879466d85b36ca650f0,BC-20310,BCV5-0311,beauty-care-chispitas,RESERVED_IMPORT_RANGE,GENERATED_CANONICAL_SOURCE_CODE,DETERMINISTIC_CANONICAL_SLUG,DETERMINISTIC_SOURCE_UUID,READY_CREATE
CATV1-P080-R2L,HUMAN_APPROVED,78a188a1-33ec-1192-888a-b81c9817f2f5,BEAUTY_CARE,EXFOLIANTE AZUCAR CORPORAL,f0192f46-e80f-42fb-b788-3c1c8b9aa18c,,39000,2a87f8a6bdc5f577b4aa9863ddd94f6cfa366229a4a5b7e605921b0831542bd7,BC-20311,BCV5-0312,beauty-care-exfoliante-azucar-corporal,RESERVED_IMPORT_RANGE,GENERATED_CANONICAL_SOURCE_CODE,DETERMINISTIC_CANONICAL_SLUG,DETERMINISTIC_SOURCE_UUID,READY_CREATE
CATV1-P080-R2R,HUMAN_APPROVED,79f62181-0b55-3c37-1642-1a0f874019d2,BEAUTY_CARE,GEL EXFOLIANTE CORPORAL,f0192f46-e80f-42fb-b788-3c1c8b9aa18c,,27000,8e03e48fa3b2122d7d9bad150a8fc8eaf86b9c92991c10aa707e68b4445571b8,BC-20312,BCV5-0313,beauty-care-gel-exfoliante-corporal,RESERVED_IMPORT_RANGE,GENERATED_CANONICAL_SOURCE_CODE,DETERMINISTIC_CANONICAL_SLUG,DETERMINISTIC_SOURCE_UUID,READY_CREATE
CATV1-P080-R3L,HUMAN_APPROVED,abcc039d-a95c-6810-ded2-6facfb76a2ed,BEAUTY_CARE,CREMAS CORPORALES,f0192f46-e80f-42fb-b788-3c1c8b9aa18c,,25000,8b1a6606a908ca957b162766a89421063a37b2fd39f985bc0c888232e681a606,BC-20313,BCV5-0314,beauty-care-cremas-corporales,RESERVED_IMPORT_RANGE,GENERATED_CANONICAL_SOURCE_CODE,DETERMINISTIC_CANONICAL_SLUG,DETERMINISTIC_SOURCE_UUID,READY_CREATE
CATV1-P080-R3R,POLICY_APPROVED,eab03016-9d36-3d9e-f8aa-ffd8cc53eb1c,BEAUTY_CARE,CREMA FAITH,f0192f46-e80f-42fb-b788-3c1c8b9aa18c,,21000,a639b7a7ab6cd1b34f99dd9e973153052d7b203a1afbacc486fc64b6632299ab,BC-20314,BCV5-0315,beauty-care-crema-faith,RESERVED_IMPORT_RANGE,GENERATED_CANONICAL_SOURCE_CODE,DETERMINISTIC_CANONICAL_SLUG,DETERMINISTIC_SOURCE_UUID,READY_CREATE
CATV1-P081-R1L,POLICY_APPROVED,fc131d88-6814-5482-c5fd-a89cc04761c3,BEAUTY_CARE,MANTEQUILLA CORPORAL,f0192f46-e80f-42fb-b788-3c1c8b9aa18c,,27000,a70eb35183ffe53ccdf798d80514931221753ff1dfff90089abda58160ff141d,BC-20315,BCV5-0316,beauty-care-mantequilla-corporal-p081-r1l,RESERVED_IMPORT_RANGE,GENERATED_CANONICAL_SOURCE_CODE,DETERMINISTIC_CANONICAL_SLUG,DETERMINISTIC_SOURCE_UUID,READY_CREATE
CATV1-P081-R1R,POLICY_APPROVED,28e80b0a-baf9-ceef-9615-032c4a06e8d9,BEAUTY_CARE,SPLASH CORPORAL,f0192f46-e80f-42fb-b788-3c1c8b9aa18c,,27000,059f64b5d127c33b431bd7af6e8d6b597b5a2231397f662edae98ba5803ae853,BC-20316,BCV5-0317,beauty-care-splash-corporal-p081-r1r,RESERVED_IMPORT_RANGE,GENERATED_CANONICAL_SOURCE_CODE,DETERMINISTIC_CANONICAL_SLUG,DETERMINISTIC_SOURCE_UUID,READY_CREATE
CATV1-P081-R2L,POLICY_APPROVED,d14b1f80-590b-b2cb-a0c3-355f43b55989,BEAUTY_CARE,EXFOLIANTE DE AZUCAR,f0192f46-e80f-42fb-b788-3c1c8b9aa18c,,39000,67e46a91223a06a5bc4f74447046c5fb441ae68cd708a74651d3e679f3bb1f9b,BC-20317,BCV5-0318,beauty-care-exfoliante-de-azucar,RESERVED_IMPORT_RANGE,GENERATED_CANONICAL_SOURCE_CODE,DETERMINISTIC_CANONICAL_SLUG,DETERMINISTIC_SOURCE_UUID,READY_CREATE
CATV1-P081-R2R,POLICY_APPROVED,6d44955c-064e-c0ac-25a4-fba22a1b35e2,BEAUTY_CARE,CREMA CHANTILLY CORPORAL,f0192f46-e80f-42fb-b788-3c1c8b9aa18c,,38000,6aea943830c6b2fb3462aa42ea43828bbe2e895c57a8f6a82ebc78bb3d3f882c,BC-20318,BCV5-0319,beauty-care-crema-chantilly-corporal,RESERVED_IMPORT_RANGE,GENERATED_CANONICAL_SOURCE_CODE,DETERMINISTIC_CANONICAL_SLUG,DETERMINISTIC_SOURCE_UUID,READY_CREATE
CATV1-P081-R3L,POLICY_APPROVED,8e6d1575-bc11-133b-ee01-7cbd9edddb49,BEAUTY_CARE,GEL DE DUCHA,f0192f46-e80f-42fb-b788-3c1c8b9aa18c,,29000,39adbd63a6a107656d746a22ccb55f017b84c0f2a6cf0fca13168a7385458d0e,BC-20319,BCV5-0320,beauty-care-gel-de-ducha,RESERVED_IMPORT_RANGE,GENERATED_CANONICAL_SOURCE_CODE,DETERMINISTIC_CANONICAL_SLUG,DETERMINISTIC_SOURCE_UUID,READY_CREATE
CATV1-P081-R3R,POLICY_APPROVED,eaa37487-c920-4bf6-0b6c-d4df5d06cd49,BEAUTY_CARE,CHISPITA DE LUNA,f0192f46-e80f-42fb-b788-3c1c8b9aa18c,,26000,3154caf75f72f84a3a87dcda61ec4c4e7df485df96cc3afec64e182e8f209a11,BC-20320,BCV5-0321,beauty-care-chispita-de-luna,RESERVED_IMPORT_RANGE,GENERATED_CANONICAL_SOURCE_CODE,DETERMINISTIC_CANONICAL_SLUG,DETERMINISTIC_SOURCE_UUID,READY_CREATE
CATV1-P082-R1L,POLICY_APPROVED,e7da75aa-01d8-7958-0400-944e5cad50b5,BEAUTY_CARE,MANTEQUILLA YUMMY,f0192f46-e80f-42fb-b788-3c1c8b9aa18c,,29000,3ea6afd3e0826bebd52441242646139f7eb3728d521866de281f9939538330ed,BC-20321,BCV5-0322,beauty-care-mantequilla-yummy,RESERVED_IMPORT_RANGE,GENERATED_CANONICAL_SOURCE_CODE,DETERMINISTIC_CANONICAL_SLUG,DETERMINISTIC_SOURCE_UUID,READY_CREATE
CATV1-P082-R1R,POLICY_APPROVED,a7536a1d-677b-2de2-f1f0-34d670fab863,BEAUTY_CARE,KIT JUANITO,f0192f46-e80f-42fb-b788-3c1c8b9aa18c,,141000,2fcb4df2f89614fe7612b2f8a17e4a5e214b35c3432951a4e84247f2168cfede,BC-20322,BCV5-0323,beauty-care-kit-juanito,RESERVED_IMPORT_RANGE,GENERATED_CANONICAL_SOURCE_CODE,DETERMINISTIC_CANONICAL_SLUG,DETERMINISTIC_SOURCE_UUID,READY_CREATE
CATV1-P084-R1L,POLICY_APPROVED,062df1cd-c298-f68a-cf07-18c4fd7ceec8,BEAUTY_CARE,PROBIOTICOS VAGINALES,c45e4abf-2c47-4465-a5db-87f8731a87cc,,105000,2a2985e74ae15aaa7eb3e4877660099eb943174bf085429c8c5a65d3a36f8017,BC-20323,BCV5-0324,beauty-care-probioticos-vaginales,RESERVED_IMPORT_RANGE,GENERATED_CANONICAL_SOURCE_CODE,DETERMINISTIC_CANONICAL_SLUG,DETERMINISTIC_SOURCE_UUID,READY_CREATE
CATV1-P084-R1R,POLICY_APPROVED,462f3236-379c-1c57-0434-dc5a1f476ce7,BEAUTY_CARE,FEM MOM,c45e4abf-2c47-4465-a5db-87f8731a87cc,,96000,362765ed9c1146fc27917d30ede327695a124fae7bfd61b53de9064f81c24b60,BC-20324,BCV5-0325,beauty-care-fem-mom,RESERVED_IMPORT_RANGE,GENERATED_CANONICAL_SOURCE_CODE,DETERMINISTIC_CANONICAL_SLUG,DETERMINISTIC_SOURCE_UUID,READY_CREATE
CATV1-P084-R2L,POLICY_APPROVED,93108551-d6ed-8460-fc54-faab9f55f162,BEAUTY_CARE,OVULOS FEM,c45e4abf-2c47-4465-a5db-87f8731a87cc,,85900,f03c636f63c08e2188ff35149680e7b73f538181d28305b1f90bb1e064947be1,BC-20325,BCV5-0326,beauty-care-ovulos-fem,RESERVED_IMPORT_RANGE,GENERATED_CANONICAL_SOURCE_CODE,DETERMINISTIC_CANONICAL_SLUG,DETERMINISTIC_SOURCE_UUID,READY_CREATE
CATV1-P084-R2R,POLICY_APPROVED,3d3ac895-5335-08ef-0b13-378628465a54,BEAUTY_CARE,JABON FEM,c45e4abf-2c47-4465-a5db-87f8731a87cc,,46000,b946abd4df3af22b897c6c2d6475263f0fe088530475daa6cb1d43728f20e89f,BC-20326,BCV5-0327,beauty-care-jabon-fem,RESERVED_IMPORT_RANGE,GENERATED_CANONICAL_SOURCE_CODE,DETERMINISTIC_CANONICAL_SLUG,DETERMINISTIC_SOURCE_UUID,READY_CREATE
CATV1-P085-R1L,POLICY_APPROVED,6b22ac6f-1972-ea00-91a5-0f09b91b73f6,BEAUTY_CARE,REEDLE SHOT 100,c45e4abf-2c47-4465-a5db-87f8731a87cc,,121000,40b3fc9a467db02548b181bd07947c569f3c39d1c4d716564ed8bed446afae57,BC-20327,BCV5-0328,beauty-care-reedle-shot-100,RESERVED_IMPORT_RANGE,GENERATED_CANONICAL_SOURCE_CODE,DETERMINISTIC_CANONICAL_SLUG,DETERMINISTIC_SOURCE_UUID,READY_CREATE
CATV1-P085-R1R,POLICY_APPROVED,4d2bf1d2-91e4-7213-8ac5-85a4da6a2d2b,BEAUTY_CARE,CREMA CANDELA,c45e4abf-2c47-4465-a5db-87f8731a87cc,,51000,245067109c95c7080e37c7e96046e2f091757a99ed433b243063cefb967c446a,BC-20328,BCV5-0329,beauty-care-crema-candela,RESERVED_IMPORT_RANGE,GENERATED_CANONICAL_SOURCE_CODE,DETERMINISTIC_CANONICAL_SLUG,DETERMINISTIC_SOURCE_UUID,READY_CREATE
CATV1-P085-R2L,POLICY_APPROVED,2bc0a090-d689-a5c5-82ab-65c8ee5379c2,BEAUTY_CARE,OH MY LASH,c45e4abf-2c47-4465-a5db-87f8731a87cc,,51000,7ae99bfe2b12c3d6dfe98dd07caaaf8b858e4b60e25d151392ae8aac151ec28c,BC-20329,BCV5-0330,beauty-care-oh-my-lash,RESERVED_IMPORT_RANGE,GENERATED_CANONICAL_SOURCE_CODE,DETERMINISTIC_CANONICAL_SLUG,DETERMINISTIC_SOURCE_UUID,READY_CREATE
CATV1-P085-R2R,POLICY_APPROVED,d5691e48-f18b-c2bc-c906-dd65d87c9006,BEAUTY_CARE,TONICO RAPUNZEL,c45e4abf-2c47-4465-a5db-87f8731a87cc,,71000,0db430fcbc8b1a8b80fa6de30101593040ccacfb0057b157c9c4f6caeb48b7a6,BC-20330,BCV5-0331,beauty-care-tonico-rapunzel,RESERVED_IMPORT_RANGE,GENERATED_CANONICAL_SOURCE_CODE,DETERMINISTIC_CANONICAL_SLUG,DETERMINISTIC_SOURCE_UUID,READY_CREATE
CATV1-P085-R3L,POLICY_APPROVED,416892d9-4363-8f55-081e-302658e81388,BEAUTY_CARE,EVIL GOODS,c45e4abf-2c47-4465-a5db-87f8731a87cc,,59000,ac00634a3ac5bd6c91aae3b45b55dabe28a7ee15e802fb519ee8d8d35efee173,BC-20331,BCV5-0332,beauty-care-evil-goods,RESERVED_IMPORT_RANGE,GENERATED_CANONICAL_SOURCE_CODE,DETERMINISTIC_CANONICAL_SLUG,DETERMINISTIC_SOURCE_UUID,READY_CREATE
CATV1-P085-R3R,POLICY_APPROVED,abedbcb3-1fa1-e6a1-c89e-a26f6dd9ef85,BEAUTY_CARE,DIVALASH,c45e4abf-2c47-4465-a5db-87f8731a87cc,,201000,790714080073e9198562afa303cbb1a342ed97d1e97002f7ac6c4ceb9f6d343d,BC-20332,BCV5-0333,beauty-care-divalash,RESERVED_IMPORT_RANGE,GENERATED_CANONICAL_SOURCE_CODE,DETERMINISTIC_CANONICAL_SLUG,DETERMINISTIC_SOURCE_UUID,READY_CREATE
CATV1-P086-R1L,POLICY_APPROVED,179b53e0-5e29-1173-c3cf-3b40b694e3bc,BEAUTY_CARE,TRULY ORIGINAL,c45e4abf-2c47-4465-a5db-87f8731a87cc,,201000,213e0a4b5bb4db84befaa95d57550c4a7e13fe0b8b9caf20d9a8681b12d34224,BC-20333,BCV5-0334,beauty-care-truly-original,RESERVED_IMPORT_RANGE,GENERATED_CANONICAL_SOURCE_CODE,DETERMINISTIC_CANONICAL_SLUG,DETERMINISTIC_SOURCE_UUID,READY_CREATE
CATV1-P086-R1R,POLICY_APPROVED,060cd795-01c8-1ea4-7956-127b03686b4c,BEAUTY_CARE,CAROWHITE 120 ML,c45e4abf-2c47-4465-a5db-87f8731a87cc,,51000,d1983444723e1f0af396adcc716d37cc1cb66f274de1a5c5bff6b7b8e5631db6,BC-20334,BCV5-0335,beauty-care-carowhite-120-ml,RESERVED_IMPORT_RANGE,GENERATED_CANONICAL_SOURCE_CODE,DETERMINISTIC_CANONICAL_SLUG,DETERMINISTIC_SOURCE_UUID,READY_CREATE
CATV1-P086-R2L,POLICY_APPROVED,90ef39cc-72d2-cc9e-597c-650ade6d3a1d,BEAUTY_CARE,CAROWHITE 300 ML,c45e4abf-2c47-4465-a5db-87f8731a87cc,,81000,943000728100b384a5aab898e666d0300edc8c5e823efc6a4964a2fbb207982b,BC-20335,BCV5-0336,beauty-care-carowhite-300-ml,RESERVED_IMPORT_RANGE,GENERATED_CANONICAL_SOURCE_CODE,DETERMINISTIC_CANONICAL_SLUG,DETERMINISTIC_SOURCE_UUID,READY_CREATE
CATV1-P086-R2R,POLICY_APPROVED,94244769-6709-0384-884a-1acf1918031f,BEAUTY_CARE,CAROTONE 135 ML,c45e4abf-2c47-4465-a5db-87f8731a87cc,,61000,9b102735a5f0bd286f17b0fe63c2e6d9fd27bab104013016b6ab6639993b73e2,BC-20336,BCV5-0337,beauty-care-carotone-135-ml,RESERVED_IMPORT_RANGE,GENERATED_CANONICAL_SOURCE_CODE,DETERMINISTIC_CANONICAL_SLUG,DETERMINISTIC_SOURCE_UUID,READY_CREATE
CATV1-P086-R3L,POLICY_APPROVED,024b793d-af41-121b-4dba-0ad629ca74f2,BEAUTY_CARE,CAROTONE 300 ML,c45e4abf-2c47-4465-a5db-87f8731a87cc,,91000,e790b7ba4fd515031a6b4521a198b40918f12e13b3a95ba08136cf1533ace65b,BC-20337,BCV5-0338,beauty-care-carotone-300-ml,RESERVED_IMPORT_RANGE,GENERATED_CANONICAL_SOURCE_CODE,DETERMINISTIC_CANONICAL_SLUG,DETERMINISTIC_SOURCE_UUID,READY_CREATE
CATV1-P086-R3R,POLICY_APPROVED,2cdcf17d-d88d-472c-b4ce-83349bdc92f0,BEAUTY_CARE,ACEITE DE CASTOR,c45e4abf-2c47-4465-a5db-87f8731a87cc,,69000,7c1c1db2f1645d9dda81895bdc16802bfe19e2659049b89e9828773da07840b9,BC-20338,BCV5-0339,beauty-care-aceite-de-castor,RESERVED_IMPORT_RANGE,GENERATED_CANONICAL_SOURCE_CODE,DETERMINISTIC_CANONICAL_SLUG,DETERMINISTIC_SOURCE_UUID,READY_CREATE
CATV1-P087-R1L,POLICY_APPROVED,7f0c2ec1-0cc4-a0d2-3419-d105eea50abf,BEAUTY_CARE,SPLASH 100% ORIGINAL,c45e4abf-2c47-4465-a5db-87f8731a87cc,,120900,a04b064f246097355960b0968b43a3653aa068fac5b7332ff2f9e100242e84df,BC-20339,BCV5-0340,beauty-care-splash-100-original,RESERVED_IMPORT_RANGE,GENERATED_CANONICAL_SOURCE_CODE,DETERMINISTIC_CANONICAL_SLUG,DETERMINISTIC_SOURCE_UUID,READY_CREATE
CATV1-P087-R1R,HUMAN_APPROVED,84d7eba1-7980-89e8-006d-b23ae9f746d4,BEAUTY_CARE,KIT ARRURU TAMAÑO PEQUEÑO,c45e4abf-2c47-4465-a5db-87f8731a87cc,,33000,41e80ed442023a8ed1c2b4b0c83cde99f938016dd2eab960bef40cb314254f6c,BC-20340,BCV5-0341,beauty-care-kit-arruru-tamano-pequeno,RESERVED_IMPORT_RANGE,GENERATED_CANONICAL_SOURCE_CODE,DETERMINISTIC_CANONICAL_SLUG,DETERMINISTIC_SOURCE_UUID,READY_CREATE
CATV1-P089-R1L,POLICY_APPROVED,2f397c5c-7eed-2d3b-0822-2aa4f95ed11a,BEAUTY_CARE,JABON ARANA,63bb4a18-52c1-44e1-9d77-023c6cfe8fe7,,26000,e0f5a8563dc0a5095f6ce8800517bd507a941afbc61ce45ae9c76603650593e5,BC-20341,BCV5-0342,beauty-care-jabon-arana,RESERVED_IMPORT_RANGE,GENERATED_CANONICAL_SOURCE_CODE,DETERMINISTIC_CANONICAL_SLUG,DETERMINISTIC_SOURCE_UUID,READY_CREATE
CATV1-P089-R1R,POLICY_APPROVED,04c4c745-fd3b-bc4d-3a4b-9209a02e038e,BEAUTY_CARE,TINTA ARANA - TONOS FUCSIA Y ROJO,63bb4a18-52c1-44e1-9d77-023c6cfe8fe7,,19000,b08d0d10ca9e9530350746d85e1851ad853418e2436f19c13056c4a4a1f08c9e,BC-20342,BCV5-0343,beauty-care-tinta-arana-tonos-fucsia-y-rojo,RESERVED_IMPORT_RANGE,GENERATED_CANONICAL_SOURCE_CODE,DETERMINISTIC_CANONICAL_SLUG,DETERMINISTIC_SOURCE_UUID,READY_CREATE
CATV1-P089-R2L,POLICY_APPROVED,344e164e-5855-4917-55c3-01395d787009,BEAUTY_CARE,SERUM ARANA,63bb4a18-52c1-44e1-9d77-023c6cfe8fe7,,39000,b2cbc3fb03a43b73e31f38b5a9e4bc3ea0dab1dabff79f6595e8d14fd399a0cd,BC-20343,BCV5-0344,beauty-care-serum-arana,RESERVED_IMPORT_RANGE,GENERATED_CANONICAL_SOURCE_CODE,DETERMINISTIC_CANONICAL_SLUG,DETERMINISTIC_SOURCE_UUID,READY_CREATE
CATV1-P091-R1L,HUMAN_APPROVED,0e80f4ba-754b-9afd-6c71-aac7c34f2dbc,BEAUTY_CARE,KIT X3 TRULY,33759452-ea87-4826-b6d9-19e4821e89e0,,41000,5fc2a8c41ede5a20b9d30e8f144e3759679e7baf795415b4a6701575719eede8,BC-20344,BCV5-0345,beauty-care-kit-x3-truly,RESERVED_IMPORT_RANGE,GENERATED_CANONICAL_SOURCE_CODE,DETERMINISTIC_CANONICAL_SLUG,DETERMINISTIC_SOURCE_UUID,READY_CREATE
CATV1-P091-R1R,HUMAN_APPROVED,43636c17-6119-d1da-9d39-26ecc17831ac,BEAUTY_CARE,KIT X5,33759452-ea87-4826-b6d9-19e4821e89e0,,56000,0e8ec31f0d0860a15e4886e37bf6996cae320a48413886ae6dcdf1f9fd55f8b2,BC-20345,BCV5-0346,beauty-care-kit-x5,RESERVED_IMPORT_RANGE,GENERATED_CANONICAL_SOURCE_CODE,DETERMINISTIC_CANONICAL_SLUG,DETERMINISTIC_SOURCE_UUID,READY_CREATE
CATV1-P091-R2L,HUMAN_APPROVED,df8152aa-b095-a8f3-64d5-c3a9118619c6,BEAUTY_CARE,TRULY SERUM Y ACEITE PEQ,33759452-ea87-4826-b6d9-19e4821e89e0,,20000,b4355d615249bbd7036e38f575a9c8b506b650bcbec517073ce8b5dc2cea96b6,BC-20346,BCV5-0347,beauty-care-truly-serum-y-aceite-peq,RESERVED_IMPORT_RANGE,GENERATED_CANONICAL_SOURCE_CODE,DETERMINISTIC_CANONICAL_SLUG,DETERMINISTIC_SOURCE_UUID,READY_CREATE
CATV1-P093-R1L,POLICY_APPROVED,09708c5f-0e37-0b46-6327-efd20c48bc34,BEAUTY_CARE,MANTEQUILLA FRESA,149ad838-eb28-4ef2-a9c5-155c7ef29f1d,,40000,b034b808fd37cbfe09b02532649326826bd979f7f6b6013d98f3ec5e139a32be,BC-20347,BCV5-0348,beauty-care-mantequilla-fresa,RESERVED_IMPORT_RANGE,GENERATED_CANONICAL_SOURCE_CODE,DETERMINISTIC_CANONICAL_SLUG,DETERMINISTIC_SOURCE_UUID,READY_CREATE
CATV1-P093-R1R,POLICY_APPROVED,13b37b90-08bc-33dc-0b1f-329b386519b2,BEAUTY_CARE,MANTEQUILLA SANDIA,149ad838-eb28-4ef2-a9c5-155c7ef29f1d,,40000,41b8adf55c072faace5b026d97c554d458007e77ed8d76cc9d47d44c02623fd9,BC-20348,BCV5-0349,beauty-care-mantequilla-sandia,RESERVED_IMPORT_RANGE,GENERATED_CANONICAL_SOURCE_CODE,DETERMINISTIC_CANONICAL_SLUG,DETERMINISTIC_SOURCE_UUID,READY_CREATE
CATV1-P093-R2L,POLICY_APPROVED,d54ee21b-80d2-4f5e-658b-d60fc211488f,BEAUTY_CARE,MANTEQUILLA DURAZNO,149ad838-eb28-4ef2-a9c5-155c7ef29f1d,,40000,a16b30bf1cea113a4397d63c51b9f672bc9bbe725c098d4e0e2f5aaa41696b42,BC-20349,BCV5-0350,beauty-care-mantequilla-durazno,RESERVED_IMPORT_RANGE,GENERATED_CANONICAL_SOURCE_CODE,DETERMINISTIC_CANONICAL_SLUG,DETERMINISTIC_SOURCE_UUID,READY_CREATE
CATV1-P093-R2R,POLICY_APPROVED,7ff7adfe-ec6e-b3bc-1d32-7a6982a46fa6,BEAUTY_CARE,MANTEQUILLA CANELA,149ad838-eb28-4ef2-a9c5-155c7ef29f1d,,43000,19d5d857a33fcd71f58ff0b5012650ce97828e4f26e874e5f9f0b560643fd442,BC-20350,BCV5-0351,beauty-care-mantequilla-canela,RESERVED_IMPORT_RANGE,GENERATED_CANONICAL_SOURCE_CODE,DETERMINISTIC_CANONICAL_SLUG,DETERMINISTIC_SOURCE_UUID,READY_CREATE
CATV1-P093-R3L,POLICY_APPROVED,9b183455-f10c-a6a8-f154-e9d8bbcb33f6,BEAUTY_CARE,SPLASH CORPORAL,149ad838-eb28-4ef2-a9c5-155c7ef29f1d,,40000,9d155568e9d639b37a814afbf8e3548834505bf379579c7b0c7e40d06557e257,BC-20351,BCV5-0352,beauty-care-splash-corporal-p093-r3l,RESERVED_IMPORT_RANGE,GENERATED_CANONICAL_SOURCE_CODE,DETERMINISTIC_CANONICAL_SLUG,DETERMINISTIC_SOURCE_UUID,READY_CREATE
CATV1-P093-R3R,POLICY_APPROVED,86ff7c30-3672-3759-0a9e-5653e75dc72b,BEAUTY_CARE,MINI PERFUME CAPILAR,149ad838-eb28-4ef2-a9c5-155c7ef29f1d,,25000,a83e50fa99153de667afe5cd18b3d0c9c08600aea45ef2b77fe804d6d9b769ca,BC-20352,BCV5-0353,beauty-care-mini-perfume-capilar,RESERVED_IMPORT_RANGE,GENERATED_CANONICAL_SOURCE_CODE,DETERMINISTIC_CANONICAL_SLUG,DETERMINISTIC_SOURCE_UUID,READY_CREATE
CATV1-P094-R1L,POLICY_APPROVED,70e840be-0b35-9112-acb8-62cd1708eeb2,BEAUTY_CARE,PERFUME CAPILAR,149ad838-eb28-4ef2-a9c5-155c7ef29f1d,,29000,8ce832ae3c312942aa96b962401ae22ed6f5135425398ed13be09d8079a8c985,BC-20353,BCV5-0354,beauty-care-perfume-capilar-p094-r1l,RESERVED_IMPORT_RANGE,GENERATED_CANONICAL_SOURCE_CODE,DETERMINISTIC_CANONICAL_SLUG,DETERMINISTIC_SOURCE_UUID,READY_CREATE
CATV1-P094-R1R,POLICY_APPROVED,0745f810-f9b9-fc5f-d71c-c2332c8d8c88,BEAUTY_CARE,BABY CREAM MINI,149ad838-eb28-4ef2-a9c5-155c7ef29f1d,,24000,fc03cc25508ea13938e2305701594533a146fa5a8cd721ced7fa2fd6b12da6a1,BC-20354,BCV5-0355,beauty-care-baby-cream-mini,RESERVED_IMPORT_RANGE,GENERATED_CANONICAL_SOURCE_CODE,DETERMINISTIC_CANONICAL_SLUG,DETERMINISTIC_SOURCE_UUID,READY_CREATE
CATV1-P094-R2L,POLICY_APPROVED,e51167d3-accc-2a14-14f4-f77428b8d472,BEAUTY_CARE,BABY CREAM GRANDE,149ad838-eb28-4ef2-a9c5-155c7ef29f1d,,37000,29025f9dbd5ff509283111091ab6ad6f3e969fcded01fa7e46fae3e1620819a7,BC-20355,BCV5-0356,beauty-care-baby-cream-grande,RESERVED_IMPORT_RANGE,GENERATED_CANONICAL_SOURCE_CODE,DETERMINISTIC_CANONICAL_SLUG,DETERMINISTIC_SOURCE_UUID,READY_CREATE
CATV1-P094-R2R,POLICY_APPROVED,34dbbf23-3758-f9ac-8cfd-03bac38e1dd9,BEAUTY_CARE,CREMA AUTOBRONCEADORA,149ad838-eb28-4ef2-a9c5-155c7ef29f1d,,46000,50e977974cbd333714a6b0921f3d7d5d8cb8675b73aab4cb0afaca299734cc2f,BC-20356,BCV5-0357,beauty-care-crema-autobronceadora,RESERVED_IMPORT_RANGE,GENERATED_CANONICAL_SOURCE_CODE,DETERMINISTIC_CANONICAL_SLUG,DETERMINISTIC_SOURCE_UUID,READY_CREATE
CATV1-P094-R3L,POLICY_APPROVED,f97b4ec5-472d-3a8b-2c78-06114c6fc2ad,BEAUTY_CARE,MASCARILLA MIEL ROSADA,149ad838-eb28-4ef2-a9c5-155c7ef29f1d,,40900,dbe8b52984348f8ce59fe4ef5715636030e80dd9d802ac4fcaf694ffcfbc7204,BC-20357,BCV5-0358,beauty-care-mascarilla-miel-rosada,RESERVED_IMPORT_RANGE,GENERATED_CANONICAL_SOURCE_CODE,DETERMINISTIC_CANONICAL_SLUG,DETERMINISTIC_SOURCE_UUID,READY_CREATE
CATV1-P094-R3R,POLICY_APPROVED,0500e158-f1b0-e9f0-e56e-5a070a314f80,BEAUTY_CARE,SHAMPOO MIEL ROSADA,149ad838-eb28-4ef2-a9c5-155c7ef29f1d,,38000,a4a9567a1feb3733ac30d826287d7faed641759027b6eaea018690a466c8bccd,BC-20358,BCV5-0359,beauty-care-shampoo-miel-rosada,RESERVED_IMPORT_RANGE,GENERATED_CANONICAL_SOURCE_CODE,DETERMINISTIC_CANONICAL_SLUG,DETERMINISTIC_SOURCE_UUID,READY_CREATE
CATV1-P095-R1L,POLICY_APPROVED,35be90f0-a5cc-b26a-35d3-a1327dbc6201,BEAUTY_CARE,ACONDICIONADOR MIEL ROSADA,149ad838-eb28-4ef2-a9c5-155c7ef29f1d,,38000,292ccf0e1ebd2d7ffd71a379ecc254798b4bd2fb839865966251aae9f4824c85,BC-20359,BCV5-0360,beauty-care-acondicionador-miel-rosada,RESERVED_IMPORT_RANGE,GENERATED_CANONICAL_SOURCE_CODE,DETERMINISTIC_CANONICAL_SLUG,DETERMINISTIC_SOURCE_UUID,READY_CREATE
CATV1-P095-R1R,POLICY_APPROVED,abac154d-05ee-2d3a-aba1-84a4b59adb92,BEAUTY_CARE,SHAMPOO CHOCOLATE,149ad838-eb28-4ef2-a9c5-155c7ef29f1d,,38000,99aee7671c8455d49438050ec99ab96ecf4e6c3f912f82ae094200b10856b5b7,BC-20360,BCV5-0361,beauty-care-shampoo-chocolate,RESERVED_IMPORT_RANGE,GENERATED_CANONICAL_SOURCE_CODE,DETERMINISTIC_CANONICAL_SLUG,DETERMINISTIC_SOURCE_UUID,READY_CREATE
CATV1-P095-R2L,POLICY_APPROVED,b11bbaca-48c1-b963-abc8-9bf4f4425cae,BEAUTY_CARE,ACONDI CHOCOLATE,149ad838-eb28-4ef2-a9c5-155c7ef29f1d,,38000,75e4502e3227f7e40e22010b2638c34de60b479d5a9ed704c34f1706275a8f4d,BC-20361,BCV5-0362,beauty-care-acondi-chocolate,RESERVED_IMPORT_RANGE,GENERATED_CANONICAL_SOURCE_CODE,DETERMINISTIC_CANONICAL_SLUG,DETERMINISTIC_SOURCE_UUID,READY_CREATE
CATV1-P095-R2R,POLICY_APPROVED,36942c22-321d-cd4d-f782-1c18befd6085,BEAUTY_CARE,MASCARILLA CHOCOLATE,149ad838-eb28-4ef2-a9c5-155c7ef29f1d,,40900,a86bfa6dfe97176097351a2119f478350c774e09ee19be9d76e725fe82a9cfca,BC-20362,BCV5-0363,beauty-care-mascarilla-chocolate,RESERVED_IMPORT_RANGE,GENERATED_CANONICAL_SOURCE_CODE,DETERMINISTIC_CANONICAL_SLUG,DETERMINISTIC_SOURCE_UUID,READY_CREATE
CATV1-P097-R1L,POLICY_APPROVED,d32a8e2c-d86f-3171-fffd-3b93479ed30b,BEAUTY_CARE,SPLASH DIFERENTES - VARIOS AROMAS,96ca7955-65dc-44ad-9689-3c4cb778480c,,25000,03e9ae9b6ad5c1aa9915f3ffe9950bc0bb4cae35463d99b18accab79ad632515,BC-20363,BCV5-0364,beauty-care-splash-diferentes-varios-aromas,RESERVED_IMPORT_RANGE,GENERATED_CANONICAL_SOURCE_CODE,DETERMINISTIC_CANONICAL_SLUG,DETERMINISTIC_SOURCE_UUID,READY_CREATE
CATV1-P097-R1R,POLICY_APPROVED,1a413ecc-a07d-0ce3-d947-551a03dedb03,BEAUTY_CARE,SPLASH CON SHIMMER - VARIOS AROMAS,96ca7955-65dc-44ad-9689-3c4cb778480c,,29000,f734c29edb6868e31adcf40ea467d63bf1553b87fa6cfa17f9376f2253f4da89,BC-20364,BCV5-0365,beauty-care-splash-con-shimmer-varios-aromas,RESERVED_IMPORT_RANGE,GENERATED_CANONICAL_SOURCE_CODE,DETERMINISTIC_CANONICAL_SLUG,DETERMINISTIC_SOURCE_UUID,READY_CREATE
CATV1-P097-R2L,POLICY_APPROVED,ddb59dab-ece3-78f1-f25b-819cdf9f3efb,BEAUTY_CARE,CREMA CORPORAL VICTORIA 1.1,96ca7955-65dc-44ad-9689-3c4cb778480c,,29000,4fd12ccd0243906fbf6ca09a377ebcc5851608aea9f759bfff6894fbfe431c07,BC-20365,BCV5-0366,beauty-care-crema-corporal-victoria-1-1,RESERVED_IMPORT_RANGE,GENERATED_CANONICAL_SOURCE_CODE,DETERMINISTIC_CANONICAL_SLUG,DETERMINISTIC_SOURCE_UUID,READY_CREATE
CATV1-P099-R1L,POLICY_APPROVED,85df9091-7d2b-79fb-3f21-b02bb215e1c1,BEAUTY_CARE,BLOQUEADOR OLLIE,2503c5f2-51ed-4f1c-b6b3-c7ffe21c6499,,110000,6ef733c2e5c34a311da77ab889d13c9c5ab6bbae1b8b15ed66e1d3ae71eab882,BC-20366,BCV5-0367,beauty-care-bloqueador-ollie,RESERVED_IMPORT_RANGE,GENERATED_CANONICAL_SOURCE_CODE,DETERMINISTIC_CANONICAL_SLUG,DETERMINISTIC_SOURCE_UUID,READY_CREATE
CATV1-P099-R1R,POLICY_APPROVED,effa670a-cf91-816d-7090-de51fcb56046,BEAUTY_CARE,RUBOR EN BARRA OLLIE,2503c5f2-51ed-4f1c-b6b3-c7ffe21c6499,,71000,9942898d24c29acbe2e235803e903f5e3d82fa189e6d643ad4326e85a41c88b4,BC-20367,BCV5-0368,beauty-care-rubor-en-barra-ollie,RESERVED_IMPORT_RANGE,GENERATED_CANONICAL_SOURCE_CODE,DETERMINISTIC_CANONICAL_SLUG,DETERMINISTIC_SOURCE_UUID,READY_CREATE
CATV1-P099-R2L,POLICY_APPROVED,ca59f28d-b2a9-6fda-ab39-415636c455cc,BEAUTY_CARE,SIN FRAGANCIA OLLIE,2503c5f2-51ed-4f1c-b6b3-c7ffe21c6499,,71000,a73011e253d0687cac302b297bfeacf351656267b57d1f77b1c9fea07b6ea411,BC-20368,BCV5-0369,beauty-care-sin-fragancia-ollie,RESERVED_IMPORT_RANGE,GENERATED_CANONICAL_SOURCE_CODE,DETERMINISTIC_CANONICAL_SLUG,DETERMINISTIC_SOURCE_UUID,READY_CREATE
CATV1-P099-R2R,POLICY_APPROVED,02f13716-6585-7117-8106-85b4a3864ea6,BEAUTY_CARE,LABIAL HIDRATANTE OLLIE,2503c5f2-51ed-4f1c-b6b3-c7ffe21c6499,,31000,c8fad3dd29f94cae9e2fc45d3879f99784f759e6342370d3694f978489d4fdbe,BC-20369,BCV5-0370,beauty-care-labial-hidratante-ollie,RESERVED_IMPORT_RANGE,GENERATED_CANONICAL_SOURCE_CODE,DETERMINISTIC_CANONICAL_SLUG,DETERMINISTIC_SOURCE_UUID,READY_CREATE
CATV1-P099-R3L,POLICY_APPROVED,ea57da20-22d4-0315-f4cf-2b7afe7452cd,BEAUTY_CARE,PROTECTOR FLUIDO,2503c5f2-51ed-4f1c-b6b3-c7ffe21c6499,,91000,190fc89db2a428d0d9ae513ea006d2979ac15ae2802fc616546f1bfcbf2c1cc2,BC-20370,BCV5-0371,beauty-care-protector-fluido,RESERVED_IMPORT_RANGE,GENERATED_CANONICAL_SOURCE_CODE,DETERMINISTIC_CANONICAL_SLUG,DETERMINISTIC_SOURCE_UUID,READY_CREATE
CATV1-P101-R1L,POLICY_APPROVED,6cc47e24-de26-cab3-0f0a-985e885767e1,BEAUTY_CARE,DR. ALTHEA 345 RELIEF CREAM,a19f61be-25cd-4387-98da-f75eca7f7973,,131000,4570f9f23e0a8838ce5d5abb93e74d6f85cf7763ac4e247f62868ea2f7a59d27,BC-20371,BCV5-0372,beauty-care-dr-althea-345-relief-cream,RESERVED_IMPORT_RANGE,GENERATED_CANONICAL_SOURCE_CODE,DETERMINISTIC_CANONICAL_SLUG,DETERMINISTIC_SOURCE_UUID,READY_CREATE
CATV1-P101-R1R,POLICY_APPROVED,c62b5bf2-e076-9425-7483-a38ce379a10b,BEAUTY_CARE,DR. ALTHEA 147 RELIEF CREAM,a19f61be-25cd-4387-98da-f75eca7f7973,,131000,fbf9a19cdd1b2d47e2c4f289cfc6844f0b5e3ec19f981bff61dbff88fb67d430,BC-20372,BCV5-0373,beauty-care-dr-althea-147-relief-cream,RESERVED_IMPORT_RANGE,GENERATED_CANONICAL_SOURCE_CODE,DETERMINISTIC_CANONICAL_SLUG,DETERMINISTIC_SOURCE_UUID,READY_CREATE
CATV1-P103-R1L,POLICY_APPROVED,b3fd46e4-8b23-64b5-8076-71ce05360998,BEAUTY_CARE,BLOQUEADOR SOLAR EN BARRA,c56fe8ee-38c2-4559-a243-a27aa01f6cb5,,96000,6cb71fdc0c5d1706896d9b8086867aaf68370ab9a5fc41134aba998ae26a6cd2,BC-20373,BCV5-0374,beauty-care-bloqueador-solar-en-barra,RESERVED_IMPORT_RANGE,GENERATED_CANONICAL_SOURCE_CODE,DETERMINISTIC_CANONICAL_SLUG,DETERMINISTIC_SOURCE_UUID,READY_CREATE
CATV1-P103-R1R,POLICY_APPROVED,7d1424ca-7d0f-eeac-1f4d-b14e8f93e297,BEAUTY_CARE,MINI BLOQUEADOR EN BARRA,c56fe8ee-38c2-4559-a243-a27aa01f6cb5,,61000,569ea4bcb8c1bb4f5074ba0684119a8c4e658d68a91e49c285a605fa5401e581,BC-20374,BCV5-0375,beauty-care-mini-bloqueador-en-barra,RESERVED_IMPORT_RANGE,GENERATED_CANONICAL_SOURCE_CODE,DETERMINISTIC_CANONICAL_SLUG,DETERMINISTIC_SOURCE_UUID,READY_CREATE
CATV1-P103-R2L,POLICY_APPROVED,a63150a9-cb09-fb85-8578-74f972d46b87,BEAUTY_CARE,BLOQUEADOR SOLAR ACLARANTE SPF50,c56fe8ee-38c2-4559-a243-a27aa01f6cb5,,101000,e19d7003d1a364d4be6ace307a4fa5f985dfe65119ea82d9f9989537854b5e15,BC-20375,BCV5-0376,beauty-care-bloqueador-solar-aclarante-spf50,RESERVED_IMPORT_RANGE,GENERATED_CANONICAL_SOURCE_CODE,DETERMINISTIC_CANONICAL_SLUG,DETERMINISTIC_SOURCE_UUID,READY_CREATE
CATV1-P103-R2R,POLICY_APPROVED,8ae3ed41-1ab2-baa5-458f-a14ce8f3632a,BEAUTY_CARE,CONTORNO DE OJOS EN GEL,c56fe8ee-38c2-4559-a243-a27aa01f6cb5,,111000,7a7dde4b1412c2ac875bf13e6e4c651176c930561e83693db7e2c84d29f87076,BC-20376,BCV5-0377,beauty-care-contorno-de-ojos-en-gel,RESERVED_IMPORT_RANGE,GENERATED_CANONICAL_SOURCE_CODE,DETERMINISTIC_CANONICAL_SLUG,DETERMINISTIC_SOURCE_UUID,READY_CREATE
CATV1-P103-R3L,POLICY_APPROVED,8a7fdde1-9185-84d4-d96d-98e26f115be3,BEAUTY_CARE,X150ML,c56fe8ee-38c2-4559-a243-a27aa01f6cb5,,96000,9b804464aa14473cfc8f1bf4ef17b7da8812bdf48ecdecececbe8d641bbdaff6,BC-20377,BCV5-0378,beauty-care-x150ml,RESERVED_IMPORT_RANGE,GENERATED_CANONICAL_SOURCE_CODE,DETERMINISTIC_CANONICAL_SLUG,DETERMINISTIC_SOURCE_UUID,READY_CREATE
CATV1-P103-R3R,POLICY_APPROVED,7baac762-96f0-e6db-225f-ba8edd6caf57,BEAUTY_CARE,BLOQUEADOR SOLAR SPF50,c56fe8ee-38c2-4559-a243-a27aa01f6cb5,,101000,810b3dc3a85c303ee39dc4a2293ea080a48ec447eb9179d6b4d92f0c94af8c48,BC-20378,BCV5-0379,beauty-care-bloqueador-solar-spf50,RESERVED_IMPORT_RANGE,GENERATED_CANONICAL_SOURCE_CODE,DETERMINISTIC_CANONICAL_SLUG,DETERMINISTIC_SOURCE_UUID,READY_CREATE
CATV1-P104-R1L,POLICY_APPROVED,883c0eeb-b903-866a-d307-66ee5333e708,BEAUTY_CARE,BLOQUEADOR SOLAR CENTELLA,c56fe8ee-38c2-4559-a243-a27aa01f6cb5,,101000,6a3582d52c90087dbcb08286b0d91bf756cabeb6a52d41989600782df05bed25,BC-20379,BCV5-0380,beauty-care-bloqueador-solar-centella,RESERVED_IMPORT_RANGE,GENERATED_CANONICAL_SOURCE_CODE,DETERMINISTIC_CANONICAL_SLUG,DETERMINISTIC_SOURCE_UUID,READY_CREATE
CATV1-P104-R1R,POLICY_APPROVED,89effbeb-8802-989c-7009-ba167dd3cc4f,BEAUTY_CARE,BLOQUEADOR SOLAR VITAMINA E,c56fe8ee-38c2-4559-a243-a27aa01f6cb5,,106000,56b84f70bf37c1bfae7b1713573992787d621fd964f958ddbabdc7ace12b5db2,BC-20380,BCV5-0381,beauty-care-bloqueador-solar-vitamina-e,RESERVED_IMPORT_RANGE,GENERATED_CANONICAL_SOURCE_CODE,DETERMINISTIC_CANONICAL_SLUG,DETERMINISTIC_SOURCE_UUID,READY_CREATE
CATV1-P104-R2L,POLICY_APPROVED,23e8af79-6c90-5711-7c6f-fcc6bb93868d,BEAUTY_CARE,LIP OIL JUICY BERRY PLUMPLING,c56fe8ee-38c2-4559-a243-a27aa01f6cb5,,71000,8b819f8c977353336a27ad355f7dd7a9e868b3efafe67f13854f790cd9f982f3,BC-20381,BCV5-0382,beauty-care-lip-oil-juicy-berry-plumpling,RESERVED_IMPORT_RANGE,GENERATED_CANONICAL_SOURCE_CODE,DETERMINISTIC_CANONICAL_SLUG,DETERMINISTIC_SOURCE_UUID,READY_CREATE
CATV1-P104-R2R,POLICY_APPROVED,f3bc28cd-2bcf-5056-4fe3-3b88095a8080,BEAUTY_CARE,BIFIDA BIOME ESSENCE 50 ML,c56fe8ee-38c2-4559-a243-a27aa01f6cb5,,111000,afd28bc6dbbb80bcde6b02afd48e3c6fc9dac47f604592147a44a8bffaa7e7d2,BC-20382,BCV5-0383,beauty-care-bifida-biome-essence-50-ml,RESERVED_IMPORT_RANGE,GENERATED_CANONICAL_SOURCE_CODE,DETERMINISTIC_CANONICAL_SLUG,DETERMINISTIC_SOURCE_UUID,READY_CREATE
CATV1-P104-R3L,POLICY_APPROVED,38f2d809-0e96-7db0-59c2-4eefecbbe0c0,BEAUTY_CARE,ESTUCHE PARA BLOQUEADOR MINI EN BARRA,c56fe8ee-38c2-4559-a243-a27aa01f6cb5,,56000,4dc1bad165e397fb921eb4c9dee99fe72064cdcd4413b95ed4adde30c7ef9725,BC-20383,BCV5-0384,beauty-care-estuche-para-bloqueador-mini-en-barra,RESERVED_IMPORT_RANGE,GENERATED_CANONICAL_SOURCE_CODE,DETERMINISTIC_CANONICAL_SLUG,DETERMINISTIC_SOURCE_UUID,READY_CREATE
CATV1-P104-R3R,POLICY_APPROVED,01cc2bb0-2166-6f91-2559-7c069d269f99,BEAUTY_CARE,SERUM CICA CALMING 5 ML,c56fe8ee-38c2-4559-a243-a27aa01f6cb5,,56000,2125f50fe935450ae9b294a846361a9f1285f017933dae40a83bd2bffcb31f5b,BC-20384,BCV5-0385,beauty-care-serum-cica-calming-5-ml,RESERVED_IMPORT_RANGE,GENERATED_CANONICAL_SOURCE_CODE,DETERMINISTIC_CANONICAL_SLUG,DETERMINISTIC_SOURCE_UUID,READY_CREATE
CATV1-P106-R1L,POLICY_APPROVED,80aa3cb4-0120-01ad-0501-ea85c93a94a3,BEAUTY_CARE,TONICO CALMANTE ANUA,248d2875-a9cb-45f3-850a-d28453541309,,96000,32ec9b63f0bb2652d33d05b1e90295faa1c2a79beeba8d445dc4b328ebda75f3,BC-20385,BCV5-0386,beauty-care-tonico-calmante-anua,RESERVED_IMPORT_RANGE,GENERATED_CANONICAL_SOURCE_CODE,DETERMINISTIC_CANONICAL_SLUG,DETERMINISTIC_SOURCE_UUID,READY_CREATE
CATV1-P106-R1R,POLICY_APPROVED,41084c80-8dad-e0fa-691c-9bf5e01cefe0,BEAUTY_CARE,LECHE ARROZ 70+ CERAMIDA,248d2875-a9cb-45f3-850a-d28453541309,,126000,cef276cc20f254b0a3047c685c7eb30ee31dfb942db59a9eedd7c061312bc55c,BC-20386,BCV5-0387,beauty-care-leche-arroz-70-ceramida,RESERVED_IMPORT_RANGE,GENERATED_CANONICAL_SOURCE_CODE,DETERMINISTIC_CANONICAL_SLUG,DETERMINISTIC_SOURCE_UUID,READY_CREATE
CATV1-P106-R2L,POLICY_APPROVED,f4dfd34a-2e90-d88d-58ad-2081d678d67e,BEAUTY_CARE,ACEITE LIMPIADOR HEARTLEAF PORE CONTROL,248d2875-a9cb-45f3-850a-d28453541309,,106000,93616e1929615699d277c24d8136444ab96de3fc228159bdbea42cb606a731d5,BC-20387,BCV5-0388,beauty-care-aceite-limpiador-heartleaf-pore-control,RESERVED_IMPORT_RANGE,GENERATED_CANONICAL_SOURCE_CODE,DETERMINISTIC_CANONICAL_SLUG,DETERMINISTIC_SOURCE_UUID,READY_CREATE
CATV1-P106-R2R,POLICY_APPROVED,465b7fed-a8f6-6274-f4d9-b62871e6a4d8,BEAUTY_CARE,SERUM NIACINAMIDA PEACH,248d2875-a9cb-45f3-850a-d28453541309,,131000,acc33b89b7b50ea14653bc3a8acbd9153f5177e051b1bf94cff58d51b2309bc6,BC-20388,BCV5-0389,beauty-care-serum-niacinamida-peach,RESERVED_IMPORT_RANGE,GENERATED_CANONICAL_SOURCE_CODE,DETERMINISTIC_CANONICAL_SLUG,DETERMINISTIC_SOURCE_UUID,READY_CREATE
CATV1-P106-R3L,POLICY_APPROVED,3a800110-5716-a151-d752-41dedc98d592,BEAUTY_CARE,SERUM NIACINAMIDA,248d2875-a9cb-45f3-850a-d28453541309,,131000,0294e42a6e07c07e03f75ece120becb05f6fe4a0702834b512ceefa0f5fc7bb1,BC-20389,BCV5-0390,beauty-care-serum-niacinamida-p106-r3l,RESERVED_IMPORT_RANGE,GENERATED_CANONICAL_SOURCE_CODE,DETERMINISTIC_CANONICAL_SLUG,DETERMINISTIC_SOURCE_UUID,READY_CREATE
CATV1-P106-R3R,POLICY_APPROVED,fb6f28ca-23fc-5db0-ce21-9b4eb62622a5,BEAUTY_CARE,SERUM ARROZ CERAMIDA,248d2875-a9cb-45f3-850a-d28453541309,,126000,fe6ab95c272faf514c5082375f34f6ab51636254b959f43229b7f38e6f4fd06c,BC-20390,BCV5-0391,beauty-care-serum-arroz-ceramida,RESERVED_IMPORT_RANGE,GENERATED_CANONICAL_SOURCE_CODE,DETERMINISTIC_CANONICAL_SLUG,DETERMINISTIC_SOURCE_UUID,READY_CREATE
CATV1-P107-R1L,POLICY_APPROVED,116e5619-5f95-c77e-df36-8d8f70214d86,BEAUTY_CARE,TONICO ARROZ CERAMINADA,248d2875-a9cb-45f3-850a-d28453541309,,116000,32eab6487528fcec026bf846e752d71d9da5069dcfea354aa18974eb18c346b1,BC-20391,BCV5-0392,beauty-care-tonico-arroz-ceraminada,RESERVED_IMPORT_RANGE,GENERATED_CANONICAL_SOURCE_CODE,DETERMINISTIC_CANONICAL_SLUG,DETERMINISTIC_SOURCE_UUID,READY_CREATE
CATV1-P107-R1R,POLICY_APPROVED,72fe1429-c9ef-7437-e9de-59def4091fdc,BEAUTY_CARE,ESPUMA LIMPIADORA HEARTLEAF BHA+,248d2875-a9cb-45f3-850a-d28453541309,,80000,eeb21a7e9172ee446cec12b54710639a20c2707ec371cd83a5aab3024644c9b3,BC-20392,BCV5-0393,beauty-care-espuma-limpiadora-heartleaf-bha-,RESERVED_IMPORT_RANGE,GENERATED_CANONICAL_SOURCE_CODE,DETERMINISTIC_CANONICAL_SLUG,DETERMINISTIC_SOURCE_UUID,READY_CREATE
CATV1-P107-R2L,HUMAN_APPROVED,ac965611-407a-a78c-b2a1-8b41fa7e943d,BEAUTY_CARE,SERUM AZULAICO Y HIALURONICO,248d2875-a9cb-45f3-850a-d28453541309,,116000,2e856281cf4c15f06c44e138887522c6200c86d590f53f13d35f7859ae16548c,BC-20393,BCV5-0394,beauty-care-serum-azulaico-y-hialuronico,RESERVED_IMPORT_RANGE,GENERATED_CANONICAL_SOURCE_CODE,DETERMINISTIC_CANONICAL_SLUG,DETERMINISTIC_SOURCE_UUID,READY_CREATE
CATV1-P107-R2R,POLICY_APPROVED,af71bef6-8a3c-5ae7-b8ef-b40f6ab1314a,BEAUTY_CARE,LIMPIADOR ILUMINADOR ARROZ+ CERAMIDA,248d2875-a9cb-45f3-850a-d28453541309,,106000,3f61e995ee135e45a1e57c6118b807e568f6d2d6bf72f79612c2a00961e30c42,BC-20394,BCV5-0395,beauty-care-limpiador-iluminador-arroz-ceramida,RESERVED_IMPORT_RANGE,GENERATED_CANONICAL_SOURCE_CODE,DETERMINISTIC_CANONICAL_SLUG,DETERMINISTIC_SOURCE_UUID,READY_CREATE
CATV1-P109-R1L,POLICY_APPROVED,8692ede6-1479-3397-1164-233fd1a254c9,BEAUTY_CARE,BEAN ESSENCE HIDRATANTE 30 ML - PEELING,6de0dff3-cc20-44ac-ac61-78fa5f30592e,,106000,07589ed51e2bb85b6be2f434f17a2d8e0cc06b6d7546c0f8180ad889ddc7fc88,BC-20395,BCV5-0396,beauty-care-bean-essence-hidratante-30-ml-peeling,RESERVED_IMPORT_RANGE,GENERATED_CANONICAL_SOURCE_CODE,DETERMINISTIC_CANONICAL_SLUG,DETERMINISTIC_SOURCE_UUID,READY_CREATE
CATV1-P109-R1R,POLICY_APPROVED,75c8e0b0-9bea-fb27-b208-f4b46fcb90de,BEAUTY_CARE,BEAN ESSENCE HIDRATANTE 50 ML - PEELING,6de0dff3-cc20-44ac-ac61-78fa5f30592e,,121000,5165837a57d90acac944b42ea8867ea5e8f24ce9e88712e8ef0540111e9971ed,BC-20396,BCV5-0397,beauty-care-bean-essence-hidratante-50-ml-peeling,RESERVED_IMPORT_RANGE,GENERATED_CANONICAL_SOURCE_CODE,DETERMINISTIC_CANONICAL_SLUG,DETERMINISTIC_SOURCE_UUID,READY_CREATE
CATV1-P109-R2L,POLICY_APPROVED,bcd2c79a-0af9-882e-e9ab-263c75405064,BEAUTY_CARE,MINI KIT ESENCIALES PURE GLOW,6de0dff3-cc20-44ac-ac61-78fa5f30592e,,141000,8c06ad7281872828c662196a3137a55b0af55a861274cd1fd501a62e3cecbd92,BC-20397,BCV5-0398,beauty-care-mini-kit-esenciales-pure-glow,RESERVED_IMPORT_RANGE,GENERATED_CANONICAL_SOURCE_CODE,DETERMINISTIC_CANONICAL_SLUG,DETERMINISTIC_SOURCE_UUID,READY_CREATE
CATV1-P111-R1L,POLICY_APPROVED,958b521c-ad4f-a2d3-ff4d-2a87acdd87e6,BEAUTY_CARE,TONICO TRIPLE COLLAGEN,54f60685-7212-4322-9984-6f5f497916e1,,100000,0312fb85efd5dbcd527713ae95ef07e8c96d10ae435edfcb89736c9787182e25,BC-20398,BCV5-0399,beauty-care-tonico-triple-collagen,RESERVED_IMPORT_RANGE,GENERATED_CANONICAL_SOURCE_CODE,DETERMINISTIC_CANONICAL_SLUG,DETERMINISTIC_SOURCE_UUID,READY_CREATE
CATV1-P111-R1R,POLICY_APPROVED,2f8606dc-105a-c6a9-5591-8112b8b66ea3,BEAUTY_CARE,CREMA COLAGENO EN GEL,54f60685-7212-4322-9984-6f5f497916e1,,121000,6a638e74dc3f556bdf9b3ce1c659eb7c4087bc7e04b09a643a79d1a2a184d20d,BC-20399,BCV5-0400,beauty-care-crema-colageno-en-gel,RESERVED_IMPORT_RANGE,GENERATED_CANONICAL_SOURCE_CODE,DETERMINISTIC_CANONICAL_SLUG,DETERMINISTIC_SOURCE_UUID,READY_CREATE
CATV1-P111-R2L,POLICY_APPROVED,92f6b917-1a75-0ee6-4103-93dfd34be1cc,BEAUTY_CARE,CREMA SOLAR REAFIRMANTE,54f60685-7212-4322-9984-6f5f497916e1,,121000,bc95744e5e2bfa9c96909a69a349d7090c725e474b2612b4b5c48a3cbea5b5f8,BC-20400,BCV5-0401,beauty-care-crema-solar-reafirmante,RESERVED_IMPORT_RANGE,GENERATED_CANONICAL_SOURCE_CODE,DETERMINISTIC_CANONICAL_SLUG,DETERMINISTIC_SOURCE_UUID,READY_CREATE
CATV1-P111-R2R,POLICY_APPROVED,5a311f39-d3b2-2318-47ef-0a423c1dd08c,BEAUTY_CARE,CREMA CAPSULE PINK PDRN,54f60685-7212-4322-9984-6f5f497916e1,,131000,9aa6e73d18b1f426a6f5c03101f6d6e127cd4d762acdd57d7a8c40fa38de1aa8,BC-20401,BCV5-0402,beauty-care-crema-capsule-pink-pdrn,RESERVED_IMPORT_RANGE,GENERATED_CANONICAL_SOURCE_CODE,DETERMINISTIC_CANONICAL_SLUG,DETERMINISTIC_SOURCE_UUID,READY_CREATE
CATV1-P111-R3L,POLICY_APPROVED,cc69cb77-2014-f318-5255-56ed5cef28a4,BEAUTY_CARE,CREMA CAPSULE ACIDO ACIDO KOJICO Y CURCUMA,54f60685-7212-4322-9984-6f5f497916e1,,131000,da28403df523b97565fe71d1cdbeb1472fbdb3f54fad16158614eebb1ca24338,BC-20402,BCV5-0403,beauty-care-crema-capsule-acido-acido-kojico-y-curcuma,RESERVED_IMPORT_RANGE,GENERATED_CANONICAL_SOURCE_CODE,DETERMINISTIC_CANONICAL_SLUG,DETERMINISTIC_SOURCE_UUID,READY_CREATE
CATV1-P111-R3R,POLICY_APPROVED,9b9fd529-9398-9292-ee93-84c1d358796b,BEAUTY_CARE,MASCARILLA NOCTURNA CAFEINA ROSA,54f60685-7212-4322-9984-6f5f497916e1,,131000,d42f07105b9cc39f5b371538dcdc4f0037318fc1159d5360c665c7445769c297,BC-20403,BCV5-0404,beauty-care-mascarilla-nocturna-cafeina-rosa,RESERVED_IMPORT_RANGE,GENERATED_CANONICAL_SOURCE_CODE,DETERMINISTIC_CANONICAL_SLUG,DETERMINISTIC_SOURCE_UUID,READY_CREATE
CATV1-P112-R1L,POLICY_APPROVED,9183d20e-f46d-ccfb-8ae9-572b0bfcf27a,BEAUTY_CARE,SERUM COLAGENO ROSA 2000 SUAVE,54f60685-7212-4322-9984-6f5f497916e1,,116000,31bdde595eb8153577fe09d52e5ecf108f4c3049b8903c753197bff56975b794,BC-20404,BCV5-0405,beauty-care-serum-colageno-rosa-2000-suave,RESERVED_IMPORT_RANGE,GENERATED_CANONICAL_SOURCE_CODE,DETERMINISTIC_CANONICAL_SLUG,DETERMINISTIC_SOURCE_UUID,READY_CREATE
CATV1-P112-R1R,POLICY_APPROVED,c55799cf-15b3-b74d-7f59-1239766378a8,BEAUTY_CARE,SERUM NIACINAMIDA SHOT,54f60685-7212-4322-9984-6f5f497916e1,,116000,16b964a5020d66542b8a06efd51843fa29ff44be7fa50a399a50532c9fb37ad4,BC-20405,BCV5-0406,beauty-care-serum-niacinamida-shot,RESERVED_IMPORT_RANGE,GENERATED_CANONICAL_SOURCE_CODE,DETERMINISTIC_CANONICAL_SLUG,DETERMINISTIC_SOURCE_UUID,READY_CREATE
CATV1-P112-R2L,POLICY_APPROVED,638a7137-9faf-c47b-3d73-19fdd4297b28,BEAUTY_CARE,SERUM PEPTIDO ROSA 30ML PDRN,54f60685-7212-4322-9984-6f5f497916e1,,116000,c328e88e8f2bc87dc45e2537555d30fcf028ba952e6ee1f7afd8fba0993b5f0e,BC-20406,BCV5-0407,beauty-care-serum-peptido-rosa-30ml-pdrn,RESERVED_IMPORT_RANGE,GENERATED_CANONICAL_SOURCE_CODE,DETERMINISTIC_CANONICAL_SLUG,DETERMINISTIC_SOURCE_UUID,READY_CREATE
CATV1-P112-R2R,POLICY_APPROVED,7333ac3c-32cc-43f5-cbeb-9d136bf19951,BEAUTY_CARE,BRUMA FACIAL TIPO SERUM,54f60685-7212-4322-9984-6f5f497916e1,,111000,b2b401fd9cae579fdc5774051659a263ab320b526f1d01648a1f8ec4c37bae8c,BC-20407,BCV5-0408,beauty-care-bruma-facial-tipo-serum,RESERVED_IMPORT_RANGE,GENERATED_CANONICAL_SOURCE_CODE,DETERMINISTIC_CANONICAL_SLUG,DETERMINISTIC_SOURCE_UUID,READY_CREATE
CATV1-P112-R3L,POLICY_APPROVED,4d144420-74ea-a149-83b6-42e4ff9714df,BEAUTY_CARE,CONTORNO DE OJOS ROSA PEPTIDOS,54f60685-7212-4322-9984-6f5f497916e1,,111000,4a5d0403b519108af049017442396e63be061182cb398ba8b4f894a17aa9eaea,BC-20408,BCV5-0409,beauty-care-contorno-de-ojos-rosa-peptidos,RESERVED_IMPORT_RANGE,GENERATED_CANONICAL_SOURCE_CODE,DETERMINISTIC_CANONICAL_SLUG,DETERMINISTIC_SOURCE_UUID,READY_CREATE
CATV1-P112-R3R,POLICY_APPROVED,b23ebf37-1d38-b007-b275-d63bfaac9352,BEAUTY_CARE,CREMA NIACINAMIDA ROJA PARA PIELES SENSIBLES CAPSULAS,54f60685-7212-4322-9984-6f5f497916e1,,131000,cf6f47578f9055498bbdbe34c83a76a8b857736f24fc993fc2475e98558a5df0,BC-20409,BCV5-0410,beauty-care-crema-niacinamida-roja-para-pieles-sensibles-capsulas,RESERVED_IMPORT_RANGE,GENERATED_CANONICAL_SOURCE_CODE,DETERMINISTIC_CANONICAL_SLUG,DETERMINISTIC_SOURCE_UUID,READY_CREATE
CATV1-P113-R1L,POLICY_APPROVED,e22ed717-7ebe-6830-12ee-ed285012573f,BEAUTY_CARE,TONICO PARA PIELES SENSIBLES 100 ML,54f60685-7212-4322-9984-6f5f497916e1,,101000,679c651f1661205a84f0760ce1e4a62e68b31d4e46338f81d27fcfd06f47f8e6,BC-20410,BCV5-0411,beauty-care-tonico-para-pieles-sensibles-100-ml,RESERVED_IMPORT_RANGE,GENERATED_CANONICAL_SOURCE_CODE,DETERMINISTIC_CANONICAL_SLUG,DETERMINISTIC_SOURCE_UUID,READY_CREATE
CATV1-P113-R1R,POLICY_APPROVED,868eb354-01ff-43af-17c3-a199ee67586f,BEAUTY_CARE,MASCARILLA COLAGENO NOCTURNA,54f60685-7212-4322-9984-6f5f497916e1,,121000,e382de53870ccfe73b7471ab6265c9fb524306c9154c64179ff9e842ad371f79,BC-20411,BCV5-0412,beauty-care-mascarilla-colageno-nocturna,RESERVED_IMPORT_RANGE,GENERATED_CANONICAL_SOURCE_CODE,DETERMINISTIC_CANONICAL_SLUG,DETERMINISTIC_SOURCE_UUID,READY_CREATE
CATV1-P113-R2L,POLICY_APPROVED,585e1ae4-878d-3564-5fab-c7293304c6ff,BEAUTY_CARE,CREMA EN CAPSULA VITAMINA C,54f60685-7212-4322-9984-6f5f497916e1,,131000,58acaf5dd8a026dd1c9cfce3f1d113443e1fcaf57a39c04f613cd2ac2b44b5cd,BC-20412,BCV5-0413,beauty-care-crema-en-capsula-vitamina-c,RESERVED_IMPORT_RANGE,GENERATED_CANONICAL_SOURCE_CODE,DETERMINISTIC_CANONICAL_SLUG,DETERMINISTIC_SOURCE_UUID,READY_CREATE
CATV1-P113-R2R,POLICY_APPROVED,a1462b75-67c1-fa5e-5b90-d379eabf5351,BEAUTY_CARE,RED ERASING CREAM - CREMA ANTIROJECES,54f60685-7212-4322-9984-6f5f497916e1,,90000,db96c5ed70c0f55eb47e1d1c3357e36dde17426e498fa428a57fea58738cbeaf,BC-20413,BCV5-0414,beauty-care-red-erasing-cream-crema-antirojeces,RESERVED_IMPORT_RANGE,GENERATED_CANONICAL_SOURCE_CODE,DETERMINISTIC_CANONICAL_SLUG,DETERMINISTIC_SOURCE_UUID,READY_CREATE
CATV1-P113-R3L,POLICY_APPROVED,06a00d85-0d26-411f-2125-0807ebe0dc7f,BEAUTY_CARE,SERUM EXFOLIANTE AZUL ONE DAY,54f60685-7212-4322-9984-6f5f497916e1,,121000,80694137f88d00d082950fa355d741b37a1513a6ecd7beb0dcb1a1b7b5500a63,BC-20414,BCV5-0415,beauty-care-serum-exfoliante-azul-one-day,RESERVED_IMPORT_RANGE,GENERATED_CANONICAL_SOURCE_CODE,DETERMINISTIC_CANONICAL_SLUG,DETERMINISTIC_SOURCE_UUID,READY_CREATE
CATV1-P113-R3R,POLICY_APPROVED,43e75c08-b423-0968-b445-549e8282091a,BEAUTY_CARE,SERUM COLAGENO 7500 INTENSIVO,54f60685-7212-4322-9984-6f5f497916e1,,136000,720e9bdfebee6a5ec1190728ba5b610611a3257e97a8d14cebe12e9060b39a08,BC-20415,BCV5-0416,beauty-care-serum-colageno-7500-intensivo,RESERVED_IMPORT_RANGE,GENERATED_CANONICAL_SOURCE_CODE,DETERMINISTIC_CANONICAL_SLUG,DETERMINISTIC_SOURCE_UUID,READY_CREATE
CATV1-P114-R1L,POLICY_APPROVED,c078358b-3951-483c-af9c-3b6d4e67d203,BEAUTY_CARE,SERUM DE ACIDO SUCCINICO ROJO ACNE,54f60685-7212-4322-9984-6f5f497916e1,,136000,d74ad06950a4e97731a198b2d3c374b065fd371729dec2622b84617bb5437048,BC-20416,BCV5-0417,beauty-care-serum-de-acido-succinico-rojo-acne,RESERVED_IMPORT_RANGE,GENERATED_CANONICAL_SOURCE_CODE,DETERMINISTIC_CANONICAL_SLUG,DETERMINISTIC_SOURCE_UUID,READY_CREATE
CATV1-P114-R1R,POLICY_APPROVED,8ddf8210-2ce2-36e6-ee21-cf02907ef880,BEAUTY_CARE,SERUM RED 2.0 PARA PEILES SENSIBLES,54f60685-7212-4322-9984-6f5f497916e1,,106000,472c350b9324766e2c62da55bb586dcd1b91b4058c25bade5b378fe4dc2837d6,BC-20417,BCV5-0418,beauty-care-serum-red-2-0-para-peiles-sensibles,RESERVED_IMPORT_RANGE,GENERATED_CANONICAL_SOURCE_CODE,DETERMINISTIC_CANONICAL_SLUG,DETERMINISTIC_SOURCE_UUID,READY_CREATE
CATV1-P114-R2L,POLICY_APPROVED,0d15cde9-b610-2db7-33c5-a67e07c29ec8,BEAUTY_CARE,CREMA HIDRANTE ROSA ACIDO HIALURONICO,54f60685-7212-4322-9984-6f5f497916e1,,99000,5c34d2a2b408bc4acd5a9a56c14964301155a585fdf5da5ca860af3212cb83fb,BC-20418,BCV5-0419,beauty-care-crema-hidrante-rosa-acido-hialuronico,RESERVED_IMPORT_RANGE,GENERATED_CANONICAL_SOURCE_CODE,DETERMINISTIC_CANONICAL_SLUG,DETERMINISTIC_SOURCE_UUID,READY_CREATE
CATV1-P114-R2R,POLICY_APPROVED,4a353b63-7ccb-c6fc-772a-6f9bc74b41f1,BEAUTY_CARE,MASCARILLA COLAGENO VELO FACIAL,54f60685-7212-4322-9984-6f5f497916e1,,24000,5ef238df7e98293a198c27839111da0b491ee61576deae78a0e1949f917bff4f,BC-20419,BCV5-0420,beauty-care-mascarilla-colageno-velo-facial,RESERVED_IMPORT_RANGE,GENERATED_CANONICAL_SOURCE_CODE,DETERMINISTIC_CANONICAL_SLUG,DETERMINISTIC_SOURCE_UUID,READY_CREATE
CATV1-P116-R1L,POLICY_APPROVED,349e8944-3ad8-9d92-593f-978a2ba23c36,BEAUTY_CARE,CENTELLA LIGTH CLEASING,78bc4553-2c58-4a9f-9b26-d337c0e29d05,,101000,ad14856068b2e1a5d4325c982bc7894069f14f92a211bd5afb1897e754f42a9a,BC-20420,BCV5-0421,beauty-care-centella-ligth-cleasing,RESERVED_IMPORT_RANGE,GENERATED_CANONICAL_SOURCE_CODE,DETERMINISTIC_CANONICAL_SLUG,DETERMINISTIC_SOURCE_UUID,READY_CREATE
CATV1-P116-R1R,POLICY_APPROVED,42fd7957-2e35-5bd2-c3eb-adcb919fc352,BEAUTY_CARE,OIL KIT TRAVEL CENTELLA,78bc4553-2c58-4a9f-9b26-d337c0e29d05,,146000,fd1223b7b34b926f52340610a69a94f37b62d30ab5930f35dde7850979a13b35,BC-20421,BCV5-0422,beauty-care-oil-kit-travel-centella,RESERVED_IMPORT_RANGE,GENERATED_CANONICAL_SOURCE_CODE,DETERMINISTIC_CANONICAL_SLUG,DETERMINISTIC_SOURCE_UUID,READY_CREATE
CATV1-P116-R2L,POLICY_APPROVED,e8b4e02c-17d9-323d-782b-5c126d97ac3d,BEAUTY_CARE,AIR SUNCREAM PLUS +50,78bc4553-2c58-4a9f-9b26-d337c0e29d05,,106000,5783ad731936b784d090e88c91f166aa86f772187a3a74e4ed0ae470dc84633c,BC-20422,BCV5-0423,beauty-care-air-suncream-plus-50,RESERVED_IMPORT_RANGE,GENERATED_CANONICAL_SOURCE_CODE,DETERMINISTIC_CANONICAL_SLUG,DETERMINISTIC_SOURCE_UUID,READY_CREATE
CATV1-P116-R2R,POLICY_APPROVED,56a2a639-d1a0-18d4-d1c8-7c91a3251bd7,BEAUTY_CARE,AIRFIT SUNCREAM LIFTG,78bc4553-2c58-4a9f-9b26-d337c0e29d05,,106000,f3a33b477134f7e463edc3fb088a5167dbbb761b4bda65856c2228ca2bfbfa12,BC-20423,BCV5-0424,beauty-care-airfit-suncream-liftg,RESERVED_IMPORT_RANGE,GENERATED_CANONICAL_SOURCE_CODE,DETERMINISTIC_CANONICAL_SLUG,DETERMINISTIC_SOURCE_UUID,READY_CREATE
CATV1-P116-R3L,POLICY_APPROVED,703968dc-456e-b621-2ea5-caafd9bc814f,BEAUTY_CARE,POREZING LIGTH GEL CREAM,78bc4553-2c58-4a9f-9b26-d337c0e29d05,,91000,e0a08c688ff9426689af0d5a4d94a4deb7ebb14fd93e02607b2c0a995757e6d3,BC-20424,BCV5-0425,beauty-care-porezing-ligth-gel-cream,RESERVED_IMPORT_RANGE,GENERATED_CANONICAL_SOURCE_CODE,DETERMINISTIC_CANONICAL_SLUG,DETERMINISTIC_SOURCE_UUID,READY_CREATE
CATV1-P116-R3R,POLICY_APPROVED,bdaaf197-58d8-6f74-9138-7d4a1d9f556d,BEAUTY_CARE,QUICK CLAY STICK,78bc4553-2c58-4a9f-9b26-d337c0e29d05,,96000,3c8f4cc1371e9325d6009b745dffc939cc5bdca80773a00e607082edf0c5e12c,BC-20425,BCV5-0426,beauty-care-quick-clay-stick,RESERVED_IMPORT_RANGE,GENERATED_CANONICAL_SOURCE_CODE,DETERMINISTIC_CANONICAL_SLUG,DETERMINISTIC_SOURCE_UUID,READY_CREATE
CATV1-P117-R1L,POLICY_APPROVED,3d4d4c2b-2126-c93d-6d89-1e41a0b93cc2,BEAUTY_CARE,TEA-TRICA PURIFING,78bc4553-2c58-4a9f-9b26-d337c0e29d05,,110000,ffc8f7fe3e8dad1a3da5e6b582863266c650c381da9f13effe9a019699ebbaeb,BC-20426,BCV5-0427,beauty-care-tea-trica-purifing,RESERVED_IMPORT_RANGE,GENERATED_CANONICAL_SOURCE_CODE,DETERMINISTIC_CANONICAL_SLUG,DETERMINISTIC_SOURCE_UUID,READY_CREATE
CATV1-P117-R1R,POLICY_APPROVED,d896f764-2f78-080a-88e3-f0f17cf3063f,BEAUTY_CARE,TEA TRICA B5 CREAM,78bc4553-2c58-4a9f-9b26-d337c0e29d05,,110000,b9c85f3218dc09037a1fc6b5d14fd323b5e1ea9e4df12aee2012676ef531f2c5,BC-20427,BCV5-0428,beauty-care-tea-trica-b5-cream,RESERVED_IMPORT_RANGE,GENERATED_CANONICAL_SOURCE_CODE,DETERMINISTIC_CANONICAL_SLUG,DETERMINISTIC_SOURCE_UUID,READY_CREATE
CATV1-P117-R2L,POLICY_APPROVED,b1f2d8bc-869d-e797-f744-3fe69c69f065,BEAUTY_CARE,TONE BRIGHTENING CREAM,78bc4553-2c58-4a9f-9b26-d337c0e29d05,,110000,8325db6e77df0e536e06f408edeefc77a1e91e3fd7ee95ab549c3e86d41c7b41,BC-20428,BCV5-0429,beauty-care-tone-brightening-cream,RESERVED_IMPORT_RANGE,GENERATED_CANONICAL_SOURCE_CODE,DETERMINISTIC_CANONICAL_SLUG,DETERMINISTIC_SOURCE_UUID,READY_CREATE
CATV1-P117-R2R,POLICY_APPROVED,a24c629e-ceab-6f8f-b469-c273c02436e8,BEAUTY_CARE,KIT MINI CENTELLA POREZING,78bc4553-2c58-4a9f-9b26-d337c0e29d05,,131000,4676b9af828d527cdf0b1b9f6a6d5767a96f2efdbb310164d78352c12a988473,BC-20429,BCV5-0430,beauty-care-kit-mini-centella-porezing,RESERVED_IMPORT_RANGE,GENERATED_CANONICAL_SOURCE_CODE,DETERMINISTIC_CANONICAL_SLUG,DETERMINISTIC_SOURCE_UUID,READY_CREATE
CATV1-P119-R1L,POLICY_APPROVED,95aec163-03f7-83f7-9ea6-7b76e7c9a4eb,BEAUTY_CARE,VASELINE SUNLIT GLOW,23e8de5f-d5a8-41f0-a3a7-169eaa4eadfc,,67000,d762717ec1904b5bb92cdc498137b9c5cc5772a9dd28443f1003d6a32ad90427,BC-20430,BCV5-0431,beauty-care-vaseline-sunlit-glow,RESERVED_IMPORT_RANGE,GENERATED_CANONICAL_SOURCE_CODE,DETERMINISTIC_CANONICAL_SLUG,DETERMINISTIC_SOURCE_UUID,READY_CREATE
CATV1-P119-R1R,POLICY_APPROVED,8cf3cd8e-050c-82eb-4dfe-bb20da1d27e2,BEAUTY_CARE,GOLDEN HOUR GLOW,23e8de5f-d5a8-41f0-a3a7-169eaa4eadfc,,67000,0ecfba98d34f07187203478648be0487c9544fa3a7785d28afe74dd3af4f4ea4,BC-20431,BCV5-0432,beauty-care-golden-hour-glow,RESERVED_IMPORT_RANGE,GENERATED_CANONICAL_SOURCE_CODE,DETERMINISTIC_CANONICAL_SLUG,DETERMINISTIC_SOURCE_UUID,READY_CREATE
CATV1-P119-R2L,POLICY_APPROVED,1ac158a8-92e1-52ce-143a-e72fba574203,BEAUTY_CARE,COCO RADIANT,23e8de5f-d5a8-41f0-a3a7-169eaa4eadfc,,61000,c7d7e0528af4672448e0c4222ce650dacf519eaed4d0b67e66e143117d338fc3,BC-20432,BCV5-0433,beauty-care-coco-radiant,RESERVED_IMPORT_RANGE,GENERATED_CANONICAL_SOURCE_CODE,DETERMINISTIC_CANONICAL_SLUG,DETERMINISTIC_SOURCE_UUID,READY_CREATE
CATV1-P119-R2R,POLICY_APPROVED,c2983b59-3308-55c4-0de7-a9f7c3b76bb9,BEAUTY_CARE,VASELINE MINI HIDRATANTE LABIOS,23e8de5f-d5a8-41f0-a3a7-169eaa4eadfc,,30000,1debd9c5e49b301ca655a64fae6dc61d320306a12243b5c4438daa6d18d6c407,BC-20433,BCV5-0434,beauty-care-vaseline-mini-hidratante-labios,RESERVED_IMPORT_RANGE,GENERATED_CANONICAL_SOURCE_CODE,DETERMINISTIC_CANONICAL_SLUG,DETERMINISTIC_SOURCE_UUID,READY_CREATE
CATV1-P121-R1L,POLICY_APPROVED,418a43ef-981f-c369-4931-1bbb3b978326,BEAUTY_CARE,JABON LIQUIDO EOS,e0e130b8-60d3-4b2d-8fbb-a0329c19adc0,,80000,2d3d38096a7e0393da7f35c6ba331b6609662430d474c74db4942460bacc7c9d,BC-20434,BCV5-0435,beauty-care-jabon-liquido-eos,RESERVED_IMPORT_RANGE,GENERATED_CANONICAL_SOURCE_CODE,DETERMINISTIC_CANONICAL_SLUG,DETERMINISTIC_SOURCE_UUID,READY_CREATE
CATV1-P121-R1R,POLICY_APPROVED,4564c39a-095e-b632-6f6f-2323063b28af,BEAUTY_CARE,CREMA EOS,e0e130b8-60d3-4b2d-8fbb-a0329c19adc0,,80000,417da140f201094275266d4a9c47e2a8ad8e2a5ffed320b392b9a686d90ab985,BC-20435,BCV5-0436,beauty-care-crema-eos,RESERVED_IMPORT_RANGE,GENERATED_CANONICAL_SOURCE_CODE,DETERMINISTIC_CANONICAL_SLUG,DETERMINISTIC_SOURCE_UUID,READY_CREATE
CATV1-P123-R1L,POLICY_APPROVED,51feba95-0e14-7d87-5010-4c685c8aafb8,BEAUTY_CARE,GOMAS RELAXING MAGNESIO,1d6dae29-08b1-4b89-8569-3e09bd05fe6d,,141000,518d7319f36c3015440e2725657b805e106ba5e498af115f0c025b7571d7e227,BC-20436,BCV5-0437,beauty-care-gomas-relaxing-magnesio,RESERVED_IMPORT_RANGE,GENERATED_CANONICAL_SOURCE_CODE,DETERMINISTIC_CANONICAL_SLUG,DETERMINISTIC_SOURCE_UUID,READY_CREATE
CATV1-P123-R1R,POLICY_APPROVED,e4f9a913-0a7e-eb5c-43ec-dca1a83533eb,BEAUTY_CARE,GOMAS BEAUTY UNDENIABLE,1d6dae29-08b1-4b89-8569-3e09bd05fe6d,,136000,5105171d0e6781b45abeab827cbf9179b90e37968023612b6db51de3af55d487,BC-20437,BCV5-0438,beauty-care-gomas-beauty-undeniable,RESERVED_IMPORT_RANGE,GENERATED_CANONICAL_SOURCE_CODE,DETERMINISTIC_CANONICAL_SLUG,DETERMINISTIC_SOURCE_UUID,READY_CREATE
CATV1-P123-R2L,POLICY_APPROVED,679f0d6c-6513-e966-bbc8-9412bc43bb4e,BEAUTY_CARE,SUEÑO SALUDABLE,1d6dae29-08b1-4b89-8569-3e09bd05fe6d,,141000,34effbb421c1d0f99f1bb070599fc696aa1e9d0ab36cb59b8be69453642e4f2e,BC-20438,BCV5-0439,beauty-care-sueno-saludable,RESERVED_IMPORT_RANGE,GENERATED_CANONICAL_SOURCE_CODE,DETERMINISTIC_CANONICAL_SLUG,DETERMINISTIC_SOURCE_UUID,READY_CREATE
CATV1-P125-R1L,POLICY_APPROVED,afa2e640-9b53-6bd7-7dcc-a8234f57ca91,BEAUTY_CARE,RICE SERUM,14935694-a7a6-4130-846a-be0565a29c0e,,9000,8d6aca69c5217c321a9f02480c617ee9a8e32353c1a894d95eb5706c7e26e490,BC-20439,BCV5-0440,beauty-care-rice-serum,RESERVED_IMPORT_RANGE,GENERATED_CANONICAL_SOURCE_CODE,DETERMINISTIC_CANONICAL_SLUG,DETERMINISTIC_SOURCE_UUID,READY_CREATE
CATV1-P125-R1R,HUMAN_APPROVED,7c17413c-ab8a-df79-7f4e-086de3574ad2,BEAUTY_CARE,RICE CREAM,14935694-a7a6-4130-846a-be0565a29c0e,,19000,0ba9f01c7dd6b4dcc509ed312a156d25214fe599ffbbcffb5cddf7604ebc75f7,BC-20440,BCV5-0441,beauty-care-rice-cream,RESERVED_IMPORT_RANGE,GENERATED_CANONICAL_SOURCE_CODE,DETERMINISTIC_CANONICAL_SLUG,DETERMINISTIC_SOURCE_UUID,READY_CREATE
CATV1-P125-R2L,POLICY_APPROVED,38ea2b1f-c616-f7d8-411a-bed509caa749,BEAUTY_CARE,RICE TONER,14935694-a7a6-4130-846a-be0565a29c0e,,26000,bd1910578f087e7df418d0cdfb87d602442e1a002345057e01ab0a11693011e9,BC-20441,BCV5-0442,beauty-care-rice-toner,RESERVED_IMPORT_RANGE,GENERATED_CANONICAL_SOURCE_CODE,DETERMINISTIC_CANONICAL_SLUG,DETERMINISTIC_SOURCE_UUID,READY_CREATE
CATV1-P125-R2R,POLICY_APPROVED,74c3fdc3-0f96-619e-5563-5ea39aa774d6,BEAUTY_CARE,RICE FACIAL CLEASNER,14935694-a7a6-4130-846a-be0565a29c0e,,19000,364d747edf73235be4e64382d8bb2db4a72462f3f3392e5d0b800a867843a31f,BC-20442,BCV5-0443,beauty-care-rice-facial-cleasner,RESERVED_IMPORT_RANGE,GENERATED_CANONICAL_SOURCE_CODE,DETERMINISTIC_CANONICAL_SLUG,DETERMINISTIC_SOURCE_UUID,READY_CREATE
CATV1-P125-R3L,POLICY_APPROVED,41e2d450-b55f-7b63-4969-45fb6f53b631,BEAUTY_CARE,WATER MELON CREAM .,14935694-a7a6-4130-846a-be0565a29c0e,,19000,e7dc2d663baf845f755f9aeab0e90ac68f07a64d28876af8118ce0e16cff926b,BC-20443,BCV5-0444,beauty-care-water-melon-cream-,RESERVED_IMPORT_RANGE,GENERATED_CANONICAL_SOURCE_CODE,DETERMINISTIC_CANONICAL_SLUG,DETERMINISTIC_SOURCE_UUID,READY_CREATE
CATV1-P125-R3R,POLICY_APPROVED,60a2fe9d-bcf8-805a-a1e7-afc1ba0e998f,BEAUTY_CARE,WATER MELON TONER,14935694-a7a6-4130-846a-be0565a29c0e,,26000,ff36c235e544e43ef39bc0e6c742a4ec40e2a09722e2f9eccab5e7b48d03594d,BC-20444,BCV5-0445,beauty-care-water-melon-toner,RESERVED_IMPORT_RANGE,GENERATED_CANONICAL_SOURCE_CODE,DETERMINISTIC_CANONICAL_SLUG,DETERMINISTIC_SOURCE_UUID,READY_CREATE
CATV1-P126-R1L,POLICY_APPROVED,3e635218-0bf2-a3e5-aa9d-f2035ea8bd5a,BEAUTY_CARE,WATER MELON FACIAL CLEASNER,14935694-a7a6-4130-846a-be0565a29c0e,,19000,9af850cc0d8be3e36da97d47549b8d7f2fd2797255808f813c8a657ebbd435a5,BC-20445,BCV5-0446,beauty-care-water-melon-facial-cleasner,RESERVED_IMPORT_RANGE,GENERATED_CANONICAL_SOURCE_CODE,DETERMINISTIC_CANONICAL_SLUG,DETERMINISTIC_SOURCE_UUID,READY_CREATE
CATV1-P126-R1R,POLICY_APPROVED,7ee24855-b8ca-e4c7-67e8-68b40320bf91,BEAUTY_CARE,WATER MELON ESSENCE SERUM,14935694-a7a6-4130-846a-be0565a29c0e,,20000,2bca7b0c60201d029b5fdca7b7db52140149ecb02215ddfa0850c2f26b9f90a9,BC-20446,BCV5-0447,beauty-care-water-melon-essence-serum,RESERVED_IMPORT_RANGE,GENERATED_CANONICAL_SOURCE_CODE,DETERMINISTIC_CANONICAL_SLUG,DETERMINISTIC_SOURCE_UUID,READY_CREATE
CATV1-P126-R2L,POLICY_APPROVED,a1a2a6bc-78c8-0143-3747-7d72f98716e5,BEAUTY_CARE,TEA TREE TONER,14935694-a7a6-4130-846a-be0565a29c0e,,26000,4d353e9a92c4409ad3d6b9a798e857c1e1ad763cce3268e58bfb9f44caeab079,BC-20447,BCV5-0448,beauty-care-tea-tree-toner,RESERVED_IMPORT_RANGE,GENERATED_CANONICAL_SOURCE_CODE,DETERMINISTIC_CANONICAL_SLUG,DETERMINISTIC_SOURCE_UUID,READY_CREATE
CATV1-P126-R2R,POLICY_APPROVED,2f242220-532f-9513-a23d-7d695e0b6bf8,BEAUTY_CARE,TEA TREE FACIAL CREAM,14935694-a7a6-4130-846a-be0565a29c0e,,19000,4fac9d6e55e46c9c417e9690aac4cf9f3d1cf31a6687b5a5326512773bbbe0c3,BC-20448,BCV5-0449,beauty-care-tea-tree-facial-cream,RESERVED_IMPORT_RANGE,GENERATED_CANONICAL_SOURCE_CODE,DETERMINISTIC_CANONICAL_SLUG,DETERMINISTIC_SOURCE_UUID,READY_CREATE
CATV1-P126-R3L,POLICY_APPROVED,d0ef7419-4a3c-a1bd-dadd-f0aa6414b1d4,BEAUTY_CARE,TEA TREE SERUM,14935694-a7a6-4130-846a-be0565a29c0e,,19000,b9a0bd2b2f73cc02341f9f422ca90dea1a71c61060146378db0e06dfcfab8309,BC-20449,BCV5-0450,beauty-care-tea-tree-serum,RESERVED_IMPORT_RANGE,GENERATED_CANONICAL_SOURCE_CODE,DETERMINISTIC_CANONICAL_SLUG,DETERMINISTIC_SOURCE_UUID,READY_CREATE
CATV1-P126-R3R,POLICY_APPROVED,6bee7f06-4ea2-f969-f081-56d9964f95b0,BEAUTY_CARE,TEA TREE FACIAL CLEANSER,14935694-a7a6-4130-846a-be0565a29c0e,,19000,3d2f39c3accecced9b30edfa2637698a16480151232747a7d8b6aca79b3ea51f,BC-20450,BCV5-0451,beauty-care-tea-tree-facial-cleanser,RESERVED_IMPORT_RANGE,GENERATED_CANONICAL_SOURCE_CODE,DETERMINISTIC_CANONICAL_SLUG,DETERMINISTIC_SOURCE_UUID,READY_CREATE
CATV1-P128-R1L,POLICY_APPROVED,7476dc15-a7f9-c0e1-6ea0-04741f0227f3,BEAUTY_CARE,TINTA GIRLY,ee824908-74ce-4709-9eb3-255748302976,,23000,41c969059499d423c1367c93240548c14813c42f6e350d4bdb9934ccf7bf3b73,BC-20451,BCV5-0452,beauty-care-tinta-girly,RESERVED_IMPORT_RANGE,GENERATED_CANONICAL_SOURCE_CODE,DETERMINISTIC_CANONICAL_SLUG,DETERMINISTIC_SOURCE_UUID,READY_CREATE
CATV1-P128-R1R,POLICY_APPROVED,a9a2df7b-e243-72d8-8734-f2edddfb11cd,BEAUTY_CARE,GEL ALOE VERA,ee824908-74ce-4709-9eb3-255748302976,,33000,3bef182de0ec3cb50fc95295420fce5848c68130e4be8a4f070cf75bf5f95504,BC-20452,BCV5-0453,beauty-care-gel-aloe-vera,RESERVED_IMPORT_RANGE,GENERATED_CANONICAL_SOURCE_CODE,DETERMINISTIC_CANONICAL_SLUG,DETERMINISTIC_SOURCE_UUID,READY_CREATE
CATV1-P128-R2L,POLICY_APPROVED,d745a03d-cbce-c218-8a0e-c184f96e28a5,BEAUTY_CARE,BLOQUEADOR GIRLY 3 TONOS,ee824908-74ce-4709-9eb3-255748302976,,61000,e2a1eb6e29f37f01b37d7d2969e90be6667f6c34bc4c78784f70b53a0143e837,BC-20453,BCV5-0454,beauty-care-bloqueador-girly-3-tonos,RESERVED_IMPORT_RANGE,GENERATED_CANONICAL_SOURCE_CODE,DETERMINISTIC_CANONICAL_SLUG,DETERMINISTIC_SOURCE_UUID,READY_CREATE
CATV1-P128-R2R,POLICY_APPROVED,582b031c-1b62-a03e-f615-21024b93f04d,BEAUTY_CARE,MANTEQUILLA CORPORAL,ee824908-74ce-4709-9eb3-255748302976,,38000,e97da9359f0391426a3d709baed1dcb0f7fc2d7956b68f45e3815a0bd54af00a,BC-20454,BCV5-0455,beauty-care-mantequilla-corporal-p128-r2r,RESERVED_IMPORT_RANGE,GENERATED_CANONICAL_SOURCE_CODE,DETERMINISTIC_CANONICAL_SLUG,DETERMINISTIC_SOURCE_UUID,READY_CREATE
CATV1-P128-R3L,POLICY_APPROVED,0cd3abe1-e12e-8225-53d0-a89693af5d6a,BEAUTY_CARE,BRUMA FACIAL,ee824908-74ce-4709-9eb3-255748302976,,36000,89ee3e8e2281d3f7149be887deea8d9b232cc5b3ba76ba08701f2854b483f308,BC-20455,BCV5-0456,beauty-care-bruma-facial,RESERVED_IMPORT_RANGE,GENERATED_CANONICAL_SOURCE_CODE,DETERMINISTIC_CANONICAL_SLUG,DETERMINISTIC_SOURCE_UUID,READY_CREATE
CATV1-P128-R3R,POLICY_APPROVED,5eebea5e-95a8-4bab-79f9-66f490863d44,BEAUTY_CARE,AGUA MICELAR,ee824908-74ce-4709-9eb3-255748302976,,31000,77ee6f191c523c663fd982f6864b23e6791c77ee18b1e56c18e6d39f3858642b,BC-20456,BCV5-0457,beauty-care-agua-micelar-p128-r3r,RESERVED_IMPORT_RANGE,GENERATED_CANONICAL_SOURCE_CODE,DETERMINISTIC_CANONICAL_SLUG,DETERMINISTIC_SOURCE_UUID,READY_CREATE
CATV1-P129-R1L,POLICY_APPROVED,6458f18a-9145-0765-a61b-edc82c23c42c,BEAUTY_CARE,MASCARILLA NUTRITIVA,ee824908-74ce-4709-9eb3-255748302976,,32000,0fcd8c70e68afa26421a4a62adb3b5aabf2fafd94c9674cf7253e9f113d44ffd,BC-20457,BCV5-0458,beauty-care-mascarilla-nutritiva-p129-r1l,RESERVED_IMPORT_RANGE,GENERATED_CANONICAL_SOURCE_CODE,DETERMINISTIC_CANONICAL_SLUG,DETERMINISTIC_SOURCE_UUID,READY_CREATE
CATV1-P129-R1R,POLICY_APPROVED,eefbf73e-eb94-885e-12fc-aa93fa9c25d7,BEAUTY_CARE,JABON LIMPIADOR,ee824908-74ce-4709-9eb3-255748302976,,34000,7ca8767f370e0b249abb8c9dd7e537e6581cb9c90007bedd2aae7827b6a5231c,BC-20458,BCV5-0459,beauty-care-jabon-limpiador,RESERVED_IMPORT_RANGE,GENERATED_CANONICAL_SOURCE_CODE,DETERMINISTIC_CANONICAL_SLUG,DETERMINISTIC_SOURCE_UUID,READY_CREATE
CATV1-P129-R2L,POLICY_APPROVED,5b1be833-fecf-649d-27d4-8b125adf0cd4,BEAUTY_CARE,FIJADOR GRANDE,ee824908-74ce-4709-9eb3-255748302976,,37000,b217d14a43168e86149eb1e5b6bf8a711e5fbb6eec3845e4db55a9acea0f45ed,BC-20459,BCV5-0460,beauty-care-fijador-grande-p129-r2l,RESERVED_IMPORT_RANGE,GENERATED_CANONICAL_SOURCE_CODE,DETERMINISTIC_CANONICAL_SLUG,DETERMINISTIC_SOURCE_UUID,READY_CREATE
CATV1-P129-R2R,POLICY_APPROVED,d255cdae-330a-9f41-7e1e-83a1ed00af8a,BEAUTY_CARE,LAPIZ DE LABIOS,ee824908-74ce-4709-9eb3-255748302976,,15000,11629e264de6f67a312fd4c483c37c14705c446664de65727a6a89f2f2654a11,BC-20460,BCV5-0461,beauty-care-lapiz-de-labios-p129-r2r,RESERVED_IMPORT_RANGE,GENERATED_CANONICAL_SOURCE_CODE,DETERMINISTIC_CANONICAL_SLUG,DETERMINISTIC_SOURCE_UUID,READY_CREATE
CATV1-P129-R3L,POLICY_APPROVED,5eea07df-c6ff-03a5-db54-e4cd3dcfe00b,BEAUTY_CARE,LIP BALM,ee824908-74ce-4709-9eb3-255748302976,,34000,ad76b732d929ecce334014b7ee96db3179affe3266915e4d9a65eb4bc2591779,BC-20461,BCV5-0462,beauty-care-lip-balm,RESERVED_IMPORT_RANGE,GENERATED_CANONICAL_SOURCE_CODE,DETERMINISTIC_CANONICAL_SLUG,DETERMINISTIC_SOURCE_UUID,READY_CREATE
CATV1-P129-R3R,POLICY_APPROVED,b62e85b0-de09-7a17-4860-9a27788d09c1,BEAUTY_CARE,CREMA HIDRATANTE,ee824908-74ce-4709-9eb3-255748302976,,30000,2837c1d9b8202873750b57e121d733f1b9432b497db2cff0b0c3ac16d3418f1d,BC-20462,BCV5-0463,beauty-care-crema-hidratante,RESERVED_IMPORT_RANGE,GENERATED_CANONICAL_SOURCE_CODE,DETERMINISTIC_CANONICAL_SLUG,DETERMINISTIC_SOURCE_UUID,READY_CREATE
CATV1-P130-R1L,HUMAN_APPROVED,feea3881-9c32-18d4-b303-2b441ebc246e,BEAUTY_CARE,KIT VIAJERO,ee824908-74ce-4709-9eb3-255748302976,,72000,cf34daa841b4c5422915f92e62fb91cde217bc7ecb72ede3d14400829efdbce9,BC-20463,BCV5-0464,beauty-care-kit-viajero,RESERVED_IMPORT_RANGE,GENERATED_CANONICAL_SOURCE_CODE,DETERMINISTIC_CANONICAL_SLUG,DETERMINISTIC_SOURCE_UUID,READY_CREATE
CATV1-P130-R1R,POLICY_APPROVED,89cbc679-3f87-4445-4287-3b8faf589312,BEAUTY_CARE,POLVOS SUELTOS,ee824908-74ce-4709-9eb3-255748302976,,36500,445528f14b67a40ae16e48b9563fe9bcd2ca40eb117eea0cd6894d2ce2266891,BC-20464,BCV5-0465,beauty-care-polvos-sueltos,RESERVED_IMPORT_RANGE,GENERATED_CANONICAL_SOURCE_CODE,DETERMINISTIC_CANONICAL_SLUG,DETERMINISTIC_SOURCE_UUID,READY_CREATE
CATV1-P130-R2L,POLICY_APPROVED,bdd38f8e-8755-bfec-3598-4a0d4ede3d92,BEAUTY_CARE,CONTORNO OJOS,ee824908-74ce-4709-9eb3-255748302976,,31000,cfe708925f6be52cb53494d97e0aa9633b2fee4b9b6f2351a6c809e886e90c8f,BC-20465,BCV5-0466,beauty-care-contorno-ojos,RESERVED_IMPORT_RANGE,GENERATED_CANONICAL_SOURCE_CODE,DETERMINISTIC_CANONICAL_SLUG,DETERMINISTIC_SOURCE_UUID,READY_CREATE
CATV1-P130-R2R,POLICY_APPROVED,d02d5235-78a7-bebe-baa6-57746ac7fc41,BEAUTY_CARE,PESTANINA GIRLY,ee824908-74ce-4709-9eb3-255748302976,,21000,eb8b1c3df423a5e36508bb220c6f185f1aaf5bed10e5deadcce65d803c342a62,BC-20466,BCV5-0467,beauty-care-pestanina-girly,RESERVED_IMPORT_RANGE,GENERATED_CANONICAL_SOURCE_CODE,DETERMINISTIC_CANONICAL_SLUG,DETERMINISTIC_SOURCE_UUID,READY_CREATE
CATV1-P130-R3L,POLICY_APPROVED,4f1484e6-0ebe-6033-acb0-1a0e503a0d0d,BEAUTY_CARE,LIP STICK MILAN Y ROMA,ee824908-74ce-4709-9eb3-255748302976,,23000,21afa81b6d99fda407dce7083da30021f6b5a208606d38c4d970e305bde476c3,BC-20467,BCV5-0468,beauty-care-lip-stick-milan-y-roma,RESERVED_IMPORT_RANGE,GENERATED_CANONICAL_SOURCE_CODE,DETERMINISTIC_CANONICAL_SLUG,DETERMINISTIC_SOURCE_UUID,READY_CREATE
CATV1-P130-R3R,POLICY_APPROVED,ece48832-aba7-6b99-9f4f-3c682fd3ca23,BEAUTY_CARE,CREMA DE NOCHE,ee824908-74ce-4709-9eb3-255748302976,,28000,cf51fa66dd089714e188d91aabd10b1d2fc100f0e139f91be065dccbfe842e47,BC-20468,BCV5-0469,beauty-care-crema-de-noche,RESERVED_IMPORT_RANGE,GENERATED_CANONICAL_SOURCE_CODE,DETERMINISTIC_CANONICAL_SLUG,DETERMINISTIC_SOURCE_UUID,READY_CREATE
CATV1-P131-R1L,POLICY_APPROVED,ac541719-b60b-1241-e5f8-aaab75bf21fb,BEAUTY_CARE,LIP BALM PEPTIDE,ee824908-74ce-4709-9eb3-255748302976,,34000,861b346cbb7dbe0780636613c017d16638960fe20a3dc388e4bff32890aaa8ad,BC-20469,BCV5-0470,beauty-care-lip-balm-peptide,RESERVED_IMPORT_RANGE,GENERATED_CANONICAL_SOURCE_CODE,DETERMINISTIC_CANONICAL_SLUG,DETERMINISTIC_SOURCE_UUID,READY_CREATE
CATV1-P131-R1R,POLICY_APPROVED,3efd0b1a-9e6f-6e66-7985-928f85e4003f,BEAUTY_CARE,DESMAQUILLADOR DE OJOS,ee824908-74ce-4709-9eb3-255748302976,,34000,a04f687c8d528095958b821154d284cb5b04a0a3b9ac562731a3bcd950a3717d,BC-20470,BCV5-0471,beauty-care-desmaquillador-de-ojos,RESERVED_IMPORT_RANGE,GENERATED_CANONICAL_SOURCE_CODE,DETERMINISTIC_CANONICAL_SLUG,DETERMINISTIC_SOURCE_UUID,READY_CREATE
CATV1-P131-R2L,POLICY_APPROVED,2bfbd126-44e1-637e-9593-9a7762657447,BEAUTY_CARE,LIP BAR,ee824908-74ce-4709-9eb3-255748302976,,26000,459de8a97b2378bf9cc045ff3af6c493aec62e1066665dd00b5069674d6eed3f,BC-20471,BCV5-0472,beauty-care-lip-bar,RESERVED_IMPORT_RANGE,GENERATED_CANONICAL_SOURCE_CODE,DETERMINISTIC_CANONICAL_SLUG,DETERMINISTIC_SOURCE_UUID,READY_CREATE
CATV1-P131-R2R,POLICY_APPROVED,9db5610b-a195-6228-46ab-4b2ddcf238ac,BEAUTY_CARE,LECHE LIMPIADORA,ee824908-74ce-4709-9eb3-255748302976,,36000,0414001f6c6e0e94163d0904cedab7b2ccc2df9325f953f41c0b8ebc2b977047,BC-20472,BCV5-0473,beauty-care-leche-limpiadora,RESERVED_IMPORT_RANGE,GENERATED_CANONICAL_SOURCE_CODE,DETERMINISTIC_CANONICAL_SLUG,DETERMINISTIC_SOURCE_UUID,READY_CREATE
CATV1-P133-R1L,POLICY_APPROVED,3cf5025a-58c0-6f3d-1e18-45d9bb93b76c,BEAUTY_CARE,DESPIGMENTANTE LB,64b0a568-2007-418f-a691-678d9b4eaca4,,50000,cb68e73278beaf7684814e787122abb9486766d237a9d6b3bade9a23a07a3c08,BC-20473,BCV5-0474,beauty-care-despigmentante-lb,RESERVED_IMPORT_RANGE,GENERATED_CANONICAL_SOURCE_CODE,DETERMINISTIC_CANONICAL_SLUG,DETERMINISTIC_SOURCE_UUID,READY_CREATE
CATV1-P133-R1R,POLICY_APPROVED,04b076e8-a347-ce4d-54c9-e55626be7b67,BEAUTY_CARE,ANTITRANSPIRANTE,64b0a568-2007-418f-a691-678d9b4eaca4,,53000,6f63b2996c07fbb3b3c5a233421c2690df8b1bf4d93980daf8d97e31b379bfac,BC-20474,BCV5-0475,beauty-care-antitranspirante,RESERVED_IMPORT_RANGE,GENERATED_CANONICAL_SOURCE_CODE,DETERMINISTIC_CANONICAL_SLUG,DETERMINISTIC_SOURCE_UUID,READY_CREATE
CATV1-P133-R2L,POLICY_APPROVED,317bd0aa-caf7-e0f2-fc27-2521f6e532d3,BEAUTY_CARE,GEL RENOVADOR INTIMO,64b0a568-2007-418f-a691-678d9b4eaca4,,64000,aad5371d00074d5e191070451182d74370b56659be5997c0c053ee5e075af919,BC-20475,BCV5-0476,beauty-care-gel-renovador-intimo,RESERVED_IMPORT_RANGE,GENERATED_CANONICAL_SOURCE_CODE,DETERMINISTIC_CANONICAL_SLUG,DETERMINISTIC_SOURCE_UUID,READY_CREATE
CATV1-P133-R2R,POLICY_APPROVED,97cbff7d-bdfb-7262-8d61-1145b50e8e0b,BEAUTY_CARE,PANTALLA SOLAR,64b0a568-2007-418f-a691-678d9b4eaca4,,46000,2cac504775226242c770a8029da36048e04a90f516297f677d153cce38efa334,BC-20476,BCV5-0477,beauty-care-pantalla-solar,RESERVED_IMPORT_RANGE,GENERATED_CANONICAL_SOURCE_CODE,DETERMINISTIC_CANONICAL_SLUG,DETERMINISTIC_SOURCE_UUID,READY_CREATE
CATV1-P135-R1L,POLICY_APPROVED,60fe7a29-3226-b29f-8259-56b52e07f1f4,BEAUTY_CARE,CEPILLO DESENREDANTE 54,,b36e2375-b910-4030-abf2-832999885338,13000,08ba51147da70f059b02c79aa43857cf074b75213979e68d7e7d7c0c68270fdf,BC-20477,BCV5-0478,beauty-care-cepillo-desenredante-54,RESERVED_IMPORT_RANGE,GENERATED_CANONICAL_SOURCE_CODE,DETERMINISTIC_CANONICAL_SLUG,DETERMINISTIC_SOURCE_UUID,READY_CREATE
CATV1-P135-R1R,POLICY_APPROVED,14b08abe-7dca-4ff0-ee60-406aa4c18fe5,BEAUTY_CARE,MINIMARIPOSA,,b36e2375-b910-4030-abf2-832999885338,4000,57933e0a22663a0c74c5ab1343da74dd47ed5c76e375d29d34d92fcf666748ec,BC-20478,BCV5-0479,beauty-care-minimariposa,RESERVED_IMPORT_RANGE,GENERATED_CANONICAL_SOURCE_CODE,DETERMINISTIC_CANONICAL_SLUG,DETERMINISTIC_SOURCE_UUID,READY_CREATE
CATV1-P135-R2L,POLICY_APPROVED,2afab49b-f446-6dfb-508b-b16e3cd037ea,BEAUTY_CARE,DEADEMA DELGADA (PREGUNTA COLORES),,b36e2375-b910-4030-abf2-832999885338,6000,567be40cbaa91980677e06556e71079b9c5b1c851b5fb19603edb3711a9616b4,BC-20479,BCV5-0480,beauty-care-deadema-delgada-pregunta-colores-,RESERVED_IMPORT_RANGE,GENERATED_CANONICAL_SOURCE_CODE,DETERMINISTIC_CANONICAL_SLUG,DETERMINISTIC_SOURCE_UUID,READY_CREATE
CATV1-P135-R2R,POLICY_APPROVED,bb3f550a-2f85-5f12-cf87-7f26797e5a0a,BEAUTY_CARE,GANCHO DOBLE MARIPOSA,,b36e2375-b910-4030-abf2-832999885338,9000,301c874ccaf034d083a914d827bb04c767b219439d5741992ff3ca2cb5f93939,BC-20480,BCV5-0481,beauty-care-gancho-doble-mariposa,RESERVED_IMPORT_RANGE,GENERATED_CANONICAL_SOURCE_CODE,DETERMINISTIC_CANONICAL_SLUG,DETERMINISTIC_SOURCE_UUID,READY_CREATE
CATV1-P135-R3L,POLICY_APPROVED,1509213a-1895-b399-87c6-f55f6cdd6a18,BEAUTY_CARE,SCRUNCHI MEDIANA,,b36e2375-b910-4030-abf2-832999885338,7000,a68945dd3f38abf54bbce929074861c2c6c9cd2b273f293ddb9fae283e495fef,BC-20481,BCV5-0482,beauty-care-scrunchi-mediana,RESERVED_IMPORT_RANGE,GENERATED_CANONICAL_SOURCE_CODE,DETERMINISTIC_CANONICAL_SLUG,DETERMINISTIC_SOURCE_UUID,READY_CREATE
CATV1-P135-R3R,POLICY_APPROVED,10e1f784-57fc-45b2-6bc4-7f931a6ff5f8,BEAUTY_CARE,DIADEMA MEDIANA,,b36e2375-b910-4030-abf2-832999885338,7000,7b66fe469f0e3803caeafac02efd94792349e2822956ec534412dd38044e8b40,BC-20482,BCV5-0483,beauty-care-diadema-mediana,RESERVED_IMPORT_RANGE,GENERATED_CANONICAL_SOURCE_CODE,DETERMINISTIC_CANONICAL_SLUG,DETERMINISTIC_SOURCE_UUID,READY_CREATE
CATV1-P136-R1L,POLICY_APPROVED,2936618d-ff4e-5cd2-9fb3-8ddb58cd9661,BEAUTY_CARE,GORRO SATIN DOBLE VARIOS COLORES,,b36e2375-b910-4030-abf2-832999885338,19000,ae434c70626380fe24f4c956b4f05199483c510bbbe9b96788ff6c1213241a7f,BC-20483,BCV5-0484,beauty-care-gorro-satin-doble-varios-colores,RESERVED_IMPORT_RANGE,GENERATED_CANONICAL_SOURCE_CODE,DETERMINISTIC_CANONICAL_SLUG,DETERMINISTIC_SOURCE_UUID,READY_CREATE
CATV1-P136-R1R,POLICY_APPROVED,84366edf-c417-c8d7-7c4e-5d8b09f6e000,BEAUTY_CARE,MOÑA MEDIANA,,b36e2375-b910-4030-abf2-832999885338,8000,a7f763b38bcce477d114059a0ae8ba418c794ac6451499845ebf4f93c5604861,BC-20484,BCV5-0485,beauty-care-mona-mediana,RESERVED_IMPORT_RANGE,GENERATED_CANONICAL_SOURCE_CODE,DETERMINISTIC_CANONICAL_SLUG,DETERMINISTIC_SOURCE_UUID,READY_CREATE
CATV1-P136-R2L,HUMAN_APPROVED,d00f4d82-ab21-0e1b-3f13-243a1127b80b,BEAUTY_CARE,CEPILLO MASAJEADOR,,b36e2375-b910-4030-abf2-832999885338,11000,26a502e9f54560a1232f61ceb00ddfab54e43a2d60adb75ae95a6461a7955523,BC-20485,BCV5-0486,beauty-care-cepillo-masajeador-p136-r2l,RESERVED_IMPORT_RANGE,GENERATED_CANONICAL_SOURCE_CODE,DETERMINISTIC_CANONICAL_SLUG,DETERMINISTIC_SOURCE_UUID,READY_CREATE
CATV1-P136-R2R,POLICY_APPROVED,f42a9131-2df7-f9fe-fd84-d6ad004d0a21,BEAUTY_CARE,SCRUNCHI PEQUEÑA,,b36e2375-b910-4030-abf2-832999885338,5000,0fc29a9d3e6d951d5e409e7020dbcf84376b765242224bff9557642e2cca30d4,BC-20486,BCV5-0487,beauty-care-scrunchi-pequena,RESERVED_IMPORT_RANGE,GENERATED_CANONICAL_SOURCE_CODE,DETERMINISTIC_CANONICAL_SLUG,DETERMINISTIC_SOURCE_UUID,READY_CREATE
CATV1-P136-R3L,POLICY_APPROVED,07ac616e-5f04-454a-e6a9-a26e9205d06f,BEAUTY_CARE,MOÑAS PEQUEÑA,,b36e2375-b910-4030-abf2-832999885338,6000,dcbe787d81dbee93af08f1fa61815fcac789d7fed54f11c93dcc15d2b7e0b172,BC-20487,BCV5-0488,beauty-care-monas-pequena,RESERVED_IMPORT_RANGE,GENERATED_CANONICAL_SOURCE_CODE,DETERMINISTIC_CANONICAL_SLUG,DETERMINISTIC_SOURCE_UUID,READY_CREATE
CATV1-P136-R3R,POLICY_APPROVED,8d94fdb5-ccf4-85f1-efc3-7b83f304ce19,BEAUTY_CARE,DEADEMAS NUBE CON MUÑEQUERA,,b36e2375-b910-4030-abf2-832999885338,13000,e4739ca89bb0fb14e630387bee25a9a866d878c10e91bc83699aee792930b78f,BC-20488,BCV5-0489,beauty-care-deademas-nube-con-munequera,RESERVED_IMPORT_RANGE,GENERATED_CANONICAL_SOURCE_CODE,DETERMINISTIC_CANONICAL_SLUG,DETERMINISTIC_SOURCE_UUID,READY_CREATE
CATV1-P137-R1L,POLICY_APPROVED,cde0fa65-4c72-fdf1-fe1d-5113fa89ba72,BEAUTY_CARE,CEPILLO PULIDOR,,b36e2375-b910-4030-abf2-832999885338,11000,bc744733fba2397bf7ec85840eefb4a7c5105e3271646609bac87ba860b4d4e1,BC-20489,BCV5-0490,beauty-care-cepillo-pulidor,RESERVED_IMPORT_RANGE,GENERATED_CANONICAL_SOURCE_CODE,DETERMINISTIC_CANONICAL_SLUG,DETERMINISTIC_SOURCE_UUID,READY_CREATE
CATV1-P137-R1R,POLICY_APPROVED,8d13765f-9113-0cd0-c222-7eb8f15bfa78,BEAUTY_CARE,CEPILLO DESENREDANTE,,b36e2375-b910-4030-abf2-832999885338,9000,3051f4d2263718f95cc98e79af11b85c1e995b218c63f14196ec51d1f0d8fd5b,BC-20490,BCV5-0491,beauty-care-cepillo-desenredante-p137-r1r,RESERVED_IMPORT_RANGE,GENERATED_CANONICAL_SOURCE_CODE,DETERMINISTIC_CANONICAL_SLUG,DETERMINISTIC_SOURCE_UUID,READY_CREATE
CATV1-P137-R2L,POLICY_APPROVED,1a226819-8aac-f7b7-e8c0-4b08bd29fae3,BEAUTY_CARE,GORRO SATIN SENCILLO VARIOS COLORES,,b36e2375-b910-4030-abf2-832999885338,15000,65b24706216f057840c99119143e6e1279d562a5653dc7b98f76299bb8eb7e49,BC-20491,BCV5-0492,beauty-care-gorro-satin-sencillo-varios-colores,RESERVED_IMPORT_RANGE,GENERATED_CANONICAL_SOURCE_CODE,DETERMINISTIC_CANONICAL_SLUG,DETERMINISTIC_SOURCE_UUID,READY_CREATE
CATV1-P137-R3L,POLICY_APPROVED,567d7711-697c-f46a-1fd5-7e38ac658307,BEAUTY_CARE,SCRUNCHI GRANDE,,b36e2375-b910-4030-abf2-832999885338,8000,fef48d22a00ee1b069c13e425d84b8e63026f8e4a3692f70c3a29a5337ddd0da,BC-20492,BCV5-0493,beauty-care-scrunchi-grande,RESERVED_IMPORT_RANGE,GENERATED_CANONICAL_SOURCE_CODE,DETERMINISTIC_CANONICAL_SLUG,DETERMINISTIC_SOURCE_UUID,READY_CREATE
CATV1-P137-R3R,POLICY_APPROVED,38f9e499-99da-cb1b-fc35-e2b40772f78c,BEAUTY_CARE,CEPILLO BAMBU,,b36e2375-b910-4030-abf2-832999885338,19000,7647db0d516f759a884ee225754c0914a236d6f78cc2623f53ef1c05f5358dd8,BC-20493,BCV5-0494,beauty-care-cepillo-bambu,RESERVED_IMPORT_RANGE,GENERATED_CANONICAL_SOURCE_CODE,DETERMINISTIC_CANONICAL_SLUG,DETERMINISTIC_SOURCE_UUID,READY_CREATE
CATV1-P138-R1L,HUMAN_APPROVED,d992dfba-b7c1-64d4-ca16-d6e17808196e,BEAUTY_CARE,MASAJEADOR CAPILAR,,b36e2375-b910-4030-abf2-832999885338,13000,c39303465fb9c1b168ccc77301f9d21f6cdd8c9563584eb3c0b0a776c465f490,BC-20494,BCV5-0495,beauty-care-masajeador-capilar,RESERVED_IMPORT_RANGE,GENERATED_CANONICAL_SOURCE_CODE,DETERMINISTIC_CANONICAL_SLUG,DETERMINISTIC_SOURCE_UUID,READY_CREATE
CATV1-P138-R1R,POLICY_APPROVED,9adc2cea-6604-b598-eb65-cd067c14dfc2,BEAUTY_CARE,GANCHO MARIPOSA NACAR,,b36e2375-b910-4030-abf2-832999885338,13000,9ff8f0772ba9b029e3ba8e23de9466e16819338f3a553db72696f10eaa6fac89,BC-20495,BCV5-0496,beauty-care-gancho-mariposa-nacar,RESERVED_IMPORT_RANGE,GENERATED_CANONICAL_SOURCE_CODE,DETERMINISTIC_CANONICAL_SLUG,DETERMINISTIC_SOURCE_UUID,READY_CREATE
CATV1-P138-R2L,POLICY_APPROVED,a1e4f0b4-9868-9ea2-e075-646a22dea96e,BEAUTY_CARE,PONY CUFF MEDIA LUNA,,b36e2375-b910-4030-abf2-832999885338,6000,a7ddbf3c425851396c02a655f71f4e23b4f0a8c1f18778b0fc205f9a0b337d9f,BC-20496,BCV5-0497,beauty-care-pony-cuff-media-luna,RESERVED_IMPORT_RANGE,GENERATED_CANONICAL_SOURCE_CODE,DETERMINISTIC_CANONICAL_SLUG,DETERMINISTIC_SOURCE_UUID,READY_CREATE
CATV1-P138-R2R,POLICY_APPROVED,e09fd753-55c4-ef1b-663b-895adf3f8187,BEAUTY_CARE,PONYCUFF,,b36e2375-b910-4030-abf2-832999885338,6000,272cc02b7f3b7945afad223fcb09a21eb08caa4b0016ac8b8ed435e0272c5595,BC-20497,BCV5-0498,beauty-care-ponycuff,RESERVED_IMPORT_RANGE,GENERATED_CANONICAL_SOURCE_CODE,DETERMINISTIC_CANONICAL_SLUG,DETERMINISTIC_SOURCE_UUID,READY_CREATE
CATV1-P138-R3L,POLICY_APPROVED,ec0a7471-5c16-b1f8-47ae-ac568f4f0af0,BEAUTY_CARE,MARIPOSA NACAR DOBLE,,b36e2375-b910-4030-abf2-832999885338,13000,f8d4ad1cc1f6d6a9d0df210c9b6c931ebb156ca718c34138530a7590c843eb68,BC-20498,BCV5-0499,beauty-care-mariposa-nacar-doble,RESERVED_IMPORT_RANGE,GENERATED_CANONICAL_SOURCE_CODE,DETERMINISTIC_CANONICAL_SLUG,DETERMINISTIC_SOURCE_UUID,READY_CREATE
CATV1-P138-R3R,HUMAN_APPROVED,45d756a2-b3c4-321b-e819-860c8aa1b51e,BEAUTY_CARE,CEPILLO MASAJEADOR,,b36e2375-b910-4030-abf2-832999885338,13000,78d67f4d5a0bd5be4abc53b1bae36288aeea8125e1dc790c8ea5db978ca993b4,BC-20499,BCV5-0500,beauty-care-cepillo-masajeador-p138-r3r,RESERVED_IMPORT_RANGE,GENERATED_CANONICAL_SOURCE_CODE,DETERMINISTIC_CANONICAL_SLUG,DETERMINISTIC_SOURCE_UUID,READY_CREATE
CATV1-P139-R1L,POLICY_APPROVED,b8cf6d2c-84b7-e74b-5792-f8aa6f2f4b83,BEAUTY_CARE,KITGANCHOS,,b36e2375-b910-4030-abf2-832999885338,8000,4bb40a587e8fd0f5f5cf9fdb465d01778eceecb406bf0d7dec2f52ae8b776799,BC-20500,BCV5-0501,beauty-care-kitganchos,RESERVED_IMPORT_RANGE,GENERATED_CANONICAL_SOURCE_CODE,DETERMINISTIC_CANONICAL_SLUG,DETERMINISTIC_SOURCE_UUID,READY_CREATE
CATV1-P139-R1R,HUMAN_APPROVED,d6b6240d-096b-294d-9151-5974c9b35fd8,BEAUTY_CARE,DEADEMAS NUBE,,b36e2375-b910-4030-abf2-832999885338,13000,b1e35e86cf0d9f2d76c40ba799b9c7170b3ee025af3b08e7019c5fae4de53c17,BC-20501,BCV5-0502,beauty-care-deademas-nube,RESERVED_IMPORT_RANGE,GENERATED_CANONICAL_SOURCE_CODE,DETERMINISTIC_CANONICAL_SLUG,DETERMINISTIC_SOURCE_UUID,READY_CREATE
CATV1-P139-R2L,POLICY_APPROVED,5ec0fdae-b9ae-0cc7-ab5c-83735b2b0902,BEAUTY_CARE,FUNDAS DE SATIN,,b36e2375-b910-4030-abf2-832999885338,16000,5820ab1a73b2b153d1fb7be0b818f2a76db2bb6a9101ac436e864695bca906a2,BC-20502,BCV5-0503,beauty-care-fundas-de-satin,RESERVED_IMPORT_RANGE,GENERATED_CANONICAL_SOURCE_CODE,DETERMINISTIC_CANONICAL_SLUG,DETERMINISTIC_SOURCE_UUID,READY_CREATE
CATV1-P139-R2R,POLICY_APPROVED,c455179a-00e5-f31e-e124-8280aa4a3b6b,BEAUTY_CARE,PINZA MARIPOSA,,b36e2375-b910-4030-abf2-832999885338,8000,7b49dec94a746cf3eff1b29a171034dd23a71af9b54b007e10e471593c1fb163,BC-20503,BCV5-0504,beauty-care-pinza-mariposa,RESERVED_IMPORT_RANGE,GENERATED_CANONICAL_SOURCE_CODE,DETERMINISTIC_CANONICAL_SLUG,DETERMINISTIC_SOURCE_UUID,READY_CREATE
CATV1-P139-R3L,POLICY_APPROVED,ddb9b0d4-e397-8207-e057-75a900b70174,BEAUTY_CARE,MOÑA TULIPAN,,b36e2375-b910-4030-abf2-832999885338,13000,8f815e1a0ce04d07946046ea3b378c62ee0c9e70e814955d4872b126293be4da,BC-20504,BCV5-0505,beauty-care-mona-tulipan,RESERVED_IMPORT_RANGE,GENERATED_CANONICAL_SOURCE_CODE,DETERMINISTIC_CANONICAL_SLUG,DETERMINISTIC_SOURCE_UUID,READY_CREATE
CATV1-P139-R3R,POLICY_APPROVED,58a56e3a-c4cc-7af6-fa5b-78b59cc068e4,BEAUTY_CARE,FUNDA ESTAMPADA DIFERENTES,,b36e2375-b910-4030-abf2-832999885338,21000,92fffbc07131e24687b2b927b2d97ad641d590976a8c1e0cb438705d55a3db78,BC-20505,BCV5-0506,beauty-care-funda-estampada-diferentes,RESERVED_IMPORT_RANGE,GENERATED_CANONICAL_SOURCE_CODE,DETERMINISTIC_CANONICAL_SLUG,DETERMINISTIC_SOURCE_UUID,READY_CREATE
CATV1-P140-R1L,HUMAN_APPROVED,aa81ea4a-e427-734e-1f96-512663141408,BEAUTY_CARE,PINZA COREANA X,,b36e2375-b910-4030-abf2-832999885338,3800,029420cc6334f37789f221cc930e4a40ed09806769ce12b15ab1a91d772332a8,BC-20506,BCV5-0507,beauty-care-pinza-coreana-x,RESERVED_IMPORT_RANGE,GENERATED_CANONICAL_SOURCE_CODE,DETERMINISTIC_CANONICAL_SLUG,DETERMINISTIC_SOURCE_UUID,READY_CREATE
CATV1-P140-R2L,POLICY_APPROVED,501fa0a7-c459-e538-a93a-f90912fa97c0,BEAUTY_CARE,GANCHO CEBRA,,b36e2375-b910-4030-abf2-832999885338,7000,4f0b0eed1dd0e17f38aed46b383cc183944ed5d6a1d499f318b519913a57d077,BC-20507,BCV5-0508,beauty-care-gancho-cebra,RESERVED_IMPORT_RANGE,GENERATED_CANONICAL_SOURCE_CODE,DETERMINISTIC_CANONICAL_SLUG,DETERMINISTIC_SOURCE_UUID,READY_CREATE
CATV1-P140-R2R,POLICY_APPROVED,c7bf4f03-e0e6-6437-6939-45c4aaf1ff2f,BEAUTY_CARE,MOÑOS X2,,b36e2375-b910-4030-abf2-832999885338,7000,e8a61380c8d1b18b70477494a6652a978d6dbb639577246be3656d5d06edda04,BC-20508,BCV5-0509,beauty-care-monos-x2,RESERVED_IMPORT_RANGE,GENERATED_CANONICAL_SOURCE_CODE,DETERMINISTIC_CANONICAL_SLUG,DETERMINISTIC_SOURCE_UUID,READY_CREATE
CATV1-P141-R1R,HUMAN_APPROVED,0c39e15a-c45a-f62e-b8a4-16ee520ea898,BEAUTY_CARE,PINZA CORENANA X,,b36e2375-b910-4030-abf2-832999885338,8000,efb6e53e598efdd888db8699347f633e374083cc3b665afefce3a0d76d82c3ec,BC-20509,BCV5-0510,beauty-care-pinza-corenana-x,RESERVED_IMPORT_RANGE,GENERATED_CANONICAL_SOURCE_CODE,DETERMINISTIC_CANONICAL_SLUG,DETERMINISTIC_SOURCE_UUID,READY_CREATE
CATV1-P141-R2L,POLICY_APPROVED,d5d84e8c-574f-eae0-e07a-334d74e42016,BEAUTY_CARE,CEPILLO RIZOS,,b36e2375-b910-4030-abf2-832999885338,19000,273ec9cd967c17e0c6df70f7cfb83ddfbe7434f88d4d069cd37c3268f8186c63,BC-20510,BCV5-0511,beauty-care-cepillo-rizos,RESERVED_IMPORT_RANGE,GENERATED_CANONICAL_SOURCE_CODE,DETERMINISTIC_CANONICAL_SLUG,DETERMINISTIC_SOURCE_UUID,READY_CREATE
CATV1-P141-R3L,POLICY_APPROVED,c112b9a3-8321-8430-e0b0-d2c7122b3025,BEAUTY_CARE,GANGCHO FLOR HAWA VAQUITA,,b36e2375-b910-4030-abf2-832999885338,7000,b646587e3a066ac7b5fb839c47574b12c27d24e7c7ec3d6a725b7651e9c46aa9,BC-20511,BCV5-0512,beauty-care-gangcho-flor-hawa-vaquita,RESERVED_IMPORT_RANGE,GENERATED_CANONICAL_SOURCE_CODE,DETERMINISTIC_CANONICAL_SLUG,DETERMINISTIC_SOURCE_UUID,READY_CREATE
CATV1-P142-R1L,POLICY_APPROVED,cf87885c-5382-2e14-d64e-1f8b528eee87,BEAUTY_CARE,GANCHO FLOR GRANDE,,b36e2375-b910-4030-abf2-832999885338,7000,d410dcf3e7781548452c67be03037d1fa6b9ecbef8887de321ab0c55069fc4d0,BC-20512,BCV5-0513,beauty-care-gancho-flor-grande,RESERVED_IMPORT_RANGE,GENERATED_CANONICAL_SOURCE_CODE,DETERMINISTIC_CANONICAL_SLUG,DETERMINISTIC_SOURCE_UUID,READY_CREATE
CATV1-P142-R2L,POLICY_APPROVED,8618d71b-bb7d-d391-2e01-60d5756150bd,BEAUTY_CARE,KIT PEINETAS,,b36e2375-b910-4030-abf2-832999885338,9000,782027bf574eb0af30b9d2b55c94fab7fa5f93f673bd0655794b3312f0d1a7e5,BC-20513,BCV5-0514,beauty-care-kit-peinetas,RESERVED_IMPORT_RANGE,GENERATED_CANONICAL_SOURCE_CODE,DETERMINISTIC_CANONICAL_SLUG,DETERMINISTIC_SOURCE_UUID,READY_CREATE
CATV1-P142-R2R,POLICY_APPROVED,5918483b-db44-2c70-3675-d32db0e36a5a,BEAUTY_CARE,CEPILLO CON ESPEJO,,b36e2375-b910-4030-abf2-832999885338,11000,59fda67cd8eef0d42cc3dbf0be9d68ca76447a85daedb5f77ce44e23a86a78a3,BC-20514,BCV5-0515,beauty-care-cepillo-con-espejo,RESERVED_IMPORT_RANGE,GENERATED_CANONICAL_SOURCE_CODE,DETERMINISTIC_CANONICAL_SLUG,DETERMINISTIC_SOURCE_UUID,READY_CREATE
CATV1-P142-R3L,POLICY_APPROVED,f1ea32fe-8a3b-c5bb-6719-c0d74c48aee1,BEAUTY_CARE,DEADEMAS OREJITAS CON MUÑEQUERA,,b36e2375-b910-4030-abf2-832999885338,16000,fa64067834cd9fc7c5cc59648490d4ae949ed39c122c1dc43105e94ac129e95d,BC-20515,BCV5-0516,beauty-care-deademas-orejitas-con-munequera,RESERVED_IMPORT_RANGE,GENERATED_CANONICAL_SOURCE_CODE,DETERMINISTIC_CANONICAL_SLUG,DETERMINISTIC_SOURCE_UUID,READY_CREATE
CATV1-P142-R3R,POLICY_APPROVED,e0e4ab7a-fa6e-fa0a-502f-5186d7a900b0,BEAUTY_CARE,MASAJEADOR CON BORLAS,,b36e2375-b910-4030-abf2-832999885338,11000,611668078050ecbe0b3ea3806dfe31fab2567609cbe8a233d4dadebed3fc4698,BC-20516,BCV5-0517,beauty-care-masajeador-con-borlas,RESERVED_IMPORT_RANGE,GENERATED_CANONICAL_SOURCE_CODE,DETERMINISTIC_CANONICAL_SLUG,DETERMINISTIC_SOURCE_UUID,READY_CREATE
CATV1-P144-R1L,HUMAN_APPROVED,f3686cc1-401b-828d-62ab-4a8daf99a76c,BEAUTY_CARE,RUBOR OG YESS QUEEN,4ef7e563-2744-446c-804d-7fc5952ec59a,,41000,24da711148989ae3490d7d8ffe19b8c2c97326ec40c2be0bd87912c2df5d948f,BC-20517,BCV5-0518,beauty-care-rubor-og-yess-queen-p144-r1l,RESERVED_IMPORT_RANGE,GENERATED_CANONICAL_SOURCE_CODE,DETERMINISTIC_CANONICAL_SLUG,DETERMINISTIC_SOURCE_UUID,READY_CREATE
CATV1-P144-R1R,HUMAN_APPROVED,472bc2b4-f9de-0a9e-b4a8-3d1c938fd41e,BEAUTY_CARE,RUBOR OG YESS QUEEN,4ef7e563-2744-446c-804d-7fc5952ec59a,,36000,87167d3d8985887c403e11cb5dbbdaf5204369ae2588d2e0d3f9e345c3388423,BC-20518,BCV5-0519,beauty-care-rubor-og-yess-queen-p144-r1r,RESERVED_IMPORT_RANGE,GENERATED_CANONICAL_SOURCE_CODE,DETERMINISTIC_CANONICAL_SLUG,DETERMINISTIC_SOURCE_UUID,READY_CREATE
CATV1-P144-R2L,POLICY_APPROVED,2c409f84-220e-8d1c-7adb-ba36faa9b35d,BEAUTY_CARE,ILUMINADOR UFF OG,4ef7e563-2744-446c-804d-7fc5952ec59a,,41000,d255911b90810dc46f1d2d90b6ff0de1136177e61df77dd63c1fe2c89663f60c,BC-20519,BCV5-0520,beauty-care-iluminador-uff-og,RESERVED_IMPORT_RANGE,GENERATED_CANONICAL_SOURCE_CODE,DETERMINISTIC_CANONICAL_SLUG,DETERMINISTIC_SOURCE_UUID,READY_CREATE
CATV1-P144-R2R,POLICY_APPROVED,1595933a-f4db-28a4-c290-f1fa96a3f9f6,BEAUTY_CARE,ILUMINADOR DAILY OG,4ef7e563-2744-446c-804d-7fc5952ec59a,,43000,d7d9162571ff8cee1ab68c0a0163daa0989eada83b8a2a33c9dc75c2ce2ac75e,BC-20520,BCV5-0521,beauty-care-iluminador-daily-og,RESERVED_IMPORT_RANGE,GENERATED_CANONICAL_SOURCE_CODE,DETERMINISTIC_CANONICAL_SLUG,DETERMINISTIC_SOURCE_UUID,READY_CREATE
CATV1-P144-R3L,POLICY_APPROVED,e2779449-0176-d283-6065-57a57a96b3e6,BEAUTY_CARE,CORRECTOR OG,4ef7e563-2744-446c-804d-7fc5952ec59a,,33000,9d484359c69dbb17bc1cc71e5789a4c5fe2919e62259a87722cdc041c6c41a58,BC-20521,BCV5-0522,beauty-care-corrector-og,RESERVED_IMPORT_RANGE,GENERATED_CANONICAL_SOURCE_CODE,DETERMINISTIC_CANONICAL_SLUG,DETERMINISTIC_SOURCE_UUID,READY_CREATE
CATV1-P144-R3R,POLICY_APPROVED,82a4166e-2e97-5bd6-594d-f72d77031c3f,BEAUTY_CARE,BASE AQUA OG,4ef7e563-2744-446c-804d-7fc5952ec59a,,43000,7f0ee6a8be22ee8556ba1ccf7b629a22a9d5b9210e1f149c5c6c12ad96e7f0f7,BC-20522,BCV5-0523,beauty-care-base-aqua-og,RESERVED_IMPORT_RANGE,GENERATED_CANONICAL_SOURCE_CODE,DETERMINISTIC_CANONICAL_SLUG,DETERMINISTIC_SOURCE_UUID,READY_CREATE
CATV1-P145-R1L,POLICY_APPROVED,239d9bfb-9ee8-c2c8-d421-7c12ff134b5c,BEAUTY_CARE,BROCHA PROFESIONAL BD02,4ef7e563-2744-446c-804d-7fc5952ec59a,,27000,055caa967fd0487b8e22c6a80e4a6aa2ebf8e73b0402195581e3fc2a78c45950,BC-20523,BCV5-0524,beauty-care-brocha-profesional-bd02,RESERVED_IMPORT_RANGE,GENERATED_CANONICAL_SOURCE_CODE,DETERMINISTIC_CANONICAL_SLUG,DETERMINISTIC_SOURCE_UUID,READY_CREATE
CATV1-P145-R1R,POLICY_APPROVED,d7acf381-36d2-96cf-2ca2-10cfde498f7e,BEAUTY_CARE,BROCHA PROFESIONAL BD01,4ef7e563-2744-446c-804d-7fc5952ec59a,,29000,88a0043e1972cf8b1436650c5ef598c89cc4699a147776472f593d12f1be449c,BC-20524,BCV5-0525,beauty-care-brocha-profesional-bd01,RESERVED_IMPORT_RANGE,GENERATED_CANONICAL_SOURCE_CODE,DETERMINISTIC_CANONICAL_SLUG,DETERMINISTIC_SOURCE_UUID,READY_CREATE
CATV1-P145-R2L,POLICY_APPROVED,8ce78b01-64b5-0511-3614-3fbc045b8774,BEAUTY_CARE,BROCHA PROFESIONAL BD03,4ef7e563-2744-446c-804d-7fc5952ec59a,,19000,1fffc9992bbb504abf6117f044fc1694b3b791eec8e555e40daadb90f9ac7cdd,BC-20525,BCV5-0526,beauty-care-brocha-profesional-bd03,RESERVED_IMPORT_RANGE,GENERATED_CANONICAL_SOURCE_CODE,DETERMINISTIC_CANONICAL_SLUG,DETERMINISTIC_SOURCE_UUID,READY_CREATE
CATV1-P145-R2R,POLICY_APPROVED,10f14800-aade-8d5e-76df-e6ccc20db2cb,BEAUTY_CARE,BROCHA PROFESIONAL BD04,4ef7e563-2744-446c-804d-7fc5952ec59a,,14000,20a721e89b3fd63abdab70091248fe4dfa28f43a9df93f6e72159a00a40ec971,BC-20526,BCV5-0527,beauty-care-brocha-profesional-bd04,RESERVED_IMPORT_RANGE,GENERATED_CANONICAL_SOURCE_CODE,DETERMINISTIC_CANONICAL_SLUG,DETERMINISTIC_SOURCE_UUID,READY_CREATE
CATV1-P145-R3R,POLICY_APPROVED,f0a0d213-df2e-e510-c69f-f5d7bed41cae,BEAUTY_CARE,PESTAÑINA DRAMATIC OG,4ef7e563-2744-446c-804d-7fc5952ec59a,,31000,3bd1ba8c9314dd9f5cc1ce6bdb8fb80222e8ccbaacddf23461c327a51545c296,BC-20527,BCV5-0528,beauty-care-pestanina-dramatic-og,RESERVED_IMPORT_RANGE,GENERATED_CANONICAL_SOURCE_CODE,DETERMINISTIC_CANONICAL_SLUG,DETERMINISTIC_SOURCE_UUID,READY_CREATE
CATV1-P146-R2R,POLICY_APPROVED,466b2d9b-fdf3-825c-0263-f0a77009f637,BEAUTY_CARE,POLVO OG,4ef7e563-2744-446c-804d-7fc5952ec59a,,31000,5fb460f220534464666866c5cea5e313e88289d96596cc99028017512fed7ea2,BC-20528,BCV5-0529,beauty-care-polvo-og,RESERVED_IMPORT_RANGE,GENERATED_CANONICAL_SOURCE_CODE,DETERMINISTIC_CANONICAL_SLUG,DETERMINISTIC_SOURCE_UUID,READY_CREATE
CATV1-P148-R1L,POLICY_APPROVED,9791c028-8ec4-5201-cc6d-519f958464fd,BEAUTY_CARE,SERUM CEJAS Y PESTAÑAS,27533ebe-da8e-4e03-8f65-e001fb9418fa,,50000,349df36e895908013128be4ee3758212deae05220df4d0d97da02eb1c99b91ea,BC-20529,BCV5-0530,beauty-care-serum-cejas-y-pestanas,RESERVED_IMPORT_RANGE,GENERATED_CANONICAL_SOURCE_CODE,DETERMINISTIC_CANONICAL_SLUG,DETERMINISTIC_SOURCE_UUID,READY_CREATE
CATV1-P148-R1R,POLICY_APPROVED,cfaac384-92de-187a-15b2-aaa67c73b4fb,BEAUTY_CARE,ENCRESPADOR PROFESIONAL,27533ebe-da8e-4e03-8f65-e001fb9418fa,,37000,6265e084735a053929661fa19529000fde22548702ca2262768e1e9b1dbe01e8,BC-20530,BCV5-0531,beauty-care-encrespador-profesional,RESERVED_IMPORT_RANGE,GENERATED_CANONICAL_SOURCE_CODE,DETERMINISTIC_CANONICAL_SLUG,DETERMINISTIC_SOURCE_UUID,READY_CREATE
CATV1-P148-R2L,POLICY_APPROVED,0d47d6b2-5926-f83c-a41b-d9ca0e187b55,BEAUTY_CARE,BI FASIL PEQ,27533ebe-da8e-4e03-8f65-e001fb9418fa,,21000,c8ff658189c3943edfb152da5e3c124a8e2205d054e36663876219878b69dd59,BC-20531,BCV5-0532,beauty-care-bi-fasil-peq,RESERVED_IMPORT_RANGE,GENERATED_CANONICAL_SOURCE_CODE,DETERMINISTIC_CANONICAL_SLUG,DETERMINISTIC_SOURCE_UUID,READY_CREATE
CATV1-P148-R2R,POLICY_APPROVED,6c710564-ae11-10f7-b8b5-d05fe63d29ad,BEAUTY_CARE,BI FASIL GRANDE,27533ebe-da8e-4e03-8f65-e001fb9418fa,,46000,5bb617c0020f3fc7b5011bc6c33247056c7298dc73326cd372a8567958e252c6,BC-20532,BCV5-0533,beauty-care-bi-fasil-grande,RESERVED_IMPORT_RANGE,GENERATED_CANONICAL_SOURCE_CODE,DETERMINISTIC_CANONICAL_SLUG,DETERMINISTIC_SOURCE_UUID,READY_CREATE
CATV1-P150-R1L,POLICY_APPROVED,db7c17c1-6ac4-5be1-d209-bf859e58697d,BEAUTY_CARE,LIP GLOSS LITCHI HONEY,340fb06e-fd22-49ec-a967-359e83aa939b,,31000,0c48026223c28e88da86b4b6027b18a9cde9d1366a2ea03d77598143bb307a56,BC-20533,BCV5-0534,beauty-care-lip-gloss-litchi-honey,RESERVED_IMPORT_RANGE,GENERATED_CANONICAL_SOURCE_CODE,DETERMINISTIC_CANONICAL_SLUG,DETERMINISTIC_SOURCE_UUID,READY_CREATE
CATV1-P150-R2L,HUMAN_APPROVED,301ce96f-be5d-6a6d-d6b2-4249b5b4a1c9,BEAUTY_CARE,TROPICAL LUST,340fb06e-fd22-49ec-a967-359e83aa939b,,31000,2f912e8ad33b9fab3dc9ad0242ae98a78db328f0f4e799ea56488d7c1489d451,BC-20534,BCV5-0535,beauty-care-tropical-lust,RESERVED_IMPORT_RANGE,GENERATED_CANONICAL_SOURCE_CODE,DETERMINISTIC_CANONICAL_SLUG,DETERMINISTIC_SOURCE_UUID,READY_CREATE
CATV1-P150-R2R,POLICY_APPROVED,e14fe03c-dbc9-26c4-1dab-00c0975c6c8e,BEAUTY_CARE,LIP GLOSS SANGRIA KISS,340fb06e-fd22-49ec-a967-359e83aa939b,,31000,4535ae4be700ffd6664212840df72711bc7feeb4cf5fac0eca0326da5eca559b,BC-20535,BCV5-0536,beauty-care-lip-gloss-sangria-kiss,RESERVED_IMPORT_RANGE,GENERATED_CANONICAL_SOURCE_CODE,DETERMINISTIC_CANONICAL_SLUG,DETERMINISTIC_SOURCE_UUID,READY_CREATE
CATV1-P150-R3R,HUMAN_APPROVED,a170abba-bbb8-fae3-13b9-93db23874663,BEAUTY_CARE,BERRY FONDUE,340fb06e-fd22-49ec-a967-359e83aa939b,,31000,47d9ad00776c057aa3c32722028ae1b14c77edf43d4a9d6389752d652e991e74,BC-20536,BCV5-0537,beauty-care-berry-fondue-p150-r3r,RESERVED_IMPORT_RANGE,GENERATED_CANONICAL_SOURCE_CODE,DETERMINISTIC_CANONICAL_SLUG,DETERMINISTIC_SOURCE_UUID,READY_CREATE
CATV1-P151-R1L,POLICY_APPROVED,72d9786d-8daf-6329-a1f7-86431efbe9c6,BEAUTY_CARE,LIP GLOSS FAIRY DUST,340fb06e-fd22-49ec-a967-359e83aa939b,,31000,70f211a16be0e68cf30aaf300a03ee3b6dc9cc24eda7d78e5e79fb316dea4cd1,BC-20537,BCV5-0538,beauty-care-lip-gloss-fairy-dust,RESERVED_IMPORT_RANGE,GENERATED_CANONICAL_SOURCE_CODE,DETERMINISTIC_CANONICAL_SLUG,DETERMINISTIC_SOURCE_UUID,READY_CREATE
CATV1-P151-R2L,HUMAN_APPROVED,fb181e28-0657-9552-13e3-22e18d1e3460,BEAUTY_CARE,VELVET CHERRY,340fb06e-fd22-49ec-a967-359e83aa939b,,31000,9ad79b6acb29ced794ca913a83b6e277305a91b4d2ab85a4716f10fb28644a2e,BC-20538,BCV5-0539,beauty-care-velvet-cherry,RESERVED_IMPORT_RANGE,GENERATED_CANONICAL_SOURCE_CODE,DETERMINISTIC_CANONICAL_SLUG,DETERMINISTIC_SOURCE_UUID,READY_CREATE
CATV1-P151-R2R,POLICY_APPROVED,7aebbd72-d33f-a89b-e465-14677e9fddad,BEAUTY_CARE,LIP LLINERLITCHI HONEY,340fb06e-fd22-49ec-a967-359e83aa939b,,21000,cc9ffcefd9085b3d21ccb8fc97da26b75eb2c0baf373bbe3652bf464bc94fdcd,BC-20539,BCV5-0540,beauty-care-lip-llinerlitchi-honey,RESERVED_IMPORT_RANGE,GENERATED_CANONICAL_SOURCE_CODE,DETERMINISTIC_CANONICAL_SLUG,DETERMINISTIC_SOURCE_UUID,READY_CREATE
CATV1-P152-R1L,POLICY_APPROVED,285701f5-62c8-544b-7682-99ce84041b08,BEAUTY_CARE,LIP LINER FAIRY DUST,340fb06e-fd22-49ec-a967-359e83aa939b,,21000,e3600f9b54290eddc19bbe8c60e7740779d1179754fe9a61aed4c7a8966ce164,BC-20540,BCV5-0541,beauty-care-lip-liner-fairy-dust,RESERVED_IMPORT_RANGE,GENERATED_CANONICAL_SOURCE_CODE,DETERMINISTIC_CANONICAL_SLUG,DETERMINISTIC_SOURCE_UUID,READY_CREATE
CATV1-P152-R1R,POLICY_APPROVED,b67aaf63-5498-c945-a3a4-7b7047b575dd,BEAUTY_CARE,SANGRIA KISS,340fb06e-fd22-49ec-a967-359e83aa939b,,21000,af520f16585fd688edd55be87209cc8a68418a85285af00ff85411e1beb1373d,BC-20541,BCV5-0542,beauty-care-sangria-kiss,RESERVED_IMPORT_RANGE,GENERATED_CANONICAL_SOURCE_CODE,DETERMINISTIC_CANONICAL_SLUG,DETERMINISTIC_SOURCE_UUID,READY_CREATE
CATV1-P152-R2L,POLICY_APPROVED,24d9a0f6-af7b-5047-8c6d-32ba8292e771,BEAUTY_CARE,LIP LINER VELVET CHERRY,340fb06e-fd22-49ec-a967-359e83aa939b,,21000,0b43c86bd0c5a724767a5c7b9c7d058cd0c3fd581845192a5738a95fdaa4fd71,BC-20542,BCV5-0543,beauty-care-lip-liner-velvet-cherry,RESERVED_IMPORT_RANGE,GENERATED_CANONICAL_SOURCE_CODE,DETERMINISTIC_CANONICAL_SLUG,DETERMINISTIC_SOURCE_UUID,READY_CREATE
CATV1-P152-R3L,HUMAN_APPROVED,1a7cd973-8868-dfc5-85ea-589b862cf629,BEAUTY_CARE,BERRY FONDUE,340fb06e-fd22-49ec-a967-359e83aa939b,,21000,e2a7501aaf9db032b2d91f3c5d554a14c43d48f775ff5cff97b0b62a47744325,BC-20543,BCV5-0544,beauty-care-berry-fondue-p152-r3l,RESERVED_IMPORT_RANGE,GENERATED_CANONICAL_SOURCE_CODE,DETERMINISTIC_CANONICAL_SLUG,DETERMINISTIC_SOURCE_UUID,READY_CREATE
CATV1-P153-R1L,POLICY_APPROVED,2f98b077-d750-db84-3bb9-2895b6b61a9e,BEAUTY_CARE,DUO LIP LINER Y LIP GLOSS TROPICAL LUST,340fb06e-fd22-49ec-a967-359e83aa939b,,46000,ca9fde2ff74295316a2b9e5ddaac774e5eea7f3019e8863f5cd91c8dd9be0283,BC-20544,BCV5-0545,beauty-care-duo-lip-liner-y-lip-gloss-tropical-lust,RESERVED_IMPORT_RANGE,GENERATED_CANONICAL_SOURCE_CODE,DETERMINISTIC_CANONICAL_SLUG,DETERMINISTIC_SOURCE_UUID,READY_CREATE
CATV1-P153-R1R,POLICY_APPROVED,f29d2c86-37be-19e6-93f6-d3605cc5290b,BEAUTY_CARE,DUO LIP LINER Y LIP GLOSS FAIRY DUST,340fb06e-fd22-49ec-a967-359e83aa939b,,46000,1eab58711b554a7921142aff21cfc117e9cb552dd4b4160a3aa3f0f4036e28dd,BC-20545,BCV5-0546,beauty-care-duo-lip-liner-y-lip-gloss-fairy-dust,RESERVED_IMPORT_RANGE,GENERATED_CANONICAL_SOURCE_CODE,DETERMINISTIC_CANONICAL_SLUG,DETERMINISTIC_SOURCE_UUID,READY_CREATE
CATV1-P153-R2L,POLICY_APPROVED,87e1a3a8-008d-f60b-1d47-c292634bbf0a,BEAUTY_CARE,DUO LIP LINER Y LIP GLOSS SANGRIA KISS,340fb06e-fd22-49ec-a967-359e83aa939b,,46000,48f618292483d8532519b7a3a09524e900cadd0591ad91066f4c24dfed597442,BC-20546,BCV5-0547,beauty-care-duo-lip-liner-y-lip-gloss-sangria-kiss,RESERVED_IMPORT_RANGE,GENERATED_CANONICAL_SOURCE_CODE,DETERMINISTIC_CANONICAL_SLUG,DETERMINISTIC_SOURCE_UUID,READY_CREATE
CATV1-P153-R2R,POLICY_APPROVED,9d9fdd85-2675-b6c7-23aa-cfeaa37dd639,BEAUTY_CARE,DUO LIP LINER Y LIP GLOSS VELVET CHERRY,340fb06e-fd22-49ec-a967-359e83aa939b,,46000,abe6f0098cdae04a881cdbcb31291de6c0718dae2ee88dff3b680ee286535893,BC-20547,BCV5-0548,beauty-care-duo-lip-liner-y-lip-gloss-velvet-cherry,RESERVED_IMPORT_RANGE,GENERATED_CANONICAL_SOURCE_CODE,DETERMINISTIC_CANONICAL_SLUG,DETERMINISTIC_SOURCE_UUID,READY_CREATE
CATV1-P153-R3L,POLICY_APPROVED,7f183b85-f567-b5b2-c2e4-8f22c4155359,BEAUTY_CARE,DUO LIP LINER Y LIP GLOSS BERRY FONDUE,340fb06e-fd22-49ec-a967-359e83aa939b,,46000,8df4f314b4481ed49448f56204599c48b09e0e239bd55b3a115ad43952bbf078,BC-20548,BCV5-0549,beauty-care-duo-lip-liner-y-lip-gloss-berry-fondue,RESERVED_IMPORT_RANGE,GENERATED_CANONICAL_SOURCE_CODE,DETERMINISTIC_CANONICAL_SLUG,DETERMINISTIC_SOURCE_UUID,READY_CREATE
CATV1-P153-R3R,POLICY_APPROVED,4d92a42a-0f49-25c6-f16c-2334dedfacb0,BEAUTY_CARE,DUO LIP LINER Y LIP GLOSS LITCHIE HONEY,340fb06e-fd22-49ec-a967-359e83aa939b,,46000,3cacbc925bd7e680f950b79bdff7611a624f3c29710ecabf14559740c1f5b9df,BC-20549,BCV5-0550,beauty-care-duo-lip-liner-y-lip-gloss-litchie-honey,RESERVED_IMPORT_RANGE,GENERATED_CANONICAL_SOURCE_CODE,DETERMINISTIC_CANONICAL_SLUG,DETERMINISTIC_SOURCE_UUID,READY_CREATE
CATV1-P155-R1L,POLICY_APPROVED,d519d93f-04ee-e454-3461-f11ce9ac19f1,BEAUTY_CARE,BASE ATENEA 30ML,abf21e50-eeba-4043-994f-673492de30f6,,54000,63eb3721443e41d31fa3ed83d84f25862cb2b067fa2e763d5bdfbb668fbcd154,BC-20550,BCV5-0551,beauty-care-base-atenea-30ml,RESERVED_IMPORT_RANGE,GENERATED_CANONICAL_SOURCE_CODE,DETERMINISTIC_CANONICAL_SLUG,DETERMINISTIC_SOURCE_UUID,READY_CREATE
CATV1-P155-R1R,POLICY_APPROVED,769c81cf-0d22-73d9-f682-ec420d4c4e3b,BEAUTY_CARE,POLVO TRASLUCIDO PEQ,abf21e50-eeba-4043-994f-673492de30f6,,39000,fb9a5b507833441afe1c9b5e68abea100055a369eb8a20d90de21a3be5577195,BC-20551,BCV5-0552,beauty-care-polvo-traslucido-peq,RESERVED_IMPORT_RANGE,GENERATED_CANONICAL_SOURCE_CODE,DETERMINISTIC_CANONICAL_SLUG,DETERMINISTIC_SOURCE_UUID,READY_CREATE
CATV1-P155-R2L,POLICY_APPROVED,c8ad3d24-2fc3-fe23-c5e2-994c62c97dc4,BEAUTY_CARE,POLVO TRASLUCIDO GRANDE,abf21e50-eeba-4043-994f-673492de30f6,,77000,1548f57aaade28eec129410c92e4afd7e8cc144c5865e5d56081f2403b112385,BC-20552,BCV5-0553,beauty-care-polvo-traslucido-grande,RESERVED_IMPORT_RANGE,GENERATED_CANONICAL_SOURCE_CODE,DETERMINISTIC_CANONICAL_SLUG,DETERMINISTIC_SOURCE_UUID,READY_CREATE
CATV1-P155-R2R,POLICY_APPROVED,de926d9f-5326-297f-a18d-06ea3fa54f7e,BEAUTY_CARE,MINI PEPTIDE LIP BALM,abf21e50-eeba-4043-994f-673492de30f6,,61000,f348c555b9f6828a3d01ba72eb626e2f125b0b72a5ef9592ac35f4827115be72,BC-20553,BCV5-0554,beauty-care-mini-peptide-lip-balm,RESERVED_IMPORT_RANGE,GENERATED_CANONICAL_SOURCE_CODE,DETERMINISTIC_CANONICAL_SLUG,DETERMINISTIC_SOURCE_UUID,READY_CREATE
CATV1-P155-R3L,POLICY_APPROVED,dc17f77f-e8b1-6d2d-56b1-0728a683ce85,BEAUTY_CARE,CORRECTOR ATENEA,abf21e50-eeba-4043-994f-673492de30f6,,50000,ecae8a955b695e2f4fe77cf7808b1a77e7b4152d969ae46380757ff394d2e209,BC-20554,BCV5-0555,beauty-care-corrector-atenea,RESERVED_IMPORT_RANGE,GENERATED_CANONICAL_SOURCE_CODE,DETERMINISTIC_CANONICAL_SLUG,DETERMINISTIC_SOURCE_UUID,READY_CREATE
CATV1-P155-R3R,POLICY_APPROVED,16ef60f4-cd62-247b-c7a8-1f2d924388e0,BEAUTY_CARE,RUBOR COMPACTO X2,abf21e50-eeba-4043-994f-673492de30f6,,51000,b44b8665849c97e0d78bf130501a2a5799551ad52ca09af0f49c1fcb7c289198,BC-20555,BCV5-0556,beauty-care-rubor-compacto-x2,RESERVED_IMPORT_RANGE,GENERATED_CANONICAL_SOURCE_CODE,DETERMINISTIC_CANONICAL_SLUG,DETERMINISTIC_SOURCE_UUID,READY_CREATE
CATV1-P156-R1L,POLICY_APPROVED,e5500cb7-29e4-a6b3-1e3a-6fb5d10b8cf6,BEAUTY_CARE,LIP GLOSS ATENEA,abf21e50-eeba-4043-994f-673492de30f6,,35000,0a5ce04728a4fad68b93caac557850c565e7d9998c71a8f53b9351bb45b9466e,BC-20556,BCV5-0557,beauty-care-lip-gloss-atenea,RESERVED_IMPORT_RANGE,GENERATED_CANONICAL_SOURCE_CODE,DETERMINISTIC_CANONICAL_SLUG,DETERMINISTIC_SOURCE_UUID,READY_CREATE
CATV1-P156-R1R,POLICY_APPROVED,dea2e6dc-0e1b-3c47-66c7-39a0d58dae5c,BEAUTY_CARE,LIP OIL TINTED,abf21e50-eeba-4043-994f-673492de30f6,,37000,fdfca0d9ca960d449f47594a1f15e16c8fae6c394c32fb61060f5a98eeea4ca6,BC-20557,BCV5-0558,beauty-care-lip-oil-tinted,RESERVED_IMPORT_RANGE,GENERATED_CANONICAL_SOURCE_CODE,DETERMINISTIC_CANONICAL_SLUG,DETERMINISTIC_SOURCE_UUID,READY_CREATE
CATV1-P156-R2L,POLICY_APPROVED,07e08f80-f4e4-5a77-9d0e-82fabdba8643,BEAUTY_CARE,STICKS MINIS CREMOSOS,abf21e50-eeba-4043-994f-673492de30f6,,27000,12b545f7654403c4e664dad2c3a79bc18b1b591be71ae9778e63bf4c6cbc43c7,BC-20558,BCV5-0559,beauty-care-sticks-minis-cremosos,RESERVED_IMPORT_RANGE,GENERATED_CANONICAL_SOURCE_CODE,DETERMINISTIC_CANONICAL_SLUG,DETERMINISTIC_SOURCE_UUID,READY_CREATE
CATV1-P156-R2R,POLICY_APPROVED,4f33bd1a-fb06-4728-a925-07c2666cc646,BEAUTY_CARE,PEPTIDE LIP BALM ATENEA,abf21e50-eeba-4043-994f-673492de30f6,,37000,a4060d7e4abfc8b2a6a49cd107e30cec360b4a541e353d3ee5a73cae9e107c6e,BC-20559,BCV5-0560,beauty-care-peptide-lip-balm-atenea,RESERVED_IMPORT_RANGE,GENERATED_CANONICAL_SOURCE_CODE,DETERMINISTIC_CANONICAL_SLUG,DETERMINISTIC_SOURCE_UUID,READY_CREATE
CATV1-P156-R3L,POLICY_APPROVED,946ad3cb-cbcf-cac8-0168-803c4cb0d6fd,BEAUTY_CARE,STICK ILUMINADOR,abf21e50-eeba-4043-994f-673492de30f6,,45000,504a47c821f601a8f483405c21ba9cbe2b7fe8f52c97d3ba527c409397b9d761,BC-20560,BCV5-0561,beauty-care-stick-iluminador,RESERVED_IMPORT_RANGE,GENERATED_CANONICAL_SOURCE_CODE,DETERMINISTIC_CANONICAL_SLUG,DETERMINISTIC_SOURCE_UUID,READY_CREATE
CATV1-P156-R3R,POLICY_APPROVED,24916872-b2ec-0ad7-c289-abe1623c41f2,BEAUTY_CARE,STICK BLUSH,abf21e50-eeba-4043-994f-673492de30f6,,45000,65b2431ebc960669d484b9cba91f781abfb156e602feb729d00a5a11b7ff67c5,BC-20561,BCV5-0562,beauty-care-stick-blush,RESERVED_IMPORT_RANGE,GENERATED_CANONICAL_SOURCE_CODE,DETERMINISTIC_CANONICAL_SLUG,DETERMINISTIC_SOURCE_UUID,READY_CREATE
CATV1-P157-R1L,POLICY_APPROVED,81436f71-c876-6f48-d7b6-7e5e627fba4e,BEAUTY_CARE,STIKC BRONZER,abf21e50-eeba-4043-994f-673492de30f6,,45000,791907236939e74ee76f142c5838510826fcf12ff345aa30251b606743d06c56,BC-20562,BCV5-0563,beauty-care-stikc-bronzer,RESERVED_IMPORT_RANGE,GENERATED_CANONICAL_SOURCE_CODE,DETERMINISTIC_CANONICAL_SLUG,DETERMINISTIC_SOURCE_UUID,READY_CREATE
CATV1-P157-R1R,POLICY_APPROVED,5d8d9db7-ab47-9fa1-f1eb-a3da1f42a39a,BEAUTY_CARE,FIJADOR ATENEA MINI,abf21e50-eeba-4043-994f-673492de30f6,,36000,5bf7ba07a09dd4b139942c5e584030efcb61a0f782790359354f047a24895d59,BC-20563,BCV5-0564,beauty-care-fijador-atenea-mini,RESERVED_IMPORT_RANGE,GENERATED_CANONICAL_SOURCE_CODE,DETERMINISTIC_CANONICAL_SLUG,DETERMINISTIC_SOURCE_UUID,READY_CREATE
CATV1-P157-R2L,POLICY_APPROVED,23939bf0-f528-bf08-e263-3dfbc72876cc,BEAUTY_CARE,RUBOR NACARADO,abf21e50-eeba-4043-994f-673492de30f6,,29000,3caf1591b01b6fe3f1cd9cdc0c822bf3c5d50d1746708f28f4be20c1364be8e4,BC-20564,BCV5-0565,beauty-care-rubor-nacarado,RESERVED_IMPORT_RANGE,GENERATED_CANONICAL_SOURCE_CODE,DETERMINISTIC_CANONICAL_SLUG,DETERMINISTIC_SOURCE_UUID,READY_CREATE
CATV1-P157-R2R,POLICY_APPROVED,51e62e5c-eda2-eebe-031e-516b8c9bc841,BEAUTY_CARE,GEL DE CEJAS 13ML,abf21e50-eeba-4043-994f-673492de30f6,,31000,a352e0fd246d04c5e8722720a4dfc2bab9d18279ed2810b45c7de0a230afcd7c,BC-20565,BCV5-0566,beauty-care-gel-de-cejas-13ml,RESERVED_IMPORT_RANGE,GENERATED_CANONICAL_SOURCE_CODE,DETERMINISTIC_CANONICAL_SLUG,DETERMINISTIC_SOURCE_UUID,READY_CREATE
CATV1-P157-R3L,POLICY_APPROVED,8152bba2-9d9f-cb6f-34a5-e269ea4a3df7,BEAUTY_CARE,FIJADOR ATENEA 80ML,abf21e50-eeba-4043-994f-673492de30f6,,41000,211b274aa96966a74236dc8ab7d96ec52580de9342b76df6bd3b66a8a5f9cb45,BC-20566,BCV5-0567,beauty-care-fijador-atenea-80ml,RESERVED_IMPORT_RANGE,GENERATED_CANONICAL_SOURCE_CODE,DETERMINISTIC_CANONICAL_SLUG,DETERMINISTIC_SOURCE_UUID,READY_CREATE
CATV1-P157-R3R,POLICY_APPROVED,b272b24c-01dc-04e8-9e5f-5199e81f6339,BEAUTY_CARE,RUBOR COMPACTO,abf21e50-eeba-4043-994f-673492de30f6,,31000,e95cb5b3a8ee25ef2827b0794976b3e5646f7b27a48dfd22995efc9093281352,BC-20567,BCV5-0568,beauty-care-rubor-compacto,RESERVED_IMPORT_RANGE,GENERATED_CANONICAL_SOURCE_CODE,DETERMINISTIC_CANONICAL_SLUG,DETERMINISTIC_SOURCE_UUID,READY_CREATE
CATV1-P158-R1L,POLICY_APPROVED,7baadd7a-3dd8-2af6-524d-68a7fc5c9900,BEAUTY_CARE,TINTA SERUM ATENEA,abf21e50-eeba-4043-994f-673492de30f6,,70000,812506d753ad9149061db666615fe900d9c02a116885bc68568781145817bb13,BC-20568,BCV5-0569,beauty-care-tinta-serum-atenea,RESERVED_IMPORT_RANGE,GENERATED_CANONICAL_SOURCE_CODE,DETERMINISTIC_CANONICAL_SLUG,DETERMINISTIC_SOURCE_UUID,READY_CREATE
CATV1-P158-R1R,POLICY_APPROVED,c96c2803-7cf0-82f4-a73a-a11d6986b931,BEAUTY_CARE,GEL FIJADOR DE CEJAS 5ML,abf21e50-eeba-4043-994f-673492de30f6,,19000,131a5596bea045fd45fb0a916af26044e009183451c06fdb04f94159d2c63573,BC-20569,BCV5-0570,beauty-care-gel-fijador-de-cejas-5ml,RESERVED_IMPORT_RANGE,GENERATED_CANONICAL_SOURCE_CODE,DETERMINISTIC_CANONICAL_SLUG,DETERMINISTIC_SOURCE_UUID,READY_CREATE
CATV1-P158-R2L,POLICY_APPROVED,edace9c8-dc74-7b93-86a5-28704d55e213,BEAUTY_CARE,RUBOR STICK ATENEA (4 TONOS ),abf21e50-eeba-4043-994f-673492de30f6,,45000,56eaacf9b5a79bf5bb94af29b07696b915add03055f93a31e74d8d35f516c25f,BC-20570,BCV5-0571,beauty-care-rubor-stick-atenea-4-tonos-,RESERVED_IMPORT_RANGE,GENERATED_CANONICAL_SOURCE_CODE,DETERMINISTIC_CANONICAL_SLUG,DETERMINISTIC_SOURCE_UUID,READY_CREATE
CATV1-P158-R2R,HUMAN_APPROVED,d24f621e-a638-4c86-b6b4-501c224b4815,BEAUTY_CARE,ILUMINDOR STICK (2 TONOS ),abf21e50-eeba-4043-994f-673492de30f6,,45000,4b1255662181bdcd6084e6754f4487e25d3ae86572f8318630a33ba17a1fea18,BC-20571,BCV5-0572,beauty-care-ilumindor-stick-2-tonos-,RESERVED_IMPORT_RANGE,GENERATED_CANONICAL_SOURCE_CODE,DETERMINISTIC_CANONICAL_SLUG,DETERMINISTIC_SOURCE_UUID,READY_CREATE
CATV1-P158-R3L,POLICY_APPROVED,ecc40510-1184-025b-e3cd-6ca8be65de28,BEAUTY_CARE,(4 TONOS ),abf21e50-eeba-4043-994f-673492de30f6,,45000,7b8648f589b12718fd08b76a20924c4fb8bdaca17d6b52790d76d1094333059c,BC-20572,BCV5-0573,beauty-care-4-tonos-,RESERVED_IMPORT_RANGE,GENERATED_CANONICAL_SOURCE_CODE,DETERMINISTIC_CANONICAL_SLUG,DETERMINISTIC_SOURCE_UUID,READY_CREATE
CATV1-P158-R3R,POLICY_APPROVED,60a2f4d1-ed5e-f96a-8bc1-8b97dda55e90,BEAUTY_CARE,ILUMINADOR COMPACTO (4 TONOS),abf21e50-eeba-4043-994f-673492de30f6,,45000,a1a46d58416c310805a0894d46d048e0e461a617541bdc6bada4b347e26a0d23,BC-20573,BCV5-0574,beauty-care-iluminador-compacto-4-tonos-,RESERVED_IMPORT_RANGE,GENERATED_CANONICAL_SOURCE_CODE,DETERMINISTIC_CANONICAL_SLUG,DETERMINISTIC_SOURCE_UUID,READY_CREATE
CATV1-P159-R1L,POLICY_APPROVED,e03df104-d0e0-057d-dad0-06e5c795e2b3,BEAUTY_CARE,CONTORNO COMPACTO (4 TONOS),abf21e50-eeba-4043-994f-673492de30f6,,45000,4fe3446d57b8fd3648ce7da1fc0db127fc2bbd66c44bec36fd50a97f94737507,BC-20574,BCV5-0575,beauty-care-contorno-compacto-4-tonos-,RESERVED_IMPORT_RANGE,GENERATED_CANONICAL_SOURCE_CODE,DETERMINISTIC_CANONICAL_SLUG,DETERMINISTIC_SOURCE_UUID,READY_CREATE
CATV1-P159-R1R,POLICY_APPROVED,43573b5a-684a-04b7-d184-b8924aa8a70c,BEAUTY_CARE,BASE ATENEA 50ML,abf21e50-eeba-4043-994f-673492de30f6,,70000,c964172da57ea84d9cd6ccf5866302ec0fc7e03477c1e20066f39a85618353c3,BC-20575,BCV5-0576,beauty-care-base-atenea-50ml,RESERVED_IMPORT_RANGE,GENERATED_CANONICAL_SOURCE_CODE,DETERMINISTIC_CANONICAL_SLUG,DETERMINISTIC_SOURCE_UUID,READY_CREATE
CATV1-P159-R2L,POLICY_APPROVED,16ebe997-9254-e13a-9120-4ccc03917652,BEAUTY_CARE,CORRECTOR MINI ATENEA,abf21e50-eeba-4043-994f-673492de30f6,,20000,d1a000b8393ec67883e2184d0147a218c746bd4de67689f07cc3be9b163ed3e6,BC-20576,BCV5-0577,beauty-care-corrector-mini-atenea,RESERVED_IMPORT_RANGE,GENERATED_CANONICAL_SOURCE_CODE,DETERMINISTIC_CANONICAL_SLUG,DETERMINISTIC_SOURCE_UUID,READY_CREATE
CATV1-P159-R2R,POLICY_APPROVED,8079452f-5f15-c5df-1931-c999a7681743,BEAUTY_CARE,BROCHA TIPO GOTA PARA CORRECTOR ATENEA,abf21e50-eeba-4043-994f-673492de30f6,,33000,96b824ee22d230643dac5827aff28a15f41a709b6999f5448032696b7dd6b092,BC-20577,BCV5-0578,beauty-care-brocha-tipo-gota-para-corrector-atenea,RESERVED_IMPORT_RANGE,GENERATED_CANONICAL_SOURCE_CODE,DETERMINISTIC_CANONICAL_SLUG,DETERMINISTIC_SOURCE_UUID,READY_CREATE
CATV1-P159-R3L,POLICY_APPROVED,ec59d227-3275-26e1-0878-cfa6daba92fc,BEAUTY_CARE,BROCHA RUBOR POLVO ATENEA,abf21e50-eeba-4043-994f-673492de30f6,,35000,ab05fd6d3af99dec065edfcf864743ce7e0becfdb3cb8c53e033e3cd991dc406,BC-20578,BCV5-0579,beauty-care-brocha-rubor-polvo-atenea,RESERVED_IMPORT_RANGE,GENERATED_CANONICAL_SOURCE_CODE,DETERMINISTIC_CANONICAL_SLUG,DETERMINISTIC_SOURCE_UUID,READY_CREATE
CATV1-P159-R3R,POLICY_APPROVED,72479cb0-7199-1425-36de-3190abf9f395,BEAUTY_CARE,ATENEA,abf21e50-eeba-4043-994f-673492de30f6,,57000,eabb14ea0a6bb4e2354ec1c0edf99be7092b963ef6e4155a5f09c10f15054f5a,BC-20579,BCV5-0580,beauty-care-atenea,RESERVED_IMPORT_RANGE,GENERATED_CANONICAL_SOURCE_CODE,DETERMINISTIC_CANONICAL_SLUG,DETERMINISTIC_SOURCE_UUID,READY_CREATE
CATV1-P160-R1L,POLICY_APPROVED,42541b38-c69d-8b0a-872b-a2ad818469d9,BEAUTY_CARE,BROCHA POLVO Y CORRECTOR ATENEA,abf21e50-eeba-4043-994f-673492de30f6,,27000,c8f06953073d2d9506f90e408bef7d686573cf9a598295c0388cefd9c9364a97,BC-20580,BCV5-0581,beauty-care-brocha-polvo-y-corrector-atenea,RESERVED_IMPORT_RANGE,GENERATED_CANONICAL_SOURCE_CODE,DETERMINISTIC_CANONICAL_SLUG,DETERMINISTIC_SOURCE_UUID,READY_CREATE
CATV1-P160-R1R,POLICY_APPROVED,90acf6d0-eda2-5c57-9e47-56235d686a87,BEAUTY_CARE,BROCHA ILUMINADOR Y POLVO SUELTO ATENEA,abf21e50-eeba-4043-994f-673492de30f6,,24000,efd635299d74ebdb6a88f781704051008297e86116b4fc0390c9878a53a4dbff,BC-20581,BCV5-0582,beauty-care-brocha-iluminador-y-polvo-suelto-atenea,RESERVED_IMPORT_RANGE,GENERATED_CANONICAL_SOURCE_CODE,DETERMINISTIC_CANONICAL_SLUG,DETERMINISTIC_SOURCE_UUID,READY_CREATE
CATV1-P160-R2L,POLICY_APPROVED,c1b6be4e-c7f8-38d9-ffff-4d0888fcdf38,BEAUTY_CARE,BROCHA DIFUMINADORA,abf21e50-eeba-4043-994f-673492de30f6,,18000,12b1552992343554a7043a62be9efb7ff79a4559ed649959a28bccb44e88f4c1,BC-20582,BCV5-0583,beauty-care-brocha-difuminadora,RESERVED_IMPORT_RANGE,GENERATED_CANONICAL_SOURCE_CODE,DETERMINISTIC_CANONICAL_SLUG,DETERMINISTIC_SOURCE_UUID,READY_CREATE
CATV1-P160-R2R,POLICY_APPROVED,508a16b9-d332-bf39-2cec-3962a3549c7a,BEAUTY_CARE,BROCHA LAMINADO DE CEJAS,abf21e50-eeba-4043-994f-673492de30f6,,13000,6d11252c85e04a436bbef038e91c098e5d597a4e9cb0b34c7981b9b8d1a5acf9,BC-20583,BCV5-0584,beauty-care-brocha-laminado-de-cejas,RESERVED_IMPORT_RANGE,GENERATED_CANONICAL_SOURCE_CODE,DETERMINISTIC_CANONICAL_SLUG,DETERMINISTIC_SOURCE_UUID,READY_CREATE
CATV1-P160-R3L,POLICY_APPROVED,178d1ff7-535b-799e-66bd-e3de5772f079,BEAUTY_CARE,PESTAÑINA PRUEBA DE AGUA,abf21e50-eeba-4043-994f-673492de30f6,,26000,07a0463c66d0a689c262de5968df941115759da4c855deb5564770d8330875c1,BC-20584,BCV5-0585,beauty-care-pestanina-prueba-de-agua,RESERVED_IMPORT_RANGE,GENERATED_CANONICAL_SOURCE_CODE,DETERMINISTIC_CANONICAL_SLUG,DETERMINISTIC_SOURCE_UUID,READY_CREATE
CATV1-P160-R3R,POLICY_APPROVED,fd09bb6b-58fd-4e63-7e93-cc8ddc1a91fd,BEAUTY_CARE,PESTAÑINA LAVABLE,abf21e50-eeba-4043-994f-673492de30f6,,26000,0ab1df7f55f3a2219128ec2453de1427ef37415775397828f85f8800c5cb7e6f,BC-20585,BCV5-0586,beauty-care-pestanina-lavable,RESERVED_IMPORT_RANGE,GENERATED_CANONICAL_SOURCE_CODE,DETERMINISTIC_CANONICAL_SLUG,DETERMINISTIC_SOURCE_UUID,READY_CREATE
CATV1-P161-R1L,POLICY_APPROVED,30b11752-4438-f136-6f7c-beefa8c0c3ab,BEAUTY_CARE,LIP BALM ATENEA,abf21e50-eeba-4043-994f-673492de30f6,,47000,09da15ffce329147a6c24d03196e17989b703328feeda44a9d2e4555c423bc73,BC-20586,BCV5-0587,beauty-care-lip-balm-atenea,RESERVED_IMPORT_RANGE,GENERATED_CANONICAL_SOURCE_CODE,DETERMINISTIC_CANONICAL_SLUG,DETERMINISTIC_SOURCE_UUID,READY_CREATE
CATV1-P161-R1R,POLICY_APPROVED,592cec37-c446-b6b6-bd4b-995d762fcecc,BEAUTY_CARE,COLOR PENCIL,abf21e50-eeba-4043-994f-673492de30f6,,16000,14ba9e3e7239ad533dc4e588bf41ebdcaa832240d5d178a77dd346395083d481,BC-20587,BCV5-0588,beauty-care-color-pencil,RESERVED_IMPORT_RANGE,GENERATED_CANONICAL_SOURCE_CODE,DETERMINISTIC_CANONICAL_SLUG,DETERMINISTIC_SOURCE_UUID,READY_CREATE
CATV1-P163-R1L,POLICY_APPROVED,af3cd659-9ec5-b0c8-818f-6840e5fab5b5,BEAUTY_CARE,CORRECTOR MAJIKAL,52c89d28-6e86-49d7-838d-1ea3be7c096f,,33500,981426c660aea46393b723c15a4466a0b1c48a555cd9251271214f5d22b32131,BC-20588,BCV5-0589,beauty-care-corrector-majikal,RESERVED_IMPORT_RANGE,GENERATED_CANONICAL_SOURCE_CODE,DETERMINISTIC_CANONICAL_SLUG,DETERMINISTIC_SOURCE_UUID,READY_CREATE
CATV1-P163-R1R,POLICY_APPROVED,94a3d7ad-66e9-b68c-fb02-f0fef88732c9,BEAUTY_CARE,RUBOR FLOR,52c89d28-6e86-49d7-838d-1ea3be7c096f,,40000,d7aac9156f24e7ed9aa449921417c483157efdd017d289e85d20e51264eec72b,BC-20589,BCV5-0590,beauty-care-rubor-flor,RESERVED_IMPORT_RANGE,GENERATED_CANONICAL_SOURCE_CODE,DETERMINISTIC_CANONICAL_SLUG,DETERMINISTIC_SOURCE_UUID,READY_CREATE
CATV1-P163-R2L,POLICY_APPROVED,2a8e80c9-8e9a-1af0-f37a-0c34c8bec73e,BEAUTY_CARE,CONTORNO EN CREMA,52c89d28-6e86-49d7-838d-1ea3be7c096f,,36000,902275f3b4bf5e5ed077dadeb323f75664e682c5be5da6e77fec592929b8e9f8,BC-20590,BCV5-0591,beauty-care-contorno-en-crema,RESERVED_IMPORT_RANGE,GENERATED_CANONICAL_SOURCE_CODE,DETERMINISTIC_CANONICAL_SLUG,DETERMINISTIC_SOURCE_UUID,READY_CREATE
CATV1-P163-R2R,POLICY_APPROVED,c91a4658-4058-1925-50f6-2c08b4fd84db,BEAUTY_CARE,PALETA X4 MULTIUSOS,52c89d28-6e86-49d7-838d-1ea3be7c096f,,51000,9d6367a61b6928bbd7931223a38c574b93da2fc1c9c4c3951a4dcd96ed14dc8a,BC-20591,BCV5-0592,beauty-care-paleta-x4-multiusos,RESERVED_IMPORT_RANGE,GENERATED_CANONICAL_SOURCE_CODE,DETERMINISTIC_CANONICAL_SLUG,DETERMINISTIC_SOURCE_UUID,READY_CREATE
CATV1-P163-R3L,POLICY_APPROVED,c08124dd-626b-8f92-7571-cbe6022eec9e,BEAUTY_CARE,POLVO MAJIKAL,52c89d28-6e86-49d7-838d-1ea3be7c096f,,49000,2985b0d6afdacb2aa37f0b93be93f69a7d4061c3c6ab67b91dcbd3fe4cccd939,BC-20592,BCV5-0593,beauty-care-polvo-majikal,RESERVED_IMPORT_RANGE,GENERATED_CANONICAL_SOURCE_CODE,DETERMINISTIC_CANONICAL_SLUG,DETERMINISTIC_SOURCE_UUID,READY_CREATE
CATV1-P163-R3R,POLICY_APPROVED,41106aa9-69e2-e115-1c71-7393c934547d,BEAUTY_CARE,PROTECTOR SOLAR,52c89d28-6e86-49d7-838d-1ea3be7c096f,,56000,d464cdb3be9912520c1ff85dadec3c6b25078f73a114eb91165e616a49320e61,BC-20593,BCV5-0594,beauty-care-protector-solar,RESERVED_IMPORT_RANGE,GENERATED_CANONICAL_SOURCE_CODE,DETERMINISTIC_CANONICAL_SLUG,DETERMINISTIC_SOURCE_UUID,READY_CREATE
CATV1-P164-R1L,POLICY_APPROVED,16469e65-6e27-cff6-8aa4-fcea12321ed9,BEAUTY_CARE,LIP OIL GLOS MAJIKAL,52c89d28-6e86-49d7-838d-1ea3be7c096f,,23000,514795a74e8a74fb422df9c78812cad91bd5f51301dfc504ad292af887762b12,BC-20594,BCV5-0595,beauty-care-lip-oil-glos-majikal,RESERVED_IMPORT_RANGE,GENERATED_CANONICAL_SOURCE_CODE,DETERMINISTIC_CANONICAL_SLUG,DETERMINISTIC_SOURCE_UUID,READY_CREATE
CATV1-P164-R1R,POLICY_APPROVED,a75185de-5167-40a2-e890-6bedd28851d8,BEAUTY_CARE,LLAVERO KISS MAJIKAL,52c89d28-6e86-49d7-838d-1ea3be7c096f,,28000,2d007dff3e67b95af5878b4b747efe7f3a0067a92efba5e28bcf3a49174d9da2,BC-20595,BCV5-0596,beauty-care-llavero-kiss-majikal,RESERVED_IMPORT_RANGE,GENERATED_CANONICAL_SOURCE_CODE,DETERMINISTIC_CANONICAL_SLUG,DETERMINISTIC_SOURCE_UUID,READY_CREATE
CATV1-P164-R2L,POLICY_APPROVED,bdbd5fd3-5c7f-75f9-95f3-15ec211eb155,BEAUTY_CARE,LAPIZ DELINEADO MAGICO MAJIKAL,52c89d28-6e86-49d7-838d-1ea3be7c096f,,20000,48885f789000b5b322c4deb33bd0570705d46e571801039c0df313a31fd24b14,BC-20596,BCV5-0597,beauty-care-lapiz-delineado-magico-majikal,RESERVED_IMPORT_RANGE,GENERATED_CANONICAL_SOURCE_CODE,DETERMINISTIC_CANONICAL_SLUG,DETERMINISTIC_SOURCE_UUID,READY_CREATE
CATV1-P164-R2R,POLICY_APPROVED,16329776-43c9-4bc7-02d8-734e13b45e46,BEAUTY_CARE,MANTEQUILLA MAJIKAL,52c89d28-6e86-49d7-838d-1ea3be7c096f,,37900,6d465dd0c011ab7f92c79036f7e198b872e0d1b2332372e43e7404ff8a47cc59,BC-20597,BCV5-0598,beauty-care-mantequilla-majikal,RESERVED_IMPORT_RANGE,GENERATED_CANONICAL_SOURCE_CODE,DETERMINISTIC_CANONICAL_SLUG,DETERMINISTIC_SOURCE_UUID,READY_CREATE
CATV1-P164-R3L,HUMAN_APPROVED,e1a9d336-2e4d-257d-975d-5bbe5a587faf,BEAUTY_CARE,POLVO MAJIKAL MINI,52c89d28-6e86-49d7-838d-1ea3be7c096f,,31000,2985b0d6afdacb2aa37f0b93be93f69a7d4061c3c6ab67b91dcbd3fe4cccd939,BC-20598,BCV5-0599,beauty-care-polvo-majikal-mini-p164-r3l,RESERVED_IMPORT_RANGE,GENERATED_CANONICAL_SOURCE_CODE,DETERMINISTIC_CANONICAL_SLUG,DETERMINISTIC_SOURCE_UUID,READY_CREATE
CATV1-P164-R3R,HUMAN_APPROVED,29790fa7-8eee-202f-4732-ebca915731bf,BEAUTY_CARE,POLVO MAJIKAL MINI,52c89d28-6e86-49d7-838d-1ea3be7c096f,,16000,d0a44af5f0b532ec3ee256b809c820dcafc3395a363fd78aca128c189116a549,BC-20599,BCV5-0600,beauty-care-polvo-majikal-mini-p164-r3r,RESERVED_IMPORT_RANGE,GENERATED_CANONICAL_SOURCE_CODE,DETERMINISTIC_CANONICAL_SLUG,DETERMINISTIC_SOURCE_UUID,READY_CREATE
CATV1-P166-R1L,POLICY_APPROVED,f2789951-41f9-afa9-6e3a-105f90b8ffe5,BEAUTY_CARE,FIJADOR PEQUEÑO NABA,db7a3532-3f9d-4056-a960-cbf98fe3f359,,35000,33204fdb47a34a9257339ecaebd001870ce404e11604475a632d0af50febf2d8,BC-20600,BCV5-0601,beauty-care-fijador-pequeno-naba,RESERVED_IMPORT_RANGE,GENERATED_CANONICAL_SOURCE_CODE,DETERMINISTIC_CANONICAL_SLUG,DETERMINISTIC_SOURCE_UUID,READY_CREATE
CATV1-P166-R1R,POLICY_APPROVED,0319098c-8005-8af4-f4c3-d6a66bb00737,BEAUTY_CARE,FIJADOR MEDIANO NABA,db7a3532-3f9d-4056-a960-cbf98fe3f359,,56000,132154133cb02af333b4dfa27e04653d130f71967f0a818d6ac25be623f0c886,BC-20601,BCV5-0602,beauty-care-fijador-mediano-naba,RESERVED_IMPORT_RANGE,GENERATED_CANONICAL_SOURCE_CODE,DETERMINISTIC_CANONICAL_SLUG,DETERMINISTIC_SOURCE_UUID,READY_CREATE
CATV1-P166-R2L,POLICY_APPROVED,1b39a53f-b851-8dfc-de60-de1135b07e01,BEAUTY_CARE,FIJADOR GRANDE NABA,db7a3532-3f9d-4056-a960-cbf98fe3f359,,66000,fd7ace1caa36195d1cc67ecb413a14b90ce7236adfeb1bc039a2475a074f1eb6,BC-20602,BCV5-0603,beauty-care-fijador-grande-naba,RESERVED_IMPORT_RANGE,GENERATED_CANONICAL_SOURCE_CODE,DETERMINISTIC_CANONICAL_SLUG,DETERMINISTIC_SOURCE_UUID,READY_CREATE
CATV1-P168-R1L,POLICY_APPROVED,a69128b3-62e6-df8c-7b5b-4bab43c8a776,BEAUTY_CARE,RUBOR MINERALIZADO,dba9ca71-ba8e-4e1c-bbe0-c71c3e1bbfbb,,25000,c02eee43c392a5be6f01d37ec81cf6b9d0e31d2ae28300ea1a0d5406de0d2ad6,BC-20603,BCV5-0604,beauty-care-rubor-mineralizado,RESERVED_IMPORT_RANGE,GENERATED_CANONICAL_SOURCE_CODE,DETERMINISTIC_CANONICAL_SLUG,DETERMINISTIC_SOURCE_UUID,READY_CREATE
CATV1-P168-R1R,POLICY_APPROVED,1477159e-df6a-94fe-1319-6211597e9e74,BEAUTY_CARE,POLVOS ANIK,dba9ca71-ba8e-4e1c-bbe0-c71c3e1bbfbb,,37000,0e8dc83c5078c539e280410d59d747840198666144990b3c20ea2d27c4f29ae3,BC-20604,BCV5-0605,beauty-care-polvos-anik,RESERVED_IMPORT_RANGE,GENERATED_CANONICAL_SOURCE_CODE,DETERMINISTIC_CANONICAL_SLUG,DETERMINISTIC_SOURCE_UUID,READY_CREATE
CATV1-P168-R2L,POLICY_APPROVED,27c0402d-88ee-124e-d3a6-51f19d01087e,BEAUTY_CARE,BASEANIK,dba9ca71-ba8e-4e1c-bbe0-c71c3e1bbfbb,,45000,23c8fd1ed9393990be4e7f822468987c9c7c617d5b5c2bb8f21d8c753d285595,BC-20605,BCV5-0606,beauty-care-baseanik,RESERVED_IMPORT_RANGE,GENERATED_CANONICAL_SOURCE_CODE,DETERMINISTIC_CANONICAL_SLUG,DETERMINISTIC_SOURCE_UUID,READY_CREATE
CATV1-P168-R2R,POLICY_APPROVED,5f0e58ce-4da2-2570-d005-6c45f6d18c8a,BEAUTY_CARE,ILUMINADOR ANIK,dba9ca71-ba8e-4e1c-bbe0-c71c3e1bbfbb,,26000,ffe97616b7d317fd86a47f42fbc841386a904179a6f628dc8adbd6838caa9eed,BC-20606,BCV5-0607,beauty-care-iluminador-anik,RESERVED_IMPORT_RANGE,GENERATED_CANONICAL_SOURCE_CODE,DETERMINISTIC_CANONICAL_SLUG,DETERMINISTIC_SOURCE_UUID,READY_CREATE
CATV1-P168-R3L,POLICY_APPROVED,e0b26641-0bcf-e200-5e7d-9d9cbcd25941,BEAUTY_CARE,BETUN ANIK,dba9ca71-ba8e-4e1c-bbe0-c71c3e1bbfbb,,24000,e77fb7d954a3796c1ca431abae7c63053e2886e6470ae8e86088b8ee4bd93582,BC-20607,BCV5-0608,beauty-care-betun-anik,RESERVED_IMPORT_RANGE,GENERATED_CANONICAL_SOURCE_CODE,DETERMINISTIC_CANONICAL_SLUG,DETERMINISTIC_SOURCE_UUID,READY_CREATE
CATV1-P168-R3R,POLICY_APPROVED,cf5b6671-ecf4-bf66-aca7-eb3885cf15cf,BEAUTY_CARE,GLOSSANIK,dba9ca71-ba8e-4e1c-bbe0-c71c3e1bbfbb,,23000,b675d841258a0f03890ab2e62978cb8e100fb0a98dc42638095b856e9b5415ba,BC-20608,BCV5-0609,beauty-care-glossanik,RESERVED_IMPORT_RANGE,GENERATED_CANONICAL_SOURCE_CODE,DETERMINISTIC_CANONICAL_SLUG,DETERMINISTIC_SOURCE_UUID,READY_CREATE
CATV1-P169-R1L,POLICY_APPROVED,2e8d74fa-aac5-e67d-d763-6dcb63785d62,BEAUTY_CARE,RUBOR BONITAEN POLVO,dba9ca71-ba8e-4e1c-bbe0-c71c3e1bbfbb,,21000,e7e23648b5a29d73c6369adc0495256710ce77434c665872e34335b2029f696c,BC-20609,BCV5-0610,beauty-care-rubor-bonitaen-polvo,RESERVED_IMPORT_RANGE,GENERATED_CANONICAL_SOURCE_CODE,DETERMINISTIC_CANONICAL_SLUG,DETERMINISTIC_SOURCE_UUID,READY_CREATE
CATV1-P169-R1R,POLICY_APPROVED,81872368-19ce-e24a-f911-455b2754d683,BEAUTY_CARE,ILUMINADOR RADIANTE ANK,dba9ca71-ba8e-4e1c-bbe0-c71c3e1bbfbb,,26000,a0563b3b63d2adb84abadff859ef0641c100915f4993be69fafd831c01522bdb,BC-20610,BCV5-0611,beauty-care-iluminador-radiante-ank,RESERVED_IMPORT_RANGE,GENERATED_CANONICAL_SOURCE_CODE,DETERMINISTIC_CANONICAL_SLUG,DETERMINISTIC_SOURCE_UUID,READY_CREATE
CATV1-P169-R2L,POLICY_APPROVED,fcfa2b39-8a55-02b0-f12b-deca31f03452,BEAUTY_CARE,RUBORBONITA,dba9ca71-ba8e-4e1c-bbe0-c71c3e1bbfbb,,29000,834c91cd58e9f49690f0d64658d8d65b1fd6bbd864f3938a6dfa7c3c9193f25e,BC-20611,BCV5-0612,beauty-care-ruborbonita,RESERVED_IMPORT_RANGE,GENERATED_CANONICAL_SOURCE_CODE,DETERMINISTIC_CANONICAL_SLUG,DETERMINISTIC_SOURCE_UUID,READY_CREATE
CATV1-P169-R2R,POLICY_APPROVED,cea9c593-6f22-6680-38ca-a1ca856dad6d,BEAUTY_CARE,CORRECTOR ANIK NUEVO,dba9ca71-ba8e-4e1c-bbe0-c71c3e1bbfbb,,25000,8196b4a5894c97a271e64feb59a97f49b2d52689b177f40ff0020bdfe83e9187,BC-20612,BCV5-0613,beauty-care-corrector-anik-nuevo,RESERVED_IMPORT_RANGE,GENERATED_CANONICAL_SOURCE_CODE,DETERMINISTIC_CANONICAL_SLUG,DETERMINISTIC_SOURCE_UUID,READY_CREATE
CATV1-P169-R3L,POLICY_APPROVED,2de9de95-0df5-4236-15c1-fa94dec7cdbb,BEAUTY_CARE,PESTAÑINA ANIK SOLO ROSADA,dba9ca71-ba8e-4e1c-bbe0-c71c3e1bbfbb,,25000,1e4b3cd919aee549d94a65cc0ee9e3b01816527d5f9265e7e4527d7d1b6f033f,BC-20613,BCV5-0614,beauty-care-pestanina-anik-solo-rosada,RESERVED_IMPORT_RANGE,GENERATED_CANONICAL_SOURCE_CODE,DETERMINISTIC_CANONICAL_SLUG,DETERMINISTIC_SOURCE_UUID,READY_CREATE
CATV1-P169-R3R,POLICY_APPROVED,260ba260-382c-9d1d-d2aa-041f37e22992,BEAUTY_CARE,PESTAÑINA ANIK CAFE,dba9ca71-ba8e-4e1c-bbe0-c71c3e1bbfbb,,25000,4d80c0a2dc57d84443e46c4c73056d53ae59c7606164013ea5f582fa17a13a70,BC-20614,BCV5-0615,beauty-care-pestanina-anik-cafe,RESERVED_IMPORT_RANGE,GENERATED_CANONICAL_SOURCE_CODE,DETERMINISTIC_CANONICAL_SLUG,DETERMINISTIC_SOURCE_UUID,READY_CREATE
CATV1-P170-R1L,POLICY_APPROVED,45f3eaf0-d501-6387-7c8e-64610e68fb6e,BEAUTY_CARE,CONTORNO ANIK,dba9ca71-ba8e-4e1c-bbe0-c71c3e1bbfbb,,28000,779a1383e031079b4ec6dee46daa4157062d8b4cf92a74bfc9c152b8fe85c8e1,BC-20615,BCV5-0616,beauty-care-contorno-anik,RESERVED_IMPORT_RANGE,GENERATED_CANONICAL_SOURCE_CODE,DETERMINISTIC_CANONICAL_SLUG,DETERMINISTIC_SOURCE_UUID,READY_CREATE
CATV1-P170-R1R,POLICY_APPROVED,d4acab40-f1e8-c2cc-6df7-be9b3ef91a0d,BEAUTY_CARE,ILUMINADOR EN CREMA,dba9ca71-ba8e-4e1c-bbe0-c71c3e1bbfbb,,35000,d281bcdb2db1f718440557ceb0a89127c4ad2286349be56c0456391c40e0fb02,BC-20616,BCV5-0617,beauty-care-iluminador-en-crema,RESERVED_IMPORT_RANGE,GENERATED_CANONICAL_SOURCE_CODE,DETERMINISTIC_CANONICAL_SLUG,DETERMINISTIC_SOURCE_UUID,READY_CREATE
CATV1-P170-R2L,POLICY_APPROVED,f6fdd3ad-d063-f134-05d3-b85f08d5ab0b,BEAUTY_CARE,LAPIIZ ANIK 4 TONOS,dba9ca71-ba8e-4e1c-bbe0-c71c3e1bbfbb,,16000,2b1681d1cac20b886ac9b3439d620a9664fb80eda8cbc2b8560ce8d810a4f452,BC-20617,BCV5-0618,beauty-care-lapiiz-anik-4-tonos,RESERVED_IMPORT_RANGE,GENERATED_CANONICAL_SOURCE_CODE,DETERMINISTIC_CANONICAL_SLUG,DETERMINISTIC_SOURCE_UUID,READY_CREATE
CATV1-P170-R2R,POLICY_APPROVED,85080013-fb0a-9248-f46c-89b1f6dc7b60,BEAUTY_CARE,LAPIZ DE CEJAS ANIK,dba9ca71-ba8e-4e1c-bbe0-c71c3e1bbfbb,,18000,c18a7585eeb630c2063afd51cb02290564153373bb15adc5bddeadd18480cbf4,BC-20618,BCV5-0619,beauty-care-lapiz-de-cejas-anik,RESERVED_IMPORT_RANGE,GENERATED_CANONICAL_SOURCE_CODE,DETERMINISTIC_CANONICAL_SLUG,DETERMINISTIC_SOURCE_UUID,READY_CREATE
CATV1-P170-R3L,POLICY_APPROVED,cb3348a5-08b7-b64d-a2e2-d953665b5d62,BEAUTY_CARE,LIP BALM ANIK,dba9ca71-ba8e-4e1c-bbe0-c71c3e1bbfbb,,22000,a573fe35d63cb5c647ccc4aa552c9f9d0df88deca9f434331e575a9b5c93cd30,BC-20619,BCV5-0620,beauty-care-lip-balm-anik,RESERVED_IMPORT_RANGE,GENERATED_CANONICAL_SOURCE_CODE,DETERMINISTIC_CANONICAL_SLUG,DETERMINISTIC_SOURCE_UUID,READY_CREATE
CATV1-P170-R3R,POLICY_APPROVED,3a276b32-8693-37ba-c956-bb7b4532ef69,BEAUTY_CARE,PESTAÑINA BROW PARADISE,dba9ca71-ba8e-4e1c-bbe0-c71c3e1bbfbb,,25000,069ea66dbf842cbf2a1611b61a97e859c4a384953bde6423dd89eeeb484fb5ae,BC-20620,BCV5-0621,beauty-care-pestanina-brow-paradise,RESERVED_IMPORT_RANGE,GENERATED_CANONICAL_SOURCE_CODE,DETERMINISTIC_CANONICAL_SLUG,DETERMINISTIC_SOURCE_UUID,READY_CREATE
CATV1-P171-R1L,POLICY_APPROVED,643831e6-2fce-6091-b92a-9f5edf84141d,BEAUTY_CARE,RUBOR SERUM ANIK,dba9ca71-ba8e-4e1c-bbe0-c71c3e1bbfbb,,29000,89d5c1cbc73f84d5d2076a8258e2fd0b9d4dd942aaccbd7b9b062ba94d36addb,BC-20621,BCV5-0622,beauty-care-rubor-serum-anik,RESERVED_IMPORT_RANGE,GENERATED_CANONICAL_SOURCE_CODE,DETERMINISTIC_CANONICAL_SLUG,DETERMINISTIC_SOURCE_UUID,READY_CREATE
CATV1-P171-R1R,POLICY_APPROVED,32bc09b8-cb7a-d515-e770-084091d7f8d9,BEAUTY_CARE,BROCHA ICONI-K,dba9ca71-ba8e-4e1c-bbe0-c71c3e1bbfbb,,23000,90af0470dac793ecc60eac0a8f470917f06b2c4027b7c6da87c6efd6a4d873bf,BC-20622,BCV5-0623,beauty-care-brocha-iconi-k,RESERVED_IMPORT_RANGE,GENERATED_CANONICAL_SOURCE_CODE,DETERMINISTIC_CANONICAL_SLUG,DETERMINISTIC_SOURCE_UUID,READY_CREATE
CATV1-P171-R2L,HUMAN_APPROVED,014badea-f98e-76fa-5a2e-996576f665b8,BEAUTY_CARE,GEL CEJAS ANIIK,dba9ca71-ba8e-4e1c-bbe0-c71c3e1bbfbb,,23000,1bcadcf41ccaec5494a550cd62a6cbdd6e7b24a1615ebd5e17b4e2241e040f27,BC-20623,BCV5-0624,beauty-care-gel-cejas-aniik,RESERVED_IMPORT_RANGE,GENERATED_CANONICAL_SOURCE_CODE,DETERMINISTIC_CANONICAL_SLUG,DETERMINISTIC_SOURCE_UUID,READY_CREATE
CATV1-P173-R1L,POLICY_APPROVED,ee4a18d2-e0c0-a676-14fb-86fdd5696899,BEAUTY_CARE,CORRECTOR FLAWLES,d90c6030-d3b7-4536-96bc-388cfe16a805,,17500,6ec601d308172157fa0a604a858cbb25b58d7aa1351db1b891f17e6ab438307c,BC-20624,BCV5-0625,beauty-care-corrector-flawles,RESERVED_IMPORT_RANGE,GENERATED_CANONICAL_SOURCE_CODE,DETERMINISTIC_CANONICAL_SLUG,DETERMINISTIC_SOURCE_UUID,READY_CREATE
CATV1-P173-R1R,POLICY_APPROVED,4ced334a-e418-8a61-4a6a-5864999f89a0,BEAUTY_CARE,GEL MELU NUEVO,d90c6030-d3b7-4536-96bc-388cfe16a805,,21500,3640235c5e639acd4ffa3b9aca5841a922ac34c46031288c8092faf115d5342b,BC-20625,BCV5-0626,beauty-care-gel-melu-nuevo,RESERVED_IMPORT_RANGE,GENERATED_CANONICAL_SOURCE_CODE,DETERMINISTIC_CANONICAL_SLUG,DETERMINISTIC_SOURCE_UUID,READY_CREATE
CATV1-P173-R2L,POLICY_APPROVED,56ec74e4-635f-02a7-2784-d68d689a8d00,BEAUTY_CARE,JABON DE CEJAS MELU,d90c6030-d3b7-4536-96bc-388cfe16a805,,15000,e29fdf23e718f16d6547ef012dde65c2abeae31758dddbed22eafb8c6ea5da32,BC-20626,BCV5-0627,beauty-care-jabon-de-cejas-melu,RESERVED_IMPORT_RANGE,GENERATED_CANONICAL_SOURCE_CODE,DETERMINISTIC_CANONICAL_SLUG,DETERMINISTIC_SOURCE_UUID,READY_CREATE
CATV1-P173-R2R,POLICY_APPROVED,3ec9b32a-c382-f4ad-49f6-62009a2cfd34,BEAUTY_CARE,LIP OIL,d90c6030-d3b7-4536-96bc-388cfe16a805,,16000,dc3623bd3a7c7505599ce98673106f34c8551c4f10f15448dcc5af6cc535949f,BC-20627,BCV5-0628,beauty-care-lip-oil-p173-r2r,RESERVED_IMPORT_RANGE,GENERATED_CANONICAL_SOURCE_CODE,DETERMINISTIC_CANONICAL_SLUG,DETERMINISTIC_SOURCE_UUID,READY_CREATE
CATV1-P173-R3L,POLICY_APPROVED,6faaa869-8c6c-8401-3e7e-7e8d93cb9fca,BEAUTY_CARE,LAPIZ RETRACTIL NEGRO,d90c6030-d3b7-4536-96bc-388cfe16a805,,11900,5dd0c45244d21f768a131989a55f765ef878cf393b24f5702130ab2460f4fae7,BC-20628,BCV5-0629,beauty-care-lapiz-retractil-negro,RESERVED_IMPORT_RANGE,GENERATED_CANONICAL_SOURCE_CODE,DETERMINISTIC_CANONICAL_SLUG,DETERMINISTIC_SOURCE_UUID,READY_CREATE
CATV1-P175-R1L,POLICY_APPROVED,59e51170-0fe4-07aa-4ca2-c9656d39fe8c,BEAUTY_CARE,BASE 2 EN 1,e466082b-7532-4204-b781-94650387a81f,,38800,3f4f01c90a3283ad8853edc22d948079b1096434017ff5f17ab185aca71af25c,BC-20629,BCV5-0630,beauty-care-base-2-en-1,RESERVED_IMPORT_RANGE,GENERATED_CANONICAL_SOURCE_CODE,DETERMINISTIC_CANONICAL_SLUG,DETERMINISTIC_SOURCE_UUID,READY_CREATE
CATV1-P175-R1R,HUMAN_APPROVED,ed5219ce-0c86-7ae6-80a4-25a6fc7503d7,BEAUTY_CARE,DELINEADOR,e466082b-7532-4204-b781-94650387a81f,,13000,47c1bc8c78d8d80eece61821b01162e4e3e5b61547e548be1f4a09aa44b30719,BC-20630,BCV5-0631,beauty-care-delineador,RESERVED_IMPORT_RANGE,GENERATED_CANONICAL_SOURCE_CODE,DETERMINISTIC_CANONICAL_SLUG,DETERMINISTIC_SOURCE_UUID,READY_CREATE
CATV1-P175-R2L,POLICY_APPROVED,05bda15e-3730-3ffd-b849-efe4ede22736,BEAUTY_CARE,BORLA TERCIOPELO,e466082b-7532-4204-b781-94650387a81f,,9000,2b331fcd8a7c2adb37cede8043cd79bba95962c9654a8e564262c254074bd9ce,BC-20631,BCV5-0632,beauty-care-borla-terciopelo,RESERVED_IMPORT_RANGE,GENERATED_CANONICAL_SOURCE_CODE,DETERMINISTIC_CANONICAL_SLUG,DETERMINISTIC_SOURCE_UUID,READY_CREATE
CATV1-P175-R2R,POLICY_APPROVED,ef2df1a2-3588-0010-e63c-4c9913bbc0d5,BEAUTY_CARE,DEADEMARENO,e466082b-7532-4204-b781-94650387a81f,,13000,3c13fd580d72d490864e8649161f46d01f2a2f53c22dbfdc345da0babf802c70,BC-20632,BCV5-0633,beauty-care-deademareno,RESERVED_IMPORT_RANGE,GENERATED_CANONICAL_SOURCE_CODE,DETERMINISTIC_CANONICAL_SLUG,DETERMINISTIC_SOURCE_UUID,READY_CREATE
CATV1-P176-R1L,POLICY_APPROVED,c075d8de-d473-ac53-9984-ee70a52a6730,BEAUTY_CARE,POLVO COMPACTO Y POLVO SOLO TONO ROSADO,e466082b-7532-4204-b781-94650387a81f,,34000,bf27b07fc1105840ffe00477311c31003eadbcaf61206365264663d259e3e714,BC-20633,BCV5-0634,beauty-care-polvo-compacto-y-polvo-solo-tono-rosado,RESERVED_IMPORT_RANGE,GENERATED_CANONICAL_SOURCE_CODE,DETERMINISTIC_CANONICAL_SLUG,DETERMINISTIC_SOURCE_UUID,READY_CREATE
CATV1-P176-R1R,POLICY_APPROVED,6a8636f0-c495-b73b-db45-4a14c5eaeda7,BEAUTY_CARE,BORLA INDIVIDUAL,e466082b-7532-4204-b781-94650387a81f,,6000,d46ce4094e8225b9631d5d3cf297e91c06073bc8a52555902bc36cdfb010d690,BC-20634,BCV5-0635,beauty-care-borla-individual,RESERVED_IMPORT_RANGE,GENERATED_CANONICAL_SOURCE_CODE,DETERMINISTIC_CANONICAL_SLUG,DETERMINISTIC_SOURCE_UUID,READY_CREATE
CATV1-P176-R2R,POLICY_APPROVED,5fe8d836-fd3d-e08e-c4c5-c0ab6c4f071c,BEAUTY_CARE,RUBOR 3 TONOS 5,e466082b-7532-4204-b781-94650387a81f,,13000,c1bb337654ed1d1c0298d116a81386fb592aed1652ee6eea1d8e00d8c64818e3,BC-20635,BCV5-0636,beauty-care-rubor-3-tonos-5,RESERVED_IMPORT_RANGE,GENERATED_CANONICAL_SOURCE_CODE,DETERMINISTIC_CANONICAL_SLUG,DETERMINISTIC_SOURCE_UUID,READY_CREATE
CATV1-P176-R3L,HUMAN_APPROVED,719a5d48-3fc1-7589-a0be-48614edcff69,BEAUTY_CARE,DEADEMAOSOBRILLO,e466082b-7532-4204-b781-94650387a81f,,13000,221e66a65b7360e216f08f39571dd07314dd6b6b052f419144a0b8fc19bf61ec,BC-20636,BCV5-0637,beauty-care-deademaosobrillo,RESERVED_IMPORT_RANGE,GENERATED_CANONICAL_SOURCE_CODE,DETERMINISTIC_CANONICAL_SLUG,DETERMINISTIC_SOURCE_UUID,READY_CREATE
CATV1-P177-R1L,POLICY_APPROVED,9c0f592d-964d-cb8e-9bbe-2e1a29d56d71,BEAUTY_CARE,REPUESTOS ENCRESPADOR,e466082b-7532-4204-b781-94650387a81f,,7000,19ebe266b658c6ce2b6c6b71bdc4359d9505f970c5a0e2c3ccd53179c5e32972,BC-20637,BCV5-0638,beauty-care-repuestos-encrespador,RESERVED_IMPORT_RANGE,GENERATED_CANONICAL_SOURCE_CODE,DETERMINISTIC_CANONICAL_SLUG,DETERMINISTIC_SOURCE_UUID,READY_CREATE
CATV1-P177-R1R,POLICY_APPROVED,d6456ca3-5284-4dd5-5718-0639c7e553be,BEAUTY_CARE,BLOOMLIPPARRTY,e466082b-7532-4204-b781-94650387a81f,,16000,7a032db666379fdb9783d644bb347ca6f7ee28df44a8b146665a34e6de314719,BC-20638,BCV5-0639,beauty-care-bloomlipparrty,RESERVED_IMPORT_RANGE,GENERATED_CANONICAL_SOURCE_CODE,DETERMINISTIC_CANONICAL_SLUG,DETERMINISTIC_SOURCE_UUID,READY_CREATE
CATV1-P177-R2L,POLICY_APPROVED,345aebc5-3dd2-505d-7388-f1ee18ba3f4e,BEAUTY_CARE,POLVO TRASLUCIDO GRANDE BLANCO,e466082b-7532-4204-b781-94650387a81f,,41000,492b6f9c92811d18ac4462e716f64166efae6786dc56b0b8dfa37d2c173898fa,BC-20639,BCV5-0640,beauty-care-polvo-traslucido-grande-blanco,RESERVED_IMPORT_RANGE,GENERATED_CANONICAL_SOURCE_CODE,DETERMINISTIC_CANONICAL_SLUG,DETERMINISTIC_SOURCE_UUID,READY_CREATE
CATV1-P177-R2R,POLICY_APPROVED,dc2f7f5e-d5a3-b992-4fc6-7d08e5e16f4d,BEAUTY_CARE,RUBOR X3 (PREGUNTA LOS TO,e466082b-7532-4204-b781-94650387a81f,,39000,524317291955c72caf52ae4e9b53005bfe4c53b9872d64e383e5ac32546d598a,BC-20640,BCV5-0641,beauty-care-rubor-x3-pregunta-los-to,RESERVED_IMPORT_RANGE,GENERATED_CANONICAL_SOURCE_CODE,DETERMINISTIC_CANONICAL_SLUG,DETERMINISTIC_SOURCE_UUID,READY_CREATE
CATV1-P177-R3L,POLICY_APPROVED,7bacb55f-2554-751c-6337-5a01ba76c293,BEAUTY_CARE,BASE EN BARRA TONOS),e466082b-7532-4204-b781-94650387a81f,,16000,dea53b30c83e24e10c2856fb5a71f319d7a3fe4705e0456df5450bc55769fe49,BC-20641,BCV5-0642,beauty-care-base-en-barra-tonos-,RESERVED_IMPORT_RANGE,GENERATED_CANONICAL_SOURCE_CODE,DETERMINISTIC_CANONICAL_SLUG,DETERMINISTIC_SOURCE_UUID,READY_CREATE
CATV1-P177-R3R,POLICY_APPROVED,f343dc05-f2b0-8cc1-a483-93616d2ed9cb,BEAUTY_CARE,BROCHA MOFETA BLOOM,e466082b-7532-4204-b781-94650387a81f,,16000,6e4e7489e99b3238f60535877deee12c22e2955c5a2d7c6a5f9cb33715037411,BC-20642,BCV5-0643,beauty-care-brocha-mofeta-bloom,RESERVED_IMPORT_RANGE,GENERATED_CANONICAL_SOURCE_CODE,DETERMINISTIC_CANONICAL_SLUG,DETERMINISTIC_SOURCE_UUID,READY_CREATE
CATV1-P178-R1L,POLICY_APPROVED,5c9a7cef-57ca-1928-29fe-c659dd48497b,BEAUTY_CARE,PESTAORGNICAS MADELYN,e466082b-7532-4204-b781-94650387a81f,,11000,87e54654b8c649c983c57986beed1cb48fb390ed152bec6f115fa8a006a68770,BC-20643,BCV5-0644,beauty-care-pestaorgnicas-madelyn,RESERVED_IMPORT_RANGE,GENERATED_CANONICAL_SOURCE_CODE,DETERMINISTIC_CANONICAL_SLUG,DETERMINISTIC_SOURCE_UUID,READY_CREATE
CATV1-P178-R1R,POLICY_APPROVED,39c2dcb0-923c-1922-fdda-cdfcf8814028,BEAUTY_CARE,PELOAPELO,e466082b-7532-4204-b781-94650387a81f,,11000,21a69c8b7e54dfde899052622bf4426b4cd75c525ad5f3bcb34ac283f96e4d7d,BC-20644,BCV5-0645,beauty-care-peloapelo,RESERVED_IMPORT_RANGE,GENERATED_CANONICAL_SOURCE_CODE,DETERMINISTIC_CANONICAL_SLUG,DETERMINISTIC_SOURCE_UUID,READY_CREATE
CATV1-P178-R2L,POLICY_APPROVED,104b514a-51a0-3e39-b774-3eb4fd0fd013,BEAUTY_CARE,PESTAÑAS ENTERAS,e466082b-7532-4204-b781-94650387a81f,,9000,70b5bee282bcf43b77e5abb25b91fab69bccbb3f3d56c078bcd67ee47a41a8a9,BC-20645,BCV5-0646,beauty-care-pestanas-enteras,RESERVED_IMPORT_RANGE,GENERATED_CANONICAL_SOURCE_CODE,DETERMINISTIC_CANONICAL_SLUG,DETERMINISTIC_SOURCE_UUID,READY_CREATE
CATV1-P178-R2R,POLICY_APPROVED,03b7f665-7f8a-98ea-f330-6dfec1a147ed,BEAUTY_CARE,APLICADOR DE PESTAÑINA,e466082b-7532-4204-b781-94650387a81f,,7000,3eadf0516e25a1b8ec52788d6f7d90d8d981d4436dce4c29cfe74accadeaacd1,BC-20646,BCV5-0647,beauty-care-aplicador-de-pestanina,RESERVED_IMPORT_RANGE,GENERATED_CANONICAL_SOURCE_CODE,DETERMINISTIC_CANONICAL_SLUG,DETERMINISTIC_SOURCE_UUID,READY_CREATE
CATV1-P178-R3L,POLICY_APPROVED,1b167a10-e981-301a-30e4-914853e1f370,BEAUTY_CARE,BORLABIG NEGRA,e466082b-7532-4204-b781-94650387a81f,,7000,90c03496ca5310a42c66e92e72ba45dfb6a96a0956cf362031d69945c3cc646a,BC-20647,BCV5-0648,beauty-care-borlabig-negra,RESERVED_IMPORT_RANGE,GENERATED_CANONICAL_SOURCE_CODE,DETERMINISTIC_CANONICAL_SLUG,DETERMINISTIC_SOURCE_UUID,READY_CREATE
CATV1-P178-R3R,POLICY_APPROVED,f30b2823-7e1f-c9e5-1877-070cd114e1ee,BEAUTY_CARE,BROCHA SILICONA,e466082b-7532-4204-b781-94650387a81f,,13000,ded4b07cf644d964a5d2cf963f7f59ea879edbd536f28f6060aa315211a36796,BC-20648,BCV5-0649,beauty-care-brocha-silicona,RESERVED_IMPORT_RANGE,GENERATED_CANONICAL_SOURCE_CODE,DETERMINISTIC_CANONICAL_SLUG,DETERMINISTIC_SOURCE_UUID,READY_CREATE
CATV1-P179-R1L,POLICY_APPROVED,4466703e-f8b3-47de-2306-376ad0aca3e5,BEAUTY_CARE,POLVO PINK BLOOM,e466082b-7532-4204-b781-94650387a81f,,31000,4d8d406cc7d75a4aedba291207ac52320562f25b4ec72cb160d243c619237a7f,BC-20649,BCV5-0650,beauty-care-polvo-pink-bloom,RESERVED_IMPORT_RANGE,GENERATED_CANONICAL_SOURCE_CODE,DETERMINISTIC_CANONICAL_SLUG,DETERMINISTIC_SOURCE_UUID,READY_CREATE
CATV1-P179-R1R,POLICY_APPROVED,56252f2b-3c36-f7d7-740a-dd217e970690,BEAUTY_CARE,LAPIZ DE LABIOS TODOS LOS TONOS,e466082b-7532-4204-b781-94650387a81f,,11000,2ee030d82de330a7a1222886dafaaaf1776a1f6d8e5e7b02898ba8173722c4ec,BC-20650,BCV5-0651,beauty-care-lapiz-de-labios-todos-los-tonos,RESERVED_IMPORT_RANGE,GENERATED_CANONICAL_SOURCE_CODE,DETERMINISTIC_CANONICAL_SLUG,DETERMINISTIC_SOURCE_UUID,READY_CREATE
CATV1-P179-R2L,POLICY_APPROVED,7a77866d-f7a1-c5ed-c15b-09e42e32d326,BEAUTY_CARE,LIP CREAM BLOOM,e466082b-7532-4204-b781-94650387a81f,,13000,3908a89117bcb17a1b10d6726eb18fcd53b1590e5b6b3d1518afad259b9df825,BC-20651,BCV5-0652,beauty-care-lip-cream-bloom,RESERVED_IMPORT_RANGE,GENERATED_CANONICAL_SOURCE_CODE,DETERMINISTIC_CANONICAL_SLUG,DETERMINISTIC_SOURCE_UUID,READY_CREATE
CATV1-P179-R2R,POLICY_APPROVED,5305e774-64ff-1e62-134b-7cfdb36dafcb,BEAUTY_CARE,JUICY GLOSS,e466082b-7532-4204-b781-94650387a81f,,16000,60aebd7a7a0aba1874669650b4e2d694bd5f4100968ae04a0e9e1f8e1d2b150a,BC-20652,BCV5-0653,beauty-care-juicy-gloss,RESERVED_IMPORT_RANGE,GENERATED_CANONICAL_SOURCE_CODE,DETERMINISTIC_CANONICAL_SLUG,DETERMINISTIC_SOURCE_UUID,READY_CREATE
CATV1-P179-R3L,POLICY_APPROVED,e645f19b-ec74-9e33-c045-efbc06b04cee,BEAUTY_CARE,BLOOM LOVE,e466082b-7532-4204-b781-94650387a81f,,16000,cb419011d3e136a4e411d418851ceb32d863a07e35afb354ff91bc80694d97b9,BC-20653,BCV5-0654,beauty-care-bloom-love,RESERVED_IMPORT_RANGE,GENERATED_CANONICAL_SOURCE_CODE,DETERMINISTIC_CANONICAL_SLUG,DETERMINISTIC_SOURCE_UUID,READY_CREATE
CATV1-P180-R1L,POLICY_APPROVED,d5469432-a897-8e95-28b7-9188afc42db4,BEAUTY_CARE,BIG BLENDER NEGRO,e466082b-7532-4204-b781-94650387a81f,,13000,6ce422466355493205b84fb613edb323ec4eb312e5565bb29a8b80f1d43570ac,BC-20654,BCV5-0655,beauty-care-big-blender-negro,RESERVED_IMPORT_RANGE,GENERATED_CANONICAL_SOURCE_CODE,DETERMINISTIC_CANONICAL_SLUG,DETERMINISTIC_SOURCE_UUID,READY_CREATE
CATV1-P180-R1R,POLICY_APPROVED,c6a20176-f2f1-9b8f-9f5f-171f2174f970,BEAUTY_CARE,CAJA DE PESTAÑAS,e466082b-7532-4204-b781-94650387a81f,,16000,8a8b7b97f72d3a3befd85d91c330018f626d421617e5f962f62faa2ee4ac086f,BC-20655,BCV5-0656,beauty-care-caja-de-pestanas,RESERVED_IMPORT_RANGE,GENERATED_CANONICAL_SOURCE_CODE,DETERMINISTIC_CANONICAL_SLUG,DETERMINISTIC_SOURCE_UUID,READY_CREATE
CATV1-P180-R2R,POLICY_APPROVED,fbc303dc-6048-1980-0b20-eb6f908adb1f,BEAUTY_CARE,DEADEMAOSO,e466082b-7532-4204-b781-94650387a81f,,13000,d3c160c727bdb4421063e596e8b3c227fdf06a3ca252336bafecb406a482ce49,BC-20656,BCV5-0657,beauty-care-deademaoso,RESERVED_IMPORT_RANGE,GENERATED_CANONICAL_SOURCE_CODE,DETERMINISTIC_CANONICAL_SLUG,DETERMINISTIC_SOURCE_UUID,READY_CREATE
CATV1-P180-R3R,POLICY_APPROVED,c814e3f2-e326-b176-7522-e27c5567174a,BEAUTY_CARE,DEADEMACORAZON,e466082b-7532-4204-b781-94650387a81f,,13000,6ddcfa2fdd59ab3f89c97fd2df48087d699acb91034637b8a548fab477b848d0,BC-20657,BCV5-0658,beauty-care-deademacorazon,RESERVED_IMPORT_RANGE,GENERATED_CANONICAL_SOURCE_CODE,DETERMINISTIC_CANONICAL_SLUG,DETERMINISTIC_SOURCE_UUID,READY_CREATE
CATV1-P181-R1R,POLICY_APPROVED,39c5d5d7-fd79-f4a2-e66c-5fb8177ef760,BEAUTY_CARE,CORRECTOR XL,e466082b-7532-4204-b781-94650387a81f,,39500,a0fa11fef5059f0bf751ee70c09ae4fcf9365a45156fab6f53d1182decb0cd78,BC-20658,BCV5-0659,beauty-care-corrector-xl,RESERVED_IMPORT_RANGE,GENERATED_CANONICAL_SOURCE_CODE,DETERMINISTIC_CANONICAL_SLUG,DETERMINISTIC_SOURCE_UUID,READY_CREATE
CATV1-P181-R2L,HUMAN_APPROVED,1a114ecb-c4e0-77a7-2f3b-77860e14e0fc,BEAUTY_CARE,BLOOM KISS,e466082b-7532-4204-b781-94650387a81f,,14000,377f65caf90c744ba00b49114ad2da5f9c6cd23f25af73d1264b55a83817f6f0,BC-20659,BCV5-0660,beauty-care-bloom-kiss,RESERVED_IMPORT_RANGE,GENERATED_CANONICAL_SOURCE_CODE,DETERMINISTIC_CANONICAL_SLUG,DETERMINISTIC_SOURCE_UUID,READY_CREATE
CATV1-P181-R2R,POLICY_APPROVED,193e09ae-6d5a-cd24-8e09-e62b4c15bcf6,BEAUTY_CARE,VIAL») 16.UUU,e466082b-7532-4204-b781-94650387a81f,,16000,0b5e8b4eabe3d6a1e2ea06ea96fc390303614e839869640df8e971be14c8de17,BC-20660,BCV5-0661,beauty-care-vial-16-uuu,RESERVED_IMPORT_RANGE,GENERATED_CANONICAL_SOURCE_CODE,DETERMINISTIC_CANONICAL_SLUG,DETERMINISTIC_SOURCE_UUID,READY_CREATE
CATV1-P181-R3L,POLICY_APPROVED,b563ed59-111d-a4c4-3d23-e057ec61f4bf,BEAUTY_CARE,POLVO PURPURE BIG,e466082b-7532-4204-b781-94650387a81f,,36000,43e1c192ea91475f38c16ae3130aa7a104c18a49d2b8d3792db2587c6b3f8e7b,BC-20661,BCV5-0662,beauty-care-polvo-purpure-big,RESERVED_IMPORT_RANGE,GENERATED_CANONICAL_SOURCE_CODE,DETERMINISTIC_CANONICAL_SLUG,DETERMINISTIC_SOURCE_UUID,READY_CREATE
CATV1-P181-R3R,HUMAN_APPROVED,7bd7f54e-355f-038c-10b8-34e0977d1af5,BEAUTY_CARE,BROCHAS NUDE ELEGANCE,e466082b-7532-4204-b781-94650387a81f,,29000,b3b02b51f3dc33dfaba2c12a4436d9a8369bca0ad459d25cf4d741fb6b5880b1,BC-20662,BCV5-0663,beauty-care-brochas-nude-elegance,RESERVED_IMPORT_RANGE,GENERATED_CANONICAL_SOURCE_CODE,DETERMINISTIC_CANONICAL_SLUG,DETERMINISTIC_SOURCE_UUID,READY_CREATE
CATV1-P182-R1L,POLICY_APPROVED,6dc31936-a788-a075-5b9f-f4d927548798,BEAUTY_CARE,BROCHAS NUDE ELEGACE,e466082b-7532-4204-b781-94650387a81f,,29000,2ecb6d38704baadaac669c92fa8f3a29a0c3b3832f3790bd4767d20a1d8e9d06,BC-20663,BCV5-0664,beauty-care-brochas-nude-elegace,RESERVED_IMPORT_RANGE,GENERATED_CANONICAL_SOURCE_CODE,DETERMINISTIC_CANONICAL_SLUG,DETERMINISTIC_SOURCE_UUID,READY_CREATE
CATV1-P182-R1R,POLICY_APPROVED,9dcabb2c-1c5f-9ec4-5934-a01b2d4ed592,BEAUTY_CARE,TINTA BLOOM TONO 1,e466082b-7532-4204-b781-94650387a81f,,19000,3108e6d8d96add2671994e39402ccdaaff99670d62f45a73efa8854ff7856fbd,BC-20664,BCV5-0665,beauty-care-tinta-bloom-tono-1,RESERVED_IMPORT_RANGE,GENERATED_CANONICAL_SOURCE_CODE,DETERMINISTIC_CANONICAL_SLUG,DETERMINISTIC_SOURCE_UUID,READY_CREATE
CATV1-P182-R2R,POLICY_APPROVED,74cbccb1-df94-95bf-5f66-5cfd41e7db05,BEAUTY_CARE,BROCHAS BRUSH,e466082b-7532-4204-b781-94650387a81f,,16000,2450fc17c3d90ec05ab555125f3cacb664f483068877aa0892271f79e125f942,BC-20665,BCV5-0666,beauty-care-brochas-brush,RESERVED_IMPORT_RANGE,GENERATED_CANONICAL_SOURCE_CODE,DETERMINISTIC_CANONICAL_SLUG,DETERMINISTIC_SOURCE_UUID,READY_CREATE
CATV1-P182-R3L,POLICY_APPROVED,e92ff08a-ab15-582e-8202-170fc61da96a,BEAUTY_CARE,PALETA KISS LOVE,e466082b-7532-4204-b781-94650387a81f,,23000,8255a22550d186981a41ed8499a409ed22ae73418c57b586d0b2ebf283870881,BC-20666,BCV5-0667,beauty-care-paleta-kiss-love,RESERVED_IMPORT_RANGE,GENERATED_CANONICAL_SOURCE_CODE,DETERMINISTIC_CANONICAL_SLUG,DETERMINISTIC_SOURCE_UUID,READY_CREATE
CATV1-P183-R1L,POLICY_APPROVED,472efecd-9511-6787-d4ba-fc51b75274ed,BEAUTY_CARE,BLOOM FRESH,e466082b-7532-4204-b781-94650387a81f,,16000,54a11193cf5a8145c201962d603317ee56eed7a8c627ecfd2f2626cd17af4123,BC-20667,BCV5-0668,beauty-care-bloom-fresh,RESERVED_IMPORT_RANGE,GENERATED_CANONICAL_SOURCE_CODE,DETERMINISTIC_CANONICAL_SLUG,DETERMINISTIC_SOURCE_UUID,READY_CREATE
CATV1-P183-R1R,POLICY_APPROVED,5584f987-226d-54db-18f7-7fdc940b4fca,BEAUTY_CARE,BASE CUSHION TODOS LOS TONOS,e466082b-7532-4204-b781-94650387a81f,,31000,bdc339e93aa6b23b4e4af741606c25d4041ff6a66f230ef91f71246e913b5c2d,BC-20668,BCV5-0669,beauty-care-base-cushion-todos-los-tonos,RESERVED_IMPORT_RANGE,GENERATED_CANONICAL_SOURCE_CODE,DETERMINISTIC_CANONICAL_SLUG,DETERMINISTIC_SOURCE_UUID,READY_CREATE
CATV1-P183-R2L,POLICY_APPROVED,19ca0c71-b397-8e98-fddf-7dad8bfea081,BEAUTY_CARE,RUBOR LIQUIDO TONO 2 Y TONO 3,e466082b-7532-4204-b781-94650387a81f,,21000,fdf50d8dfe4cbaf4521e23807be858fb1dc2f3357d8068ce5ba2e7957ddd7c6d,BC-20669,BCV5-0670,beauty-care-rubor-liquido-tono-2-y-tono-3,RESERVED_IMPORT_RANGE,GENERATED_CANONICAL_SOURCE_CODE,DETERMINISTIC_CANONICAL_SLUG,DETERMINISTIC_SOURCE_UUID,READY_CREATE
CATV1-P183-R2R,POLICY_APPROVED,c43de569-d278-d4ba-2797-441a9f1d6aea,BEAUTY_CARE,BLOOM NECTAR TODOS LOS TONOS,e466082b-7532-4204-b781-94650387a81f,,16000,844403e0b9f65b3a6f5cd6f47b4a7f720363a41732bfb6c117b10bbe92d152ce,BC-20670,BCV5-0671,beauty-care-bloom-nectar-todos-los-tonos,RESERVED_IMPORT_RANGE,GENERATED_CANONICAL_SOURCE_CODE,DETERMINISTIC_CANONICAL_SLUG,DETERMINISTIC_SOURCE_UUID,READY_CREATE
CATV1-P183-R3L,POLICY_APPROVED,ab0adfc8-b4d3-590d-00fa-9a72a011d646,BEAUTY_CARE,KISS TINT SHELL,e466082b-7532-4204-b781-94650387a81f,,16000,68f2a7852f494ee84b50cc51b1b14435b1bbc50a20510705c1e5ef7282dfa3fa,BC-20671,BCV5-0672,beauty-care-kiss-tint-shell,RESERVED_IMPORT_RANGE,GENERATED_CANONICAL_SOURCE_CODE,DETERMINISTIC_CANONICAL_SLUG,DETERMINISTIC_SOURCE_UUID,READY_CREATE
CATV1-P183-R3R,POLICY_APPROVED,a0fcb639-0bea-d62d-36f4-f0603917883d,BEAUTY_CARE,BRONZER SCULT,e466082b-7532-4204-b781-94650387a81f,,32500,06f94f5d848d9d1787d080a3fc4e8df590506c73ca03791edd1e3e5fa592c023,BC-20672,BCV5-0673,beauty-care-bronzer-scult,RESERVED_IMPORT_RANGE,GENERATED_CANONICAL_SOURCE_CODE,DETERMINISTIC_CANONICAL_SLUG,DETERMINISTIC_SOURCE_UUID,READY_CREATE
CATV1-P184-R1L,POLICY_APPROVED,e2f69f0b-2264-4a9a-92cf-27a08f289659,BEAUTY_CARE,POLVO TRASLUCIDO PINK,e466082b-7532-4204-b781-94650387a81f,,41000,b8530ddc0dbf43011201e4f79bfb66c2610caea53aeb055b12c8a6dbf3509037,BC-20673,BCV5-0674,beauty-care-polvo-traslucido-pink,RESERVED_IMPORT_RANGE,GENERATED_CANONICAL_SOURCE_CODE,DETERMINISTIC_CANONICAL_SLUG,DETERMINISTIC_SOURCE_UUID,READY_CREATE
CATV1-P184-R1R,POLICY_APPROVED,7d36cef5-1149-21c7-7c16-a794760a2bd9,BEAUTY_CARE,LIP COCO NUT,e466082b-7532-4204-b781-94650387a81f,,16000,92ca5ab1d8291f68e4c2a298eadcacef53eeeb423ce31c122fb53b6d343552f6,BC-20674,BCV5-0675,beauty-care-lip-coco-nut,RESERVED_IMPORT_RANGE,GENERATED_CANONICAL_SOURCE_CODE,DETERMINISTIC_CANONICAL_SLUG,DETERMINISTIC_SOURCE_UUID,READY_CREATE
CATV1-P184-R2L,POLICY_APPROVED,e7710858-ea21-e34f-98f2-8ecc6bfcf9dd,BEAUTY_CARE,BLOOM MINI KISS,e466082b-7532-4204-b781-94650387a81f,,6000,ba648d9fb0bdf803928b49b7d7cedba9a55b87fef2e39ab8456140af5bc95abe,BC-20675,BCV5-0676,beauty-care-bloom-mini-kiss,RESERVED_IMPORT_RANGE,GENERATED_CANONICAL_SOURCE_CODE,DETERMINISTIC_CANONICAL_SLUG,DETERMINISTIC_SOURCE_UUID,READY_CREATE
CATV1-P184-R2R,POLICY_APPROVED,756b04ac-d324-24f3-9c1f-97cfb0f6e421,BEAUTY_CARE,PALETA DE RUBORES,e466082b-7532-4204-b781-94650387a81f,,39000,82ba932a70bb91240d8bf4b2c4c1b5c455ff316dd816ba9e70f7e505070c680c,BC-20676,BCV5-0677,beauty-care-paleta-de-rubores,RESERVED_IMPORT_RANGE,GENERATED_CANONICAL_SOURCE_CODE,DETERMINISTIC_CANONICAL_SLUG,DETERMINISTIC_SOURCE_UUID,READY_CREATE
CATV1-P184-R3L,POLICY_APPROVED,8052f69d-05e5-901c-df6d-c218ca648c5e,BEAUTY_CARE,BLOOM HONEY,e466082b-7532-4204-b781-94650387a81f,,16000,cfe1e5b1c6bd2b06c7286c26da4ece405211cb58ababdf0ec3b540a69d058175,BC-20677,BCV5-0678,beauty-care-bloom-honey,RESERVED_IMPORT_RANGE,GENERATED_CANONICAL_SOURCE_CODE,DETERMINISTIC_CANONICAL_SLUG,DETERMINISTIC_SOURCE_UUID,READY_CREATE
CATV1-P184-R3R,POLICY_APPROVED,9962db09-3bc8-4afe-d8cc-ca3854d70d77,BEAUTY_CARE,BLOOM TOUCH LOVE,e466082b-7532-4204-b781-94650387a81f,,19000,62b86609ab49615371da64ec17ac8709eb67722cc4f1b6d53fb5f754bcb85acd,BC-20678,BCV5-0679,beauty-care-bloom-touch-love,RESERVED_IMPORT_RANGE,GENERATED_CANONICAL_SOURCE_CODE,DETERMINISTIC_CANONICAL_SLUG,DETERMINISTIC_SOURCE_UUID,READY_CREATE
CATV1-P185-R1L,POLICY_APPROVED,0e862bae-3a2f-9896-fde1-8a27136c400f,BEAUTY_CARE,CORRECTOR 10ML ALGUNOS TONOS,e466082b-7532-4204-b781-94650387a81f,,26000,f144a8f4177fd46364338a96c2b773feadd40df6191bca6938c05737b34fe141,BC-20679,BCV5-0680,beauty-care-corrector-10ml-algunos-tonos,RESERVED_IMPORT_RANGE,GENERATED_CANONICAL_SOURCE_CODE,DETERMINISTIC_CANONICAL_SLUG,DETERMINISTIC_SOURCE_UUID,READY_CREATE
CATV1-P185-R1R,POLICY_APPROVED,de41b2b0-40e2-f003-fcf8-0b310af3eea2,BEAUTY_CARE,BLOOM TOUCH CAT,e466082b-7532-4204-b781-94650387a81f,,19000,ce19eb24799184b304ec16e777580e5299ba2e44baa5701ab784fb8bcecd086c,BC-20680,BCV5-0681,beauty-care-bloom-touch-cat,RESERVED_IMPORT_RANGE,GENERATED_CANONICAL_SOURCE_CODE,DETERMINISTIC_CANONICAL_SLUG,DETERMINISTIC_SOURCE_UUID,READY_CREATE
CATV1-P185-R2L,POLICY_APPROVED,563cd5fe-62c1-504f-053c-3c12bf231584,BEAUTY_CARE,PRIMER CREAM,e466082b-7532-4204-b781-94650387a81f,,26000,4ac68ec1bbc6c73adf30d3815ddfe32a04461175e8a8e2f976f4f3eb26f046bc,BC-20681,BCV5-0682,beauty-care-primer-cream,RESERVED_IMPORT_RANGE,GENERATED_CANONICAL_SOURCE_CODE,DETERMINISTIC_CANONICAL_SLUG,DETERMINISTIC_SOURCE_UUID,READY_CREATE
CATV1-P185-R2R,POLICY_APPROVED,a8b95076-10e7-abfa-dcfb-1ee8eae86d70,BEAUTY_CARE,PRIMER,e466082b-7532-4204-b781-94650387a81f,,25000,d55b133ba5160a2619dc6ddc0ca9e1c4a81c691d7e611d49051ffafac92be073,BC-20682,BCV5-0683,beauty-care-primer,RESERVED_IMPORT_RANGE,GENERATED_CANONICAL_SOURCE_CODE,DETERMINISTIC_CANONICAL_SLUG,DETERMINISTIC_SOURCE_UUID,READY_CREATE
CATV1-P185-R3L,POLICY_APPROVED,02d3ddb5-3832-af68-096c-aca5d869251b,BEAUTY_CARE,BLOOM TINT BERRY,e466082b-7532-4204-b781-94650387a81f,,21000,5426520b2615f6a05f50f7a37d3b6ed7962b6c639baa46306592e40bf549bc63,BC-20683,BCV5-0684,beauty-care-bloom-tint-berry,RESERVED_IMPORT_RANGE,GENERATED_CANONICAL_SOURCE_CODE,DETERMINISTIC_CANONICAL_SLUG,DETERMINISTIC_SOURCE_UUID,READY_CREATE
CATV1-P185-R3R,POLICY_APPROVED,ba59798a-8870-9886-c1fd-58c6c88fef68,BEAUTY_CARE,TINTA BUBBLE,e466082b-7532-4204-b781-94650387a81f,,16000,c801ed8de84a67137bee9def176c85d15ef2f4de88636193a15f1aa23e06bdb1,BC-20684,BCV5-0685,beauty-care-tinta-bubble,RESERVED_IMPORT_RANGE,GENERATED_CANONICAL_SOURCE_CODE,DETERMINISTIC_CANONICAL_SLUG,DETERMINISTIC_SOURCE_UUID,READY_CREATE
CATV1-P186-R1L,POLICY_APPROVED,ce478a59-e1bb-8624-5eb6-dcb89f034a1d,BEAUTY_CARE,FIJADOR GRANDE XMAPYOR$29.000,e466082b-7532-4204-b781-94650387a81f,,48500,e925783196169495c18b872c3a6450319f4a2c6a1f42f431561579636f8f1b9b,BC-20685,BCV5-0686,beauty-care-fijador-grande-xmapyor-29-000,RESERVED_IMPORT_RANGE,GENERATED_CANONICAL_SOURCE_CODE,DETERMINISTIC_CANONICAL_SLUG,DETERMINISTIC_SOURCE_UUID,READY_CREATE
CATV1-P186-R1R,POLICY_APPROVED,10c95e5b-7129-d3ec-f996-6ff4f2e69cd2,BEAUTY_CARE,FIJADOR MINI,e466082b-7532-4204-b781-94650387a81f,,29000,09165fada6879263543ecbb8a93175b57dcf9f589313d54ffe863e2159907d20,BC-20686,BCV5-0687,beauty-care-fijador-mini,RESERVED_IMPORT_RANGE,GENERATED_CANONICAL_SOURCE_CODE,DETERMINISTIC_CANONICAL_SLUG,DETERMINISTIC_SOURCE_UUID,READY_CREATE
CATV1-P186-R2L,POLICY_APPROVED,34251a4b-c101-18c6-ff12-35678af8cb2c,BEAUTY_CARE,BLOOMING JELLY 4 TONOS,e466082b-7532-4204-b781-94650387a81f,,16000,545cd88f32058464826d0a11c81005c34b528c95146207e6bad68088b4611289,BC-20687,BCV5-0688,beauty-care-blooming-jelly-4-tonos,RESERVED_IMPORT_RANGE,GENERATED_CANONICAL_SOURCE_CODE,DETERMINISTIC_CANONICAL_SLUG,DETERMINISTIC_SOURCE_UUID,READY_CREATE
CATV1-P186-R2R,POLICY_APPROVED,9445fbfd-53c4-3751-712d-824732072f1f,BEAUTY_CARE,MIST FIX HIDRATANTE,e466082b-7532-4204-b781-94650387a81f,,27000,07e934f105d182bbdbf2928eb87dde5df89694593fdbd174450bfb85ab7d8a7d,BC-20688,BCV5-0689,beauty-care-mist-fix-hidratante,RESERVED_IMPORT_RANGE,GENERATED_CANONICAL_SOURCE_CODE,DETERMINISTIC_CANONICAL_SLUG,DETERMINISTIC_SOURCE_UUID,READY_CREATE
CATV1-P186-R3L,POLICY_APPROVED,ff564a00-718e-01e0-021f-5b26d05519ac,BEAUTY_CARE,PALETA NUDE 2 TONOS,e466082b-7532-4204-b781-94650387a81f,,36000,bf0a2f26896208856ad5869b97bf5a07ea8c6ecfe7f978c01c0b06a254e5cbfa,BC-20689,BCV5-0690,beauty-care-paleta-nude-2-tonos,RESERVED_IMPORT_RANGE,GENERATED_CANONICAL_SOURCE_CODE,DETERMINISTIC_CANONICAL_SLUG,DETERMINISTIC_SOURCE_UUID,READY_CREATE
CATV1-P186-R3R,POLICY_APPROVED,df37993f-450c-8792-7498-96596064930c,BEAUTY_CARE,BLOOM LAMINATION,e466082b-7532-4204-b781-94650387a81f,,20000,6b2d4304133897685401a7f1431382ce45288ec210cc580dc24d80450a0e1404,BC-20690,BCV5-0691,beauty-care-bloom-lamination,RESERVED_IMPORT_RANGE,GENERATED_CANONICAL_SOURCE_CODE,DETERMINISTIC_CANONICAL_SLUG,DETERMINISTIC_SOURCE_UUID,READY_CREATE
CATV1-P187-R1L,POLICY_APPROVED,184ceb3d-4443-7a3d-2f4e-6c5b4936c0d3,BEAUTY_CARE,BLOOM CHERRY,e466082b-7532-4204-b781-94650387a81f,,16000,90d95b467e8a8d27820f5451066f863771a07091396c18f49502416df0a4c0b8,BC-20691,BCV5-0692,beauty-care-bloom-cherry,RESERVED_IMPORT_RANGE,GENERATED_CANONICAL_SOURCE_CODE,DETERMINISTIC_CANONICAL_SLUG,DETERMINISTIC_SOURCE_UUID,READY_CREATE
CATV1-P187-R2L,POLICY_APPROVED,c0307674-6ee0-270a-49f1-0385688bcae9,BEAUTY_CARE,GLOSS NUDE,e466082b-7532-4204-b781-94650387a81f,,29000,a69805acf6e51aeadeb370be48a48a8b3b0a646695cb381fc65ae9dc91d4a4b1,BC-20692,BCV5-0693,beauty-care-gloss-nude,RESERVED_IMPORT_RANGE,GENERATED_CANONICAL_SOURCE_CODE,DETERMINISTIC_CANONICAL_SLUG,DETERMINISTIC_SOURCE_UUID,READY_CREATE
CATV1-P187-R2R,POLICY_APPROVED,1c8535dc-571b-a193-294b-e3e6aefcbe10,BEAUTY_CARE,TUS MINIS FAVORITOS,e466082b-7532-4204-b781-94650387a81f,,26000,70de110116b5e8543306b7fe93ab3e923e3d2fd3bd7497c201d8d9a8d3554fd3,BC-20693,BCV5-0694,beauty-care-tus-minis-favoritos,RESERVED_IMPORT_RANGE,GENERATED_CANONICAL_SOURCE_CODE,DETERMINISTIC_CANONICAL_SLUG,DETERMINISTIC_SOURCE_UUID,READY_CREATE
CATV1-P187-R3L,POLICY_APPROVED,c51d0480-f280-eec0-fed0-4586f2f66fd5,BEAUTY_CARE,GLOSS BLOOM DUO,e466082b-7532-4204-b781-94650387a81f,,21000,dbfc0436af4503fc5d015c44e745167f4428a2d4d2763485b2dd212aaa80aa31,BC-20694,BCV5-0695,beauty-care-gloss-bloom-duo,RESERVED_IMPORT_RANGE,GENERATED_CANONICAL_SOURCE_CODE,DETERMINISTIC_CANONICAL_SLUG,DETERMINISTIC_SOURCE_UUID,READY_CREATE
CATV1-P187-R3R,POLICY_APPROVED,68b94781-81a8-3117-d63d-ac53a88da618,BEAUTY_CARE,BLUSH BLOOM,e466082b-7532-4204-b781-94650387a81f,,17000,5e93ee9e8be0c4aae12bab40cd56ba50a124bc80bc884e012cd3bc64c1bbc6e9,BC-20695,BCV5-0696,beauty-care-blush-bloom,RESERVED_IMPORT_RANGE,GENERATED_CANONICAL_SOURCE_CODE,DETERMINISTIC_CANONICAL_SLUG,DETERMINISTIC_SOURCE_UUID,READY_CREATE
CATV1-P188-R1L,POLICY_APPROVED,cb74d140-8f1c-1867-d4d8-52bd4e6d5ac3,BEAUTY_CARE,BLOOM BLUSHY,e466082b-7532-4204-b781-94650387a81f,,26000,c8a290c010ae9ed7dbbd159a1a609ed20c788256696a23de9540ed3b27919323,BC-20696,BCV5-0697,beauty-care-bloom-blushy,RESERVED_IMPORT_RANGE,GENERATED_CANONICAL_SOURCE_CODE,DETERMINISTIC_CANONICAL_SLUG,DETERMINISTIC_SOURCE_UUID,READY_CREATE
CATV1-P188-R1R,POLICY_APPROVED,6d77e7cb-cb1e-2c0f-0514-2be077a5fdcf,BEAUTY_CARE,BLOOM DESMQUILLANTES,e466082b-7532-4204-b781-94650387a81f,,21000,45e8d2562612574d4673250b4261d84ecebd7586367ee735c71f40d13af235f3,BC-20697,BCV5-0698,beauty-care-bloom-desmquillantes,RESERVED_IMPORT_RANGE,GENERATED_CANONICAL_SOURCE_CODE,DETERMINISTIC_CANONICAL_SLUG,DETERMINISTIC_SOURCE_UUID,READY_CREATE
CATV1-P188-R2L,POLICY_APPROVED,73ae689d-3b1c-26e1-1c00-7710394005d1,BEAUTY_CARE,BYE BYE GRANOS,e466082b-7532-4204-b781-94650387a81f,,13000,e3bafca9f64dafbc21ee28116559bb438c6ce29d0c276ad21b2e6f05bf36117a,BC-20698,BCV5-0699,beauty-care-bye-bye-granos,RESERVED_IMPORT_RANGE,GENERATED_CANONICAL_SOURCE_CODE,DETERMINISTIC_CANONICAL_SLUG,DETERMINISTIC_SOURCE_UUID,READY_CREATE
CATV1-P188-R2R,POLICY_APPROVED,20e79ae4-0ede-58c0-8bba-770d85d9371b,BEAUTY_CARE,BLOOM GIOLA,e466082b-7532-4204-b781-94650387a81f,,23000,b5c8528f223e96a0275224dd8a5db66793f3990e2b08e28ca733333f6707b07b,BC-20699,BCV5-0700,beauty-care-bloom-giola,RESERVED_IMPORT_RANGE,GENERATED_CANONICAL_SOURCE_CODE,DETERMINISTIC_CANONICAL_SLUG,DETERMINISTIC_SOURCE_UUID,READY_CREATE
CATV1-P188-R3L,POLICY_APPROVED,a947fe23-2c87-d653-3829-cf8e2a5ff729,BEAUTY_CARE,LAPIZ DE CEJAS,e466082b-7532-4204-b781-94650387a81f,,13000,5608248cd03135feb0d18d6b19a7d4d1dc1b14ec184f27f141708b161a89f0ef,BC-20700,BCV5-0701,beauty-care-lapiz-de-cejas,RESERVED_IMPORT_RANGE,GENERATED_CANONICAL_SOURCE_CODE,DETERMINISTIC_CANONICAL_SLUG,DETERMINISTIC_SOURCE_UUID,READY_CREATE
CATV1-P188-R3R,POLICY_APPROVED,536a46cc-da2c-d25a-d53c-775faa9a4e48,BEAUTY_CARE,PESTAÑINA CAFE,e466082b-7532-4204-b781-94650387a81f,,33000,dc05baaaad57de15dec1a622b71b86fda42d500edd7545443fd78717dded76b0,BC-20701,BCV5-0702,beauty-care-pestanina-cafe,RESERVED_IMPORT_RANGE,GENERATED_CANONICAL_SOURCE_CODE,DETERMINISTIC_CANONICAL_SLUG,DETERMINISTIC_SOURCE_UUID,READY_CREATE
CATV1-P189-R1L,POLICY_APPROVED,453038e7-df5f-a2a9-10d3-e85aafeb5b3d,BEAUTY_CARE,BLOOM BRONZER 01 Y 02,e466082b-7532-4204-b781-94650387a81f,,29000,3cf2de55fff85bc1ae8d36694d014368e0228d962b4b545f25bda350bf970a2f,BC-20702,BCV5-0703,beauty-care-bloom-bronzer-01-y-02,RESERVED_IMPORT_RANGE,GENERATED_CANONICAL_SOURCE_CODE,DETERMINISTIC_CANONICAL_SLUG,DETERMINISTIC_SOURCE_UUID,READY_CREATE
CATV1-P189-R1R,POLICY_APPROVED,c77de823-f71c-91c9-af9b-4119390bbe8b,BEAUTY_CARE,BYE BYE BUBBLES,e466082b-7532-4204-b781-94650387a81f,,12000,f39066a543310570198309987eb7de7f3a3fe61754e8539a8831000e7b956bbf,BC-20703,BCV5-0704,beauty-care-bye-bye-bubbles,RESERVED_IMPORT_RANGE,GENERATED_CANONICAL_SOURCE_CODE,DETERMINISTIC_CANONICAL_SLUG,DETERMINISTIC_SOURCE_UUID,READY_CREATE
CATV1-P189-R2L,POLICY_APPROVED,796c9d95-ad97-85fb-71da-7a8a381bcd9c,BEAUTY_CARE,BLOOM PUFF PRIMER,e466082b-7532-4204-b781-94650387a81f,,25000,eeb14ae89d512714ea153061727ba5a0f94c7e87d472c942aa7d31796c93ebaf,BC-20704,BCV5-0705,beauty-care-bloom-puff-primer,RESERVED_IMPORT_RANGE,GENERATED_CANONICAL_SOURCE_CODE,DETERMINISTIC_CANONICAL_SLUG,DETERMINISTIC_SOURCE_UUID,READY_CREATE
CATV1-P189-R2R,POLICY_APPROVED,43b622e5-097d-aeb3-f53c-19f6beca7e82,BEAUTY_CARE,BLOOM LAPIZ BEIGE,e466082b-7532-4204-b781-94650387a81f,,11000,83dcff5c960edb4b59b42dcfd5e5090e1b07ddd1e5a7693642bf2cc27d506a22,BC-20705,BCV5-0706,beauty-care-bloom-lapiz-beige,RESERVED_IMPORT_RANGE,GENERATED_CANONICAL_SOURCE_CODE,DETERMINISTIC_CANONICAL_SLUG,DETERMINISTIC_SOURCE_UUID,READY_CREATE
CATV1-P189-R3L,POLICY_APPROVED,8de8cabd-af67-7eb5-be36-60527c2d96bd,BEAUTY_CARE,BLOOM LAPIZ CAFE,e466082b-7532-4204-b781-94650387a81f,,11000,ec55681e9ab5f77d6d8cfb23b8c3ec54e6d7b4e2ed691694dac7f809b4b84d0f,BC-20706,BCV5-0707,beauty-care-bloom-lapiz-cafe,RESERVED_IMPORT_RANGE,GENERATED_CANONICAL_SOURCE_CODE,DETERMINISTIC_CANONICAL_SLUG,DETERMINISTIC_SOURCE_UUID,READY_CREATE
CATV1-P189-R3R,POLICY_APPROVED,547b6a77-5b57-59de-f49b-327e97c86b6e,BEAUTY_CARE,3 TONOS,e466082b-7532-4204-b781-94650387a81f,,18000,1149cd97bce6595db071ab0802ac347844afa6a5ff1704e080cd5dfd5af29cab,BC-20707,BCV5-0708,beauty-care-3-tonos,RESERVED_IMPORT_RANGE,GENERATED_CANONICAL_SOURCE_CODE,DETERMINISTIC_CANONICAL_SLUG,DETERMINISTIC_SOURCE_UUID,READY_CREATE
CATV1-P190-R1L,POLICY_APPROVED,81883d04-2fd5-442a-0739-a7e6ee908832,BEAUTY_CARE,GLOSS SINERA SHINE,e466082b-7532-4204-b781-94650387a81f,,17000,242d2db38f62c8b8921a54e1dd429595ab4efffdb4c565ed92b937f2c7d82024,BC-20708,BCV5-0709,beauty-care-gloss-sinera-shine,RESERVED_IMPORT_RANGE,GENERATED_CANONICAL_SOURCE_CODE,DETERMINISTIC_CANONICAL_SLUG,DETERMINISTIC_SOURCE_UUID,READY_CREATE
CATV1-P190-R1R,POLICY_APPROVED,98b1381a-e394-359b-ee16-b44fd7523a04,BEAUTY_CARE,BLOOM MEOW GATITO,e466082b-7532-4204-b781-94650387a81f,,17000,1b9c65e999ef0a07399fe4d541951c9d9f3ed9de45cfd925023623fe4e597ec5,BC-20709,BCV5-0710,beauty-care-bloom-meow-gatito,RESERVED_IMPORT_RANGE,GENERATED_CANONICAL_SOURCE_CODE,DETERMINISTIC_CANONICAL_SLUG,DETERMINISTIC_SOURCE_UUID,READY_CREATE
CATV1-P190-R2L,POLICY_APPROVED,4f4bee14-0508-e9cf-0b72-ace7b24d971e,BEAUTY_CARE,BLOOM CRISTAL,e466082b-7532-4204-b781-94650387a81f,,17000,38905d642a35f9d8af023c81302f7806adcbcec603c2864cbf01327b3f05d421,BC-20710,BCV5-0711,beauty-care-bloom-cristal,RESERVED_IMPORT_RANGE,GENERATED_CANONICAL_SOURCE_CODE,DETERMINISTIC_CANONICAL_SLUG,DETERMINISTIC_SOURCE_UUID,READY_CREATE
CATV1-P190-R2R,POLICY_APPROVED,dc1ef5a6-239d-86d8-9ee7-bcab989b8788,BEAUTY_CARE,BLUSH SHELL PREGUNTA TONOS,e466082b-7532-4204-b781-94650387a81f,,17000,2a013233d9e4f54e81955599dce7f07dceb7b2359a23da3d36eeff0ed5126f56,BC-20711,BCV5-0712,beauty-care-blush-shell-pregunta-tonos,RESERVED_IMPORT_RANGE,GENERATED_CANONICAL_SOURCE_CODE,DETERMINISTIC_CANONICAL_SLUG,DETERMINISTIC_SOURCE_UUID,READY_CREATE
CATV1-P190-R3L,POLICY_APPROVED,199ab451-d377-2ea5-b2d7-79c16a2e6af1,BEAUTY_CARE,BLOOM FILTER GRANDE,e466082b-7532-4204-b781-94650387a81f,,41000,fe64074a5dfffacd06b2313e8e851d4540bd10a9ceb97df495a134d01f02fcb6,BC-20712,BCV5-0713,beauty-care-bloom-filter-grande,RESERVED_IMPORT_RANGE,GENERATED_CANONICAL_SOURCE_CODE,DETERMINISTIC_CANONICAL_SLUG,DETERMINISTIC_SOURCE_UUID,READY_CREATE
CATV1-P190-R3R,POLICY_APPROVED,82170bf6-a2fe-5657-56a5-3f35b4db2d3b,BEAUTY_CARE,BLOOM FUSION COMPACTO,e466082b-7532-4204-b781-94650387a81f,,34600,2bafd8a5b7fc456d004f061d48d6e155339a57b9408bb952e88fafbeefa9da2c,BC-20713,BCV5-0714,beauty-care-bloom-fusion-compacto,RESERVED_IMPORT_RANGE,GENERATED_CANONICAL_SOURCE_CODE,DETERMINISTIC_CANONICAL_SLUG,DETERMINISTIC_SOURCE_UUID,READY_CREATE
CATV1-P191-R1L,POLICY_APPROVED,5b3b98e1-eb9b-6462-ed1a-7a089c333f16,BEAUTY_CARE,BLOOM FILTER PEQUE,e466082b-7532-4204-b781-94650387a81f,,33000,635d9bf4c9d63358e12e3afa4e282b3ce0ef9a05fc4cc56d8496a9c827aea656,BC-20714,BCV5-0715,beauty-care-bloom-filter-peque,RESERVED_IMPORT_RANGE,GENERATED_CANONICAL_SOURCE_CODE,DETERMINISTIC_CANONICAL_SLUG,DETERMINISTIC_SOURCE_UUID,READY_CREATE
CATV1-P191-R1R,POLICY_APPROVED,83c7ce67-2bbe-b86c-6aa8-9336408d8e35,BEAUTY_CARE,BLOOM DULCE,e466082b-7532-4204-b781-94650387a81f,,23000,5a7080f0e93a8b9dda531b5be011ba3aefb1060d2e0ae7b0047c830de43bb3e6,BC-20715,BCV5-0716,beauty-care-bloom-dulce,RESERVED_IMPORT_RANGE,GENERATED_CANONICAL_SOURCE_CODE,DETERMINISTIC_CANONICAL_SLUG,DETERMINISTIC_SOURCE_UUID,READY_CREATE
CATV1-P191-R2L,POLICY_APPROVED,7bcde798-fe9b-bce4-4d49-18537f3a704f,BEAUTY_CARE,TUS MINI INFALTABLES,e466082b-7532-4204-b781-94650387a81f,,26000,3c8da7d290c2b553a63638cd4649006c4a40a9c3dc0356dbb9999556a38d1810,BC-20716,BCV5-0717,beauty-care-tus-mini-infaltables,RESERVED_IMPORT_RANGE,GENERATED_CANONICAL_SOURCE_CODE,DETERMINISTIC_CANONICAL_SLUG,DETERMINISTIC_SOURCE_UUID,READY_CREATE
CATV1-P191-R2R,POLICY_APPROVED,013f25e3-87a6-13e1-038f-d2c434310424,BEAUTY_CARE,SERUM REHAD LABIAL,e466082b-7532-4204-b781-94650387a81f,,16000,e1b0e77d5f08f13a4e054ea8567d0509d52894657f64540fa3c50e97c512d7b0,BC-20717,BCV5-0718,beauty-care-serum-rehad-labial,RESERVED_IMPORT_RANGE,GENERATED_CANONICAL_SOURCE_CODE,DETERMINISTIC_CANONICAL_SLUG,DETERMINISTIC_SOURCE_UUID,READY_CREATE
CATV1-P191-R3L,POLICY_APPROVED,e480b7a7-5e48-975d-e86b-25bca9eb440d,BEAUTY_CARE,BLOOM BROWTIFUL,e466082b-7532-4204-b781-94650387a81f,,20000,35ae045583bd2b4fea3e606fabc87e2e2ce56c07539c44672c08504385d3dddf,BC-20718,BCV5-0719,beauty-care-bloom-browtiful,RESERVED_IMPORT_RANGE,GENERATED_CANONICAL_SOURCE_CODE,DETERMINISTIC_CANONICAL_SLUG,DETERMINISTIC_SOURCE_UUID,READY_CREATE
CATV1-P192-R1L,POLICY_APPROVED,c785fed9-eb31-0fd8-924c-659ced682541,BEAUTY_CARE,LABIOS DE SEDA,e466082b-7532-4204-b781-94650387a81f,,22000,4c66aa75b59dd1009ef64a6d6df957f586211cac4cef45f0a5066313f9cbd334,BC-20719,BCV5-0720,beauty-care-labios-de-seda,RESERVED_IMPORT_RANGE,GENERATED_CANONICAL_SOURCE_CODE,DETERMINISTIC_CANONICAL_SLUG,DETERMINISTIC_SOURCE_UUID,READY_CREATE
CATV1-P192-R1R,POLICY_APPROVED,225ba6de-58eb-6ab1-1ebe-80f764ce116a,BEAUTY_CARE,BLOOM LIP LINER PRO,e466082b-7532-4204-b781-94650387a81f,,18000,2f52f6b9e1c65f94695db89ff797b310c0cdebe5c857cae2e5a7e4b1a980f0aa,BC-20720,BCV5-0721,beauty-care-bloom-lip-liner-pro,RESERVED_IMPORT_RANGE,GENERATED_CANONICAL_SOURCE_CODE,DETERMINISTIC_CANONICAL_SLUG,DETERMINISTIC_SOURCE_UUID,READY_CREATE
CATV1-P192-R2L,POLICY_APPROVED,46d0c664-70f4-cc9a-881e-4fc9a6808465,BEAUTY_CARE,BLOOM POLVO DE HADAS 2 TONOS,e466082b-7532-4204-b781-94650387a81f,,13000,f298569173242357f5702261120bfadd5d2869a47fb52c5ec3ad594f0a9045dd,BC-20721,BCV5-0722,beauty-care-bloom-polvo-de-hadas-2-tonos,RESERVED_IMPORT_RANGE,GENERATED_CANONICAL_SOURCE_CODE,DETERMINISTIC_CANONICAL_SLUG,DETERMINISTIC_SOURCE_UUID,READY_CREATE
CATV1-P192-R2R,POLICY_APPROVED,f05f3405-86a4-f2f5-398f-3f37731b73e5,BEAUTY_CARE,CONTROL OIL,e466082b-7532-4204-b781-94650387a81f,,26000,9e09ba3f562002e11bea2b405aa245adf6383883a0b043751912cc84f0a74013,BC-20722,BCV5-0723,beauty-care-control-oil,RESERVED_IMPORT_RANGE,GENERATED_CANONICAL_SOURCE_CODE,DETERMINISTIC_CANONICAL_SLUG,DETERMINISTIC_SOURCE_UUID,READY_CREATE
CATV1-P192-R3L,POLICY_APPROVED,dae2ecd5-c5c7-2384-aeeb-5565abd48b46,BEAUTY_CARE,POLVO DE HADAS ROSY,e466082b-7532-4204-b781-94650387a81f,,16000,9001a88be68ecd573a08179d0dec3f4e1f9f7170b23f5b2eea66174fc09ee479,BC-20723,BCV5-0724,beauty-care-polvo-de-hadas-rosy,RESERVED_IMPORT_RANGE,GENERATED_CANONICAL_SOURCE_CODE,DETERMINISTIC_CANONICAL_SLUG,DETERMINISTIC_SOURCE_UUID,READY_CREATE
CATV1-P192-R3R,POLICY_APPROVED,a2ded911-457b-c0c0-609a-a560a6b5853f,BEAUTY_CARE,BLOOM SEDUCTORA,e466082b-7532-4204-b781-94650387a81f,,17800,88a6808482bf3128132f52aba23ea39bcb8aac41528fdfb56fe81f2ea9245159,BC-20724,BCV5-0725,beauty-care-bloom-seductora,RESERVED_IMPORT_RANGE,GENERATED_CANONICAL_SOURCE_CODE,DETERMINISTIC_CANONICAL_SLUG,DETERMINISTIC_SOURCE_UUID,READY_CREATE
CATV1-P193-R1L,POLICY_APPROVED,1b05cb4a-5514-9e7d-5ba3-b25bcd534fdc,BEAUTY_CARE,BLOOM LIP OIL ONE,e466082b-7532-4204-b781-94650387a81f,,17000,3ee777362f1acfd6c53d55e2c030dcb23881c05d6ee28f6ea2f9d268e853670e,BC-20725,BCV5-0726,beauty-care-bloom-lip-oil-one,RESERVED_IMPORT_RANGE,GENERATED_CANONICAL_SOURCE_CODE,DETERMINISTIC_CANONICAL_SLUG,DETERMINISTIC_SOURCE_UUID,READY_CREATE
CATV1-P193-R2L,POLICY_APPROVED,4421f0e3-5421-2763-b3fc-98c204d34ef4,BEAUTY_CARE,CANDY SHELL,e466082b-7532-4204-b781-94650387a81f,,16000,ff2f37c26510709b4b8eec6830d324aa037ec17d0465c639edd26a25e74f22b0,BC-20726,BCV5-0727,beauty-care-candy-shell,RESERVED_IMPORT_RANGE,GENERATED_CANONICAL_SOURCE_CODE,DETERMINISTIC_CANONICAL_SLUG,DETERMINISTIC_SOURCE_UUID,READY_CREATE
CATV1-P193-R2R,POLICY_APPROVED,672f2d7b-5953-180c-b19f-569ea2d1bff3,BEAUTY_CARE,BLOOM VOLUMINIZADOR,e466082b-7532-4204-b781-94650387a81f,,16000,7410a866538d993dde4cdf447d19dbc8666577cf2b83c676b37ca8e12b265be9,BC-20727,BCV5-0728,beauty-care-bloom-voluminizador,RESERVED_IMPORT_RANGE,GENERATED_CANONICAL_SOURCE_CODE,DETERMINISTIC_CANONICAL_SLUG,DETERMINISTIC_SOURCE_UUID,READY_CREATE
CATV1-P193-R3L,POLICY_APPROVED,21a763cb-690d-e8ee-3ae6-9bfa57b63711,BEAUTY_CARE,SOMBRA LUXURY,e466082b-7532-4204-b781-94650387a81f,,46000,34d32eb9ad71316b48395ed5938d905d346e87de39af3ea4e223c147f29b6791,BC-20728,BCV5-0729,beauty-care-sombra-luxury,RESERVED_IMPORT_RANGE,GENERATED_CANONICAL_SOURCE_CODE,DETERMINISTIC_CANONICAL_SLUG,DETERMINISTIC_SOURCE_UUID,READY_CREATE
CATV1-P193-R3R,POLICY_APPROVED,d36557eb-daa4-8439-4169-0f54fdd1c2a1,BEAUTY_CARE,LIP KIP,e466082b-7532-4204-b781-94650387a81f,,23000,bb74516ae7e684722f5c59b14dfdf9d8e55ca1b7bcb755a33e5727b00df54f1a,BC-20729,BCV5-0730,beauty-care-lip-kip,RESERVED_IMPORT_RANGE,GENERATED_CANONICAL_SOURCE_CODE,DETERMINISTIC_CANONICAL_SLUG,DETERMINISTIC_SOURCE_UUID,READY_CREATE
CATV1-P194-R1L,POLICY_APPROVED,6309a0fe-f28e-8ec1-598a-4c795cd25a12,BEAUTY_CARE,BLUSH MAGIC,e466082b-7532-4204-b781-94650387a81f,,20000,e96bed014b3c65f500a2287358dd053d766bafc32464f99c789a79584f818a63,BC-20730,BCV5-0731,beauty-care-blush-magic,RESERVED_IMPORT_RANGE,GENERATED_CANONICAL_SOURCE_CODE,DETERMINISTIC_CANONICAL_SLUG,DETERMINISTIC_SOURCE_UUID,READY_CREATE
CATV1-P194-R1R,POLICY_APPROVED,d1245f16-2a67-6678-c246-e48f83ef1e23,BEAUTY_CARE,TINTA PALETA,e466082b-7532-4204-b781-94650387a81f,,9500,b43d45ec12984b2f96144c36cf82a85ee477fab664077d5e0aa339870329120d,BC-20731,BCV5-0732,beauty-care-tinta-paleta,RESERVED_IMPORT_RANGE,GENERATED_CANONICAL_SOURCE_CODE,DETERMINISTIC_CANONICAL_SLUG,DETERMINISTIC_SOURCE_UUID,READY_CREATE
CATV1-P194-R2L,POLICY_APPROVED,2b02fb0d-8722-e40d-198e-ca9f7084fe8d,BEAUTY_CARE,PRIMER PLUMPING,e466082b-7532-4204-b781-94650387a81f,,21000,0ed5b588c81eed289ab5fcaf7d88ab55a07f19c0dc3621ae98365024e0fc4ef0,BC-20732,BCV5-0733,beauty-care-primer-plumping,RESERVED_IMPORT_RANGE,GENERATED_CANONICAL_SOURCE_CODE,DETERMINISTIC_CANONICAL_SLUG,DETERMINISTIC_SOURCE_UUID,READY_CREATE
CATV1-P194-R2R,POLICY_APPROVED,be1fb287-c323-f6d5-ef19-32c5966eab58,BEAUTY_CARE,TINTA BOW BLOOM,e466082b-7532-4204-b781-94650387a81f,,16000,e4338fbe5518e326573ea1a72aa651162d47a97265ceecb2da6ccf5b4087038a,BC-20733,BCV5-0734,beauty-care-tinta-bow-bloom,RESERVED_IMPORT_RANGE,GENERATED_CANONICAL_SOURCE_CODE,DETERMINISTIC_CANONICAL_SLUG,DETERMINISTIC_SOURCE_UUID,READY_CREATE
CATV1-P194-R3L,POLICY_APPROVED,7213837e-fb7f-737a-cc4e-878ac49b8f4e,BEAUTY_CARE,BLOOM DEFINER CONTOUR,e466082b-7532-4204-b781-94650387a81f,,29000,fc27c63a7265a06a165bba680cd3648ee77f4963c9ae310fe9517c7a9564018f,BC-20734,BCV5-0735,beauty-care-bloom-definer-contour,RESERVED_IMPORT_RANGE,GENERATED_CANONICAL_SOURCE_CODE,DETERMINISTIC_CANONICAL_SLUG,DETERMINISTIC_SOURCE_UUID,READY_CREATE
CATV1-P195-R1L,POLICY_APPROVED,7e856e63-7f08-7ce5-82f1-550a2541aebe,BEAUTY_CARE,CHERRY BLOSSON 4 TONOS,e466082b-7532-4204-b781-94650387a81f,,31000,a1fdea60bc00c3c3abc8d240ebf5cb3071125d5a08cf3c2d63ef2836a7226ca0,BC-20735,BCV5-0736,beauty-care-cherry-blosson-4-tonos,RESERVED_IMPORT_RANGE,GENERATED_CANONICAL_SOURCE_CODE,DETERMINISTIC_CANONICAL_SLUG,DETERMINISTIC_SOURCE_UUID,READY_CREATE
CATV1-P195-R1R,POLICY_APPROVED,a2382aaa-5207-45ef-718f-8134c5202768,BEAUTY_CARE,BLOOM SPARKLE KISS 4 TONOS,e466082b-7532-4204-b781-94650387a81f,,18000,6130f2db8917be508173a3fbe7719288b467295aa7bf187fd16c74cb3d4e6a4b,BC-20736,BCV5-0737,beauty-care-bloom-sparkle-kiss-4-tonos,RESERVED_IMPORT_RANGE,GENERATED_CANONICAL_SOURCE_CODE,DETERMINISTIC_CANONICAL_SLUG,DETERMINISTIC_SOURCE_UUID,READY_CREATE
CATV1-P195-R2L,POLICY_APPROVED,bfbbe81c-1659-1a44-7c05-47b82eac2c8a,BEAUTY_CARE,BLOOM SUBLIME XL,e466082b-7532-4204-b781-94650387a81f,,26000,46286a8c548d0e4c2b614bc643b1e97453663ce7e0d81a06e8506858ee3da937,BC-20737,BCV5-0738,beauty-care-bloom-sublime-xl,RESERVED_IMPORT_RANGE,GENERATED_CANONICAL_SOURCE_CODE,DETERMINISTIC_CANONICAL_SLUG,DETERMINISTIC_SOURCE_UUID,READY_CREATE
CATV1-P195-R2R,POLICY_APPROVED,403410d7-6876-074c-fd1e-2706373a98b3,BEAUTY_CARE,BLOOM FUSION,e466082b-7532-4204-b781-94650387a81f,,17800,74461cdf42fbe072097917893025b207126d15f713374fb5caaf910c99410ffb,BC-20738,BCV5-0739,beauty-care-bloom-fusion,RESERVED_IMPORT_RANGE,GENERATED_CANONICAL_SOURCE_CODE,DETERMINISTIC_CANONICAL_SLUG,DETERMINISTIC_SOURCE_UUID,READY_CREATE
CATV1-P195-R3L,POLICY_APPROVED,63aeef90-8966-9fac-0473-c6fe25d33607,BEAUTY_CARE,BLOOM LATTE 2 TONOS,e466082b-7532-4204-b781-94650387a81f,,21000,416e8fdf87ea6aca6bc29a3222bcc18a8d4e8ccf350c1881e84698d1a19618b9,BC-20739,BCV5-0740,beauty-care-bloom-latte-2-tonos,RESERVED_IMPORT_RANGE,GENERATED_CANONICAL_SOURCE_CODE,DETERMINISTIC_CANONICAL_SLUG,DETERMINISTIC_SOURCE_UUID,READY_CREATE
CATV1-P195-R3R,POLICY_APPROVED,330a74a3-e11c-09f9-4608-b54f3912abf6,BEAUTY_CARE,BLOOM POROS INVISIBLES,e466082b-7532-4204-b781-94650387a81f,,23000,0fd730f24b7bc497d04ec8c068cb3d11e0752ae701452e8de2dbf1629d47b5f2,BC-20740,BCV5-0741,beauty-care-bloom-poros-invisibles,RESERVED_IMPORT_RANGE,GENERATED_CANONICAL_SOURCE_CODE,DETERMINISTIC_CANONICAL_SLUG,DETERMINISTIC_SOURCE_UUID,READY_CREATE
CATV1-P196-R1L,POLICY_APPROVED,43853b4d-f15d-7ab9-44ee-e1b83f6f4c4d,BEAUTY_CARE,CORRECTOR AZUL NEUTRALIZANTE 10ML,e466082b-7532-4204-b781-94650387a81f,,26000,4154493ce427f7ab9d0705969ac86273dc98c92dbc890e9db35853dcfe2fedea,BC-20741,BCV5-0742,beauty-care-corrector-azul-neutralizante-10ml,RESERVED_IMPORT_RANGE,GENERATED_CANONICAL_SOURCE_CODE,DETERMINISTIC_CANONICAL_SLUG,DETERMINISTIC_SOURCE_UUID,READY_CREATE
CATV1-P196-R1R,POLICY_APPROVED,87acb02f-2cf1-c08b-49b4-dd789be22f7e,BEAUTY_CARE,CORRECTOR AMARILLO NEUTRALIZANTE 10ML,e466082b-7532-4204-b781-94650387a81f,,26000,0115cc83406e366091c125aa737bef045f2344ef15aa910cfe7223c8507a1a85,BC-20742,BCV5-0743,beauty-care-corrector-amarillo-neutralizante-10ml,RESERVED_IMPORT_RANGE,GENERATED_CANONICAL_SOURCE_CODE,DETERMINISTIC_CANONICAL_SLUG,DETERMINISTIC_SOURCE_UUID,READY_CREATE
CATV1-P196-R2L,POLICY_APPROVED,17675d62-16b3-2436-9cf2-8a082ec1f4af,BEAUTY_CARE,CORRECTOR VERDE NEUTRALIZANTE 10ML,e466082b-7532-4204-b781-94650387a81f,,26000,a5514eaad298446c1f05a6a5c0e3425247aaac67d504eb8b30e696dcda60bc6a,BC-20743,BCV5-0744,beauty-care-corrector-verde-neutralizante-10ml,RESERVED_IMPORT_RANGE,GENERATED_CANONICAL_SOURCE_CODE,DETERMINISTIC_CANONICAL_SLUG,DETERMINISTIC_SOURCE_UUID,READY_CREATE
CATV1-P196-R2R,POLICY_APPROVED,54347a49-e376-8a88-c76e-ff4f5fab6ee8,BEAUTY_CARE,BLLOMULTRA BLENDI,e466082b-7532-4204-b781-94650387a81f,,14500,de44e593d0c1edcc35218b9b4472ddb5e5927cf1a617b3e0784622675f41de61,BC-20744,BCV5-0745,beauty-care-bllomultra-blendi,RESERVED_IMPORT_RANGE,GENERATED_CANONICAL_SOURCE_CODE,DETERMINISTIC_CANONICAL_SLUG,DETERMINISTIC_SOURCE_UUID,READY_CREATE
CATV1-P196-R3L,POLICY_APPROVED,c5b4c21f-140c-74f8-1455-f66db7825067,BEAUTY_CARE,PESTAÑINA LASH RESISTENTE WATER PROOF,e466082b-7532-4204-b781-94650387a81f,,26000,5990aea5be3ed58d22ad50574f4529b84d586583bd6365551b48e155f187190d,BC-20745,BCV5-0746,beauty-care-pestanina-lash-resistente-water-proof,RESERVED_IMPORT_RANGE,GENERATED_CANONICAL_SOURCE_CODE,DETERMINISTIC_CANONICAL_SLUG,DETERMINISTIC_SOURCE_UUID,READY_CREATE
CATV1-P196-R3R,POLICY_APPROVED,1d8338df-f193-dd41-eb49-dc135616d4e9,BEAUTY_CARE,BLOM COSMIC,e466082b-7532-4204-b781-94650387a81f,,35000,fc1e0eb92a17c63d30f98335a2a071d2156302a54b2c23e92ece66851c1b72fa,BC-20746,BCV5-0747,beauty-care-blom-cosmic,RESERVED_IMPORT_RANGE,GENERATED_CANONICAL_SOURCE_CODE,DETERMINISTIC_CANONICAL_SLUG,DETERMINISTIC_SOURCE_UUID,READY_CREATE
CATV1-P197-R1L,POLICY_APPROVED,875571eb-0919-b72a-c769-b6f2ed79bd3d,BEAUTY_CARE,POLVO COMPACTO,e466082b-7532-4204-b781-94650387a81f,,33000,ced18833d0db9036e03909faac992330d7dcd9b781dfd797be8ce9e2d068b451,BC-20747,BCV5-0748,beauty-care-polvo-compacto,RESERVED_IMPORT_RANGE,GENERATED_CANONICAL_SOURCE_CODE,DETERMINISTIC_CANONICAL_SLUG,DETERMINISTIC_SOURCE_UUID,READY_CREATE
CATV1-P197-R1R,POLICY_APPROVED,cfcc747f-866b-2dc6-e0c9-660027dbe49a,BEAUTY_CARE,BLOOM HYDRATINT,e466082b-7532-4204-b781-94650387a81f,,19000,7a882f4e4db1229ae9f85c770fcf98fa2e79c4f8689d498cbfdbf717d6435271,BC-20748,BCV5-0749,beauty-care-bloom-hydratint,RESERVED_IMPORT_RANGE,GENERATED_CANONICAL_SOURCE_CODE,DETERMINISTIC_CANONICAL_SLUG,DETERMINISTIC_SOURCE_UUID,READY_CREATE
CATV1-P197-R2L,POLICY_APPROVED,06c963a6-c539-06f9-f5d5-5200590be3bb,BEAUTY_CARE,BLOM LUMI GLOSS,e466082b-7532-4204-b781-94650387a81f,,19500,6d66420f004e501423ec129ddd897e57c68c63c6823ab965b6a5fa942968ca2d,BC-20749,BCV5-0750,beauty-care-blom-lumi-gloss,RESERVED_IMPORT_RANGE,GENERATED_CANONICAL_SOURCE_CODE,DETERMINISTIC_CANONICAL_SLUG,DETERMINISTIC_SOURCE_UUID,READY_CREATE
CATV1-P197-R2R,POLICY_APPROVED,8254475b-a5c9-3c3a-b9ce-11f89a08933d,BEAUTY_CARE,BLOOM DOLCE DESTELLO,e466082b-7532-4204-b781-94650387a81f,,26000,72c1e91d79be57ddd2bbd48956c97d46fb8dc3a45288e25db7da46527fb688d1,BC-20750,BCV5-0751,beauty-care-bloom-dolce-destello,RESERVED_IMPORT_RANGE,GENERATED_CANONICAL_SOURCE_CODE,DETERMINISTIC_CANONICAL_SLUG,DETERMINISTIC_SOURCE_UUID,READY_CREATE
CATV1-P197-R3L,POLICY_APPROVED,9a07f86c-a727-4a8b-6cb5-30b12d591ebe,BEAUTY_CARE,LLAVERO BOW MIMOSA,e466082b-7532-4204-b781-94650387a81f,,29000,115a2055db93ace2c12da4df4148abbf2b6623d81aa386c2d11d6dfb413dda1c,BC-20751,BCV5-0752,beauty-care-llavero-bow-mimosa,RESERVED_IMPORT_RANGE,GENERATED_CANONICAL_SOURCE_CODE,DETERMINISTIC_CANONICAL_SLUG,DETERMINISTIC_SOURCE_UUID,READY_CREATE
CATV1-P197-R3R,POLICY_APPROVED,4b126d40-2980-c0f9-3f08-982a92b8cfef,BEAUTY_CARE,BLOOM CAPUCHIC,e466082b-7532-4204-b781-94650387a81f,,19000,a7b622822da2ba257b2161a561648e96760eb445c721c2c38e548997ba87baee,BC-20752,BCV5-0753,beauty-care-bloom-capuchic,RESERVED_IMPORT_RANGE,GENERATED_CANONICAL_SOURCE_CODE,DETERMINISTIC_CANONICAL_SLUG,DETERMINISTIC_SOURCE_UUID,READY_CREATE
CATV1-P198-R1L,POLICY_APPROVED,d3a9e0aa-69b4-99ee-995d-f897cc83f769,BEAUTY_CARE,BLOOM ESPEJO ME Y MOCHA CORAZON,e466082b-7532-4204-b781-94650387a81f,,29000,8df34e63ff9a78c587671a86c66a76c2a0a67d24a87a7f11b6a4a3150f08c6bc,BC-20753,BCV5-0754,beauty-care-bloom-espejo-me-y-mocha-corazon,RESERVED_IMPORT_RANGE,GENERATED_CANONICAL_SOURCE_CODE,DETERMINISTIC_CANONICAL_SLUG,DETERMINISTIC_SOURCE_UUID,READY_CREATE
CATV1-P198-R1R,POLICY_APPROVED,3bf8a796-dc13-aff9-2d85-5bd8981a95d8,BEAUTY_CARE,BLOOM LAMINATION XL,e466082b-7532-4204-b781-94650387a81f,,26000,a1f8b246a16dd29274c473ead6e858c07bd9799ee65476b22027c78012b30551,BC-20754,BCV5-0755,beauty-care-bloom-lamination-xl,RESERVED_IMPORT_RANGE,GENERATED_CANONICAL_SOURCE_CODE,DETERMINISTIC_CANONICAL_SLUG,DETERMINISTIC_SOURCE_UUID,READY_CREATE
CATV1-P198-R2L,POLICY_APPROVED,ff1c6214-4de9-5f4a-1522-5e1fa922fff5,BEAUTY_CARE,BLOOM LATTE KISS,e466082b-7532-4204-b781-94650387a81f,,23000,a992f0933205d7b6214857b72d4fa042d1b89795e7fc69b8d8597d17bdccfc80,BC-20755,BCV5-0756,beauty-care-bloom-latte-kiss,RESERVED_IMPORT_RANGE,GENERATED_CANONICAL_SOURCE_CODE,DETERMINISTIC_CANONICAL_SLUG,DETERMINISTIC_SOURCE_UUID,READY_CREATE
CATV1-P198-R2R,POLICY_APPROVED,ca251e53-d53d-be6e-8830-525c70dba8c9,BEAUTY_CARE,BLOOM POP MIMOSA,e466082b-7532-4204-b781-94650387a81f,,26000,4884e12e67efcfd60c723e03b6b491c0e74a21933031d5baaf937fedd2d1806f,BC-20756,BCV5-0757,beauty-care-bloom-pop-mimosa,RESERVED_IMPORT_RANGE,GENERATED_CANONICAL_SOURCE_CODE,DETERMINISTIC_CANONICAL_SLUG,DETERMINISTIC_SOURCE_UUID,READY_CREATE
CATV1-P198-R3L,POLICY_APPROVED,c1d8e4f2-c4f6-0863-3c2f-ae720a7ea342,BEAUTY_CARE,BLOOM VIBES COLOR,e466082b-7532-4204-b781-94650387a81f,,44000,29be09791382b6eddb0acb00125bcff7c0acdac431094e8826527c5f06b48c6e,BC-20757,BCV5-0758,beauty-care-bloom-vibes-color,RESERVED_IMPORT_RANGE,GENERATED_CANONICAL_SOURCE_CODE,DETERMINISTIC_CANONICAL_SLUG,DETERMINISTIC_SOURCE_UUID,READY_CREATE
CATV1-P198-R3R,POLICY_APPROVED,8a0ec6b4-1722-4017-df0a-9b99acbe73c0,BEAUTY_CARE,BLOOM VIBES TERRACOTA,e466082b-7532-4204-b781-94650387a81f,,44000,8d5864e0cb906fcad3b10f2a97234639a9da1ac5febff6a12ad919a643a562f8,BC-20758,BCV5-0759,beauty-care-bloom-vibes-terracota,RESERVED_IMPORT_RANGE,GENERATED_CANONICAL_SOURCE_CODE,DETERMINISTIC_CANONICAL_SLUG,DETERMINISTIC_SOURCE_UUID,READY_CREATE
CATV1-P199-R1L,POLICY_APPROVED,e80e529c-81aa-e9d4-1bdb-3ec750668f77,BEAUTY_CARE,BLOOM PODWER PARER,e466082b-7532-4204-b781-94650387a81f,,26000,d6e7158ed2bdd085b17a067908ea0a2ab2efb44d5fdb2a68646d4a72974d1bf1,BC-20759,BCV5-0760,beauty-care-bloom-podwer-parer,RESERVED_IMPORT_RANGE,GENERATED_CANONICAL_SOURCE_CODE,DETERMINISTIC_CANONICAL_SLUG,DETERMINISTIC_SOURCE_UUID,READY_CREATE
CATV1-P199-R1R,POLICY_APPROVED,b44db239-c97a-8b9b-17c4-827c58882ef9,BEAUTY_CARE,BLOOM AQUA FRUIT,e466082b-7532-4204-b781-94650387a81f,,20000,39684a1875ff1a2278a58feea480afdfc87e8c9256bb0dac77eba93c4f3b615f,BC-20760,BCV5-0761,beauty-care-bloom-aqua-fruit,RESERVED_IMPORT_RANGE,GENERATED_CANONICAL_SOURCE_CODE,DETERMINISTIC_CANONICAL_SLUG,DETERMINISTIC_SOURCE_UUID,READY_CREATE
CATV1-P199-R2L,POLICY_APPROVED,aea01a46-de71-4555-fe4c-6f25e82fe447,BEAUTY_CARE,BLOOM LOVE PUFF,e466082b-7532-4204-b781-94650387a81f,,7000,8c8267738b0d125e3d9b84ad240dbbc2d44dc7872e2b5e842a7f2edce25c0366,BC-20761,BCV5-0762,beauty-care-bloom-love-puff,RESERVED_IMPORT_RANGE,GENERATED_CANONICAL_SOURCE_CODE,DETERMINISTIC_CANONICAL_SLUG,DETERMINISTIC_SOURCE_UUID,READY_CREATE
CATV1-P199-R2R,POLICY_APPROVED,cd81dc7a-ab80-fb5b-f123-6322648a611b,BEAUTY_CARE,BLOOM YELLY FUSION,e466082b-7532-4204-b781-94650387a81f,,33900,e2a82b99bf6cd63d7b916beae02597693855b52d58f9b46ab28e67354b46abbc,BC-20762,BCV5-0763,beauty-care-bloom-yelly-fusion,RESERVED_IMPORT_RANGE,GENERATED_CANONICAL_SOURCE_CODE,DETERMINISTIC_CANONICAL_SLUG,DETERMINISTIC_SOURCE_UUID,READY_CREATE
CATV1-P199-R3L,POLICY_APPROVED,907a7c7c-c315-a487-4c6d-bd9a45bc7ef7,BEAUTY_CARE,BLOOM AMORE CURL,e466082b-7532-4204-b781-94650387a81f,,16000,10426a63d830c2a1d62d6694f1c452c3b713898e6f2d8b654129c01404c5e354,BC-20763,BCV5-0764,beauty-care-bloom-amore-curl,RESERVED_IMPORT_RANGE,GENERATED_CANONICAL_SOURCE_CODE,DETERMINISTIC_CANONICAL_SLUG,DETERMINISTIC_SOURCE_UUID,READY_CREATE
CATV1-P200-R1L,POLICY_APPROVED,f953de34-b7cf-2629-a694-05ad1a454d63,BEAUTY_CARE,BLOOM ESSENTIAL CREAM,e466082b-7532-4204-b781-94650387a81f,,61900,66cb345aa0a3d3c571a9801a730bdb6aa22dde3bd76a0304ebbaad18d10135c4,BC-20764,BCV5-0765,beauty-care-bloom-essential-cream,RESERVED_IMPORT_RANGE,GENERATED_CANONICAL_SOURCE_CODE,DETERMINISTIC_CANONICAL_SLUG,DETERMINISTIC_SOURCE_UUID,READY_CREATE
CATV1-P200-R1R,POLICY_APPROVED,6c7fc0f3-3679-7535-13f4-3a29216efb66,BEAUTY_CARE,BLOOM REPAIR CREAM,e466082b-7532-4204-b781-94650387a81f,,61900,cbd0a58df14206206615cef7aca5d87ee08cc5ebcce62dcb27b7eca87bed68ea,BC-20765,BCV5-0766,beauty-care-bloom-repair-cream,RESERVED_IMPORT_RANGE,GENERATED_CANONICAL_SOURCE_CODE,DETERMINISTIC_CANONICAL_SLUG,DETERMINISTIC_SOURCE_UUID,READY_CREATE
CATV1-P200-R2L,POLICY_APPROVED,02ba4087-c432-59e2-0997-7806505fb65e,BEAUTY_CARE,BLOOM SERUM BALANCE,e466082b-7532-4204-b781-94650387a81f,,59000,011f436ba229b3a8907b79928ecf20df465fffde6cffcfdd7587501bcd17a430,BC-20766,BCV5-0767,beauty-care-bloom-serum-balance,RESERVED_IMPORT_RANGE,GENERATED_CANONICAL_SOURCE_CODE,DETERMINISTIC_CANONICAL_SLUG,DETERMINISTIC_SOURCE_UUID,READY_CREATE
CATV1-P200-R2R,POLICY_APPROVED,1e82e5e4-c2f7-91e2-b203-c43f877f21c7,BEAUTY_CARE,BLOOM REPAIR MIST,e466082b-7532-4204-b781-94650387a81f,,60900,7901ad4071030077c4b9039af7df6da63dbe8f6620533967c252febcb6f14a6f,BC-20767,BCV5-0768,beauty-care-bloom-repair-mist,RESERVED_IMPORT_RANGE,GENERATED_CANONICAL_SOURCE_CODE,DETERMINISTIC_CANONICAL_SLUG,DETERMINISTIC_SOURCE_UUID,READY_CREATE
CATV1-P200-R3L,POLICY_APPROVED,edbf68ad-0eed-b439-7bd9-89df876f131e,BEAUTY_CARE,BLOOM CLEARSE LUMI GEL,e466082b-7532-4204-b781-94650387a81f,,41900,646d889de1afc38cd8c18a6bff023159f369682b6d0e6454b5d29af741f390ab,BC-20768,BCV5-0769,beauty-care-bloom-clearse-lumi-gel,RESERVED_IMPORT_RANGE,GENERATED_CANONICAL_SOURCE_CODE,DETERMINISTIC_CANONICAL_SLUG,DETERMINISTIC_SOURCE_UUID,READY_CREATE
CATV1-P202-R1L,HUMAN_APPROVED,e0ef554f-ba30-6a6f-d6d9-8896d99178db,BEAUTY_CARE,HUMIDE GLOSS,a4ed69d0-66b1-4abd-9207-5ff729babb58,,21000,96377c59141c2eec3e39abf6712011b7b6e3662dfd99ff8c11c21d0fe7bb9473,BC-20769,BCV5-0770,beauty-care-humide-gloss,RESERVED_IMPORT_RANGE,GENERATED_CANONICAL_SOURCE_CODE,DETERMINISTIC_CANONICAL_SLUG,DETERMINISTIC_SOURCE_UUID,READY_CREATE
CATV1-P202-R1R,HUMAN_APPROVED,89512542-9de2-cf60-20c6-9f9611fef2f7,BEAUTY_CARE,JUICYLIPS TONO 202,a4ed69d0-66b1-4abd-9207-5ff729babb58,,21000,67f5a41db2960535f75e5630ae5f4846b74d41468deed0e84981bbbb81865bb0,BC-20770,BCV5-0771,beauty-care-juicylips-tono-202,RESERVED_IMPORT_RANGE,GENERATED_CANONICAL_SOURCE_CODE,DETERMINISTIC_CANONICAL_SLUG,DETERMINISTIC_SOURCE_UUID,READY_CREATE
CATV1-P202-R2L,HUMAN_APPROVED,bbf6ce32-69a8-b8c8-968f-306fbb4459fc,BEAUTY_CARE,"JUICY GLOSS 200,201,202",a4ed69d0-66b1-4abd-9207-5ff729babb58,,33000,4bcd3595bae4eeb92049c979bea7ab94ea6b1b8f3fcbcc4048d9b5b3f6817feb,BC-20771,BCV5-0772,beauty-care-juicy-gloss-200-201-202,RESERVED_IMPORT_RANGE,GENERATED_CANONICAL_SOURCE_CODE,DETERMINISTIC_CANONICAL_SLUG,DETERMINISTIC_SOURCE_UUID,READY_CREATE
CATV1-P202-R2R,HUMAN_APPROVED,70a2c3b0-f6de-4bd7-6972-98540a52b6b3,BEAUTY_CARE,CLICKGLOSS PRO,a4ed69d0-66b1-4abd-9207-5ff729babb58,,23900,254ee6403586599c696bdc3f22789062de331060f450e9149a60bc2192bac876,BC-20772,BCV5-0773,beauty-care-clickgloss-pro,RESERVED_IMPORT_RANGE,GENERATED_CANONICAL_SOURCE_CODE,DETERMINISTIC_CANONICAL_SLUG,DETERMINISTIC_SOURCE_UUID,READY_CREATE
CATV1-P202-R3L,HUMAN_APPROVED,cbd5255e-de8f-b63b-5679-dba1dddea3b8,BEAUTY_CARE,"LIPPIE BAL,M",a4ed69d0-66b1-4abd-9207-5ff729babb58,,16000,8a63757f066edeefa2a86e7a7a734e0dbe2d73cddec6cef6a76d11eeb5da5c22,BC-20773,BCV5-0774,beauty-care-lippie-bal-m,RESERVED_IMPORT_RANGE,GENERATED_CANONICAL_SOURCE_CODE,DETERMINISTIC_CANONICAL_SLUG,DETERMINISTIC_SOURCE_UUID,READY_CREATE
CATV1-P202-R3R,HUMAN_APPROVED,6263430f-21ae-62c5-8968-7d2ce023e244,BEAUTY_CARE,RUBOR NOSTALGIC,a4ed69d0-66b1-4abd-9207-5ff729babb58,,37000,d8ea06a1e6e6eec3775201dd071106992e9e29d4440ca1f22c5df67aa783f1cc,BC-20774,BCV5-0775,beauty-care-rubor-nostalgic,RESERVED_IMPORT_RANGE,GENERATED_CANONICAL_SOURCE_CODE,DETERMINISTIC_CANONICAL_SLUG,DETERMINISTIC_SOURCE_UUID,READY_CREATE
CATV1-P203-R1L,HUMAN_APPROVED,9740a3e9-5496-2c6c-1ffd-77803c8d594d,BEAUTY_CARE,PESTAÑAS PREGLUE,a4ed69d0-66b1-4abd-9207-5ff729babb58,,6000,dd0506a601cd5fdbd64fee0964f0e56a21911faf9398df5a53dad611cbf456f9,BC-20775,BCV5-0776,beauty-care-pestanas-preglue,RESERVED_IMPORT_RANGE,GENERATED_CANONICAL_SOURCE_CODE,DETERMINISTIC_CANONICAL_SLUG,DETERMINISTIC_SOURCE_UUID,READY_CREATE
CATV1-P203-R1R,HUMAN_APPROVED,e7d461a8-8f03-cdcb-c30d-c8a2d887c953,BEAUTY_CARE,CONTORNO HUMIDE,a4ed69d0-66b1-4abd-9207-5ff729babb58,,32000,6193d0ee3b8717bb5a3c3dff661024fe0b2c7d4c8bdabf6e391678df47a56fc5,BC-20776,BCV5-0777,beauty-care-contorno-humide,RESERVED_IMPORT_RANGE,GENERATED_CANONICAL_SOURCE_CODE,DETERMINISTIC_CANONICAL_SLUG,DETERMINISTIC_SOURCE_UUID,READY_CREATE
CATV1-P203-R2L,HUMAN_APPROVED,8dd08557-aeaf-fcd6-aac7-9cd8d0b66411,BEAUTY_CARE,CORRECTOR HUMIDE,a4ed69d0-66b1-4abd-9207-5ff729babb58,,41000,3af553798505a7fbcd63c523c984274f73c27afaad9f4459ee7310ca93c38301,BC-20777,BCV5-0778,beauty-care-corrector-humide,RESERVED_IMPORT_RANGE,GENERATED_CANONICAL_SOURCE_CODE,DETERMINISTIC_CANONICAL_SLUG,DETERMINISTIC_SOURCE_UUID,READY_CREATE
CATV1-P203-R2R,HUMAN_APPROVED,c9a113af-c7fe-e3ba-ab4f-035f0911ea8f,BEAUTY_CARE,PINE,a4ed69d0-66b1-4abd-9207-5ff729babb58,,46000,d91074f4846f0aef8d4b849359033f54552558b7a83d452e858b733b185c7278,BC-20778,BCV5-0779,beauty-care-pine,RESERVED_IMPORT_RANGE,GENERATED_CANONICAL_SOURCE_CODE,DETERMINISTIC_CANONICAL_SLUG,DETERMINISTIC_SOURCE_UUID,READY_CREATE
CATV1-P203-R3L,HUMAN_APPROVED,94497b02-9cec-4b95-ffed-58cfb5dd5000,BEAUTY_CARE,SERUM RETINOL,a4ed69d0-66b1-4abd-9207-5ff729babb58,,51000,a1ca068d359483fa266b818d2769183b134500de8e7aeb35fa805c6caa11e8bd,BC-20779,BCV5-0780,beauty-care-serum-retinol,RESERVED_IMPORT_RANGE,GENERATED_CANONICAL_SOURCE_CODE,DETERMINISTIC_CANONICAL_SLUG,DETERMINISTIC_SOURCE_UUID,READY_CREATE
CATV1-P203-R3R,HUMAN_APPROVED,72028c6e-8928-a622-668b-291537c0d662,BEAUTY_CARE,ALGODÓN MONTOC,a4ed69d0-66b1-4abd-9207-5ff729babb58,,26000,6372b666a37eb053fb035534acdf3b1250e49d1eb82674f4b44d954ee88f6c47,BC-20780,BCV5-0781,beauty-care-algodon-montoc,RESERVED_IMPORT_RANGE,GENERATED_CANONICAL_SOURCE_CODE,DETERMINISTIC_CANONICAL_SLUG,DETERMINISTIC_SOURCE_UUID,READY_CREATE
CATV1-P204-R1L,HUMAN_APPROVED,2aec9584-a710-0c0a-ed34-7df69393e1aa,BEAUTY_CARE,FIJADOR GRANDE,a4ed69d0-66b1-4abd-9207-5ff729babb58,,31000,c8c999447dbb4c3ccdc8bba710ab7e866a6f2fe1db974665cd2c68b63163fad7,BC-20781,BCV5-0782,beauty-care-fijador-grande-p204-r1l,RESERVED_IMPORT_RANGE,GENERATED_CANONICAL_SOURCE_CODE,DETERMINISTIC_CANONICAL_SLUG,DETERMINISTIC_SOURCE_UUID,READY_CREATE
CATV1-P204-R1R,HUMAN_APPROVED,6392455a-05b2-10da-d973-5a84b3d9b95a,BEAUTY_CARE,FIJADOR DIX FIX 30 ML,a4ed69d0-66b1-4abd-9207-5ff729babb58,,30000,56cccf1ac5bee95741c7ed16a8707f62be0b9df9de81015c775a658cc9130596,BC-20782,BCV5-0783,beauty-care-fijador-dix-fix-30-ml,RESERVED_IMPORT_RANGE,GENERATED_CANONICAL_SOURCE_CODE,DETERMINISTIC_CANONICAL_SLUG,DETERMINISTIC_SOURCE_UUID,READY_CREATE
CATV1-P204-R2L,HUMAN_APPROVED,fc444ccb-314e-f960-ae40-10ffb8422902,BEAUTY_CARE,GEL HIDRATANTE HYDRO,a4ed69d0-66b1-4abd-9207-5ff729babb58,,61000,b0cb20d98317144202e9ba495edb2befe7730806f8bdfef7f72a390dc996d2cd,BC-20783,BCV5-0784,beauty-care-gel-hidratante-hydro,RESERVED_IMPORT_RANGE,GENERATED_CANONICAL_SOURCE_CODE,DETERMINISTIC_CANONICAL_SLUG,DETERMINISTIC_SOURCE_UUID,READY_CREATE
CATV1-P204-R2R,HUMAN_APPROVED,cddd1acf-14cf-f906-2920-01dbe176587d,BEAUTY_CARE,SERUM NIACINAMIDA,a4ed69d0-66b1-4abd-9207-5ff729babb58,,51000,e0cd946edf1898c745cf0e8cf19c89b3f56227de28d5e8a36ff2c47d40b60a4c,BC-20784,BCV5-0785,beauty-care-serum-niacinamida-p204-r2r,RESERVED_IMPORT_RANGE,GENERATED_CANONICAL_SOURCE_CODE,DETERMINISTIC_CANONICAL_SLUG,DETERMINISTIC_SOURCE_UUID,READY_CREATE
CATV1-P204-R3L,HUMAN_APPROVED,fde980ed-f533-0bc5-99ab-8cd8dee6f10d,BEAUTY_CARE,FACE LIFT ACIDO HIALURONICO,a4ed69d0-66b1-4abd-9207-5ff729babb58,,51000,7b67f5eb5d48f55c6d1ae438d4324782637c2c01e36fac0fe431f7866fca3b20,BC-20785,BCV5-0786,beauty-care-face-lift-acido-hialuronico,RESERVED_IMPORT_RANGE,GENERATED_CANONICAL_SOURCE_CODE,DETERMINISTIC_CANONICAL_SLUG,DETERMINISTIC_SOURCE_UUID,READY_CREATE
CATV1-P204-R3R,HUMAN_APPROVED,66ff4f5c-a48a-47fc-a0ce-58d3ee57c88d,BEAUTY_CARE,SERUM VITAMINA C,a4ed69d0-66b1-4abd-9207-5ff729babb58,,51000,f0eef860467cd1ecf569d14e0053bc54e32a9b32f27f430f54497583fca6cafe,BC-20786,BCV5-0787,beauty-care-serum-vitamina-c,RESERVED_IMPORT_RANGE,GENERATED_CANONICAL_SOURCE_CODE,DETERMINISTIC_CANONICAL_SLUG,DETERMINISTIC_SOURCE_UUID,READY_CREATE
CATV1-P205-R1L,HUMAN_APPROVED,2093fd24-900e-df2f-3c73-5b76b0c46fd1,BEAUTY_CARE,JABONFACIAL,a4ed69d0-66b1-4abd-9207-5ff729babb58,,61000,afd95a86cceeb5bdbfa3ba7d0d90bfeddabe4125e4519e32809261ad1041342d,BC-20787,BCV5-0788,beauty-care-jabonfacial,RESERVED_IMPORT_RANGE,GENERATED_CANONICAL_SOURCE_CODE,DETERMINISTIC_CANONICAL_SLUG,DETERMINISTIC_SOURCE_UUID,READY_CREATE
CATV1-P205-R1R,HUMAN_APPROVED,fdae7f94-3723-c2be-a731-252ab0e34570,BEAUTY_CARE,CONTORNO DE OJOS,a4ed69d0-66b1-4abd-9207-5ff729babb58,,61000,0dfe32438064ca9db66b347c6e48de1ce350e1c0c377cfad9fc4fa2ab2e2f0c9,BC-20788,BCV5-0789,beauty-care-contorno-de-ojos,RESERVED_IMPORT_RANGE,GENERATED_CANONICAL_SOURCE_CODE,DETERMINISTIC_CANONICAL_SLUG,DETERMINISTIC_SOURCE_UUID,READY_CREATE
CATV1-P205-R2L,HUMAN_APPROVED,c9706557-46b2-6433-8a7b-df97b19d92d0,BEAUTY_CARE,SERUM BLUSH MONT,a4ed69d0-66b1-4abd-9207-5ff729babb58,,31000,6593419e57094f36e7c98466cdd16191fa9422eb1efb033b77181c7cd66b7101,BC-20789,BCV5-0790,beauty-care-serum-blush-mont,RESERVED_IMPORT_RANGE,GENERATED_CANONICAL_SOURCE_CODE,DETERMINISTIC_CANONICAL_SLUG,DETERMINISTIC_SOURCE_UUID,READY_CREATE
CATV1-P205-R2R,HUMAN_APPROVED,9a5d3963-acde-a41c-dde5-36377606606f,BEAUTY_CARE,AMORE,a4ed69d0-66b1-4abd-9207-5ff729babb58,,12000,9700f65fa94ef999b6a65b9494b2551a3cb19c812b845d584be13883a4372cc5,BC-20790,BCV5-0791,beauty-care-amore,RESERVED_IMPORT_RANGE,GENERATED_CANONICAL_SOURCE_CODE,DETERMINISTIC_CANONICAL_SLUG,DETERMINISTIC_SOURCE_UUID,READY_CREATE
CATV1-P205-R3L,HUMAN_APPROVED,115b5f0b-027a-30e0-6743-ed16ab567e7a,BEAUTY_CARE,CEPILLO EFECTO ALISADO,a4ed69d0-66b1-4abd-9207-5ff729babb58,,16000,6608cde615b772e80950a9c49c9397d3f1be7fed8d3ac9335462aa8a7c6dd155,BC-20791,BCV5-0792,beauty-care-cepillo-efecto-alisado,RESERVED_IMPORT_RANGE,GENERATED_CANONICAL_SOURCE_CODE,DETERMINISTIC_CANONICAL_SLUG,DETERMINISTIC_SOURCE_UUID,READY_CREATE
CATV1-P205-R3R,HUMAN_APPROVED,078b681f-f6de-06f4-defc-0a345b98f3d6,BEAUTY_CARE,BROE WAX ULTRA,a4ed69d0-66b1-4abd-9207-5ff729babb58,,30000,ed9a27414fd82982df0f47158892a489226aefea84b6b4929f23faea683fd03c,BC-20792,BCV5-0793,beauty-care-broe-wax-ultra,RESERVED_IMPORT_RANGE,GENERATED_CANONICAL_SOURCE_CODE,DETERMINISTIC_CANONICAL_SLUG,DETERMINISTIC_SOURCE_UUID,READY_CREATE
CATV1-P206-R1L,HUMAN_APPROVED,9b92aa10-b530-c4c2-8ade-3c94e1acb7fa,BEAUTY_CARE,HUMIDE LAPIZ DE CEJAS,a4ed69d0-66b1-4abd-9207-5ff729babb58,,20900,c402b620ceed614473d1a33058671ad320a9420830c83770204b964287f78c6b,BC-20793,BCV5-0794,beauty-care-humide-lapiz-de-cejas,RESERVED_IMPORT_RANGE,GENERATED_CANONICAL_SOURCE_CODE,DETERMINISTIC_CANONICAL_SLUG,DETERMINISTIC_SOURCE_UUID,READY_CREATE
CATV1-P206-R1R,HUMAN_APPROVED,36acb744-dfb2-e9b1-07e9-48ff05d75a95,BEAUTY_CARE,SPIRAL GLOSSHUMIDE,a4ed69d0-66b1-4abd-9207-5ff729babb58,,27900,07c609669a32acd807660b44cd42766abac5d554ac8bc72d2c9e48e279e077e9,BC-20794,BCV5-0795,beauty-care-spiral-glosshumide,RESERVED_IMPORT_RANGE,GENERATED_CANONICAL_SOURCE_CODE,DETERMINISTIC_CANONICAL_SLUG,DETERMINISTIC_SOURCE_UUID,READY_CREATE
CATV1-P206-R2L,HUMAN_APPROVED,2d37121e-ec7c-ca6e-ee36-b9985ee3b146,BEAUTY_CARE,SOFT POWDER ROSADO,a4ed69d0-66b1-4abd-9207-5ff729babb58,,50000,bad88da5798d13800289bb495f209a17adfa96cbc1446d85e100672d8487bdf8,BC-20795,BCV5-0796,beauty-care-soft-powder-rosado,RESERVED_IMPORT_RANGE,GENERATED_CANONICAL_SOURCE_CODE,DETERMINISTIC_CANONICAL_SLUG,DETERMINISTIC_SOURCE_UUID,READY_CREATE
CATV1-P206-R2R,HUMAN_APPROVED,736a3d40-ef15-b566-07c3-a996ec7dbbf0,BEAUTY_CARE,BASEMONTOC TONO 100,a4ed69d0-66b1-4abd-9207-5ff729babb58,,61000,03db42ba8d94d2c5842b4deb4655fb93fcf4522653d452334836a021a5c46f2f,BC-20796,BCV5-0797,beauty-care-basemontoc-tono-100,RESERVED_IMPORT_RANGE,GENERATED_CANONICAL_SOURCE_CODE,DETERMINISTIC_CANONICAL_SLUG,DETERMINISTIC_SOURCE_UUID,READY_CREATE
CATV1-P206-R3L,HUMAN_APPROVED,7546898d-dd62-1161-4520-966d3fa71671,BEAUTY_CARE,LIPPIE BOOSTER,a4ed69d0-66b1-4abd-9207-5ff729babb58,,23000,6abeb8985e068562b2bf7ce44969a696e7ef08e7c9c4041f6fe8adce41869822,BC-20797,BCV5-0798,beauty-care-lippie-booster,RESERVED_IMPORT_RANGE,GENERATED_CANONICAL_SOURCE_CODE,DETERMINISTIC_CANONICAL_SLUG,DETERMINISTIC_SOURCE_UUID,READY_CREATE
CATV1-P206-R3R,HUMAN_APPROVED,b6b71359-2650-d92b-0e2d-ce97abb6fce9,BEAUTY_CARE,ILUMINADOR PALETA,a4ed69d0-66b1-4abd-9207-5ff729babb58,,50000,142a13f308797206dbf8fed23aa7fe7fcfa990140a5fbf7bb7cbd3d12364f1f2,BC-20798,BCV5-0799,beauty-care-iluminador-paleta,RESERVED_IMPORT_RANGE,GENERATED_CANONICAL_SOURCE_CODE,DETERMINISTIC_CANONICAL_SLUG,DETERMINISTIC_SOURCE_UUID,READY_CREATE
CATV1-P207-R1L,HUMAN_APPROVED,52ffbd9f-d470-3918-45dc-2a3a8522e6cc,BEAUTY_CARE,CONTROL OIL MONTOC,a4ed69d0-66b1-4abd-9207-5ff729babb58,,29000,a5c169bde2a9523a040929e2512296567d8879758a08839bad07f1bda2bb0682,BC-20799,BCV5-0800,beauty-care-control-oil-montoc,RESERVED_IMPORT_RANGE,GENERATED_CANONICAL_SOURCE_CODE,DETERMINISTIC_CANONICAL_SLUG,DETERMINISTIC_SOURCE_UUID,READY_CREATE
CATV1-P207-R1R,HUMAN_APPROVED,8e42337a-90b1-391e-ca78-2f9cc03eb106,BEAUTY_CARE,CORA LIP,a4ed69d0-66b1-4abd-9207-5ff729babb58,,26000,825510c4f2a4f29d1a0fedcd95480cb79fd232af3c757ac9e9f2b49f29db7d07,BC-20800,BCV5-0801,beauty-care-cora-lip,RESERVED_IMPORT_RANGE,GENERATED_CANONICAL_SOURCE_CODE,DETERMINISTIC_CANONICAL_SLUG,DETERMINISTIC_SOURCE_UUID,READY_CREATE
CATV1-P207-R2L,HUMAN_APPROVED,7fd05f02-53c7-fdd0-23c8-2434e642716f,BEAUTY_CARE,LAPIZ DE LABIOS,a4ed69d0-66b1-4abd-9207-5ff729babb58,,16000,2815d3c90a2fdac9c8f84bc4a82df7723ded3adff515da3d49562b7292608ac6,BC-20801,BCV5-0802,beauty-care-lapiz-de-labios-p207-r2l,RESERVED_IMPORT_RANGE,GENERATED_CANONICAL_SOURCE_CODE,DETERMINISTIC_CANONICAL_SLUG,DETERMINISTIC_SOURCE_UUID,READY_CREATE
CATV1-P207-R2R,HUMAN_APPROVED,ba0b3e99-a4f5-107a-ad55-b16a6305480a,BEAUTY_CARE,BASE,a4ed69d0-66b1-4abd-9207-5ff729babb58,,60000,bdcfb46283277293f46a04d0f9dde7d30acbb514d01abeb8122ab49d1c41ae79,BC-20802,BCV5-0803,beauty-care-base-p207-r2r,RESERVED_IMPORT_RANGE,GENERATED_CANONICAL_SOURCE_CODE,DETERMINISTIC_CANONICAL_SLUG,DETERMINISTIC_SOURCE_UUID,READY_CREATE
CATV1-P207-R3L,HUMAN_APPROVED,0b9897e3-70cf-7b8e-e2e3-811a4b7cb5a0,BEAUTY_CARE,LAPIZ MONTOC X,a4ed69d0-66b1-4abd-9207-5ff729babb58,,16000,4d97e0773f7e14e619e30499671700d948c4bb6303dc25d68e9142f876332e84,BC-20803,BCV5-0804,beauty-care-lapiz-montoc-x,RESERVED_IMPORT_RANGE,GENERATED_CANONICAL_SOURCE_CODE,DETERMINISTIC_CANONICAL_SLUG,DETERMINISTIC_SOURCE_UUID,READY_CREATE
CATV1-P207-R3R,HUMAN_APPROVED,ce6e6928-edef-441f-9047-a6e1f8393699,BEAUTY_CARE,BROCHA B74 X,a4ed69d0-66b1-4abd-9207-5ff729babb58,,29000,26252104d6cbe8800a73771740e0e6038b47fa7dfc9fac4281c3bb11106b464b,BC-20804,BCV5-0805,beauty-care-brocha-b74-x,RESERVED_IMPORT_RANGE,GENERATED_CANONICAL_SOURCE_CODE,DETERMINISTIC_CANONICAL_SLUG,DETERMINISTIC_SOURCE_UUID,READY_CREATE
CATV1-P208-R1L,HUMAN_APPROVED,d284a565-54a5-2d83-732e-caabfea996a1,BEAUTY_CARE,LIGHT SET MONTOC,a4ed69d0-66b1-4abd-9207-5ff729babb58,,37000,44152c4d518118460c2147adc9d5bc3be7c867195e455bb0d5f81981cefc5e4f,BC-20805,BCV5-0806,beauty-care-light-set-montoc-p208-r1l,RESERVED_IMPORT_RANGE,GENERATED_CANONICAL_SOURCE_CODE,DETERMINISTIC_CANONICAL_SLUG,DETERMINISTIC_SOURCE_UUID,READY_CREATE
CATV1-P208-R1R,HUMAN_APPROVED,bc566a57-e5de-453a-5c9b-cd18319931d8,BEAUTY_CARE,POLVO MONTOC 30G,a4ed69d0-66b1-4abd-9207-5ff729babb58,,66000,08b1fcc43224e9364ec8800998c0b6e095b28c9e54ab175620b1a4bc66038056,BC-20806,BCV5-0807,beauty-care-polvo-montoc-30g,RESERVED_IMPORT_RANGE,GENERATED_CANONICAL_SOURCE_CODE,DETERMINISTIC_CANONICAL_SLUG,DETERMINISTIC_SOURCE_UUID,READY_CREATE
CATV1-P208-R2L,HUMAN_APPROVED,8a12d3f0-1d88-f2f7-691d-02b3a9fc1950,BEAUTY_CARE,POLVO 10G TRASLUCIDO,a4ed69d0-66b1-4abd-9207-5ff729babb58,,38000,d683e080eb04c723f174056d8a4b2fd2b19723aa83bbf419ee2c329a0e5a5aa7,BC-20807,BCV5-0808,beauty-care-polvo-10g-traslucido,RESERVED_IMPORT_RANGE,GENERATED_CANONICAL_SOURCE_CODE,DETERMINISTIC_CANONICAL_SLUG,DETERMINISTIC_SOURCE_UUID,READY_CREATE
CATV1-P208-R2R,HUMAN_APPROVED,198a2a16-bc93-6fc2-6f63-9250f09345ca,BEAUTY_CARE,LIGHT SET MONTOC,a4ed69d0-66b1-4abd-9207-5ff729babb58,,34000,4356b805291093a42092a94303af505a0ca334cc0855fd7ed0bb06d01a7d3607,BC-20808,BCV5-0809,beauty-care-light-set-montoc-p208-r2r,RESERVED_IMPORT_RANGE,GENERATED_CANONICAL_SOURCE_CODE,DETERMINISTIC_CANONICAL_SLUG,DETERMINISTIC_SOURCE_UUID,READY_CREATE
CATV1-P209-R1L,HUMAN_APPROVED,16298d3f-bbd0-78f2-56ac-5907a30c5b89,BEAUTY_CARE,BRONZER MONTOC,a4ed69d0-66b1-4abd-9207-5ff729babb58,,46000,cffce6cc6e3f26fcb9c2d9ff0869c835328af8e39c15a21ab37c203a8944c16b,BC-20809,BCV5-0810,beauty-care-bronzer-montoc,RESERVED_IMPORT_RANGE,GENERATED_CANONICAL_SOURCE_CODE,DETERMINISTIC_CANONICAL_SLUG,DETERMINISTIC_SOURCE_UUID,READY_CREATE
CATV1-P209-R1R,HUMAN_APPROVED,429c9b44-6b0d-154b-26f3-4adb49dfcab6,BEAUTY_CARE,PRIMER GRIP,a4ed69d0-66b1-4abd-9207-5ff729babb58,,46000,12f5c96be8d1ff753bdae4f10faf1b6e7b863b7cb1f1d73880538ee4e32071a0,BC-20810,BCV5-0811,beauty-care-primer-grip,RESERVED_IMPORT_RANGE,GENERATED_CANONICAL_SOURCE_CODE,DETERMINISTIC_CANONICAL_SLUG,DETERMINISTIC_SOURCE_UUID,READY_CREATE
CATV1-P209-R2L,HUMAN_APPROVED,1dd5f290-933f-d138-4a21-d70096e9705a,BEAUTY_CARE,FIJADOR 200ML,a4ed69d0-66b1-4abd-9207-5ff729babb58,,79000,97437a108850187819acf619f464f9fc7ff69799941555b9a580512d7369d72b,BC-20811,BCV5-0812,beauty-care-fijador-200ml,RESERVED_IMPORT_RANGE,GENERATED_CANONICAL_SOURCE_CODE,DETERMINISTIC_CANONICAL_SLUG,DETERMINISTIC_SOURCE_UUID,READY_CREATE
CATV1-P209-R2R,HUMAN_APPROVED,18ef542f-352e-a20e-024e-d8a643065a38,BEAUTY_CARE,POLVO 10G BANANA,a4ed69d0-66b1-4abd-9207-5ff729babb58,,38000,65eed587491d71d7bb7e58f661d99878b7e03b79c95ce243d03fa5697557a8e1,BC-20812,BCV5-0813,beauty-care-polvo-10g-banana,RESERVED_IMPORT_RANGE,GENERATED_CANONICAL_SOURCE_CODE,DETERMINISTIC_CANONICAL_SLUG,DETERMINISTIC_SOURCE_UUID,READY_CREATE
CATV1-P209-R3L,HUMAN_APPROVED,d31728f5-1487-1194-6635-b513f00d2ee6,BEAUTY_CARE,RUBOR STICK,a4ed69d0-66b1-4abd-9207-5ff729babb58,,22000,e1a3b4566158e129b50884a08554dca73a19950457f3e909335c5b5073032da7,BC-20813,BCV5-0814,beauty-care-rubor-stick,RESERVED_IMPORT_RANGE,GENERATED_CANONICAL_SOURCE_CODE,DETERMINISTIC_CANONICAL_SLUG,DETERMINISTIC_SOURCE_UUID,READY_CREATE
CATV1-P209-R3R,HUMAN_APPROVED,a912f7d0-89ea-1a1e-c8ee-6f12ceeb6e39,BEAUTY_CARE,BB CREAM SUNSOON,a4ed69d0-66b1-4abd-9207-5ff729babb58,,60000,d279a74c82186c23f2617fd81b1e8633ed7b04cd001f3e117cd122760ed56cca,BC-20814,BCV5-0815,beauty-care-bb-cream-sunsoon,RESERVED_IMPORT_RANGE,GENERATED_CANONICAL_SOURCE_CODE,DETERMINISTIC_CANONICAL_SLUG,DETERMINISTIC_SOURCE_UUID,READY_CREATE
CATV1-P210-R1L,HUMAN_APPROVED,6a95ef4e-1c52-3bb5-9403-7ab9be2b0885,BEAUTY_CARE,AGUA DE ROSAS,a4ed69d0-66b1-4abd-9207-5ff729babb58,,36000,6e1a301e6360de739a6086da1d9b29d750fbaeb4f5fc0199ee12aee412222268,BC-20815,BCV5-0816,beauty-care-agua-de-rosas,RESERVED_IMPORT_RANGE,GENERATED_CANONICAL_SOURCE_CODE,DETERMINISTIC_CANONICAL_SLUG,DETERMINISTIC_SOURCE_UUID,READY_CREATE
CATV1-P210-R1R,HUMAN_APPROVED,973307c6-6452-0a5d-2384-bde6e1d8d99a,BEAUTY_CARE,KIT DE BROCHAS VIAJERAS,a4ed69d0-66b1-4abd-9207-5ff729babb58,,61000,538b219029a86ad7ceae3b666c36de8181aaa82df2957573722fb354ce4261a2,BC-20816,BCV5-0817,beauty-care-kit-de-brochas-viajeras,RESERVED_IMPORT_RANGE,GENERATED_CANONICAL_SOURCE_CODE,DETERMINISTIC_CANONICAL_SLUG,DETERMINISTIC_SOURCE_UUID,READY_CREATE
CATV1-P210-R2L,HUMAN_APPROVED,a2b7ffaa-57b0-948d-91d4-0eaa043818c4,BEAUTY_CARE,HELLO BEACH BRONZER,a4ed69d0-66b1-4abd-9207-5ff729babb58,,18000,fcff2e190a66beafb1ac59af7c799e342f82817f573c43041cf60d3a26c3f9d1,BC-20817,BCV5-0818,beauty-care-hello-beach-bronzer,RESERVED_IMPORT_RANGE,GENERATED_CANONICAL_SOURCE_CODE,DETERMINISTIC_CANONICAL_SLUG,DETERMINISTIC_SOURCE_UUID,READY_CREATE
CATV1-P210-R2R,HUMAN_APPROVED,4987bb1c-8a3d-5b29-ebf3-62687e06878c,BEAUTY_CARE,BLOQUEADOR SUNSOON,a4ed69d0-66b1-4abd-9207-5ff729babb58,,67000,040d29fdf4c3441ce9e49d663c403acf68c42c1faa5f82e3bed064c33e57ed54,BC-20818,BCV5-0819,beauty-care-bloqueador-sunsoon,RESERVED_IMPORT_RANGE,GENERATED_CANONICAL_SOURCE_CODE,DETERMINISTIC_CANONICAL_SLUG,DETERMINISTIC_SOURCE_UUID,READY_CREATE
CATV1-P210-R3L,HUMAN_APPROVED,a58a67d9-1096-db6e-6e87-026e88b4784b,BEAUTY_CARE,BASE,a4ed69d0-66b1-4abd-9207-5ff729babb58,,53000,9f280146b7c9bbe004f004c2dbc8918f7ab77e2a90e6772a595c65d08851d231,BC-20819,BCV5-0820,beauty-care-base-p210-r3l,RESERVED_IMPORT_RANGE,GENERATED_CANONICAL_SOURCE_CODE,DETERMINISTIC_CANONICAL_SLUG,DETERMINISTIC_SOURCE_UUID,READY_CREATE
CATV1-P210-R3R,HUMAN_APPROVED,9a469c32-159d-02d7-e89f-158749bc4a85,BEAUTY_CARE,RUBOR,a4ed69d0-66b1-4abd-9207-5ff729babb58,,45000,2be8b4040aa8138e88492d76e832d1553525bc02deeac1912dad2ec80e983684,BC-20820,BCV5-0821,beauty-care-rubor,RESERVED_IMPORT_RANGE,GENERATED_CANONICAL_SOURCE_CODE,DETERMINISTIC_CANONICAL_SLUG,DETERMINISTIC_SOURCE_UUID,READY_CREATE
CATV1-P211-R1L,HUMAN_APPROVED,f0f1c440-0e69-1523-5383-8a4f3f6c1bcf,BEAUTY_CARE,ENCRESPADOR,a4ed69d0-66b1-4abd-9207-5ff729babb58,,16000,a8d2b6cfe2d504203d08472b8c555fa85d9069c858316c96855d79e504a4d401,BC-20821,BCV5-0822,beauty-care-encrespador,RESERVED_IMPORT_RANGE,GENERATED_CANONICAL_SOURCE_CODE,DETERMINISTIC_CANONICAL_SLUG,DETERMINISTIC_SOURCE_UUID,READY_CREATE
CATV1-P211-R1R,HUMAN_APPROVED,5a3f740b-6de5-8d88-c834-be15a1bce478,BEAUTY_CARE,BROCHA FLUFLY,a4ed69d0-66b1-4abd-9207-5ff729babb58,,58000,649c2460ac0009cae8edaa406a3c3700295852063d02a810e53de34eff8284c8,BC-20822,BCV5-0823,beauty-care-brocha-flufly,RESERVED_IMPORT_RANGE,GENERATED_CANONICAL_SOURCE_CODE,DETERMINISTIC_CANONICAL_SLUG,DETERMINISTIC_SOURCE_UUID,READY_CREATE
CATV1-P211-R2L,HUMAN_APPROVED,cd02fd1b-c2c5-82d1-e4d5-fc89be1edc4e,BEAUTY_CARE,PALETA HARMONY,a4ed69d0-66b1-4abd-9207-5ff729babb58,,41000,6da1340cc9a080f4e1506eaa7ca32af7a32ca34b69fc7c552815f5b36085ea04,BC-20823,BCV5-0824,beauty-care-paleta-harmony,RESERVED_IMPORT_RANGE,GENERATED_CANONICAL_SOURCE_CODE,DETERMINISTIC_CANONICAL_SLUG,DETERMINISTIC_SOURCE_UUID,READY_CREATE
CATV1-P211-R2R,HUMAN_APPROVED,e6daafbe-eb42-bd16-1f78-20b9e4082a47,BEAUTY_CARE,DELINEADOR MIAU,a4ed69d0-66b1-4abd-9207-5ff729babb58,,20000,711db7183611b143dbc102d2619b8c638b56ef1915cc259aa2452f18ba4a3a3e,BC-20824,BCV5-0825,beauty-care-delineador-miau,RESERVED_IMPORT_RANGE,GENERATED_CANONICAL_SOURCE_CODE,DETERMINISTIC_CANONICAL_SLUG,DETERMINISTIC_SOURCE_UUID,READY_CREATE
CATV1-P211-R3L,HUMAN_APPROVED,6d577746-7bd8-a584-eba0-3bf7f0d6bc59,BEAUTY_CARE,MONTOC BEAUTY SKIN GEL,a4ed69d0-66b1-4abd-9207-5ff729babb58,,59000,28b191155bb458b37829c44b2afd3555677e5dc78992537b95b935e49aa9e1af,BC-20825,BCV5-0826,beauty-care-montoc-beauty-skin-gel,RESERVED_IMPORT_RANGE,GENERATED_CANONICAL_SOURCE_CODE,DETERMINISTIC_CANONICAL_SLUG,DETERMINISTIC_SOURCE_UUID,READY_CREATE
CATV1-P211-R3R,HUMAN_APPROVED,8607b40f-57a8-9998-2a2f-b615f7b34730,BEAUTY_CARE,POLVO 30G BANANA,a4ed69d0-66b1-4abd-9207-5ff729babb58,,66000,e7096aea2adb7562627ce3b7cae34db5b5d1856b2f649512d6537bd12b4460cb,BC-20826,BCV5-0827,beauty-care-polvo-30g-banana,RESERVED_IMPORT_RANGE,GENERATED_CANONICAL_SOURCE_CODE,DETERMINISTIC_CANONICAL_SLUG,DETERMINISTIC_SOURCE_UUID,READY_CREATE
CATV1-P213-R1L,POLICY_APPROVED,7b4907ce-40b3-2a09-f715-fcd042a8c9d6,BEAUTY_CARE,BROCHARUBOR,,3544b1fc-163e-4fe0-8751-d653d17451f7,16000,76250ce31a93b56b3eb0a799d8c2a159917bce37cdd7b41933b8468838f0d7e6,BC-20827,BCV5-0828,beauty-care-brocharubor,RESERVED_IMPORT_RANGE,GENERATED_CANONICAL_SOURCE_CODE,DETERMINISTIC_CANONICAL_SLUG,DETERMINISTIC_SOURCE_UUID,READY_CREATE
CATV1-P213-R1R,POLICY_APPROVED,067a41e9-54cf-1d78-5024-8229e2ab4b63,BEAUTY_CARE,MINI ESPONJAS X4,,3544b1fc-163e-4fe0-8751-d653d17451f7,16000,dd310ebc68def6d65b2a4a38ad5566643a6b13b03f4b1dd5aa508af8c72bcc69,BC-20828,BCV5-0829,beauty-care-mini-esponjas-x4,RESERVED_IMPORT_RANGE,GENERATED_CANONICAL_SOURCE_CODE,DETERMINISTIC_CANONICAL_SLUG,DETERMINISTIC_SOURCE_UUID,READY_CREATE
CATV1-P213-R2L,POLICY_APPROVED,adf830e2-d66e-9a21-1d01-f12f34748f97,BEAUTY_CARE,BROCHABASE,,3544b1fc-163e-4fe0-8751-d653d17451f7,15000,17d473b263010e71710c8fcbb969e777a1c0f5c17c1290e57a1d50173a465595,BC-20829,BCV5-0830,beauty-care-brochabase,RESERVED_IMPORT_RANGE,GENERATED_CANONICAL_SOURCE_CODE,DETERMINISTIC_CANONICAL_SLUG,DETERMINISTIC_SOURCE_UUID,READY_CREATE
CATV1-P213-R3L,POLICY_APPROVED,de97e8f9-200a-4e69-ea89-e70a88bd015a,BEAUTY_CARE,PEGANTE DE PESTAÑAS,,3544b1fc-163e-4fe0-8751-d653d17451f7,13000,867b2e6d29734872b34169fb1957d9578411de01d3d08b4f9ee3efbb0ffcae6e,BC-20830,BCV5-0831,beauty-care-pegante-de-pestanas,RESERVED_IMPORT_RANGE,GENERATED_CANONICAL_SOURCE_CODE,DETERMINISTIC_CANONICAL_SLUG,DETERMINISTIC_SOURCE_UUID,READY_CREATE
CATV1-P214-R1L,POLICY_APPROVED,f6dc9c3d-2d23-340c-4e33-2b36337bfe5b,BEAUTY_CARE,ESPEJO DE LUJO 2 ESTILOS,,3544b1fc-163e-4fe0-8751-d653d17451f7,36000,8b2206d96a2d3eb4e2702e392ee267545bb45c1f517905ccbbdfb0e413b7b3b0,BC-20831,BCV5-0832,beauty-care-espejo-de-lujo-2-estilos,RESERVED_IMPORT_RANGE,GENERATED_CANONICAL_SOURCE_CODE,DETERMINISTIC_CANONICAL_SLUG,DETERMINISTIC_SOURCE_UUID,READY_CREATE
CATV1-P214-R1R,POLICY_APPROVED,f015a83d-4af8-d476-b727-b4adaff47e71,BEAUTY_CARE,ESPEJOOREJASOSOSOPORT,,3544b1fc-163e-4fe0-8751-d653d17451f7,19000,6741a4cc0d2b46ede2c74a221ede718efd339250dbb58a57caf29cfdfccacff9,BC-20832,BCV5-0833,beauty-care-espejoorejasososoport,RESERVED_IMPORT_RANGE,GENERATED_CANONICAL_SOURCE_CODE,DETERMINISTIC_CANONICAL_SLUG,DETERMINISTIC_SOURCE_UUID,READY_CREATE
CATV1-P214-R2L,POLICY_APPROVED,2c519484-9d43-798a-de44-694cbdf347c2,BEAUTY_CARE,TOALLAS DESMAQUILLANTES,,3544b1fc-163e-4fe0-8751-d653d17451f7,11000,214b1b27d591108d94905cfbed443171dcad0fdf87b27eed39ae2353dce56f32,BC-20833,BCV5-0834,beauty-care-toallas-desmaquillantes,RESERVED_IMPORT_RANGE,GENERATED_CANONICAL_SOURCE_CODE,DETERMINISTIC_CANONICAL_SLUG,DETERMINISTIC_SOURCE_UUID,READY_CREATE
CATV1-P215-R1L,HUMAN_APPROVED,a4c6526b-ed53-584b-6adb-afb115b51d97,BEAUTY_CARE,BROCHA CEJAS,,3544b1fc-163e-4fe0-8751-d653d17451f7,6000,7cc56b614004f98c2e7c63ca47bf6394c93589854cb0af727cc17ba0ef39ab0c,BC-20834,BCV5-0835,beauty-care-brocha-cejas,RESERVED_IMPORT_RANGE,GENERATED_CANONICAL_SOURCE_CODE,DETERMINISTIC_CANONICAL_SLUG,DETERMINISTIC_SOURCE_UUID,READY_CREATE
CATV1-P215-R1R,POLICY_APPROVED,0213d205-518d-369f-decc-2b9ccf4a1d3b,BEAUTY_CARE,BROCHA RUBOR,,3544b1fc-163e-4fe0-8751-d653d17451f7,13000,bc79f12ce6e6412830f43af73e36e6074874cb8dde097926a71135eda06f5bda,BC-20835,BCV5-0836,beauty-care-brocha-rubor,RESERVED_IMPORT_RANGE,GENERATED_CANONICAL_SOURCE_CODE,DETERMINISTIC_CANONICAL_SLUG,DETERMINISTIC_SOURCE_UUID,READY_CREATE
CATV1-P215-R2L,POLICY_APPROVED,b6d7e6f1-634f-0f1c-f804-555dfe1633b0,BEAUTY_CARE,BROCHA POLVOS,,3544b1fc-163e-4fe0-8751-d653d17451f7,14000,caa8646d39086ae269883468bc06804b75c06742af4cc52b95075cab18ef6377,BC-20836,BCV5-0837,beauty-care-brocha-polvos,RESERVED_IMPORT_RANGE,GENERATED_CANONICAL_SOURCE_CODE,DETERMINISTIC_CANONICAL_SLUG,DETERMINISTIC_SOURCE_UUID,READY_CREATE
CATV1-P215-R2R,POLICY_APPROVED,a6496c6b-dbe1-2a2b-dfc8-04c7de14d27f,BEAUTY_CARE,LTEIALLIA HS DECDALETINNTINNDL,,3544b1fc-163e-4fe0-8751-d653d17451f7,5000,2098b4ebfd1ca2f114796755000fa2ec0f4e5c57a8d4675c17cfb6cd6276f9bb,BC-20837,BCV5-0838,beauty-care-lteiallia-hs-decdaletinntinndl,RESERVED_IMPORT_RANGE,GENERATED_CANONICAL_SOURCE_CODE,DETERMINISTIC_CANONICAL_SLUG,DETERMINISTIC_SOURCE_UUID,READY_CREATE
CATV1-P215-R3L,POLICY_APPROVED,33087173-22f0-7adc-8127-15e04da0bba6,BEAUTY_CARE,PAPELARROZ,,3544b1fc-163e-4fe0-8751-d653d17451f7,13000,4a1cb35c15ff092c088869f04d581b0faa6f9569e9ba57685756307fcf78d8cd,BC-20838,BCV5-0839,beauty-care-papelarroz,RESERVED_IMPORT_RANGE,GENERATED_CANONICAL_SOURCE_CODE,DETERMINISTIC_CANONICAL_SLUG,DETERMINISTIC_SOURCE_UUID,READY_CREATE
CATV1-P215-R3R,POLICY_APPROVED,619a5a79-926b-fce2-1ed0-3eea7ae3f359,BEAUTY_CARE,BROCHA SOMBRA,,3544b1fc-163e-4fe0-8751-d653d17451f7,8000,16c22533b9b5a1415ba29869e8564336692da56da3ca9e6a9a1b4f2c6b1117a2,BC-20839,BCV5-0840,beauty-care-brocha-sombra,RESERVED_IMPORT_RANGE,GENERATED_CANONICAL_SOURCE_CODE,DETERMINISTIC_CANONICAL_SLUG,DETERMINISTIC_SOURCE_UUID,READY_CREATE
CATV1-P216-R1R,POLICY_APPROVED,98c2bbe1-5b2a-2d03-8b1b-c05d9c75c45e,BEAUTY_CARE,BROCHA PARA CORRECTOR,,3544b1fc-163e-4fe0-8751-d653d17451f7,11000,8b8e1c457d5bf25581bf58abacbd60d7f03122b2dac5aa51a57a73be27370241,BC-20840,BCV5-0841,beauty-care-brocha-para-corrector,RESERVED_IMPORT_RANGE,GENERATED_CANONICAL_SOURCE_CODE,DETERMINISTIC_CANONICAL_SLUG,DETERMINISTIC_SOURCE_UUID,READY_CREATE
CATV1-P216-R2L,POLICY_APPROVED,7f34d876-667b-2839-df6b-2ea75df298b0,BEAUTY_CARE,BROCHA CONTORNO O CORRECTOR,,3544b1fc-163e-4fe0-8751-d653d17451f7,13000,dc8cc70b3be1ba518fc308e961117878f3f5a51e43bf37a562b912eb7ca68243,BC-20841,BCV5-0842,beauty-care-brocha-contorno-o-corrector,RESERVED_IMPORT_RANGE,GENERATED_CANONICAL_SOURCE_CODE,DETERMINISTIC_CANONICAL_SLUG,DETERMINISTIC_SOURCE_UUID,READY_CREATE
CATV1-P216-R2R,POLICY_APPROVED,46f871d4-83c9-d9c1-b6de-39410ccf0693,BEAUTY_CARE,SACAPUNTAS DOBLE,,3544b1fc-163e-4fe0-8751-d653d17451f7,5000,a622bc27c251cc9ed59daa9d3aed7a43611810e4d50c530b919a3c9e698a2369,BC-20842,BCV5-0843,beauty-care-sacapuntas-doble,RESERVED_IMPORT_RANGE,GENERATED_CANONICAL_SOURCE_CODE,DETERMINISTIC_CANONICAL_SLUG,DETERMINISTIC_SOURCE_UUID,READY_CREATE
CATV1-P216-R3L,POLICY_APPROVED,3a363c08-5a9c-9366-5216-042ea8f19725,BEAUTY_CARE,POMITOS TRIAUNGULARES,,3544b1fc-163e-4fe0-8751-d653d17451f7,7000,15fed8e5390e9e0258f09c8b0db8959c7d107d368072e2f45e0eeaa0d1ceb256,BC-20843,BCV5-0844,beauty-care-pomitos-triaungulares,RESERVED_IMPORT_RANGE,GENERATED_CANONICAL_SOURCE_CODE,DETERMINISTIC_CANONICAL_SLUG,DETERMINISTIC_SOURCE_UUID,READY_CREATE
CATV1-P216-R3R,POLICY_APPROVED,c7f80f6a-a930-3444-e0f9-ca96486d6cc9,BEAUTY_CARE,POMITOS CORAZONES,,3544b1fc-163e-4fe0-8751-d653d17451f7,7000,98565a05fef8085ec90f0fcd6e35dcbcb60f0b35747a42022779b3df73ec9a56,BC-20844,BCV5-0845,beauty-care-pomitos-corazones,RESERVED_IMPORT_RANGE,GENERATED_CANONICAL_SOURCE_CODE,DETERMINISTIC_CANONICAL_SLUG,DETERMINISTIC_SOURCE_UUID,READY_CREATE
CATV1-P218-R1L,HUMAN_APPROVED,589287be-cd85-ec7e-ce2e-3b9ebfb7305c,BEAUTY_CARE,DELINEADOR BLANCO,,69039ea1-d8d5-4ae9-9dcb-f57b20ec92b7,13000,30e032c6ff70aa170525b96ad580be94340a376e64ba0b4d2054585c874e5e02,BC-20845,BCV5-0846,beauty-care-delineador-blanco-p218-r1l,RESERVED_IMPORT_RANGE,GENERATED_CANONICAL_SOURCE_CODE,DETERMINISTIC_CANONICAL_SLUG,DETERMINISTIC_SOURCE_UUID,READY_CREATE
CATV1-P218-R1R,POLICY_APPROVED,00377db3-47b5-e0a4-8261-30c173ca24f1,BEAUTY_CARE,DELINEADOR LOLI,,69039ea1-d8d5-4ae9-9dcb-f57b20ec92b7,15000,59099947778b97f695fcc6ccad39f16b7b869898a43f48a8e0e718c244e3990f,BC-20846,BCV5-0847,beauty-care-delineador-loli,RESERVED_IMPORT_RANGE,GENERATED_CANONICAL_SOURCE_CODE,DETERMINISTIC_CANONICAL_SLUG,DETERMINISTIC_SOURCE_UUID,READY_CREATE
CATV1-P218-R2L,POLICY_APPROVED,b2fda272-4ed8-03a4-70a7-2086ac71d284,BEAUTY_CARE,PESTAÑAS MIIS,,69039ea1-d8d5-4ae9-9dcb-f57b20ec92b7,11000,8d1f7020fa89b98be2d24e62aa7765488e6b0f94b4e87aa951496b704cf4dbc2,BC-20847,BCV5-0848,beauty-care-pestanas-miis,RESERVED_IMPORT_RANGE,GENERATED_CANONICAL_SOURCE_CODE,DETERMINISTIC_CANONICAL_SLUG,DETERMINISTIC_SOURCE_UUID,READY_CREATE
CATV1-P218-R2R,POLICY_APPROVED,82444955-c678-81ce-284c-e3d954c30467,BEAUTY_CARE,PESTAÑINACEJASMASLAPIZ,,69039ea1-d8d5-4ae9-9dcb-f57b20ec92b7,13000,39b58bf247da8493dcdad3e6c65efc7b244b08356822fa116893245b7ad57aad,BC-20848,BCV5-0849,beauty-care-pestaninacejasmaslapiz,RESERVED_IMPORT_RANGE,GENERATED_CANONICAL_SOURCE_CODE,DETERMINISTIC_CANONICAL_SLUG,DETERMINISTIC_SOURCE_UUID,READY_CREATE
CATV1-P218-R3L,HUMAN_APPROVED,c9432f02-1363-e7bd-1868-18298b96412a,BEAUTY_CARE,PESTAÑAS PELOAPELO X,,69039ea1-d8d5-4ae9-9dcb-f57b20ec92b7,11000,3674bb74d229c43c6f773b6320d6b6a551cd67bf4929955d40c8aa3beef590e5,BC-20849,BCV5-0850,beauty-care-pestanas-peloapelo-x,RESERVED_IMPORT_RANGE,GENERATED_CANONICAL_SOURCE_CODE,DETERMINISTIC_CANONICAL_SLUG,DETERMINISTIC_SOURCE_UUID,READY_CREATE
CATV1-P218-R3R,POLICY_APPROVED,09f99e04-e8b1-a66b-eb18-c003994f5f4c,BEAUTY_CARE,PESTAÑINA CHARMING,,69039ea1-d8d5-4ae9-9dcb-f57b20ec92b7,19000,f4ad1282a77de7894dcf759ba91cfdaebae5461d38c3a7d1eadea8a9edc32666,BC-20850,BCV5-0851,beauty-care-pestanina-charming,RESERVED_IMPORT_RANGE,GENERATED_CANONICAL_SOURCE_CODE,DETERMINISTIC_CANONICAL_SLUG,DETERMINISTIC_SOURCE_UUID,READY_CREATE
CATV1-P219-R1L,POLICY_APPROVED,684cc3f1-9a24-0a72-06eb-45616bc4a7a5,BEAUTY_CARE,DELINEADORCAFÉUSHAS,,69039ea1-d8d5-4ae9-9dcb-f57b20ec92b7,13000,c5f53670d124a12bd2f78e2f7144f08aa260668adc0648c2329a8a675c65206a,BC-20851,BCV5-0852,beauty-care-delineadorcafeushas,RESERVED_IMPORT_RANGE,GENERATED_CANONICAL_SOURCE_CODE,DETERMINISTIC_CANONICAL_SLUG,DETERMINISTIC_SOURCE_UUID,READY_CREATE
CATV1-P220-R1L,POLICY_APPROVED,27f16e03-fcc2-2ce8-d50b-21c8e2fdeb08,BEAUTY_CARE,PESTAÑINAPROSACAFÉ4EN1,,69039ea1-d8d5-4ae9-9dcb-f57b20ec92b7,23000,326d58a33d96eb323ff044920acacd23cc3f5c32358134840bc000588c239332,BC-20852,BCV5-0853,beauty-care-pestaninaprosacafe4en1,RESERVED_IMPORT_RANGE,GENERATED_CANONICAL_SOURCE_CODE,DETERMINISTIC_CANONICAL_SLUG,DETERMINISTIC_SOURCE_UUID,READY_CREATE
CATV1-P220-R1R,POLICY_APPROVED,0f161d80-fa09-90b5-3978-b0f59fba3cfb,BEAUTY_CARE,PESTAÑINA PROSAMAXI,,69039ea1-d8d5-4ae9-9dcb-f57b20ec92b7,23000,fe0af83993b97ddceb66677b27b6f2d29c88e9079f2d5ea403210bf4ac318da9,BC-20853,BCV5-0854,beauty-care-pestanina-prosamaxi,RESERVED_IMPORT_RANGE,GENERATED_CANONICAL_SOURCE_CODE,DETERMINISTIC_CANONICAL_SLUG,DETERMINISTIC_SOURCE_UUID,READY_CREATE
CATV1-P220-R2L,POLICY_APPROVED,7fffbd41-eac6-551f-f163-c2d8a0edae8e,BEAUTY_CARE,PESTAÑINAPROSAPROF.SILICON,,69039ea1-d8d5-4ae9-9dcb-f57b20ec92b7,23000,fd5e41a81d6b8efca86552e8b44d5425f239a10f81d93464129103f9e2929e07,BC-20854,BCV5-0855,beauty-care-pestaninaprosaprof-silicon,RESERVED_IMPORT_RANGE,GENERATED_CANONICAL_SOURCE_CODE,DETERMINISTIC_CANONICAL_SLUG,DETERMINISTIC_SOURCE_UUID,READY_CREATE
CATV1-P220-R2R,HUMAN_APPROVED,91e76743-969b-d8e5-9b6f-d96b8e720654,BEAUTY_CARE,PESTAÑINAPROSAMAXI SILICON,,69039ea1-d8d5-4ae9-9dcb-f57b20ec92b7,23000,edda4e976e22320cff2d425ea703eca1ea93cc8c6888fcf5b8530ec59624d151,BC-20855,BCV5-0856,beauty-care-pestaninaprosamaxi-silicon,RESERVED_IMPORT_RANGE,GENERATED_CANONICAL_SOURCE_CODE,DETERMINISTIC_CANONICAL_SLUG,DETERMINISTIC_SOURCE_UUID,READY_CREATE
CATV1-P220-R3L,HUMAN_APPROVED,b671bb7c-fcd1-d2a4-83d2-5159a6bb7097,BEAUTY_CARE,PESTAÑINAPROSAPROFESIONAL,,69039ea1-d8d5-4ae9-9dcb-f57b20ec92b7,23000,f9b634ef9eda9e6fb8b88a44fd8a0af0b53b3ebc1e682e034fb19d391e80d374,BC-20856,BCV5-0857,beauty-care-pestaninaprosaprofesional,RESERVED_IMPORT_RANGE,GENERATED_CANONICAL_SOURCE_CODE,DETERMINISTIC_CANONICAL_SLUG,DETERMINISTIC_SOURCE_UUID,READY_CREATE
CATV1-P220-R3R,POLICY_APPROVED,b0d56c6b-8f2c-7f68-61b0-6e1e6a4495a0,BEAUTY_CARE,PESTAÑINAMICROFIBRA,,69039ea1-d8d5-4ae9-9dcb-f57b20ec92b7,23000,ea1f354bc77179d1fb7a75ae7a0e436312adb9aa43d610dcb74523412af80312,BC-20857,BCV5-0858,beauty-care-pestaninamicrofibra,RESERVED_IMPORT_RANGE,GENERATED_CANONICAL_SOURCE_CODE,DETERMINISTIC_CANONICAL_SLUG,DETERMINISTIC_SOURCE_UUID,READY_CREATE
CATV1-P221-R1L,POLICY_APPROVED,39cdca55-a5e2-2ea7-f53b-5ea0eb5b121b,BEAUTY_CARE,PESTAÑINA AZUL PROSA,,69039ea1-d8d5-4ae9-9dcb-f57b20ec92b7,13000,81832948fe7b54d5afe99b799f22533974571b911ffc5d4538830af638c63fc1,BC-20858,BCV5-0859,beauty-care-pestanina-azul-prosa,RESERVED_IMPORT_RANGE,GENERATED_CANONICAL_SOURCE_CODE,DETERMINISTIC_CANONICAL_SLUG,DETERMINISTIC_SOURCE_UUID,READY_CREATE
CATV1-P221-R1R,POLICY_APPROVED,fc853c85-4237-c3e8-75fc-64c9dc22d68d,BEAUTY_CARE,DELINEADOR PINCELBLANCO,,69039ea1-d8d5-4ae9-9dcb-f57b20ec92b7,13000,438f86eae40fda20708ab668ffd3ce3155203721a68b1e9e42afab1fc33ad371,BC-20859,BCV5-0860,beauty-care-delineador-pincelblanco,RESERVED_IMPORT_RANGE,GENERATED_CANONICAL_SOURCE_CODE,DETERMINISTIC_CANONICAL_SLUG,DETERMINISTIC_SOURCE_UUID,READY_CREATE
CATV1-P221-R2L,POLICY_APPROVED,41e29dc5-12b9-bd33-ad5f-d942c56e9dbe,BEAUTY_CARE,HENNAPILUSS,,69039ea1-d8d5-4ae9-9dcb-f57b20ec92b7,16000,6227092c48fbe91ce785d38b4e643b913c0266b5902b79db1b1f9b4e0f6c007a,BC-20860,BCV5-0861,beauty-care-hennapiluss,RESERVED_IMPORT_RANGE,GENERATED_CANONICAL_SOURCE_CODE,DETERMINISTIC_CANONICAL_SLUG,DETERMINISTIC_SOURCE_UUID,READY_CREATE
CATV1-P221-R2R,HUMAN_APPROVED,86d598dd-5499-885d-0613-efae11ef7d61,BEAUTY_CARE,PILUSS PESTÁÑAS,,69039ea1-d8d5-4ae9-9dcb-f57b20ec92b7,46000,f9f58ac5474206b28fc5d365bfc5b5182ff99382982e2be10639236e75e688e3,BC-20861,BCV5-0862,beauty-care-piluss-pestanas-p221-r2r,RESERVED_IMPORT_RANGE,GENERATED_CANONICAL_SOURCE_CODE,DETERMINISTIC_CANONICAL_SLUG,DETERMINISTIC_SOURCE_UUID,READY_CREATE
CATV1-P221-R3L,HUMAN_APPROVED,4e4a7bb7-87d5-4b62-3fa5-d3473a91661a,BEAUTY_CARE,PILUSS PESTÁÑAS,,69039ea1-d8d5-4ae9-9dcb-f57b20ec92b7,11000,71530ce269afb34fb256974c9d99642c2a3332d5c5f923ee75138aecfd574822,BC-20862,BCV5-0863,beauty-care-piluss-pestanas-p221-r3l,RESERVED_IMPORT_RANGE,GENERATED_CANONICAL_SOURCE_CODE,DETERMINISTIC_CANONICAL_SLUG,DETERMINISTIC_SOURCE_UUID,READY_CREATE
CATV1-P221-R3R,HUMAN_APPROVED,5ba50c3b-466c-41e7-4c99-0bd318f012da,BEAUTY_CARE,DELINEADOR BLANCO,,69039ea1-d8d5-4ae9-9dcb-f57b20ec92b7,7000,1242f31cf91710208ca1b90e66a42c38833db88595e49a42529d5488aff1032d,BC-20863,BCV5-0864,beauty-care-delineador-blanco-p221-r3r,RESERVED_IMPORT_RANGE,GENERATED_CANONICAL_SOURCE_CODE,DETERMINISTIC_CANONICAL_SLUG,DETERMINISTIC_SOURCE_UUID,READY_CREATE
CATV1-P222-R1R,POLICY_APPROVED,78a16a51-31b4-e640-cc1a-43f11254d299,BEAUTY_CARE,GOT2B,,69039ea1-d8d5-4ae9-9dcb-f57b20ec92b7,36000,0028d4746fb4d5918bb3366e8b63c41b545b399a907948c443cca2f732de34d9,BC-20864,BCV5-0865,beauty-care-got2b,RESERVED_IMPORT_RANGE,GENERATED_CANONICAL_SOURCE_CODE,DETERMINISTIC_CANONICAL_SLUG,DETERMINISTIC_SOURCE_UUID,READY_CREATE
CATV1-P222-R2R,POLICY_APPROVED,c0525d16-8f02-fc34-d01a-3ae50741d822,BEAUTY_CARE,PESTAÑAS INFINITO,,69039ea1-d8d5-4ae9-9dcb-f57b20ec92b7,21000,6d866fc4ca4af77711191e529c7bb8c7d8b3e5f25c052eba5c5d6a522f632fbb,BC-20865,BCV5-0866,beauty-care-pestanas-infinito,RESERVED_IMPORT_RANGE,GENERATED_CANONICAL_SOURCE_CODE,DETERMINISTIC_CANONICAL_SLUG,DETERMINISTIC_SOURCE_UUID,READY_CREATE
CATV1-P223-R1R,HUMAN_APPROVED,c477ec1c-cd6e-4ce1-59e8-823d15a4f848,BEAUTY_CARE,COSMETIQUERA BOLSO,,69039ea1-d8d5-4ae9-9dcb-f57b20ec92b7,41000,fcdb31982d68901df961235858aee9041d07e5ecd9d9192976947f212b2dd17b,BC-20866,BCV5-0867,beauty-care-cosmetiquera-bolso,RESERVED_IMPORT_RANGE,GENERATED_CANONICAL_SOURCE_CODE,DETERMINISTIC_CANONICAL_SLUG,DETERMINISTIC_SOURCE_UUID,READY_CREATE
CATV1-P223-R2L,POLICY_APPROVED,728c884b-f722-f249-090a-9df932ac6d78,BEAUTY_CARE,COMETIQUERA DOBLE BIMBA,,69039ea1-d8d5-4ae9-9dcb-f57b20ec92b7,36000,e4ef727cb03cf4813d2f0d13b13e926021f74fd491c8eca5b835a6c4be2e7a18,BC-20867,BCV5-0868,beauty-care-cometiquera-doble-bimba,RESERVED_IMPORT_RANGE,GENERATED_CANONICAL_SOURCE_CODE,DETERMINISTIC_CANONICAL_SLUG,DETERMINISTIC_SOURCE_UUID,READY_CREATE
CATV1-P223-R2R,POLICY_APPROVED,a4c3224f-9968-ca20-841c-1409e1f77f52,BEAUTY_CARE,COSMETIQUERA ORGANIZADOR,,69039ea1-d8d5-4ae9-9dcb-f57b20ec92b7,33000,23b662f8b84382255bc6e8d84f480053b903957ca5b3db2b0d40ef2297952728,BC-20868,BCV5-0869,beauty-care-cosmetiquera-organizador,RESERVED_IMPORT_RANGE,GENERATED_CANONICAL_SOURCE_CODE,DETERMINISTIC_CANONICAL_SLUG,DETERMINISTIC_SOURCE_UUID,READY_CREATE
CATV1-P223-R3L,POLICY_APPROVED,27d3e080-4b71-0dc9-6fa8-19cde77a4cd2,BEAUTY_CARE,‘ MORADA (,,69039ea1-d8d5-4ae9-9dcb-f57b20ec92b7,33000,4f9d3de3f249f5d55c59b61c766969151e923068bfe14234909022dd57a66ed5,BC-20869,BCV5-0870,beauty-care-morada-,RESERVED_IMPORT_RANGE,GENERATED_CANONICAL_SOURCE_CODE,DETERMINISTIC_CANONICAL_SLUG,DETERMINISTIC_SOURCE_UUID,READY_CREATE
CATV1-P223-R3R,POLICY_APPROVED,9291d5da-d6fe-a4da-410c-e12a5ad05659,BEAUTY_CARE,PUNTOS,,69039ea1-d8d5-4ae9-9dcb-f57b20ec92b7,30000,adf129928ba4cf07e446c1c281b8c9d211e574b44620c6e67b6429950e477735,BC-20870,BCV5-0871,beauty-care-puntos,RESERVED_IMPORT_RANGE,GENERATED_CANONICAL_SOURCE_CODE,DETERMINISTIC_CANONICAL_SLUG,DETERMINISTIC_SOURCE_UUID,READY_CREATE
CATV1-P225-R1L,POLICY_APPROVED,020ad2bb-e953-a783-14e4-54049c2be667,BEAUTY_CARE,LABIAL CON LAPIZ,,318f08f0-9aa4-4099-a767-9e0ac8298157,13000,d311ab0da62c2807ef7619790f179b49fd27dd28934e6b55a49c540ad7ecbdf1,BC-20871,BCV5-0872,beauty-care-labial-con-lapiz,RESERVED_IMPORT_RANGE,GENERATED_CANONICAL_SOURCE_CODE,DETERMINISTIC_CANONICAL_SLUG,DETERMINISTIC_SOURCE_UUID,READY_CREATE
CATV1-P225-R1R,POLICY_APPROVED,002d9983-23cf-4d3f-f37b-82740a00c1bd,BEAUTY_CARE,HIDRATANTE EOS,,318f08f0-9aa4-4099-a767-9e0ac8298157,13000,634f3fa8cf4cf5288d16d84c8f03414e4e6fbd771fd63e687cb2808b41cbd6ed,BC-20872,BCV5-0873,beauty-care-hidratante-eos,RESERVED_IMPORT_RANGE,GENERATED_CANONICAL_SOURCE_CODE,DETERMINISTIC_CANONICAL_SLUG,DETERMINISTIC_SOURCE_UUID,READY_CREATE
CATV1-P225-R2L,POLICY_APPROVED,22b6b085-f8c1-292e-8da1-cf62bca20321,BEAUTY_CARE,BRILLO SAS,,318f08f0-9aa4-4099-a767-9e0ac8298157,10000,b2a2e14a1a49317c5889b4255bc0a99bddce14bc32a12a248d81cc2d66c520aa,BC-20873,BCV5-0874,beauty-care-brillo-sas,RESERVED_IMPORT_RANGE,GENERATED_CANONICAL_SOURCE_CODE,DETERMINISTIC_CANONICAL_SLUG,DETERMINISTIC_SOURCE_UUID,READY_CREATE
CATV1-P225-R2R,HUMAN_APPROVED,befbb3db-7f50-bd8c-f7df-4fb6a4648ba7,BEAUTY_CARE,USHAS 12 TONOS DIFERENTES X,,318f08f0-9aa4-4099-a767-9e0ac8298157,14000,6100eebbe751c36c99bf9c808058980cfa5f766a47cde24ff3f443a0a0a812e2,BC-20874,BCV5-0875,beauty-care-ushas-12-tonos-diferentes-x,RESERVED_IMPORT_RANGE,GENERATED_CANONICAL_SOURCE_CODE,DETERMINISTIC_CANONICAL_SLUG,DETERMINISTIC_SOURCE_UUID,READY_CREATE
CATV1-P225-R3L,POLICY_APPROVED,9436a43b-27d6-f8c4-fb64-b4f0aa0d47e1,BEAUTY_CARE,TINTATINTED,,318f08f0-9aa4-4099-a767-9e0ac8298157,11000,f60ee1b0ffcedc0706f6e1437a7633d43d1d829ed78d8331b10897c299a76601,BC-20875,BCV5-0876,beauty-care-tintatinted,RESERVED_IMPORT_RANGE,GENERATED_CANONICAL_SOURCE_CODE,DETERMINISTIC_CANONICAL_SLUG,DETERMINISTIC_SOURCE_UUID,READY_CREATE
CATV1-P225-R3R,POLICY_APPROVED,5c69e5ff-505b-67c6-a235-77678b85ce0a,BEAUTY_CARE,LABIALUSHASMATTE ENBARRA,,318f08f0-9aa4-4099-a767-9e0ac8298157,10000,c22a7b8de56eb02d0bcb5943eb8cf271fc16e32cd9a304742b1d57c09719968c,BC-20876,BCV5-0877,beauty-care-labialushasmatte-enbarra,RESERVED_IMPORT_RANGE,GENERATED_CANONICAL_SOURCE_CODE,DETERMINISTIC_CANONICAL_SLUG,DETERMINISTIC_SOURCE_UUID,READY_CREATE
CATV1-P226-R1L,POLICY_APPROVED,cf729520-063b-29f0-9c25-f95649a1edf6,BEAUTY_CARE,TINTALIPTIN,,318f08f0-9aa4-4099-a767-9e0ac8298157,10000,3d41c0652a1ea7a47b0afcdcd43806ce0a96d5ecb9df98bc8b01f28a2c6f9a9e,BC-20877,BCV5-0878,beauty-care-tintaliptin,RESERVED_IMPORT_RANGE,GENERATED_CANONICAL_SOURCE_CODE,DETERMINISTIC_CANONICAL_SLUG,DETERMINISTIC_SOURCE_UUID,READY_CREATE
CATV1-P226-R1R,POLICY_APPROVED,a35c36bd-9084-61ee-2339-a97dca256e7f,BEAUTY_CARE,GLOSSSAS,,318f08f0-9aa4-4099-a767-9e0ac8298157,11000,8353c420cf7de9cd55d5151ce8eb5d6eda08897b9ff3beff51b2f27ae204089f,BC-20878,BCV5-0879,beauty-care-glosssas,RESERVED_IMPORT_RANGE,GENERATED_CANONICAL_SOURCE_CODE,DETERMINISTIC_CANONICAL_SLUG,DETERMINISTIC_SOURCE_UUID,READY_CREATE
CATV1-P226-R2L,POLICY_APPROVED,f915aa15-702f-5efd-3313-a01f27156b70,BEAUTY_CARE,LAPIZSAS,,318f08f0-9aa4-4099-a767-9e0ac8298157,5000,b36d5a4205edba4afbfde5a4a71b78df7d209c5557425fd61126f34d6003d742,BC-20879,BCV5-0880,beauty-care-lapizsas,RESERVED_IMPORT_RANGE,GENERATED_CANONICAL_SOURCE_CODE,DETERMINISTIC_CANONICAL_SLUG,DETERMINISTIC_SOURCE_UUID,READY_CREATE
CATV1-P226-R2R,POLICY_APPROVED,15bd26fa-3087-ae43-fe16-b69657a5c179,BEAUTY_CARE,LABIALMATTESAS,,318f08f0-9aa4-4099-a767-9e0ac8298157,11000,1aa865c6e63327ae655f633ef32d76e5147118824a09d07583f702823665f5df,BC-20880,BCV5-0881,beauty-care-labialmattesas,RESERVED_IMPORT_RANGE,GENERATED_CANONICAL_SOURCE_CODE,DETERMINISTIC_CANONICAL_SLUG,DETERMINISTIC_SOURCE_UUID,READY_CREATE
CATV1-P227-R1L,POLICY_APPROVED,449a5ce3-27f7-ecf9-1eba-4f8336de1da7,BEAUTY_CARE,LABIAL AURORA TRENDY,,318f08f0-9aa4-4099-a767-9e0ac8298157,21000,9dfea00e3167143eed8917a3b85e00c2f0f9f5f19a6ea96257ab0a6f8ca29ad7,BC-20881,BCV5-0882,beauty-care-labial-aurora-trendy,RESERVED_IMPORT_RANGE,GENERATED_CANONICAL_SOURCE_CODE,DETERMINISTIC_CANONICAL_SLUG,DETERMINISTIC_SOURCE_UUID,READY_CREATE
CATV1-P227-R1R,POLICY_APPROVED,a8836afd-4f43-c7ae-fb73-51f80bc09161,BEAUTY_CARE,GLOSS HIDRATANTE,,318f08f0-9aa4-4099-a767-9e0ac8298157,11000,8b288708b20c8334fd2b278f6a682599430c0ed7d80e236c01f0911c14481e3e,BC-20882,BCV5-0883,beauty-care-gloss-hidratante,RESERVED_IMPORT_RANGE,GENERATED_CANONICAL_SOURCE_CODE,DETERMINISTIC_CANONICAL_SLUG,DETERMINISTIC_SOURCE_UUID,READY_CREATE
CATV1-P227-R2L,HUMAN_APPROVED,35ea919c-f40a-d094-025d-286be407dc41,BEAUTY_CARE,GLOSS CON COLOR LLAVERO,,318f08f0-9aa4-4099-a767-9e0ac8298157,11000,cc758671f0cb829032ac7620f72b3261e239e7b73f94da049458939a5d4b2b19,BC-20883,BCV5-0884,beauty-care-gloss-con-color-llavero,RESERVED_IMPORT_RANGE,GENERATED_CANONICAL_SOURCE_CODE,DETERMINISTIC_CANONICAL_SLUG,DETERMINISTIC_SOURCE_UUID,READY_CREATE
CATV1-P227-R2R,POLICY_APPROVED,4982c439-2284-0479-debc-62ed89b84439,BEAUTY_CARE,AURA MOCCA,,318f08f0-9aa4-4099-a767-9e0ac8298157,21000,8ae6d0dd181823e64264e8e77ec8f16903d7f6107d4436f053b22218b82e94a6,BC-20884,BCV5-0885,beauty-care-aura-mocca,RESERVED_IMPORT_RANGE,GENERATED_CANONICAL_SOURCE_CODE,DETERMINISTIC_CANONICAL_SLUG,DETERMINISTIC_SOURCE_UUID,READY_CREATE
CATV1-P229-R1L,POLICY_APPROVED,9783e6d8-be06-1a85-017f-91a4df8abf16,BEAUTY_CARE,BASE CELESTIAL TONO 5 Y 6,,e137169e-b616-4487-aa3e-7637db245219,26000,373726062d7c388482a3060131a1fd651948b63050fd186a21ad357783224741,BC-20885,BCV5-0886,beauty-care-base-celestial-tono-5-y-6,RESERVED_IMPORT_RANGE,GENERATED_CANONICAL_SOURCE_CODE,DETERMINISTIC_CANONICAL_SLUG,DETERMINISTIC_SOURCE_UUID,READY_CREATE
CATV1-P229-R2L,POLICY_APPROVED,692b6b28-c873-ea4d-ff85-9daa356bd195,BEAUTY_CARE,POLVO FLOWER X,,e137169e-b616-4487-aa3e-7637db245219,14000,1ace6293a61e84874beba0fe8834279e852b42061f081905d68fcb49e23e94d3,BC-20886,BCV5-0887,beauty-care-polvo-flower-x,RESERVED_IMPORT_RANGE,GENERATED_CANONICAL_SOURCE_CODE,DETERMINISTIC_CANONICAL_SLUG,DETERMINISTIC_SOURCE_UUID,READY_CREATE
CATV1-P229-R3L,POLICY_APPROVED,ac7fa64f-cc13-b059-bdde-1fd981d5590f,BEAUTY_CARE,BASE USHAS FULL COVER,,e137169e-b616-4487-aa3e-7637db245219,23000,ffe40844c70ac3f3f6a604e501f024ac949f16b5edee75ca003462ac59451a05,BC-20887,BCV5-0888,beauty-care-base-ushas-full-cover,RESERVED_IMPORT_RANGE,GENERATED_CANONICAL_SOURCE_CODE,DETERMINISTIC_CANONICAL_SLUG,DETERMINISTIC_SOURCE_UUID,READY_CREATE
CATV1-P229-R3R,POLICY_APPROVED,15b3f169-6fdd-9906-ba7c-f27b26d8f877,BEAUTY_CARE,BASE USHAS,,e137169e-b616-4487-aa3e-7637db245219,27000,a234d5af2ccc65adbba16033780587a9586720eeac039e7d3c4f4b6ab3f9d097,BC-20888,BCV5-0889,beauty-care-base-ushas,RESERVED_IMPORT_RANGE,GENERATED_CANONICAL_SOURCE_CODE,DETERMINISTIC_CANONICAL_SLUG,DETERMINISTIC_SOURCE_UUID,READY_CREATE
CATV1-P230-R1L,POLICY_APPROVED,bd079501-d76a-4ace-44be-536d133bf289,BEAUTY_CARE,CORRECTOR DEALTACOBERTURA BEYONGS.A.S,,e137169e-b616-4487-aa3e-7637db245219,15000,8defaa18cac2b78b1f4d26b1fee78571c9d86ead8449376555fb2feaf32dbaa0,BC-20889,BCV5-0890,beauty-care-corrector-dealtacobertura-beyongs-a-s,RESERVED_IMPORT_RANGE,GENERATED_CANONICAL_SOURCE_CODE,DETERMINISTIC_CANONICAL_SLUG,DETERMINISTIC_SOURCE_UUID,READY_CREATE
CATV1-P230-R1R,POLICY_APPROVED,79e7c6d9-985f-6589-b3e1-f705ef8bc47d,BEAUTY_CARE,POLVO ANA MARIA,,e137169e-b616-4487-aa3e-7637db245219,29000,b54ce1da55b46c32d7aab2ada5e75778535d66dd95b45f6eef35824ec43689b0,BC-20890,BCV5-0891,beauty-care-polvo-ana-maria,RESERVED_IMPORT_RANGE,GENERATED_CANONICAL_SOURCE_CODE,DETERMINISTIC_CANONICAL_SLUG,DETERMINISTIC_SOURCE_UUID,READY_CREATE
CATV1-P230-R2L,POLICY_APPROVED,62f12ef2-a01d-7545-7d50-68ac55cf3f0f,BEAUTY_CARE,POLVORAQUEL,,e137169e-b616-4487-aa3e-7637db245219,26000,e858b85433ccf9fb8042c82422fd420cdf69a2881792aed2a827ef642e17b09c,BC-20891,BCV5-0892,beauty-care-polvoraquel,RESERVED_IMPORT_RANGE,GENERATED_CANONICAL_SOURCE_CODE,DETERMINISTIC_CANONICAL_SLUG,DETERMINISTIC_SOURCE_UUID,READY_CREATE
CATV1-P230-R3L,HUMAN_APPROVED,36f1f7d9-23a8-6ea1-3817-41d70bc97302,BEAUTY_CARE,POLVO DE HADAS,,e137169e-b616-4487-aa3e-7637db245219,13000,4403ad2e058f9ceb8ab975b5a0b8765d7c7ce761eb6b7d8dbe1b5b9d1e21c303,BC-20892,BCV5-0893,beauty-care-polvo-de-hadas,RESERVED_IMPORT_RANGE,GENERATED_CANONICAL_SOURCE_CODE,DETERMINISTIC_CANONICAL_SLUG,DETERMINISTIC_SOURCE_UUID,READY_CREATE
CATV1-P231-R1L,HUMAN_APPROVED,6fac0f17-c461-bd93-5615-e1e99431329c,BEAUTY_CARE,ILUMIANDOR,,e137169e-b616-4487-aa3e-7637db245219,11000,d8074b088d7ea617efaca31efebc230c0736901868a876f7caefe42dab078bd3,BC-20893,BCV5-0894,beauty-care-ilumiandor,RESERVED_IMPORT_RANGE,GENERATED_CANONICAL_SOURCE_CODE,DETERMINISTIC_CANONICAL_SLUG,DETERMINISTIC_SOURCE_UUID,READY_CREATE
CATV1-P231-R1R,POLICY_APPROVED,50de8ef7-abf7-85b3-ecab-d84dd342bf0a,BEAUTY_CARE,RUBOR X3 TONO CAFE,,e137169e-b616-4487-aa3e-7637db245219,13000,93fde2ffcd8e81ee47e0a94650883fa721ea0ea5deefca07f3a3ea52f9dc91c9,BC-20894,BCV5-0895,beauty-care-rubor-x3-tono-cafe,RESERVED_IMPORT_RANGE,GENERATED_CANONICAL_SOURCE_CODE,DETERMINISTIC_CANONICAL_SLUG,DETERMINISTIC_SOURCE_UUID,READY_CREATE
CATV1-P231-R2L,POLICY_APPROVED,e84fe2bc-bad3-92be-6734-b5bf2c4500c3,BEAUTY_CARE,POLVO COMPACTO PERFECT,,e137169e-b616-4487-aa3e-7637db245219,13000,95e1f21ee0b9993aefab9b2957af8f9a655055482c6f2101347089664a097c23,BC-20895,BCV5-0896,beauty-care-polvo-compacto-perfect,RESERVED_IMPORT_RANGE,GENERATED_CANONICAL_SOURCE_CODE,DETERMINISTIC_CANONICAL_SLUG,DETERMINISTIC_SOURCE_UUID,READY_CREATE
CATV1-P231-R3R,POLICY_APPROVED,4e685227-f43c-4477-ad1b-d4bb41b2c78f,BEAUTY_CARE,POLVO DE HADASEXTRAGRANDE,,e137169e-b616-4487-aa3e-7637db245219,15000,d911f98e0aca95eab1fb008ad9629d7004b4d1d69d68e53cafa60eabf4f7ed52,BC-20896,BCV5-0897,beauty-care-polvo-de-hadasextragrande,RESERVED_IMPORT_RANGE,GENERATED_CANONICAL_SOURCE_CODE,DETERMINISTIC_CANONICAL_SLUG,DETERMINISTIC_SOURCE_UUID,READY_CREATE
CATV1-P233-R1R,POLICY_APPROVED,e7a66582-ad5c-6157-48e4-d35e2c9f6438,BEAUTY_CARE,MANTEQUILLA PURPURE,ea9d8272-18a7-4af8-8f21-578b65ac5c66,,27000,f8e603fde416e1d49c4b2669f618cb4699d0a7fdd0651b6c01a79683c1c493c5,BC-20897,BCV5-0898,beauty-care-mantequilla-purpure,RESERVED_IMPORT_RANGE,GENERATED_CANONICAL_SOURCE_CODE,DETERMINISTIC_CANONICAL_SLUG,DETERMINISTIC_SOURCE_UUID,READY_CREATE
CATV1-P233-R2L,POLICY_APPROVED,33bc39e7-f827-825e-86d3-2aa7d73466a1,BEAUTY_CARE,MANTEQUILLA MINI,ea9d8272-18a7-4af8-8f21-578b65ac5c66,,14000,a36f9b7604d211c2fe339232212b6d05ada1b701d1a4b76e27535d516635356a,BC-20898,BCV5-0899,beauty-care-mantequilla-mini,RESERVED_IMPORT_RANGE,GENERATED_CANONICAL_SOURCE_CODE,DETERMINISTIC_CANONICAL_SLUG,DETERMINISTIC_SOURCE_UUID,READY_CREATE
CATV1-P233-R2R,POLICY_APPROVED,62df2660-42ef-2797-4897-bccd45a4b492,BEAUTY_CARE,AGUA DE 120 ML,ea9d8272-18a7-4af8-8f21-578b65ac5c66,,14000,fee87ff9607eeb0b96a307efad2fcb19de10d99e4440018be133e3ad95a5ea2d,BC-20899,BCV5-0900,beauty-care-agua-de-120-ml,RESERVED_IMPORT_RANGE,GENERATED_CANONICAL_SOURCE_CODE,DETERMINISTIC_CANONICAL_SLUG,DETERMINISTIC_SOURCE_UUID,READY_CREATE
CATV1-P233-R3R,POLICY_APPROVED,45c87225-722d-20b3-0bc8-240671e0ba69,BEAUTY_CARE,MINI SPLASH PURPURE,ea9d8272-18a7-4af8-8f21-578b65ac5c66,,17000,0ef08d99e311c51f2945ff267586d0672a749bd4180e4690858719e20164df9d,BC-20900,BCV5-0901,beauty-care-mini-splash-purpure,RESERVED_IMPORT_RANGE,GENERATED_CANONICAL_SOURCE_CODE,DETERMINISTIC_CANONICAL_SLUG,DETERMINISTIC_SOURCE_UUID,READY_CREATE
CATV1-P234-R1L,POLICY_APPROVED,443d7aa6-d066-ea40-de8c-eca96f4c43db,BEAUTY_CARE,GLOSS PURPURE,ea9d8272-18a7-4af8-8f21-578b65ac5c66,,17000,2abf69ba6d5614dd97fdc8c955cfdd75cfbba1b7f73ee65a8a139d9f082a5ff0,BC-20901,BCV5-0902,beauty-care-gloss-purpure,RESERVED_IMPORT_RANGE,GENERATED_CANONICAL_SOURCE_CODE,DETERMINISTIC_CANONICAL_SLUG,DETERMINISTIC_SOURCE_UUID,READY_CREATE
CATV1-P234-R1R,POLICY_APPROVED,ea8f8fcf-ac56-b75a-4742-801d9cf77935,BEAUTY_CARE,LIP SERUM,ea9d8272-18a7-4af8-8f21-578b65ac5c66,,20900,ce629df426f76c332b3bbda2f8104829d9d5adb33335d53cc6477a0c327f9028,BC-20902,BCV5-0903,beauty-care-lip-serum,RESERVED_IMPORT_RANGE,GENERATED_CANONICAL_SOURCE_CODE,DETERMINISTIC_CANONICAL_SLUG,DETERMINISTIC_SOURCE_UUID,READY_CREATE
CATV1-P234-R2L,POLICY_APPROVED,6f7b6fe8-3444-9226-b9df-a06e985a7dd9,BEAUTY_CARE,LIP BALM PURPURE,ea9d8272-18a7-4af8-8f21-578b65ac5c66,,20900,460fc9d14ad0318718b2ebfef3ea59234a5698e8b186f15e320f6a9532d7738a,BC-20903,BCV5-0904,beauty-care-lip-balm-purpure,RESERVED_IMPORT_RANGE,GENERATED_CANONICAL_SOURCE_CODE,DETERMINISTIC_CANONICAL_SLUG,DETERMINISTIC_SOURCE_UUID,READY_CREATE
CATV1-P234-R2R,POLICY_APPROVED,21212d0e-7280-e9e2-b5b7-65860bfac26c,BEAUTY_CARE,"KIT PERFUME ,SPLASH Y CREMA",ea9d8272-18a7-4af8-8f21-578b65ac5c66,,29000,dc9190a6b65e58e282a28d614b42dfa60ebc78dab38e567188ad68f520ffb885,BC-20904,BCV5-0905,beauty-care-kit-perfume-splash-y-crema,RESERVED_IMPORT_RANGE,GENERATED_CANONICAL_SOURCE_CODE,DETERMINISTIC_CANONICAL_SLUG,DETERMINISTIC_SOURCE_UUID,READY_CREATE
CATV1-P234-R3L,POLICY_APPROVED,0fb3c6e6-d3f4-b768-80bd-1eb3cdab94cd,BEAUTY_CARE,PERFUMES CAPILARES,ea9d8272-18a7-4af8-8f21-578b65ac5c66,,23000,57cf072519aed5948679d4924fa5f9c22cf425f5f50e6182450a0b3ae519b8b4,BC-20905,BCV5-0906,beauty-care-perfumes-capilares,RESERVED_IMPORT_RANGE,GENERATED_CANONICAL_SOURCE_CODE,DETERMINISTIC_CANONICAL_SLUG,DETERMINISTIC_SOURCE_UUID,READY_CREATE
CATV1-P234-R3R,POLICY_APPROVED,84373067-ed67-6254-81c4-f6d782819fc3,BEAUTY_CARE,PERFUMES CAPILARES SOLO MORADO,ea9d8272-18a7-4af8-8f21-578b65ac5c66,,25000,4bb7f09c67ee75c9df4b5ac6f35f13f2f844c8dd6679514abea0b79544efb865,BC-20906,BCV5-0907,beauty-care-perfumes-capilares-solo-morado,RESERVED_IMPORT_RANGE,GENERATED_CANONICAL_SOURCE_CODE,DETERMINISTIC_CANONICAL_SLUG,DETERMINISTIC_SOURCE_UUID,READY_CREATE
CATV1-P235-R1L,POLICY_APPROVED,e1c0bb82-dcba-0ef2-9acb-c6769aa237c7,BEAUTY_CARE,MANTEQUILLA GRANDE,ea9d8272-18a7-4af8-8f21-578b65ac5c66,,29000,6fd6e2f6101ac83e1f96289ad8e7b6d0901e76493b162c3026fe0a8ed8dc8218,BC-20907,BCV5-0908,beauty-care-mantequilla-grande,RESERVED_IMPORT_RANGE,GENERATED_CANONICAL_SOURCE_CODE,DETERMINISTIC_CANONICAL_SLUG,DETERMINISTIC_SOURCE_UUID,READY_CREATE
CATV1-P235-R1R,POLICY_APPROVED,ffbf58bd-54b1-cc46-466a-8cfee17fbb41,BEAUTY_CARE,JABON CORPORAL TODOS,ea9d8272-18a7-4af8-8f21-578b65ac5c66,,29000,559c6fe768be9d38d994651fbe1e5d291bc9d85e0d8dfc17a4342c41e7c47ed4,BC-20908,BCV5-0909,beauty-care-jabon-corporal-todos,RESERVED_IMPORT_RANGE,GENERATED_CANONICAL_SOURCE_CODE,DETERMINISTIC_CANONICAL_SLUG,DETERMINISTIC_SOURCE_UUID,READY_CREATE
CATV1-P235-R2L,POLICY_APPROVED,24108217-eafc-94ad-e63b-0bd997527475,BEAUTY_CARE,EXFOLIANTE CORPORAL,ea9d8272-18a7-4af8-8f21-578b65ac5c66,,29000,6633940363dd61721f79f0ffafcf0fa451da30f6dc3e937a5aa5f32d158fc243,BC-20909,BCV5-0910,beauty-care-exfoliante-corporal,RESERVED_IMPORT_RANGE,GENERATED_CANONICAL_SOURCE_CODE,DETERMINISTIC_CANONICAL_SLUG,DETERMINISTIC_SOURCE_UUID,READY_CREATE
CATV1-P235-R2R,POLICY_APPROVED,f9fc7ea8-d6af-2ac7-c96d-981155dc7301,BEAUTY_CARE,MINI MANTEQUILLA TODAS,ea9d8272-18a7-4af8-8f21-578b65ac5c66,,15000,4b32497a7443b24f33123b4550497e7f84fb3560b03ced36b6e48b2a0288599a,BC-20910,BCV5-0911,beauty-care-mini-mantequilla-todas,RESERVED_IMPORT_RANGE,GENERATED_CANONICAL_SOURCE_CODE,DETERMINISTIC_CANONICAL_SLUG,DETERMINISTIC_SOURCE_UUID,READY_CREATE
CATV1-P235-R3L,POLICY_APPROVED,d8fc1dc8-7675-8548-8dec-2a52c3aa4ebb,BEAUTY_CARE,PERFUME NUEVO,ea9d8272-18a7-4af8-8f21-578b65ac5c66,,29000,0b818ec8ef73bb8ab08ffe07e1dd1f1af9804558416c39c7aedf34ba17121da1,BC-20911,BCV5-0912,beauty-care-perfume-nuevo,RESERVED_IMPORT_RANGE,GENERATED_CANONICAL_SOURCE_CODE,DETERMINISTIC_CANONICAL_SLUG,DETERMINISTIC_SOURCE_UUID,READY_CREATE
CATV1-P235-R3R,POLICY_APPROVED,3d475f04-21fd-f13f-bbe7-5cdf186b82ea,BEAUTY_CARE,CREMA CON LLAVERO,ea9d8272-18a7-4af8-8f21-578b65ac5c66,,21000,b001efa23fb624e97207c69a2781d728795422aff20fbd9ae783378e5bc11d56,BC-20912,BCV5-0913,beauty-care-crema-con-llavero,RESERVED_IMPORT_RANGE,GENERATED_CANONICAL_SOURCE_CODE,DETERMINISTIC_CANONICAL_SLUG,DETERMINISTIC_SOURCE_UUID,READY_CREATE
CATV1-P236-R1L,POLICY_APPROVED,d4c3b08a-b423-c940-c5e7-760e85520f70,BEAUTY_CARE,LABIALES OH OH OH,ea9d8272-18a7-4af8-8f21-578b65ac5c66,,15000,a429184cd8301d2211dbcfed9ea01368a47b74239230bc86c311714b7f30e97f,BC-20913,BCV5-0914,beauty-care-labiales-oh-oh-oh,RESERVED_IMPORT_RANGE,GENERATED_CANONICAL_SOURCE_CODE,DETERMINISTIC_CANONICAL_SLUG,DETERMINISTIC_SOURCE_UUID,READY_CREATE
CATV1-P236-R1R,POLICY_APPROVED,d3a06b33-57c8-ad89-f797-6b0f97e55800,BEAUTY_CARE,LIP OIL,ea9d8272-18a7-4af8-8f21-578b65ac5c66,,17000,188a43f9f7754ce341f1cac3453ae923c57d6d75520d00fe950a34f2b8521913,BC-20914,BCV5-0915,beauty-care-lip-oil-p236-r1r,RESERVED_IMPORT_RANGE,GENERATED_CANONICAL_SOURCE_CODE,DETERMINISTIC_CANONICAL_SLUG,DETERMINISTIC_SOURCE_UUID,READY_CREATE
CATV1-P236-R2L,POLICY_APPROVED,c411826f-2035-3c3d-ffc8-2a6b36cca0a1,BEAUTY_CARE,GLOSS HONEY,ea9d8272-18a7-4af8-8f21-578b65ac5c66,,19000,62d2e3baa7c161efdb4b50657d6603d31d15e9b60fda89e52ee9e2d5919d6b87,BC-20915,BCV5-0916,beauty-care-gloss-honey,RESERVED_IMPORT_RANGE,GENERATED_CANONICAL_SOURCE_CODE,DETERMINISTIC_CANONICAL_SLUG,DETERMINISTIC_SOURCE_UUID,READY_CREATE
CATV1-P236-R2R,POLICY_APPROVED,226d895e-6646-a1e8-d7c1-a779b2a85baf,BEAUTY_CARE,MINI SPLASH,ea9d8272-18a7-4af8-8f21-578b65ac5c66,,18000,be30fd6941e104092654f22de33dbc753c76451fcfbcacf32963ef599cf1444b,BC-20916,BCV5-0917,beauty-care-mini-splash,RESERVED_IMPORT_RANGE,GENERATED_CANONICAL_SOURCE_CODE,DETERMINISTIC_CANONICAL_SLUG,DETERMINISTIC_SOURCE_UUID,READY_CREATE
CATV1-P236-R3R,POLICY_APPROVED,3db333b8-c372-4fc6-2de6-1532feedd5de,BEAUTY_CARE,LIP SERUM CHOCOLATE KISS,ea9d8272-18a7-4af8-8f21-578b65ac5c66,,20000,fb6b9a87a139f729dbf2a8149fe9a621f177743ce6f06796b76d2b2e46400522,BC-20917,BCV5-0918,beauty-care-lip-serum-chocolate-kiss,RESERVED_IMPORT_RANGE,GENERATED_CANONICAL_SOURCE_CODE,DETERMINISTIC_CANONICAL_SLUG,DETERMINISTIC_SOURCE_UUID,READY_CREATE
CATV1-P237-R1L,POLICY_APPROVED,94ed1c16-26c8-7459-3712-753f77ad0d4d,BEAUTY_CARE,POLVO BANANA,ea9d8272-18a7-4af8-8f21-578b65ac5c66,,17000,3286ce5f6ea7cbf8b6d45a951bf3b3de9d1440cb60af571b56ad255db4f52bb8,BC-20918,BCV5-0919,beauty-care-polvo-banana,RESERVED_IMPORT_RANGE,GENERATED_CANONICAL_SOURCE_CODE,DETERMINISTIC_CANONICAL_SLUG,DETERMINISTIC_SOURCE_UUID,READY_CREATE
CATV1-P237-R1R,POLICY_APPROVED,8812afc0-79ee-1dda-0586-f2e117edd1e8,BEAUTY_CARE,ACEITE CORPORAL,ea9d8272-18a7-4af8-8f21-578b65ac5c66,,30000,b7294de6c6237467cbf31b610e479e1938b98f2853a91768395e2da6293d5257,BC-20919,BCV5-0920,beauty-care-aceite-corporal,RESERVED_IMPORT_RANGE,GENERATED_CANONICAL_SOURCE_CODE,DETERMINISTIC_CANONICAL_SLUG,DETERMINISTIC_SOURCE_UUID,READY_CREATE
CATV1-P237-R2L,POLICY_APPROVED,14ace7c3-c20f-317a-987f-b52b1cb63062,BEAUTY_CARE,BARRA PERFUME,ea9d8272-18a7-4af8-8f21-578b65ac5c66,,19000,95c2b0c10788e17b536027b76c06f38e6d30b6dc5a1f536187e576ff37142796,BC-20920,BCV5-0921,beauty-care-barra-perfume,RESERVED_IMPORT_RANGE,GENERATED_CANONICAL_SOURCE_CODE,DETERMINISTIC_CANONICAL_SLUG,DETERMINISTIC_SOURCE_UUID,READY_CREATE
CATV1-P237-R2R,POLICY_APPROVED,6905a9e9-e73e-17c2-2b5f-dc4460d0064f,BEAUTY_CARE,MILK SHAKE PURPURE,ea9d8272-18a7-4af8-8f21-578b65ac5c66,,18000,bc25648d1e282c61e4a50d6fecb29427ef6bd13e90311fcae66367da8f663b9b,BC-20921,BCV5-0922,beauty-care-milk-shake-purpure,RESERVED_IMPORT_RANGE,GENERATED_CANONICAL_SOURCE_CODE,DETERMINISTIC_CANONICAL_SLUG,DETERMINISTIC_SOURCE_UUID,READY_CREATE
CATV1-P237-R3L,POLICY_APPROVED,e2137d1b-304e-e1d2-8d31-12266188ae4f,BEAUTY_CARE,GLOS POP PURPURE,ea9d8272-18a7-4af8-8f21-578b65ac5c66,,20000,d0621cb27c3b67e738b037d3809acf98431b7364dda51fbaec3097ee0e0d7fd2,BC-20922,BCV5-0923,beauty-care-glos-pop-purpure,RESERVED_IMPORT_RANGE,GENERATED_CANONICAL_SOURCE_CODE,DETERMINISTIC_CANONICAL_SLUG,DETERMINISTIC_SOURCE_UUID,READY_CREATE
CATV1-P237-R3R,POLICY_APPROVED,63da121f-6fe9-25e3-4936-94d2851efcdd,BEAUTY_CARE,CEPILLO DESENREDANTE,ea9d8272-18a7-4af8-8f21-578b65ac5c66,,16000,bd5242e15e0bade48e6a06ae89026a54166dda13b4a4c75c5c992e4bfa596fca,BC-20923,BCV5-0924,beauty-care-cepillo-desenredante-p237-r3r,RESERVED_IMPORT_RANGE,GENERATED_CANONICAL_SOURCE_CODE,DETERMINISTIC_CANONICAL_SLUG,DETERMINISTIC_SOURCE_UUID,READY_CREATE
CATV1-P238-R1L,POLICY_APPROVED,00adb54e-b160-aaaf-5338-8106c587f005,BEAUTY_CARE,ESPEJO,ea9d8272-18a7-4af8-8f21-578b65ac5c66,,14000,bb123d37d61e5c853964a6777c096f93a5344b9d2f5e6bafc8cef8c5b305b0c9,BC-20924,BCV5-0925,beauty-care-espejo,RESERVED_IMPORT_RANGE,GENERATED_CANONICAL_SOURCE_CODE,DETERMINISTIC_CANONICAL_SLUG,DETERMINISTIC_SOURCE_UUID,READY_CREATE
CATV1-P238-R1R,HUMAN_APPROVED,42cefa07-0440-41d6-cc1e-978e21ea3421,BEAUTY_CARE,LABIAL HUMECTANTE,ea9d8272-18a7-4af8-8f21-578b65ac5c66,,8000,44fcea456092b3d009877921008cc17a13462ddeca02b62b78076a3e56ea99fa,BC-20925,BCV5-0926,beauty-care-labial-humectante-p238-r1r,RESERVED_IMPORT_RANGE,GENERATED_CANONICAL_SOURCE_CODE,DETERMINISTIC_CANONICAL_SLUG,DETERMINISTIC_SOURCE_UUID,READY_CREATE
CATV1-P238-R2L,HUMAN_APPROVED,39b06687-d45a-3cfd-0577-1c1a3df767d0,BEAUTY_CARE,LABIAL HUMECTANTE,ea9d8272-18a7-4af8-8f21-578b65ac5c66,,20000,1d6a6c87f8d934d42cc23c6f3a422f91b635d9927a310ae98bfaa7b67660d4c9,BC-20926,BCV5-0927,beauty-care-labial-humectante-p238-r2l,RESERVED_IMPORT_RANGE,GENERATED_CANONICAL_SOURCE_CODE,DETERMINISTIC_CANONICAL_SLUG,DETERMINISTIC_SOURCE_UUID,READY_CREATE
CATV1-P238-R2R,POLICY_APPROVED,a819265d-91b5-6ab8-8978-7753fb6637cd,BEAUTY_CARE,JELLY GLOW,ea9d8272-18a7-4af8-8f21-578b65ac5c66,,18000,db5b00a8337bda57bb6a69e825b7129256f42a0ac8bf88fa74c0bb7942943d50,BC-20927,BCV5-0928,beauty-care-jelly-glow,RESERVED_IMPORT_RANGE,GENERATED_CANONICAL_SOURCE_CODE,DETERMINISTIC_CANONICAL_SLUG,DETERMINISTIC_SOURCE_UUID,READY_CREATE
CATV1-P238-R3R,POLICY_APPROVED,8774f698-1f19-94d4-3337-fc2ca04fe9ad,BEAUTY_CARE,FOST CREAM,ea9d8272-18a7-4af8-8f21-578b65ac5c66,,21000,b704761126f2291b974b0dd32516bf8d7f084aed4ee9b54ca034c69b59b3d4f3,BC-20928,BCV5-0929,beauty-care-fost-cream,RESERVED_IMPORT_RANGE,GENERATED_CANONICAL_SOURCE_CODE,DETERMINISTIC_CANONICAL_SLUG,DETERMINISTIC_SOURCE_UUID,READY_CREATE
CATV1-P240-R1L,POLICY_APPROVED,bb49a68d-d1a5-013e-d2f6-f54494a54b8d,BEAUTY_CARE,MANTEQUILLA MANGO SUNSET,fe7fbce3-260b-44f2-a8a7-0d0f5cfec721,,26000,1dee07b7fbdba7036b95d48578d82255cc0e0e8b66606e884f7f94d6899f7317,BC-20929,BCV5-0930,beauty-care-mantequilla-mango-sunset,RESERVED_IMPORT_RANGE,GENERATED_CANONICAL_SOURCE_CODE,DETERMINISTIC_CANONICAL_SLUG,DETERMINISTIC_SOURCE_UUID,READY_CREATE
CATV1-P240-R1R,POLICY_APPROVED,3fbf9e7b-9c91-47e6-d41e-b3e76afd1665,BEAUTY_CARE,MANTEQUILLA DRAGON KISS,fe7fbce3-260b-44f2-a8a7-0d0f5cfec721,,26000,18045b65ee15643cdfadaec0032939aa14b9e49eb8419ad19edac051f4bcee7c,BC-20930,BCV5-0931,beauty-care-mantequilla-dragon-kiss,RESERVED_IMPORT_RANGE,GENERATED_CANONICAL_SOURCE_CODE,DETERMINISTIC_CANONICAL_SLUG,DETERMINISTIC_SOURCE_UUID,READY_CREATE
CATV1-P240-R2L,POLICY_APPROVED,eb21c8cc-2e85-c150-2f7d-d0f14d5f58c0,BEAUTY_CARE,SHIMMER NUBE ROSA,fe7fbce3-260b-44f2-a8a7-0d0f5cfec721,,26000,1315e811fe8fedadfc46ed34053b9fef636994de737720648b6b9489b361688a,BC-20931,BCV5-0932,beauty-care-shimmer-nube-rosa,RESERVED_IMPORT_RANGE,GENERATED_CANONICAL_SOURCE_CODE,DETERMINISTIC_CANONICAL_SLUG,DETERMINISTIC_SOURCE_UUID,READY_CREATE
CATV1-P240-R2R,POLICY_APPROVED,536f6471-5913-684d-3c8d-3fdcebb37824,BEAUTY_CARE,MANTEQUILLA ROSE ADICTION,fe7fbce3-260b-44f2-a8a7-0d0f5cfec721,,26000,b16d1e4671a6089a7c40f99eecb0214a423fb3442ff57bfb1200f91c720b966c,BC-20932,BCV5-0933,beauty-care-mantequilla-rose-adiction,RESERVED_IMPORT_RANGE,GENERATED_CANONICAL_SOURCE_CODE,DETERMINISTIC_CANONICAL_SLUG,DETERMINISTIC_SOURCE_UUID,READY_CREATE
CATV1-P240-R3L,POLICY_APPROVED,1b24a301-c1e7-2182-e79b-f34a05c91e0e,BEAUTY_CARE,MANTEQUILLA POP CORN,fe7fbce3-260b-44f2-a8a7-0d0f5cfec721,,26000,1f0db38a8ef5a2f948438a78e86bee3e427276a2ab007186fd1d0802f2334a59,BC-20933,BCV5-0934,beauty-care-mantequilla-pop-corn,RESERVED_IMPORT_RANGE,GENERATED_CANONICAL_SOURCE_CODE,DETERMINISTIC_CANONICAL_SLUG,DETERMINISTIC_SOURCE_UUID,READY_CREATE
CATV1-P240-R3R,POLICY_APPROVED,3c2771b6-ceb8-9963-9812-a3cc627ec5d2,BEAUTY_CARE,MANTEQUILLA SWEET PINK,fe7fbce3-260b-44f2-a8a7-0d0f5cfec721,,26000,4f212fa6b34e75c39fbab0fe9968f5b91c5b446e169f2fa1f3bbd9882a49b020,BC-20934,BCV5-0935,beauty-care-mantequilla-sweet-pink,RESERVED_IMPORT_RANGE,GENERATED_CANONICAL_SOURCE_CODE,DETERMINISTIC_CANONICAL_SLUG,DETERMINISTIC_SOURCE_UUID,READY_CREATE
CATV1-P241-R1L,POLICY_APPROVED,868d1dd7-7c77-0751-4c61-099c63afe31f,BEAUTY_CARE,AGUA ROSAS NUBE,fe7fbce3-260b-44f2-a8a7-0d0f5cfec721,,28500,f2ff31f2c5866a051d86f117a966d032a3f562c6827e65c8373b26617e120a38,BC-20935,BCV5-0936,beauty-care-agua-rosas-nube,RESERVED_IMPORT_RANGE,GENERATED_CANONICAL_SOURCE_CODE,DETERMINISTIC_CANONICAL_SLUG,DETERMINISTIC_SOURCE_UUID,READY_CREATE
CATV1-P241-R1R,POLICY_APPROVED,0e32f323-f22a-7293-0201-bb0f78307449,BEAUTY_CARE,TONICO ALOE VERA X250ML,fe7fbce3-260b-44f2-a8a7-0d0f5cfec721,,23000,8b4b40a19b96e5095488e54b1dd2b9f70102ed0d71719a8828b99dc08f938070,BC-20936,BCV5-0937,beauty-care-tonico-aloe-vera-x250ml,RESERVED_IMPORT_RANGE,GENERATED_CANONICAL_SOURCE_CODE,DETERMINISTIC_CANONICAL_SLUG,DETERMINISTIC_SOURCE_UUID,READY_CREATE
CATV1-P241-R2L,POLICY_APPROVED,28c952e5-86e2-2b08-b4fd-29c35cffe987,BEAUTY_CARE,DESMAQUILLADOR BIFASICO,fe7fbce3-260b-44f2-a8a7-0d0f5cfec721,,28000,55f7c2f3bbe928785bb2e00e86796a9618e466207cb4fb6427c4d36c6e5f5092,BC-20937,BCV5-0938,beauty-care-desmaquillador-bifasico-p241-r2l,RESERVED_IMPORT_RANGE,GENERATED_CANONICAL_SOURCE_CODE,DETERMINISTIC_CANONICAL_SLUG,DETERMINISTIC_SOURCE_UUID,READY_CREATE
CATV1-P241-R2R,POLICY_APPROVED,7235e4d6-0057-17f2-c9c8-4a245cc12992,BEAUTY_CARE,MINI TONICO ALOE VERA X250ML,fe7fbce3-260b-44f2-a8a7-0d0f5cfec721,,12000,6263ee65f7b4733c85d3036434ff3593c0d170167f78bf3e6c4142b498373af0,BC-20938,BCV5-0939,beauty-care-mini-tonico-aloe-vera-x250ml,RESERVED_IMPORT_RANGE,GENERATED_CANONICAL_SOURCE_CODE,DETERMINISTIC_CANONICAL_SLUG,DETERMINISTIC_SOURCE_UUID,READY_CREATE
CATV1-P241-R3L,POLICY_APPROVED,70f7457b-51ec-fcf6-7715-89a1ded48ed2,BEAUTY_CARE,GEL ALOE VERA X120ML,fe7fbce3-260b-44f2-a8a7-0d0f5cfec721,,36000,5f8c62db6e9263787e948a20b977afd2cf6c18475736a178bb6a33e93dba855d,BC-20939,BCV5-0940,beauty-care-gel-aloe-vera-x120ml,RESERVED_IMPORT_RANGE,GENERATED_CANONICAL_SOURCE_CODE,DETERMINISTIC_CANONICAL_SLUG,DETERMINISTIC_SOURCE_UUID,READY_CREATE
CATV1-P241-R3R,POLICY_APPROVED,6b5a64f8-5cea-77ac-1684-84dfd16f688f,BEAUTY_CARE,TONICO ROSAS X250ML,fe7fbce3-260b-44f2-a8a7-0d0f5cfec721,,23000,b1f7ebfa3f6ebccd6491210d4457ebff62e31867b9350059bd9953c0fbfbdb2e,BC-20940,BCV5-0941,beauty-care-tonico-rosas-x250ml,RESERVED_IMPORT_RANGE,GENERATED_CANONICAL_SOURCE_CODE,DETERMINISTIC_CANONICAL_SLUG,DETERMINISTIC_SOURCE_UUID,READY_CREATE
CATV1-P242-R1L,POLICY_APPROVED,be9a1a80-8b05-bc69-8aa9-a2c974e93f7d,BEAUTY_CARE,ESPUMA ROSAS MINI,fe7fbce3-260b-44f2-a8a7-0d0f5cfec721,,17000,34ae7e2f2c6ebd173ffe998fd1845f9c3c527cedf6ee579f36bc3196d81fb761,BC-20941,BCV5-0942,beauty-care-espuma-rosas-mini,RESERVED_IMPORT_RANGE,GENERATED_CANONICAL_SOURCE_CODE,DETERMINISTIC_CANONICAL_SLUG,DETERMINISTIC_SOURCE_UUID,READY_CREATE
CATV1-P242-R1R,POLICY_APPROVED,47aaf1aa-72f4-3eb1-dd60-9b4e2e28b665,BEAUTY_CARE,ESPUMA ROSAS GRANDE X150ML,fe7fbce3-260b-44f2-a8a7-0d0f5cfec721,,24500,2c09f0e73a15411376c60ec7b328b85fc834d3ff180dd886218a38272962672b,BC-20942,BCV5-0943,beauty-care-espuma-rosas-grande-x150ml,RESERVED_IMPORT_RANGE,GENERATED_CANONICAL_SOURCE_CODE,DETERMINISTIC_CANONICAL_SLUG,DETERMINISTIC_SOURCE_UUID,READY_CREATE
CATV1-P243-R1L,POLICY_APPROVED,a4d7f922-7925-920b-1b4a-d362de4ee4b5,BEAUTY_CARE,RAYITOS DE SOL,fe7fbce3-260b-44f2-a8a7-0d0f5cfec721,,18000,ce2b5e4d8b221464b2ea4059f0d1ee26e7514fd50464c823153705d95d01918a,BC-20943,BCV5-0944,beauty-care-rayitos-de-sol,RESERVED_IMPORT_RANGE,GENERATED_CANONICAL_SOURCE_CODE,DETERMINISTIC_CANONICAL_SLUG,DETERMINISTIC_SOURCE_UUID,READY_CREATE
CATV1-P243-R1R,POLICY_APPROVED,fe12d146-eb70-7002-8083-e61f3e6f1f34,BEAUTY_CARE,AGUA TERMAL HYDRO,fe7fbce3-260b-44f2-a8a7-0d0f5cfec721,,23000,8d32b78c7f9e205b5b6af5ccb81941c59ee1996b2f99858307ef31f49c31a7e5,BC-20944,BCV5-0945,beauty-care-agua-termal-hydro,RESERVED_IMPORT_RANGE,GENERATED_CANONICAL_SOURCE_CODE,DETERMINISTIC_CANONICAL_SLUG,DETERMINISTIC_SOURCE_UUID,READY_CREATE
CATV1-P243-R2L,POLICY_APPROVED,f6bafdaa-aa15-a2ef-2be0-48b872a409c0,BEAUTY_CARE,FIJADOR MATTE,fe7fbce3-260b-44f2-a8a7-0d0f5cfec721,,11000,804beb78f61d85d56ecbef07aa2cd29cbeb2e87552d101fb834f42e99c53d1ab,BC-20945,BCV5-0946,beauty-care-fijador-matte,RESERVED_IMPORT_RANGE,GENERATED_CANONICAL_SOURCE_CODE,DETERMINISTIC_CANONICAL_SLUG,DETERMINISTIC_SOURCE_UUID,READY_CREATE
CATV1-P244-R1L,POLICY_APPROVED,60b9480b-5e1c-4104-245d-9619949552b4,BEAUTY_CARE,MASCARILLA VITAMINA C,fe7fbce3-260b-44f2-a8a7-0d0f5cfec721,,4000,0386fb3ca21d6bbc5f6c33d110b571ee748e4db84c196b21774fd6f8464d97fd,BC-20946,BCV5-0947,beauty-care-mascarilla-vitamina-c,RESERVED_IMPORT_RANGE,GENERATED_CANONICAL_SOURCE_CODE,DETERMINISTIC_CANONICAL_SLUG,DETERMINISTIC_SOURCE_UUID,READY_CREATE
CATV1-P244-R1R,POLICY_APPROVED,9734e212-fbf8-f132-b9ab-ddf4e55169ab,BEAUTY_CARE,MASCARILLA ROSAS,fe7fbce3-260b-44f2-a8a7-0d0f5cfec721,,4000,6b88140091a9627a376d810a1c0563d041d89ac6d0ddb04b717f999de2760f4a,BC-20947,BCV5-0948,beauty-care-mascarilla-rosas,RESERVED_IMPORT_RANGE,GENERATED_CANONICAL_SOURCE_CODE,DETERMINISTIC_CANONICAL_SLUG,DETERMINISTIC_SOURCE_UUID,READY_CREATE
CATV1-P244-R2L,POLICY_APPROVED,0cb374de-a7f5-24e1-a59a-1fe4d7d51017,BEAUTY_CARE,MASCARILLA RETINOL,fe7fbce3-260b-44f2-a8a7-0d0f5cfec721,,4000,bf44b48e5995168b7c269429fc12b17d00e5b4de3fbf07a9eece506b7116ab76,BC-20948,BCV5-0949,beauty-care-mascarilla-retinol,RESERVED_IMPORT_RANGE,GENERATED_CANONICAL_SOURCE_CODE,DETERMINISTIC_CANONICAL_SLUG,DETERMINISTIC_SOURCE_UUID,READY_CREATE
CATV1-P244-R2R,POLICY_APPROVED,82f90263-b7f9-a054-b989-0b474f82ad5e,BEAUTY_CARE,MASCARILLA CENTELLA,fe7fbce3-260b-44f2-a8a7-0d0f5cfec721,,4000,598b5c10a749740c67b09cc8c4f246089fc1b80f6a37c69b6db58865306b3b1c,BC-20949,BCV5-0950,beauty-care-mascarilla-centella,RESERVED_IMPORT_RANGE,GENERATED_CANONICAL_SOURCE_CODE,DETERMINISTIC_CANONICAL_SLUG,DETERMINISTIC_SOURCE_UUID,READY_CREATE
CATV1-P244-R3L,POLICY_APPROVED,bbba1f98-5d76-fcc5-bf10-f5405fc8dd01,BEAUTY_CARE,MASCARILLA ARROZ,fe7fbce3-260b-44f2-a8a7-0d0f5cfec721,,4000,16a7d1914657f79a0d5875f1eb2701bc8e4ce6fdb50aa30c7b3f46b2d70169a4,BC-20950,BCV5-0951,beauty-care-mascarilla-arroz,RESERVED_IMPORT_RANGE,GENERATED_CANONICAL_SOURCE_CODE,DETERMINISTIC_CANONICAL_SLUG,DETERMINISTIC_SOURCE_UUID,READY_CREATE
CATV1-P244-R3R,POLICY_APPROVED,3946248e-26e1-91ef-35e4-890f299d2adf,BEAUTY_CARE,MASCARILLA NARANJA,fe7fbce3-260b-44f2-a8a7-0d0f5cfec721,,4000,27473024cd5ee667255d7c269e914305dbb1116a9684e30453ec37cb8aed2b66,BC-20951,BCV5-0952,beauty-care-mascarilla-naranja,RESERVED_IMPORT_RANGE,GENERATED_CANONICAL_SOURCE_CODE,DETERMINISTIC_CANONICAL_SLUG,DETERMINISTIC_SOURCE_UUID,READY_CREATE
