source_reference_id,product_id,product_image_id,approval_source,derivative_sha256,derivative_size_bytes,mime_type,width,height,bucket,storage_path,local_path
CATV1-P006-R1L,69016840-da44-3ec0-f6dc-bf0551288a47,01e41359-c843-06d8-3055-33c06886d95c,POLICY_APPROVED,cbd02d91b1c254e1e67c4d9fd07387d5d01273c88a66c6e2ac2f1af9346fbd0c,1266,image/webp,345,176,lihen-product-web,products/69016840-da44-3ec0-f6dc-bf0551288a47/01e41359-c843-06d8-3055-33c06886d95c/web/cbd02d91b1c254e1e67c4d9fd07387d5d01273c88a66c6e2ac2f1af9346fbd0c.webp,web-derivatives-v1/files/01e41359-c843-06d8-3055-33c06886d95c.webp
CATV1-P006-R1R,f4357745-adb2-7bd0-5a1c-f9d2cc253786,86311c28-07c3-0a5e-4bab-f2a625c0031e,POLICY_APPROVED,06a0e2fb64cdc07b04459903234d6dfa609240449be63197387b895c791b0497,1270,image/webp,345,176,lihen-product-web,products/f4357745-adb2-7bd0-5a1c-f9d2cc253786/86311c28-07c3-0a5e-4bab-f2a625c0031e/web/06a0e2fb64cdc07b04459903234d6dfa609240449be63197387b895c791b0497.webp,web-derivatives-v1/files/86311c28-07c3-0a5e-4bab-f2a625c0031e.webp
CATV1-P006-R2L,bae91b27-4bc2-3db7-7bcb-5ff49fd3066c,312d70f9-a3af-ddf5-bc3a-b523aacd9ff4,POLICY_APPROVED,3748cb099f7bbf4fa6b7ba5a1ddfe0ab074518305bdcbbcb2ce62611f0b72f6c,1314,image/webp,345,176,lihen-product-web,products/bae91b27-4bc2-3db7-7bcb-5ff49fd3066c/312d70f9-a3af-ddf5-bc3a-b523aacd9ff4/web/3748cb099f7bbf4fa6b7ba5a1ddfe0ab074518305bdcbbcb2ce62611f0b72f6c.webp,web-derivatives-v1/files/312d70f9-a3af-ddf5-bc3a-b523aacd9ff4.webp
CATV1-P006-R2R,673cea51-d3ff-3cc4-a7f3-0df549eba28c,5f671169-a771-b861-f574-7b825a572508,POLICY_APPROVED,de6a61c361e4f5a4e13835017e9a4c21d72017f850a6977b1a19502273baace2,1506,image/webp,345,176,lihen-product-web,products/673cea51-d3ff-3cc4-a7f3-0df549eba28c/5f671169-a771-b861-f574-7b825a572508/web/de6a61c361e4f5a4e13835017e9a4c21d72017f850a6977b1a19502273baace2.webp,web-derivatives-v1/files/5f671169-a771-b861-f574-7b825a572508.webp
CATV1-P006-R3L,77a924c9-99b2-0a44-6f29-7f447ee96cf6,1afd6208-0431-0eed-cad9-a8910ea3e6b6,POLICY_APPROVED,b54d97a61602fb0f5c87beee805d83de25f8bfb28b0e55072471ddf28e3dce24,1152,image/webp,345,176,lihen-product-web,products/77a924c9-99b2-0a44-6f29-7f447ee96cf6/1afd6208-0431-0eed-cad9-a8910ea3e6b6/web/b54d97a61602fb0f5c87beee805d83de25f8bfb28b0e55072471ddf28e3dce24.webp,web-derivatives-v1/files/1afd6208-0431-0eed-cad9-a8910ea3e6b6.webp
CATV1-P006-R3R,7d950f19-cdc7-aa5e-0c62-d656347a288d,52cf1e51-ebed-01e9-b262-07db7f42af55,POLICY_APPROVED,6a6210367917031e3cad820373f388a5f2b4427ab64b12a13e6384b06ded58c3,1220,image/webp,345,176,lihen-product-web,products/7d950f19-cdc7-aa5e-0c62-d656347a288d/52cf1e51-ebed-01e9-b262-07db7f42af55/web/6a6210367917031e3cad820373f388a5f2b4427ab64b12a13e6384b06ded58c3.webp,web-derivatives-v1/files/52cf1e51-ebed-01e9-b262-07db7f42af55.webp
CATV1-P007-R1L,19839e22-ec06-dc7f-b133-d0864de5d68b,288d9f4f-3ad9-1fac-8f9a-5bec6f8e9a51,POLICY_APPROVED,88d322a0e525316831dfe70bf97d4a997dc951a97bd64f8d465815e7fc97d287,2328,image/webp,345,176,lihen-product-web,products/19839e22-ec06-dc7f-b133-d0864de5d68b/288d9f4f-3ad9-1fac-8f9a-5bec6f8e9a51/web/88d322a0e525316831dfe70bf97d4a997dc951a97bd64f8d465815e7fc97d287.webp,web-derivatives-v1/files/288d9f4f-3ad9-1fac-8f9a-5bec6f8e9a51.webp
CATV1-P007-R1R,cd855167-2338-0311-6fab-f1bb427b38fa,d2384124-10c4-8372-bb12-f2f5247eab8a,POLICY_APPROVED,355706a14c7ecf832735512e4cb85efae42c31268bba4d521a145398fac11cf0,1848,image/webp,345,176,lihen-product-web,products/cd855167-2338-0311-6fab-f1bb427b38fa/d2384124-10c4-8372-bb12-f2f5247eab8a/web/355706a14c7ecf832735512e4cb85efae42c31268bba4d521a145398fac11cf0.webp,web-derivatives-v1/files/d2384124-10c4-8372-bb12-f2f5247eab8a.webp
CATV1-P007-R2L,f45d20fa-a67d-35ae-510c-871a5693550c,e588e1a4-e631-052b-f7a4-4ecb09653276,POLICY_APPROVED,789b6dd5af4b80a920a8bc859505ebfa0421f7bb88bf12df7c7db0a3f03e4621,2432,image/webp,345,176,lihen-product-web,products/f45d20fa-a67d-35ae-510c-871a5693550c/e588e1a4-e631-052b-f7a4-4ecb09653276/web/789b6dd5af4b80a920a8bc859505ebfa0421f7bb88bf12df7c7db0a3f03e4621.webp,web-derivatives-v1/files/e588e1a4-e631-052b-f7a4-4ecb09653276.webp
CATV1-P007-R2R,ac71a320-037b-7278-4d4b-031dda93393d,920923bd-35d2-3454-0083-78d92c696ef5,POLICY_APPROVED,00a66d6f58b65471c73d6aa824a109d28acae65569c305d643fa706861797345,1052,image/webp,345,176,lihen-product-web,products/ac71a320-037b-7278-4d4b-031dda93393d/920923bd-35d2-3454-0083-78d92c696ef5/web/00a66d6f58b65471c73d6aa824a109d28acae65569c305d643fa706861797345.webp,web-derivatives-v1/files/920923bd-35d2-3454-0083-78d92c696ef5.webp
CATV1-P007-R3L,0ecf1f69-602f-2072-1a24-381e9cde1592,43388a2f-aea0-148d-81ff-2a983516dff4,POLICY_APPROVED,ce283fdc5d8d0a18fe4c594ee4a5bb77537640d0bd6ce3c362c8e240a19c5747,3674,image/webp,345,176,lihen-product-web,products/0ecf1f69-602f-2072-1a24-381e9cde1592/43388a2f-aea0-148d-81ff-2a983516dff4/web/ce283fdc5d8d0a18fe4c594ee4a5bb77537640d0bd6ce3c362c8e240a19c5747.webp,web-derivatives-v1/files/43388a2f-aea0-148d-81ff-2a983516dff4.webp
CATV1-P007-R3R,3d6fad27-a2f7-7f34-71f8-afe81d692f27,c08bdb64-d6e2-4623-7fe7-52132932d2cd,POLICY_APPROVED,132c2b39be5db10f5cf04b385fd4acf59f8ca62c894f91388f8269317869b701,3018,image/webp,345,176,lihen-product-web,products/3d6fad27-a2f7-7f34-71f8-afe81d692f27/c08bdb64-d6e2-4623-7fe7-52132932d2cd/web/132c2b39be5db10f5cf04b385fd4acf59f8ca62c894f91388f8269317869b701.webp,web-derivatives-v1/files/c08bdb64-d6e2-4623-7fe7-52132932d2cd.webp
CATV1-P008-R1L,db9858f1-4f26-b8fa-2f2c-58bf37d0feb2,5b57eac7-08a5-37de-fbff-d7755a815479,POLICY_APPROVED,3280f64fafb873f1d736f65ca95605d4330a958dc680f8418a80785cd5ee9484,1282,image/webp,345,176,lihen-product-web,products/db9858f1-4f26-b8fa-2f2c-58bf37d0feb2/5b57eac7-08a5-37de-fbff-d7755a815479/web/3280f64fafb873f1d736f65ca95605d4330a958dc680f8418a80785cd5ee9484.webp,web-derivatives-v1/files/5b57eac7-08a5-37de-fbff-d7755a815479.webp
CATV1-P008-R1R,a96c04c8-674d-7893-b8ae-541b737040df,fb46fa58-ba4d-7d61-b65a-910aa1b50139,POLICY_APPROVED,cb675c6059ca30a1b2f6fc5ecb3fd6af20d530ffa54de07f61e0f7763dc5149e,2672,image/webp,345,176,lihen-product-web,products/a96c04c8-674d-7893-b8ae-541b737040df/fb46fa58-ba4d-7d61-b65a-910aa1b50139/web/cb675c6059ca30a1b2f6fc5ecb3fd6af20d530ffa54de07f61e0f7763dc5149e.webp,web-derivatives-v1/files/fb46fa58-ba4d-7d61-b65a-910aa1b50139.webp
CATV1-P008-R2L,bb778288-e584-f8e6-6714-6f7dbf7266a5,dff4493d-2d7d-6c1a-a94e-abf09142d4f9,POLICY_APPROVED,e7d08d13fa3ef7f0aa0f8f41dfb39cf583ecf2f8d235c2248731922f81e1aed8,1232,image/webp,345,176,lihen-product-web,products/bb778288-e584-f8e6-6714-6f7dbf7266a5/dff4493d-2d7d-6c1a-a94e-abf09142d4f9/web/e7d08d13fa3ef7f0aa0f8f41dfb39cf583ecf2f8d235c2248731922f81e1aed8.webp,web-derivatives-v1/files/dff4493d-2d7d-6c1a-a94e-abf09142d4f9.webp
CATV1-P008-R2R,a6d8d5ad-4182-fdf8-2290-4ae97d6defe3,3a37dcd1-5356-350b-a195-5b1678fedc4a,POLICY_APPROVED,e4a2366457474c6b645ae97a9e17618451199f4811a4d877eb324ba0cf9380bf,1256,image/webp,345,176,lihen-product-web,products/a6d8d5ad-4182-fdf8-2290-4ae97d6defe3/3a37dcd1-5356-350b-a195-5b1678fedc4a/web/e4a2366457474c6b645ae97a9e17618451199f4811a4d877eb324ba0cf9380bf.webp,web-derivatives-v1/files/3a37dcd1-5356-350b-a195-5b1678fedc4a.webp
CATV1-P008-R3L,1886ae19-a3d7-57a0-6f47-92496cb4e233,767d6565-4dc1-5182-6312-0ed7db441262,POLICY_APPROVED,22d90f25d5de08a0fa353164ec34b49d37649c5ff67ba9d44aeed486d85ab925,1706,image/webp,345,176,lihen-product-web,products/1886ae19-a3d7-57a0-6f47-92496cb4e233/767d6565-4dc1-5182-6312-0ed7db441262/web/22d90f25d5de08a0fa353164ec34b49d37649c5ff67ba9d44aeed486d85ab925.webp,web-derivatives-v1/files/767d6565-4dc1-5182-6312-0ed7db441262.webp
CATV1-P008-R3R,673614ba-856f-f63a-7bcf-334b59579a4b,81651642-adf8-4e9c-944a-c38f15f76bf3,POLICY_APPROVED,b07a5d662d58f07b0464f261027a0d9ceb07a457a8d038a64bd0e6509cbcaee0,1502,image/webp,345,176,lihen-product-web,products/673614ba-856f-f63a-7bcf-334b59579a4b/81651642-adf8-4e9c-944a-c38f15f76bf3/web/b07a5d662d58f07b0464f261027a0d9ceb07a457a8d038a64bd0e6509cbcaee0.webp,web-derivatives-v1/files/81651642-adf8-4e9c-944a-c38f15f76bf3.webp
CATV1-P009-R1L,c973fe02-90a0-f759-dd5d-d0f6fd6f0f49,a242cb29-d30b-559a-2c3f-e82121ae1fbe,POLICY_APPROVED,9b1cd1669765b4a6539e0944b712c4eac8fb95071b64919e08bb7c8b84ed3e01,1032,image/webp,345,176,lihen-product-web,products/c973fe02-90a0-f759-dd5d-d0f6fd6f0f49/a242cb29-d30b-559a-2c3f-e82121ae1fbe/web/9b1cd1669765b4a6539e0944b712c4eac8fb95071b64919e08bb7c8b84ed3e01.webp,web-derivatives-v1/files/a242cb29-d30b-559a-2c3f-e82121ae1fbe.webp
CATV1-P011-R1L,6782a4dc-5324-cb75-f736-b4d0d926443e,ac2eeabb-9c92-8425-4c4a-1af8dbef9c2f,HUMAN_APPROVED,16c166961b22f6dbd3c912ad3b9c79f5ba483dfca917f8ed1a71811d7c51d5dd,2142,image/webp,345,176,lihen-product-web,products/6782a4dc-5324-cb75-f736-b4d0d926443e/ac2eeabb-9c92-8425-4c4a-1af8dbef9c2f/web/16c166961b22f6dbd3c912ad3b9c79f5ba483dfca917f8ed1a71811d7c51d5dd.webp,web-derivatives-v1/files/ac2eeabb-9c92-8425-4c4a-1af8dbef9c2f.webp
CATV1-P011-R1R,c8839400-6442-709c-bef5-a53d32cd96f6,06d4aead-95f1-0253-fccb-bf998a28b965,HUMAN_APPROVED,519d8e63bd68160314face0f99136cd63caabf7e0ae6537cb392e5fa1349dfae,2068,image/webp,345,176,lihen-product-web,products/c8839400-6442-709c-bef5-a53d32cd96f6/06d4aead-95f1-0253-fccb-bf998a28b965/web/519d8e63bd68160314face0f99136cd63caabf7e0ae6537cb392e5fa1349dfae.webp,web-derivatives-v1/files/06d4aead-95f1-0253-fccb-bf998a28b965.webp
CATV1-P011-R2L,e07e6246-619a-6052-25a9-cebc969e83e9,430ea161-8dae-bbdd-0056-507a6a29c92e,HUMAN_APPROVED,3851fda096f0526898df1c7ab3de6cca4a9621a3091cf6aacf66099734ab2338,1764,image/webp,345,176,lihen-product-web,products/e07e6246-619a-6052-25a9-cebc969e83e9/430ea161-8dae-bbdd-0056-507a6a29c92e/web/3851fda096f0526898df1c7ab3de6cca4a9621a3091cf6aacf66099734ab2338.webp,web-derivatives-v1/files/430ea161-8dae-bbdd-0056-507a6a29c92e.webp
CATV1-P011-R2R,8b36ab1b-c41e-a7d0-a6af-e252ee3b2542,3c6263e8-c9e0-d6bf-2015-7bf5895dd096,HUMAN_APPROVED,542d7ffe828aa841f08310a4189d9f36e0360589bf5414e61743524ed619388c,2046,image/webp,345,176,lihen-product-web,products/8b36ab1b-c41e-a7d0-a6af-e252ee3b2542/3c6263e8-c9e0-d6bf-2015-7bf5895dd096/web/542d7ffe828aa841f08310a4189d9f36e0360589bf5414e61743524ed619388c.webp,web-derivatives-v1/files/3c6263e8-c9e0-d6bf-2015-7bf5895dd096.webp
CATV1-P011-R3L,7c430611-0c7a-4e71-cdf7-9ae5e1bb9407,89cf4fee-b337-b0b3-3172-4c84cb15398e,HUMAN_APPROVED,0d013bebc0e72947fce1b10635f146e0c91ee39011200b0a1fbce73fd85fb8f9,1502,image/webp,345,176,lihen-product-web,products/7c430611-0c7a-4e71-cdf7-9ae5e1bb9407/89cf4fee-b337-b0b3-3172-4c84cb15398e/web/0d013bebc0e72947fce1b10635f146e0c91ee39011200b0a1fbce73fd85fb8f9.webp,web-derivatives-v1/files/89cf4fee-b337-b0b3-3172-4c84cb15398e.webp
CATV1-P011-R3R,076e3d14-a126-d25a-ec3f-c81ad338cc15,83f67145-381b-4a29-e4cd-ce9449cafbc4,HUMAN_APPROVED,7e98821eba62a5d9618f3a7e3a84070e8246527725695e04834b7a04c1365f2e,1370,image/webp,345,176,lihen-product-web,products/076e3d14-a126-d25a-ec3f-c81ad338cc15/83f67145-381b-4a29-e4cd-ce9449cafbc4/web/7e98821eba62a5d9618f3a7e3a84070e8246527725695e04834b7a04c1365f2e.webp,web-derivatives-v1/files/83f67145-381b-4a29-e4cd-ce9449cafbc4.webp
CATV1-P012-R1L,43859bdd-7958-f6a6-5251-e1fc286cc75f,168617a6-3cf7-a31e-c2be-126f927abcb1,HUMAN_APPROVED,eef269918c59f433e52be9c23bca18d0205e5f87bd1d387709987a67ab54d6c5,2224,image/webp,345,176,lihen-product-web,products/43859bdd-7958-f6a6-5251-e1fc286cc75f/168617a6-3cf7-a31e-c2be-126f927abcb1/web/eef269918c59f433e52be9c23bca18d0205e5f87bd1d387709987a67ab54d6c5.webp,web-derivatives-v1/files/168617a6-3cf7-a31e-c2be-126f927abcb1.webp
CATV1-P014-R1L,c36b2418-2c84-e700-a7bf-5afa3f9c0b6e,43a0b84a-f67c-c61a-7721-4e18f99cdd08,HUMAN_APPROVED,a8e2066fcdc7111be2ec6dbf171a36e247ecdcdbc84808216c9da9757a4b0b69,1614,image/webp,345,176,lihen-product-web,products/c36b2418-2c84-e700-a7bf-5afa3f9c0b6e/43a0b84a-f67c-c61a-7721-4e18f99cdd08/web/a8e2066fcdc7111be2ec6dbf171a36e247ecdcdbc84808216c9da9757a4b0b69.webp,web-derivatives-v1/files/43a0b84a-f67c-c61a-7721-4e18f99cdd08.webp
CATV1-P014-R1R,95e55d36-14a7-29be-76eb-3e5689bcb8d1,f55ab730-a866-fc31-490c-4029d367b248,HUMAN_APPROVED,b02bbda75c8d1d2e2a0e2018b01f002f59aa6bce976edf36c10d964598011b31,1228,image/webp,345,176,lihen-product-web,products/95e55d36-14a7-29be-76eb-3e5689bcb8d1/f55ab730-a866-fc31-490c-4029d367b248/web/b02bbda75c8d1d2e2a0e2018b01f002f59aa6bce976edf36c10d964598011b31.webp,web-derivatives-v1/files/f55ab730-a866-fc31-490c-4029d367b248.webp
CATV1-P014-R2L,16357acd-f09c-08fe-ac91-c0743028ebb5,7f9d3f9a-c15b-6cd3-60ca-0ba666c35b08,HUMAN_APPROVED,20ca99bef81e5151528deb1ef004334075e41af0261320cf3659952f5a41518c,4062,image/webp,345,176,lihen-product-web,products/16357acd-f09c-08fe-ac91-c0743028ebb5/7f9d3f9a-c15b-6cd3-60ca-0ba666c35b08/web/20ca99bef81e5151528deb1ef004334075e41af0261320cf3659952f5a41518c.webp,web-derivatives-v1/files/7f9d3f9a-c15b-6cd3-60ca-0ba666c35b08.webp
CATV1-P014-R2R,61bc50dd-6cba-f55f-f1a2-f2219970869d,288f4e4b-ebc6-36e1-0a2d-92eb909a73a2,HUMAN_APPROVED,37c125c5c3e8a756b8c4641acd602ca0e038ba14aa11f7ed8d4b0fc353f848a9,4378,image/webp,345,176,lihen-product-web,products/61bc50dd-6cba-f55f-f1a2-f2219970869d/288f4e4b-ebc6-36e1-0a2d-92eb909a73a2/web/37c125c5c3e8a756b8c4641acd602ca0e038ba14aa11f7ed8d4b0fc353f848a9.webp,web-derivatives-v1/files/288f4e4b-ebc6-36e1-0a2d-92eb909a73a2.webp
CATV1-P014-R3L,bed93775-472c-ef57-b6b0-a76411426d59,3178c7ad-f49a-8feb-3752-16a5e7809672,HUMAN_APPROVED,dedab162fdd344a6aa94918c9c23b2224d95fe3adf3897333d4225d915835353,3740,image/webp,345,176,lihen-product-web,products/bed93775-472c-ef57-b6b0-a76411426d59/3178c7ad-f49a-8feb-3752-16a5e7809672/web/dedab162fdd344a6aa94918c9c23b2224d95fe3adf3897333d4225d915835353.webp,web-derivatives-v1/files/3178c7ad-f49a-8feb-3752-16a5e7809672.webp
CATV1-P014-R3R,3f024dc4-5e4d-cdff-7414-7104d853e55e,7ba4f271-25e8-5dd0-4cb5-42b935eabc09,HUMAN_APPROVED,133b3a804f98fd0f03d2f2ed151ba6d8e6f0ed38262f11ee48ed60538783c013,3898,image/webp,345,176,lihen-product-web,products/3f024dc4-5e4d-cdff-7414-7104d853e55e/7ba4f271-25e8-5dd0-4cb5-42b935eabc09/web/133b3a804f98fd0f03d2f2ed151ba6d8e6f0ed38262f11ee48ed60538783c013.webp,web-derivatives-v1/files/7ba4f271-25e8-5dd0-4cb5-42b935eabc09.webp
CATV1-P015-R1L,93ad9283-dfd5-9764-d0b4-2132e4fce790,7b92e4fd-5088-e58d-6ac6-4b2959050511,HUMAN_APPROVED,2dce9cf04b19737456e8288016b98e7a92acce632343cc67389d115b5dd805d5,1580,image/webp,345,176,lihen-product-web,products/93ad9283-dfd5-9764-d0b4-2132e4fce790/7b92e4fd-5088-e58d-6ac6-4b2959050511/web/2dce9cf04b19737456e8288016b98e7a92acce632343cc67389d115b5dd805d5.webp,web-derivatives-v1/files/7b92e4fd-5088-e58d-6ac6-4b2959050511.webp
CATV1-P015-R1R,3a97b778-2db1-da3b-3917-0301ee437937,40738205-c25e-2734-f8e9-92c1a98cf491,HUMAN_APPROVED,c77038f3f35d6c8da19b5209da657675cc59d372d38e5d5b38f5790d21bf1ced,4288,image/webp,345,176,lihen-product-web,products/3a97b778-2db1-da3b-3917-0301ee437937/40738205-c25e-2734-f8e9-92c1a98cf491/web/c77038f3f35d6c8da19b5209da657675cc59d372d38e5d5b38f5790d21bf1ced.webp,web-derivatives-v1/files/40738205-c25e-2734-f8e9-92c1a98cf491.webp
CATV1-P015-R2L,407c5d77-279c-bc3c-8dfc-02f04e1b08a8,213d3f6f-b9a7-b55e-5b15-1322b1129c06,HUMAN_APPROVED,13a02f2c7abb680d6c7d83ad1a685a1f4fffed8b22d5920d995ce51392758216,4054,image/webp,345,176,lihen-product-web,products/407c5d77-279c-bc3c-8dfc-02f04e1b08a8/213d3f6f-b9a7-b55e-5b15-1322b1129c06/web/13a02f2c7abb680d6c7d83ad1a685a1f4fffed8b22d5920d995ce51392758216.webp,web-derivatives-v1/files/213d3f6f-b9a7-b55e-5b15-1322b1129c06.webp
CATV1-P015-R2R,20157dcb-5b42-3ba6-dcfd-c1bc84cfb0bf,4497c176-375a-4841-1c23-ddca4a50193e,HUMAN_APPROVED,897e29e28b6de53096173aeefcd562adbaf3ef458e13cecd0c6f6fad81cbce51,1562,image/webp,345,176,lihen-product-web,products/20157dcb-5b42-3ba6-dcfd-c1bc84cfb0bf/4497c176-375a-4841-1c23-ddca4a50193e/web/897e29e28b6de53096173aeefcd562adbaf3ef458e13cecd0c6f6fad81cbce51.webp,web-derivatives-v1/files/4497c176-375a-4841-1c23-ddca4a50193e.webp
CATV1-P015-R3L,5506f491-2b39-a6ca-7862-bc61d8bee1fb,637da453-5563-75bd-b63e-047d9921d04c,HUMAN_APPROVED,92b992140ca2ed4e9816bc16f1cd3c636dbaeeab48ee0f37c5637c6a444f9018,1132,image/webp,345,176,lihen-product-web,products/5506f491-2b39-a6ca-7862-bc61d8bee1fb/637da453-5563-75bd-b63e-047d9921d04c/web/92b992140ca2ed4e9816bc16f1cd3c636dbaeeab48ee0f37c5637c6a444f9018.webp,web-derivatives-v1/files/637da453-5563-75bd-b63e-047d9921d04c.webp
CATV1-P017-R1L,59aacd81-d9ea-a1f9-fba3-b15005b59e5d,e69e1e54-9507-8933-a911-3b0fc90d542c,POLICY_APPROVED,5eed4aeb1e8ee3e15ecec93345e7ed5e6bf4a4213a7f98f957b4099cd3bdc92e,1542,image/webp,345,176,lihen-product-web,products/59aacd81-d9ea-a1f9-fba3-b15005b59e5d/e69e1e54-9507-8933-a911-3b0fc90d542c/web/5eed4aeb1e8ee3e15ecec93345e7ed5e6bf4a4213a7f98f957b4099cd3bdc92e.webp,web-derivatives-v1/files/e69e1e54-9507-8933-a911-3b0fc90d542c.webp
CATV1-P017-R1R,a6c48be7-0e11-587a-3007-a28c0d8651c3,217f34e7-93be-8093-286e-157f896f6dc9,POLICY_APPROVED,eba56995eaabb4d7cad7a8720bb2e85c7cf912379953bd5ac566976ef5e482dd,1778,image/webp,345,176,lihen-product-web,products/a6c48be7-0e11-587a-3007-a28c0d8651c3/217f34e7-93be-8093-286e-157f896f6dc9/web/eba56995eaabb4d7cad7a8720bb2e85c7cf912379953bd5ac566976ef5e482dd.webp,web-derivatives-v1/files/217f34e7-93be-8093-286e-157f896f6dc9.webp
CATV1-P017-R2L,edc554b0-3325-4039-d9fb-f6f9ad3d07fc,5ed30064-1034-8688-7ddb-d5a66f7b0d68,POLICY_APPROVED,641d9f20f9431bc86e7107d161880a354467d9d3044580a5b1681cdb490dd4fd,2662,image/webp,345,176,lihen-product-web,products/edc554b0-3325-4039-d9fb-f6f9ad3d07fc/5ed30064-1034-8688-7ddb-d5a66f7b0d68/web/641d9f20f9431bc86e7107d161880a354467d9d3044580a5b1681cdb490dd4fd.webp,web-derivatives-v1/files/5ed30064-1034-8688-7ddb-d5a66f7b0d68.webp
CATV1-P017-R2R,baf8a87c-c0c6-b399-e0b6-ee7defbe1544,0657b6c0-0f79-087d-0ee0-9d2258112a7a,POLICY_APPROVED,f744b45c4849061d71f5dd8e4d39deb6990f1f2dcb639c1ed4f110e1e3294624,1762,image/webp,345,176,lihen-product-web,products/baf8a87c-c0c6-b399-e0b6-ee7defbe1544/0657b6c0-0f79-087d-0ee0-9d2258112a7a/web/f744b45c4849061d71f5dd8e4d39deb6990f1f2dcb639c1ed4f110e1e3294624.webp,web-derivatives-v1/files/0657b6c0-0f79-087d-0ee0-9d2258112a7a.webp
CATV1-P017-R3L,630f71b8-1b29-0bd4-5ee7-9cf570a70218,f983ea51-e47a-22b8-46a8-22c2de03fd1a,POLICY_APPROVED,5a013482e380f4c6ced0d3cef95ec9329cff818acb1d76500a64e66d58ac3d72,1878,image/webp,345,176,lihen-product-web,products/630f71b8-1b29-0bd4-5ee7-9cf570a70218/f983ea51-e47a-22b8-46a8-22c2de03fd1a/web/5a013482e380f4c6ced0d3cef95ec9329cff818acb1d76500a64e66d58ac3d72.webp,web-derivatives-v1/files/f983ea51-e47a-22b8-46a8-22c2de03fd1a.webp
CATV1-P017-R3R,a4ad6905-d01e-1f8b-8c4f-781fd64a6097,e794eaab-b7fa-bc63-a563-529da66c9ac9,POLICY_APPROVED,0a59c66adb64c132a754d7cdb41c39ddf1f3a42226d805f8c4e6850591d88dd0,10172,image/webp,345,176,lihen-product-web,products/a4ad6905-d01e-1f8b-8c4f-781fd64a6097/e794eaab-b7fa-bc63-a563-529da66c9ac9/web/0a59c66adb64c132a754d7cdb41c39ddf1f3a42226d805f8c4e6850591d88dd0.webp,web-derivatives-v1/files/e794eaab-b7fa-bc63-a563-529da66c9ac9.webp
CATV1-P018-R1L,973fac55-1967-3b17-9f72-1c74a333f34c,959750d7-77bc-7ea2-8b8e-35da38f835fa,POLICY_APPROVED,b80087cf8e6ccda7e333925681a92eeb1a5c1cd8908a084e7989797082724c30,10258,image/webp,345,176,lihen-product-web,products/973fac55-1967-3b17-9f72-1c74a333f34c/959750d7-77bc-7ea2-8b8e-35da38f835fa/web/b80087cf8e6ccda7e333925681a92eeb1a5c1cd8908a084e7989797082724c30.webp,web-derivatives-v1/files/959750d7-77bc-7ea2-8b8e-35da38f835fa.webp
CATV1-P018-R1R,4a02b3ff-27fd-e5f5-5705-8d727f8ef8f4,5c9323e5-0a98-5beb-9889-ae81e8384038,POLICY_APPROVED,58fe591fd2797aa84cf5699105ffffe424a89a81d09a90d67a68490554e2f64d,4928,image/webp,345,176,lihen-product-web,products/4a02b3ff-27fd-e5f5-5705-8d727f8ef8f4/5c9323e5-0a98-5beb-9889-ae81e8384038/web/58fe591fd2797aa84cf5699105ffffe424a89a81d09a90d67a68490554e2f64d.webp,web-derivatives-v1/files/5c9323e5-0a98-5beb-9889-ae81e8384038.webp
CATV1-P018-R2L,c6e6e472-8f99-850d-f923-95c05bedc639,5a299743-6d71-9c11-9e5c-8f8d5c67baba,POLICY_APPROVED,c4ab547c3954cd7a474b8b88a47cf75aa86d63ea353e073efc89b48768fe8cb2,1290,image/webp,345,176,lihen-product-web,products/c6e6e472-8f99-850d-f923-95c05bedc639/5a299743-6d71-9c11-9e5c-8f8d5c67baba/web/c4ab547c3954cd7a474b8b88a47cf75aa86d63ea353e073efc89b48768fe8cb2.webp,web-derivatives-v1/files/5a299743-6d71-9c11-9e5c-8f8d5c67baba.webp
CATV1-P018-R2R,d2bcaa40-84ba-0bfe-4c38-c19b2eb7f0a9,648e903f-96fe-7b34-3169-803990ec4eef,POLICY_APPROVED,0c7abaa8478234de54cac2cb1d429bf03fc957ce51f133b4b75ea8c8d768b06e,1552,image/webp,345,176,lihen-product-web,products/d2bcaa40-84ba-0bfe-4c38-c19b2eb7f0a9/648e903f-96fe-7b34-3169-803990ec4eef/web/0c7abaa8478234de54cac2cb1d429bf03fc957ce51f133b4b75ea8c8d768b06e.webp,web-derivatives-v1/files/648e903f-96fe-7b34-3169-803990ec4eef.webp
CATV1-P018-R3L,9083a3f2-89e3-a156-4501-3d4f30916dd8,fc7e5e19-a5f3-d90f-58a4-29de91d570ed,POLICY_APPROVED,d61936f58591420eea45f8b17426b4d7cbe0b18b5026b9edd7084659c977917b,1370,image/webp,345,176,lihen-product-web,products/9083a3f2-89e3-a156-4501-3d4f30916dd8/fc7e5e19-a5f3-d90f-58a4-29de91d570ed/web/d61936f58591420eea45f8b17426b4d7cbe0b18b5026b9edd7084659c977917b.webp,web-derivatives-v1/files/fc7e5e19-a5f3-d90f-58a4-29de91d570ed.webp
CATV1-P018-R3R,86eb4f94-b449-dfed-ed61-52465f4254ad,883bae5e-d933-0636-8b83-871c0a3c69bd,POLICY_APPROVED,38b58505b2d976fc2122715a40f52a3475cc10e2ad50b093eda6c85800540a00,1568,image/webp,345,176,lihen-product-web,products/86eb4f94-b449-dfed-ed61-52465f4254ad/883bae5e-d933-0636-8b83-871c0a3c69bd/web/38b58505b2d976fc2122715a40f52a3475cc10e2ad50b093eda6c85800540a00.webp,web-derivatives-v1/files/883bae5e-d933-0636-8b83-871c0a3c69bd.webp
CATV1-P019-R1L,bb84f6bd-eb1f-62b2-2266-673daec9cefb,77e0a013-bc78-cb05-ba15-f1d2dc546c68,POLICY_APPROVED,519a3f40041635338f36849efc8fc8e1bfec4148ad42a54adc7ac12419b38674,1438,image/webp,345,176,lihen-product-web,products/bb84f6bd-eb1f-62b2-2266-673daec9cefb/77e0a013-bc78-cb05-ba15-f1d2dc546c68/web/519a3f40041635338f36849efc8fc8e1bfec4148ad42a54adc7ac12419b38674.webp,web-derivatives-v1/files/77e0a013-bc78-cb05-ba15-f1d2dc546c68.webp
CATV1-P019-R1R,433a4e18-5079-b6fd-232a-bb86574f30ab,31eb3c8f-418a-a823-160a-b069c31c3078,POLICY_APPROVED,744db356eb46d6c241ec1910b5b08ab03015633e4bb14079ea6e11e5c19e9e14,1196,image/webp,345,176,lihen-product-web,products/433a4e18-5079-b6fd-232a-bb86574f30ab/31eb3c8f-418a-a823-160a-b069c31c3078/web/744db356eb46d6c241ec1910b5b08ab03015633e4bb14079ea6e11e5c19e9e14.webp,web-derivatives-v1/files/31eb3c8f-418a-a823-160a-b069c31c3078.webp
CATV1-P019-R2L,c5653a89-15b7-ad5f-e305-47bb54ded076,bd1d5ae4-46c7-a98b-e364-23e109925645,POLICY_APPROVED,79cce06b5fa58bde88f4fccf84fc9a3acf7dca00e09e99161a041e34c675fe4a,1590,image/webp,345,176,lihen-product-web,products/c5653a89-15b7-ad5f-e305-47bb54ded076/bd1d5ae4-46c7-a98b-e364-23e109925645/web/79cce06b5fa58bde88f4fccf84fc9a3acf7dca00e09e99161a041e34c675fe4a.webp,web-derivatives-v1/files/bd1d5ae4-46c7-a98b-e364-23e109925645.webp
CATV1-P019-R2R,e9a25b2d-b83a-d40a-67d4-268ea55483a4,9afb9219-5510-82df-754f-941148a1957c,POLICY_APPROVED,fdd350711020ab61057cc1792644adf3584fdb84475e42a09901c8d83b39b6ba,1870,image/webp,345,176,lihen-product-web,products/e9a25b2d-b83a-d40a-67d4-268ea55483a4/9afb9219-5510-82df-754f-941148a1957c/web/fdd350711020ab61057cc1792644adf3584fdb84475e42a09901c8d83b39b6ba.webp,web-derivatives-v1/files/9afb9219-5510-82df-754f-941148a1957c.webp
CATV1-P019-R3L,caeaa748-5f80-88c5-93e8-0f323b66ad24,86b3a115-8377-f83c-1d7a-675bbf98c4b2,POLICY_APPROVED,d79dbc4dbc6289f7fcda5a09ec8515991fe3bbc44c54d714f68d49a2f3e0f7ed,1338,image/webp,345,176,lihen-product-web,products/caeaa748-5f80-88c5-93e8-0f323b66ad24/86b3a115-8377-f83c-1d7a-675bbf98c4b2/web/d79dbc4dbc6289f7fcda5a09ec8515991fe3bbc44c54d714f68d49a2f3e0f7ed.webp,web-derivatives-v1/files/86b3a115-8377-f83c-1d7a-675bbf98c4b2.webp
CATV1-P019-R3R,20f0a049-9845-5a45-365e-83a980d657c6,698f3302-3ee7-05ca-169f-8d42e07f58b5,POLICY_APPROVED,6a46c8fb993e62637df1694586530340fb524e64356ea8aa51814893ea0a234f,5050,image/webp,345,176,lihen-product-web,products/20f0a049-9845-5a45-365e-83a980d657c6/698f3302-3ee7-05ca-169f-8d42e07f58b5/web/6a46c8fb993e62637df1694586530340fb524e64356ea8aa51814893ea0a234f.webp,web-derivatives-v1/files/698f3302-3ee7-05ca-169f-8d42e07f58b5.webp
CATV1-P020-R1L,cdda61e0-0271-abb5-b7fa-1190b0e1c246,a690a785-3919-46ab-2c4e-427f2fa0eb3e,POLICY_APPROVED,19130b570d0800cab79598d216d2958c2da30f0ee74c9d0f03585e9c2fc54e53,4554,image/webp,345,176,lihen-product-web,products/cdda61e0-0271-abb5-b7fa-1190b0e1c246/a690a785-3919-46ab-2c4e-427f2fa0eb3e/web/19130b570d0800cab79598d216d2958c2da30f0ee74c9d0f03585e9c2fc54e53.webp,web-derivatives-v1/files/a690a785-3919-46ab-2c4e-427f2fa0eb3e.webp
CATV1-P020-R1R,5e694a15-77b2-fc85-c252-97e100085f01,6891b26d-fb7a-d447-b9b6-4662fe7fe35b,POLICY_APPROVED,55aeb89099a8f8ed649a558f9f38b19ab890f40702cb799d86a3331976cd5a91,1382,image/webp,345,176,lihen-product-web,products/5e694a15-77b2-fc85-c252-97e100085f01/6891b26d-fb7a-d447-b9b6-4662fe7fe35b/web/55aeb89099a8f8ed649a558f9f38b19ab890f40702cb799d86a3331976cd5a91.webp,web-derivatives-v1/files/6891b26d-fb7a-d447-b9b6-4662fe7fe35b.webp
CATV1-P020-R2L,9113c977-2d45-f871-073d-4dbefdf705cb,198bbbc2-6af6-f87c-e632-73781fa44ef0,POLICY_APPROVED,831ceff8cd17129078547542a7298c762fcbf523f8d5651d4f30ccd81e38a0bb,1410,image/webp,345,176,lihen-product-web,products/9113c977-2d45-f871-073d-4dbefdf705cb/198bbbc2-6af6-f87c-e632-73781fa44ef0/web/831ceff8cd17129078547542a7298c762fcbf523f8d5651d4f30ccd81e38a0bb.webp,web-derivatives-v1/files/198bbbc2-6af6-f87c-e632-73781fa44ef0.webp
CATV1-P020-R2R,bc807d49-a01c-ae71-0930-aabadbc7abeb,514b00e6-eb64-b0e0-73fd-260d91b6617b,POLICY_APPROVED,2bbb0c6edd1c439d5a6ff9013b221c8a701d3db4cd1b10dab955ff99d6fbc20c,1594,image/webp,345,176,lihen-product-web,products/bc807d49-a01c-ae71-0930-aabadbc7abeb/514b00e6-eb64-b0e0-73fd-260d91b6617b/web/2bbb0c6edd1c439d5a6ff9013b221c8a701d3db4cd1b10dab955ff99d6fbc20c.webp,web-derivatives-v1/files/514b00e6-eb64-b0e0-73fd-260d91b6617b.webp
CATV1-P020-R3L,dcfc6c24-aa28-7cc0-2f34-2f8d0b6bd0d9,e52d4e3a-a28d-b1d4-5116-8a76cacc9e88,POLICY_APPROVED,49c8a8699efc21b7bea55def28766b3b60b16d05230514f5f81f798b680e94d3,1572,image/webp,345,176,lihen-product-web,products/dcfc6c24-aa28-7cc0-2f34-2f8d0b6bd0d9/e52d4e3a-a28d-b1d4-5116-8a76cacc9e88/web/49c8a8699efc21b7bea55def28766b3b60b16d05230514f5f81f798b680e94d3.webp,web-derivatives-v1/files/e52d4e3a-a28d-b1d4-5116-8a76cacc9e88.webp
CATV1-P020-R3R,99cea97c-30f3-54a1-32f9-58bcc99768bd,53194ebb-c115-cebf-bcc3-0a616bd855f3,POLICY_APPROVED,6a68836ec276fd77badbad51c24f9e1b6d53809865d88fef04cedd78cab07d48,1468,image/webp,345,176,lihen-product-web,products/99cea97c-30f3-54a1-32f9-58bcc99768bd/53194ebb-c115-cebf-bcc3-0a616bd855f3/web/6a68836ec276fd77badbad51c24f9e1b6d53809865d88fef04cedd78cab07d48.webp,web-derivatives-v1/files/53194ebb-c115-cebf-bcc3-0a616bd855f3.webp
CATV1-P021-R1L,6e1cbf77-84a8-e919-1f1b-33dccb173537,49a0b612-567b-f620-a4be-a7e606de7078,POLICY_APPROVED,4d3e5468c246b17bedf92f1420bcd2964a35be095d95561bcb76f65fafea2c3e,1302,image/webp,345,176,lihen-product-web,products/6e1cbf77-84a8-e919-1f1b-33dccb173537/49a0b612-567b-f620-a4be-a7e606de7078/web/4d3e5468c246b17bedf92f1420bcd2964a35be095d95561bcb76f65fafea2c3e.webp,web-derivatives-v1/files/49a0b612-567b-f620-a4be-a7e606de7078.webp
CATV1-P021-R1R,32c6f311-727c-521c-efa7-2c408fb8cc9f,4364cb19-a434-2f49-7b8d-36c5d243e572,POLICY_APPROVED,f04e07b84f69ae76c245f0d580b390894aefa9b9088539e37ec264db25b70fc3,1862,image/webp,345,176,lihen-product-web,products/32c6f311-727c-521c-efa7-2c408fb8cc9f/4364cb19-a434-2f49-7b8d-36c5d243e572/web/f04e07b84f69ae76c245f0d580b390894aefa9b9088539e37ec264db25b70fc3.webp,web-derivatives-v1/files/4364cb19-a434-2f49-7b8d-36c5d243e572.webp
CATV1-P021-R2L,4eb828ce-f254-2159-e7b2-0d0d80eda5b0,b3818c1d-0f4c-dfb5-c2cb-3b3fed6e3f7f,POLICY_APPROVED,16a7ca8803f730a92d13dc10e0a64b806beeed8425db3a6c5652025fec5bf5af,570,image/webp,345,176,lihen-product-web,products/4eb828ce-f254-2159-e7b2-0d0d80eda5b0/b3818c1d-0f4c-dfb5-c2cb-3b3fed6e3f7f/web/16a7ca8803f730a92d13dc10e0a64b806beeed8425db3a6c5652025fec5bf5af.webp,web-derivatives-v1/files/b3818c1d-0f4c-dfb5-c2cb-3b3fed6e3f7f.webp
CATV1-P021-R2R,dfbb51f5-82e7-c683-b609-8bc0a3350884,cb283af8-2127-1cb9-99fe-e838a64f03be,POLICY_APPROVED,a8741f6b6a2d5df0b8cb10a080d3d2843fe7b76bda8b806d816a741d0f4e7702,1514,image/webp,345,176,lihen-product-web,products/dfbb51f5-82e7-c683-b609-8bc0a3350884/cb283af8-2127-1cb9-99fe-e838a64f03be/web/a8741f6b6a2d5df0b8cb10a080d3d2843fe7b76bda8b806d816a741d0f4e7702.webp,web-derivatives-v1/files/cb283af8-2127-1cb9-99fe-e838a64f03be.webp
CATV1-P021-R3L,176628df-bafb-ec14-813b-523f42dd92c8,997a57b2-fd00-4035-69d0-9b8e198d2433,POLICY_APPROVED,cf992ba7de45695d6807ba0380dc72e7543ec29f6201f6d4a752701e8dc2ce66,1638,image/webp,345,176,lihen-product-web,products/176628df-bafb-ec14-813b-523f42dd92c8/997a57b2-fd00-4035-69d0-9b8e198d2433/web/cf992ba7de45695d6807ba0380dc72e7543ec29f6201f6d4a752701e8dc2ce66.webp,web-derivatives-v1/files/997a57b2-fd00-4035-69d0-9b8e198d2433.webp
CATV1-P021-R3R,2b34196e-812a-1270-6493-a399b80b713e,1c91a618-b43d-9933-4400-724df4fa571e,POLICY_APPROVED,e50a2f2a356d16ad9c97b1f5f735d5214ed428da4445ba8d7cccdb937f677cc3,1246,image/webp,345,176,lihen-product-web,products/2b34196e-812a-1270-6493-a399b80b713e/1c91a618-b43d-9933-4400-724df4fa571e/web/e50a2f2a356d16ad9c97b1f5f735d5214ed428da4445ba8d7cccdb937f677cc3.webp,web-derivatives-v1/files/1c91a618-b43d-9933-4400-724df4fa571e.webp
CATV1-P022-R1L,16890fef-4906-5a7c-d61a-82824b3c82c2,e1f7ddc0-4131-7d06-40a4-885b42f0f7b9,POLICY_APPROVED,9513e9f667d01ac60bd3a1db8051069cc6a9a85cc49d6f5148347e43942f3983,1536,image/webp,345,176,lihen-product-web,products/16890fef-4906-5a7c-d61a-82824b3c82c2/e1f7ddc0-4131-7d06-40a4-885b42f0f7b9/web/9513e9f667d01ac60bd3a1db8051069cc6a9a85cc49d6f5148347e43942f3983.webp,web-derivatives-v1/files/e1f7ddc0-4131-7d06-40a4-885b42f0f7b9.webp
CATV1-P022-R1R,e5b316ee-25a1-d752-fb97-142a9022a347,468e715d-61cb-ebe4-f114-009b8d5c84ba,POLICY_APPROVED,619ffe30b741a2e18455f2fa4cddc3010665a671b155ca6d34d4a0a531d897a3,2426,image/webp,345,176,lihen-product-web,products/e5b316ee-25a1-d752-fb97-142a9022a347/468e715d-61cb-ebe4-f114-009b8d5c84ba/web/619ffe30b741a2e18455f2fa4cddc3010665a671b155ca6d34d4a0a531d897a3.webp,web-derivatives-v1/files/468e715d-61cb-ebe4-f114-009b8d5c84ba.webp
CATV1-P022-R2L,f3c54656-47e1-a221-9ab7-4f54a62706d7,0ef166dd-ec9a-dc34-81fa-e64855615fb4,POLICY_APPROVED,d1d9228748e7df38ad81378b0e4067eddfd5bd84bcaa51307bdbcbe16da6f65e,4240,image/webp,345,176,lihen-product-web,products/f3c54656-47e1-a221-9ab7-4f54a62706d7/0ef166dd-ec9a-dc34-81fa-e64855615fb4/web/d1d9228748e7df38ad81378b0e4067eddfd5bd84bcaa51307bdbcbe16da6f65e.webp,web-derivatives-v1/files/0ef166dd-ec9a-dc34-81fa-e64855615fb4.webp
CATV1-P022-R2R,69f8e853-102e-d4ed-a9cb-d8b30b5c5bc1,2a9dcc48-d75b-b7f8-a676-9051ea5020b7,POLICY_APPROVED,e7878e23dcdccea976049613100c3efd4811318747ceac4b0d73ff6d85706a7c,3332,image/webp,345,176,lihen-product-web,products/69f8e853-102e-d4ed-a9cb-d8b30b5c5bc1/2a9dcc48-d75b-b7f8-a676-9051ea5020b7/web/e7878e23dcdccea976049613100c3efd4811318747ceac4b0d73ff6d85706a7c.webp,web-derivatives-v1/files/2a9dcc48-d75b-b7f8-a676-9051ea5020b7.webp
CATV1-P022-R3L,dde58eb8-0093-870f-73b5-bdad81671f6a,2aab5d7c-4960-e935-b084-0afb1aa5d07b,POLICY_APPROVED,52929a4df994782caffafe1e61aecb8cd19abe1e9b8bcf41d35f8a704974299e,2772,image/webp,345,176,lihen-product-web,products/dde58eb8-0093-870f-73b5-bdad81671f6a/2aab5d7c-4960-e935-b084-0afb1aa5d07b/web/52929a4df994782caffafe1e61aecb8cd19abe1e9b8bcf41d35f8a704974299e.webp,web-derivatives-v1/files/2aab5d7c-4960-e935-b084-0afb1aa5d07b.webp
CATV1-P022-R3R,17e4cd17-7a2f-acc4-30a4-bcd59eaac575,ac525550-36d2-a3c9-b61a-ef96af068867,POLICY_APPROVED,caab3b22755bb64f09c9c3f7e301ba14080c9123e3872a04084350b1d15c5ffa,2276,image/webp,345,176,lihen-product-web,products/17e4cd17-7a2f-acc4-30a4-bcd59eaac575/ac525550-36d2-a3c9-b61a-ef96af068867/web/caab3b22755bb64f09c9c3f7e301ba14080c9123e3872a04084350b1d15c5ffa.webp,web-derivatives-v1/files/ac525550-36d2-a3c9-b61a-ef96af068867.webp
CATV1-P023-R1L,f328a3f5-1424-45b0-c0c3-68adc98730fe,cf5d0b09-dd53-96b3-a5b4-5c4a704c8b6e,POLICY_APPROVED,745166fc51694fb82dcce5dabc5862988ae9275c4b1d7917688f963c059aa4db,6158,image/webp,345,176,lihen-product-web,products/f328a3f5-1424-45b0-c0c3-68adc98730fe/cf5d0b09-dd53-96b3-a5b4-5c4a704c8b6e/web/745166fc51694fb82dcce5dabc5862988ae9275c4b1d7917688f963c059aa4db.webp,web-derivatives-v1/files/cf5d0b09-dd53-96b3-a5b4-5c4a704c8b6e.webp
CATV1-P023-R1R,48eeae46-7c89-48b9-4c0a-4707add89231,6f0eb938-2295-364a-22a0-1a7029cdf094,POLICY_APPROVED,1f98977ebfa18ca84e6e31fece8fc53dacc195c5538959257b984af12c178763,2010,image/webp,345,176,lihen-product-web,products/48eeae46-7c89-48b9-4c0a-4707add89231/6f0eb938-2295-364a-22a0-1a7029cdf094/web/1f98977ebfa18ca84e6e31fece8fc53dacc195c5538959257b984af12c178763.webp,web-derivatives-v1/files/6f0eb938-2295-364a-22a0-1a7029cdf094.webp
CATV1-P023-R2L,3e536bb1-1b0e-c669-b7d2-8f142e7c95b2,d1918746-8796-f15e-ec81-a1c9828fc692,POLICY_APPROVED,d75aacdf388119c93e2d80d6ee02616deebf3cd83813607e4c1e140dd54eb7bb,1958,image/webp,345,176,lihen-product-web,products/3e536bb1-1b0e-c669-b7d2-8f142e7c95b2/d1918746-8796-f15e-ec81-a1c9828fc692/web/d75aacdf388119c93e2d80d6ee02616deebf3cd83813607e4c1e140dd54eb7bb.webp,web-derivatives-v1/files/d1918746-8796-f15e-ec81-a1c9828fc692.webp
CATV1-P023-R2R,98a281d6-fe7a-f43e-dbfb-6abeb0167671,f1010dfd-6a6c-62d2-1cfb-ee10cf0d250c,POLICY_APPROVED,a9234cdcd79f8f93462617c36fae4f82be41821140b3e9f1c33105f1236e44bc,1872,image/webp,345,176,lihen-product-web,products/98a281d6-fe7a-f43e-dbfb-6abeb0167671/f1010dfd-6a6c-62d2-1cfb-ee10cf0d250c/web/a9234cdcd79f8f93462617c36fae4f82be41821140b3e9f1c33105f1236e44bc.webp,web-derivatives-v1/files/f1010dfd-6a6c-62d2-1cfb-ee10cf0d250c.webp
CATV1-P023-R3L,0530c2e9-3df6-36cd-e0c3-f7deebd16238,67761c6f-2a76-64e1-eecb-c412b2997a5a,POLICY_APPROVED,b9ea0cb29a25106dfae37ccc2413a2da473fb521db9ce895e6caf44ca4b611e6,1472,image/webp,345,176,lihen-product-web,products/0530c2e9-3df6-36cd-e0c3-f7deebd16238/67761c6f-2a76-64e1-eecb-c412b2997a5a/web/b9ea0cb29a25106dfae37ccc2413a2da473fb521db9ce895e6caf44ca4b611e6.webp,web-derivatives-v1/files/67761c6f-2a76-64e1-eecb-c412b2997a5a.webp
CATV1-P023-R3R,1b400ad9-a9dd-3e4d-fd0f-31d13f5c8ce4,34d910f5-4a7f-ce24-e2c2-4219ffb37162,POLICY_APPROVED,2667e799b9a9cc0e415cd9f82fb593b013f13bb8a25738e3fd5f22fcf73dd366,884,image/webp,345,176,lihen-product-web,products/1b400ad9-a9dd-3e4d-fd0f-31d13f5c8ce4/34d910f5-4a7f-ce24-e2c2-4219ffb37162/web/2667e799b9a9cc0e415cd9f82fb593b013f13bb8a25738e3fd5f22fcf73dd366.webp,web-derivatives-v1/files/34d910f5-4a7f-ce24-e2c2-4219ffb37162.webp
CATV1-P024-R1L,ecfa1c38-8060-acd9-fa0f-b97d518c9d4a,c7cc37d3-fe29-bd65-0b27-dd65d3232db0,POLICY_APPROVED,06e23ccfaf6c7ffee5398ea3d1a426b5b59e407dd0fcba8ff12927415435237a,3190,image/webp,345,176,lihen-product-web,products/ecfa1c38-8060-acd9-fa0f-b97d518c9d4a/c7cc37d3-fe29-bd65-0b27-dd65d3232db0/web/06e23ccfaf6c7ffee5398ea3d1a426b5b59e407dd0fcba8ff12927415435237a.webp,web-derivatives-v1/files/c7cc37d3-fe29-bd65-0b27-dd65d3232db0.webp
CATV1-P024-R1R,7b0bbfb8-60cf-c460-2dce-0dd9c4f75594,aea0cb2c-9f83-7d2f-e46a-55ae6ba0b91c,POLICY_APPROVED,409d6bba4e317702d4675b5e723b919b71c879bd15ece3bfebebca251e177490,2454,image/webp,345,176,lihen-product-web,products/7b0bbfb8-60cf-c460-2dce-0dd9c4f75594/aea0cb2c-9f83-7d2f-e46a-55ae6ba0b91c/web/409d6bba4e317702d4675b5e723b919b71c879bd15ece3bfebebca251e177490.webp,web-derivatives-v1/files/aea0cb2c-9f83-7d2f-e46a-55ae6ba0b91c.webp
CATV1-P024-R2L,ea1064d8-5a9c-d9c0-cd64-ba400161195a,dd3962f2-c7bf-be36-88e7-0ad23a8306d8,POLICY_APPROVED,dbaa123cccb8edf4cef0c9b09ffc777bfac73ba6734e7e51b3230c58557264c7,3056,image/webp,345,176,lihen-product-web,products/ea1064d8-5a9c-d9c0-cd64-ba400161195a/dd3962f2-c7bf-be36-88e7-0ad23a8306d8/web/dbaa123cccb8edf4cef0c9b09ffc777bfac73ba6734e7e51b3230c58557264c7.webp,web-derivatives-v1/files/dd3962f2-c7bf-be36-88e7-0ad23a8306d8.webp
CATV1-P024-R2R,0862b5ba-90a3-1754-5e45-58645334c955,b99ed2c8-dd04-0a18-88e8-50a416bcaada,POLICY_APPROVED,e4159e8accd5ec5376b9bc9dc845b5d3f6df913ddbfeac26d83fc208062506b7,1638,image/webp,345,176,lihen-product-web,products/0862b5ba-90a3-1754-5e45-58645334c955/b99ed2c8-dd04-0a18-88e8-50a416bcaada/web/e4159e8accd5ec5376b9bc9dc845b5d3f6df913ddbfeac26d83fc208062506b7.webp,web-derivatives-v1/files/b99ed2c8-dd04-0a18-88e8-50a416bcaada.webp
CATV1-P024-R3L,9033ed09-15e8-0070-2bc4-692f195c6b6e,8107c51c-fbb6-c9fd-0267-56070e70bc49,POLICY_APPROVED,edb8dbb7a8935046a5578ff341c2d2df05baad253e43480f3419c21d12483271,1728,image/webp,345,176,lihen-product-web,products/9033ed09-15e8-0070-2bc4-692f195c6b6e/8107c51c-fbb6-c9fd-0267-56070e70bc49/web/edb8dbb7a8935046a5578ff341c2d2df05baad253e43480f3419c21d12483271.webp,web-derivatives-v1/files/8107c51c-fbb6-c9fd-0267-56070e70bc49.webp
CATV1-P024-R3R,35667122-4257-fcb0-d629-5128e6fda0bf,473b9190-bf00-83b6-d17a-26c78aa62731,POLICY_APPROVED,b56b456f9d73033e31a15b0ef5961af34a4af69b4ebd92bc334227fe8cea8f7e,636,image/webp,345,176,lihen-product-web,products/35667122-4257-fcb0-d629-5128e6fda0bf/473b9190-bf00-83b6-d17a-26c78aa62731/web/b56b456f9d73033e31a15b0ef5961af34a4af69b4ebd92bc334227fe8cea8f7e.webp,web-derivatives-v1/files/473b9190-bf00-83b6-d17a-26c78aa62731.webp
CATV1-P025-R1L,33957a6c-e2c8-4a9d-dda4-73c6e3d62b58,c1dfbe3c-bd4b-a4ae-2dcb-4c12f339d00f,POLICY_APPROVED,45b3e732ce18ac3285d287bc6ba04a992bd041d2f7b7699cbe2fd7b00fb37e20,4144,image/webp,345,176,lihen-product-web,products/33957a6c-e2c8-4a9d-dda4-73c6e3d62b58/c1dfbe3c-bd4b-a4ae-2dcb-4c12f339d00f/web/45b3e732ce18ac3285d287bc6ba04a992bd041d2f7b7699cbe2fd7b00fb37e20.webp,web-derivatives-v1/files/c1dfbe3c-bd4b-a4ae-2dcb-4c12f339d00f.webp
CATV1-P025-R1R,24f658d1-3e34-3f0a-7330-daeef0d51e8a,506123f7-36ab-e83a-8ed0-a52b54679a6e,POLICY_APPROVED,f319b2d8f70c2dff8cd787782e1f5fad04a9288ac26294bf1b5fc056f7d5e5ee,2612,image/webp,345,176,lihen-product-web,products/24f658d1-3e34-3f0a-7330-daeef0d51e8a/506123f7-36ab-e83a-8ed0-a52b54679a6e/web/f319b2d8f70c2dff8cd787782e1f5fad04a9288ac26294bf1b5fc056f7d5e5ee.webp,web-derivatives-v1/files/506123f7-36ab-e83a-8ed0-a52b54679a6e.webp
CATV1-P025-R2L,120c7dcb-d1b7-1851-0377-44dd0be9c69b,02e73b55-133c-9f61-467d-9e034249d2ce,HUMAN_APPROVED,a567bd035aa8fa9d311d20993227ae3a6f09ef8ed1b5a572fef4a4986e7e19fa,2522,image/webp,345,176,lihen-product-web,products/120c7dcb-d1b7-1851-0377-44dd0be9c69b/02e73b55-133c-9f61-467d-9e034249d2ce/web/a567bd035aa8fa9d311d20993227ae3a6f09ef8ed1b5a572fef4a4986e7e19fa.webp,web-derivatives-v1/files/02e73b55-133c-9f61-467d-9e034249d2ce.webp
CATV1-P025-R2R,8b044835-3919-3561-5e40-04ffa4c3379c,873b1d1a-0f78-3318-82c8-1653e323bb5c,HUMAN_APPROVED,8617860994f70f50ae967fef470aa506343d38aa5db70f7b9d7ac7eab00e871e,3504,image/webp,345,176,lihen-product-web,products/8b044835-3919-3561-5e40-04ffa4c3379c/873b1d1a-0f78-3318-82c8-1653e323bb5c/web/8617860994f70f50ae967fef470aa506343d38aa5db70f7b9d7ac7eab00e871e.webp,web-derivatives-v1/files/873b1d1a-0f78-3318-82c8-1653e323bb5c.webp
CATV1-P025-R3L,43df7455-f40e-6c47-02ef-d424518be222,9c5f409f-aeeb-424f-60b5-7fa1d9edebbe,POLICY_APPROVED,d5c37955cdae43570c1b52ff0fcc645e2925e36370b24a1a4993a77a656ab272,2812,image/webp,345,176,lihen-product-web,products/43df7455-f40e-6c47-02ef-d424518be222/9c5f409f-aeeb-424f-60b5-7fa1d9edebbe/web/d5c37955cdae43570c1b52ff0fcc645e2925e36370b24a1a4993a77a656ab272.webp,web-derivatives-v1/files/9c5f409f-aeeb-424f-60b5-7fa1d9edebbe.webp
CATV1-P027-R1L,14de87bf-116b-6055-0180-441d78a075fe,6d3d4927-aec6-7d60-5d15-236e15f075a4,POLICY_APPROVED,32a977fab8ddb54c1297d297810f84dfc7d10440f1cde1d5368287686f3e96d0,1352,image/webp,345,176,lihen-product-web,products/14de87bf-116b-6055-0180-441d78a075fe/6d3d4927-aec6-7d60-5d15-236e15f075a4/web/32a977fab8ddb54c1297d297810f84dfc7d10440f1cde1d5368287686f3e96d0.webp,web-derivatives-v1/files/6d3d4927-aec6-7d60-5d15-236e15f075a4.webp
CATV1-P027-R1R,38c45804-e699-cc04-c43e-44e164973b7e,def64838-41c4-aae0-cd3f-23f929d5eec5,POLICY_APPROVED,6d71084243cac88066fb63a060a3c4e6bc9a31f75da14e732e2d43b5c55aec47,1672,image/webp,345,176,lihen-product-web,products/38c45804-e699-cc04-c43e-44e164973b7e/def64838-41c4-aae0-cd3f-23f929d5eec5/web/6d71084243cac88066fb63a060a3c4e6bc9a31f75da14e732e2d43b5c55aec47.webp,web-derivatives-v1/files/def64838-41c4-aae0-cd3f-23f929d5eec5.webp
CATV1-P027-R2L,e18c3818-2a8b-56ba-cc27-29de40e424a1,8c5c1baf-c439-321d-5b85-e2af34d5178f,POLICY_APPROVED,9485c2a1aec28483e24ef1c6f4006707e1963c9363143c1e674adf5659bc75f1,1378,image/webp,345,176,lihen-product-web,products/e18c3818-2a8b-56ba-cc27-29de40e424a1/8c5c1baf-c439-321d-5b85-e2af34d5178f/web/9485c2a1aec28483e24ef1c6f4006707e1963c9363143c1e674adf5659bc75f1.webp,web-derivatives-v1/files/8c5c1baf-c439-321d-5b85-e2af34d5178f.webp
CATV1-P027-R2R,9ac21c55-ca1b-e977-ad0e-869d623f3d11,a46a9f53-181b-dfd5-9a27-b3a7c8d1b4d3,POLICY_APPROVED,04e7e347173aeea0915442a8159d27eee16a618cd43c289cce5aed056db0ed52,1478,image/webp,345,176,lihen-product-web,products/9ac21c55-ca1b-e977-ad0e-869d623f3d11/a46a9f53-181b-dfd5-9a27-b3a7c8d1b4d3/web/04e7e347173aeea0915442a8159d27eee16a618cd43c289cce5aed056db0ed52.webp,web-derivatives-v1/files/a46a9f53-181b-dfd5-9a27-b3a7c8d1b4d3.webp
CATV1-P027-R3L,1321363f-964c-9287-bba9-d9b5861b608a,f8c16baa-2b80-1a66-f044-bfdc7cdd31dd,POLICY_APPROVED,b6d96d4786e0b2e59bf5d36c2734edf214064a4c6b97e5832ba342e3ee718c3d,856,image/webp,345,176,lihen-product-web,products/1321363f-964c-9287-bba9-d9b5861b608a/f8c16baa-2b80-1a66-f044-bfdc7cdd31dd/web/b6d96d4786e0b2e59bf5d36c2734edf214064a4c6b97e5832ba342e3ee718c3d.webp,web-derivatives-v1/files/f8c16baa-2b80-1a66-f044-bfdc7cdd31dd.webp
CATV1-P028-R1R,e79855e5-7b11-749b-f37b-0f8b97014d01,70856b8e-42e0-921d-f6ad-614aafc3ea9f,POLICY_APPROVED,4d9780643017a291c9a6ff29c9246a83da00e2e7c37ef9f65acb545326b7dbbf,1286,image/webp,345,176,lihen-product-web,products/e79855e5-7b11-749b-f37b-0f8b97014d01/70856b8e-42e0-921d-f6ad-614aafc3ea9f/web/4d9780643017a291c9a6ff29c9246a83da00e2e7c37ef9f65acb545326b7dbbf.webp,web-derivatives-v1/files/70856b8e-42e0-921d-f6ad-614aafc3ea9f.webp
CATV1-P028-R2L,9d501e52-e6e4-bf7d-ef32-90ba0c34ec5d,9e7061ae-2580-5ce7-7b71-f12a50c8be25,POLICY_APPROVED,e2729526aabb8570a48022d82f0a369e6a7fae1d590e90da7eae7953ab5707b4,1496,image/webp,345,176,lihen-product-web,products/9d501e52-e6e4-bf7d-ef32-90ba0c34ec5d/9e7061ae-2580-5ce7-7b71-f12a50c8be25/web/e2729526aabb8570a48022d82f0a369e6a7fae1d590e90da7eae7953ab5707b4.webp,web-derivatives-v1/files/9e7061ae-2580-5ce7-7b71-f12a50c8be25.webp
CATV1-P028-R2R,8793d235-cf76-cf68-67bf-08d097f6a33b,9cfe6229-f534-e472-f40b-b70ad9efa8da,POLICY_APPROVED,89967d1089560198cbf5504711b172b4e0805991ce4b47dc350b66f05184d1e7,996,image/webp,345,176,lihen-product-web,products/8793d235-cf76-cf68-67bf-08d097f6a33b/9cfe6229-f534-e472-f40b-b70ad9efa8da/web/89967d1089560198cbf5504711b172b4e0805991ce4b47dc350b66f05184d1e7.webp,web-derivatives-v1/files/9cfe6229-f534-e472-f40b-b70ad9efa8da.webp
CATV1-P028-R3L,f54a051a-0b6f-a165-ac78-95d3c3756ff1,c963ebc4-60d0-92e6-d714-38d19840aad9,POLICY_APPROVED,3e039352996a4925b81fa45bcba8529fe1d2223fcf8fbcb0930d613458efbcaa,1604,image/webp,345,176,lihen-product-web,products/f54a051a-0b6f-a165-ac78-95d3c3756ff1/c963ebc4-60d0-92e6-d714-38d19840aad9/web/3e039352996a4925b81fa45bcba8529fe1d2223fcf8fbcb0930d613458efbcaa.webp,web-derivatives-v1/files/c963ebc4-60d0-92e6-d714-38d19840aad9.webp
CATV1-P028-R3R,f61131a0-dd0d-126f-2b9a-146a3c91108b,bfffab06-344c-7bcc-b122-9e1b0be9072e,HUMAN_APPROVED,bf49b9521ba5fd65b7be8fa3015b318e33283ff1867776656745d239061640db,1432,image/webp,345,176,lihen-product-web,products/f61131a0-dd0d-126f-2b9a-146a3c91108b/bfffab06-344c-7bcc-b122-9e1b0be9072e/web/bf49b9521ba5fd65b7be8fa3015b318e33283ff1867776656745d239061640db.webp,web-derivatives-v1/files/bfffab06-344c-7bcc-b122-9e1b0be9072e.webp
CATV1-P029-R1L,ed51457f-75ce-45e9-10c6-17a3580b1042,f3d754ac-f441-0a71-275c-36f390db0ed7,POLICY_APPROVED,92cca16d810c7c570a9593ac62fad0cbfde1bc9a114e7823e97e7c05544602f1,1864,image/webp,345,176,lihen-product-web,products/ed51457f-75ce-45e9-10c6-17a3580b1042/f3d754ac-f441-0a71-275c-36f390db0ed7/web/92cca16d810c7c570a9593ac62fad0cbfde1bc9a114e7823e97e7c05544602f1.webp,web-derivatives-v1/files/f3d754ac-f441-0a71-275c-36f390db0ed7.webp
CATV1-P029-R1R,4e743be0-2a66-104c-e081-5c514e75e1f5,8693caab-f212-7afa-f72c-1201af189cbf,POLICY_APPROVED,f89ee975cfc1079924c7081e93a2240e82fb73c2fe11729363524c0b0fc84f51,1436,image/webp,345,176,lihen-product-web,products/4e743be0-2a66-104c-e081-5c514e75e1f5/8693caab-f212-7afa-f72c-1201af189cbf/web/f89ee975cfc1079924c7081e93a2240e82fb73c2fe11729363524c0b0fc84f51.webp,web-derivatives-v1/files/8693caab-f212-7afa-f72c-1201af189cbf.webp
CATV1-P029-R2L,581e8a17-179a-3be2-b149-4505f1c439c6,115b5408-c0e5-da43-c508-c4f205b2cadb,HUMAN_APPROVED,730725a4c68848a74e7c4b7755705407788234207f0db25b1624d5aec27770ef,1498,image/webp,345,176,lihen-product-web,products/581e8a17-179a-3be2-b149-4505f1c439c6/115b5408-c0e5-da43-c508-c4f205b2cadb/web/730725a4c68848a74e7c4b7755705407788234207f0db25b1624d5aec27770ef.webp,web-derivatives-v1/files/115b5408-c0e5-da43-c508-c4f205b2cadb.webp
CATV1-P029-R2R,f197d83e-4078-5203-1fa6-1e74e1e1aa8b,5e3cde25-42b4-b04d-a3bb-a0495c76cf54,POLICY_APPROVED,795361abe1be03d1e0dec1e8ed27baa4a3d6b2bbae84f41f91a358fdb7992de4,1750,image/webp,345,176,lihen-product-web,products/f197d83e-4078-5203-1fa6-1e74e1e1aa8b/5e3cde25-42b4-b04d-a3bb-a0495c76cf54/web/795361abe1be03d1e0dec1e8ed27baa4a3d6b2bbae84f41f91a358fdb7992de4.webp,web-derivatives-v1/files/5e3cde25-42b4-b04d-a3bb-a0495c76cf54.webp
CATV1-P029-R3L,20b1eed7-1cac-ee04-067f-6d76057f55ed,9c6ab613-8a76-1b25-b367-d23d2e195f88,POLICY_APPROVED,3c7fad76dee536bd1c21208d90bd92e770df9816223253a06adc31734ee73dcc,1932,image/webp,345,176,lihen-product-web,products/20b1eed7-1cac-ee04-067f-6d76057f55ed/9c6ab613-8a76-1b25-b367-d23d2e195f88/web/3c7fad76dee536bd1c21208d90bd92e770df9816223253a06adc31734ee73dcc.webp,web-derivatives-v1/files/9c6ab613-8a76-1b25-b367-d23d2e195f88.webp
CATV1-P030-R1L,0f2eadcc-b7c7-89ee-fcef-0597ac9fbe10,b3e3a87f-896d-beaa-bf12-103b9ab76f93,POLICY_APPROVED,34532c9663a5d9834198c77b77f026bfa5823398ecea0866115db0c4dbae6595,994,image/webp,345,176,lihen-product-web,products/0f2eadcc-b7c7-89ee-fcef-0597ac9fbe10/b3e3a87f-896d-beaa-bf12-103b9ab76f93/web/34532c9663a5d9834198c77b77f026bfa5823398ecea0866115db0c4dbae6595.webp,web-derivatives-v1/files/b3e3a87f-896d-beaa-bf12-103b9ab76f93.webp
CATV1-P030-R1R,1644cb13-dead-5790-8ba6-34b2c4df5645,041c846c-2632-aaf0-e009-b7b6f88c0e32,POLICY_APPROVED,5b4c2f075c9e2eec23563f0c3acb413933b13274f15384521ee6bd25db24ebcd,1156,image/webp,345,176,lihen-product-web,products/1644cb13-dead-5790-8ba6-34b2c4df5645/041c846c-2632-aaf0-e009-b7b6f88c0e32/web/5b4c2f075c9e2eec23563f0c3acb413933b13274f15384521ee6bd25db24ebcd.webp,web-derivatives-v1/files/041c846c-2632-aaf0-e009-b7b6f88c0e32.webp
CATV1-P030-R2L,836023ca-3bce-a9ca-e372-d3f79468a388,fe9f310f-24d1-b7ce-7fee-338468588387,POLICY_APPROVED,cc5b465509f0ed92ec1d4f5ff7970dac6be8e3a0232e395b13cbff125ee9835f,3640,image/webp,345,176,lihen-product-web,products/836023ca-3bce-a9ca-e372-d3f79468a388/fe9f310f-24d1-b7ce-7fee-338468588387/web/cc5b465509f0ed92ec1d4f5ff7970dac6be8e3a0232e395b13cbff125ee9835f.webp,web-derivatives-v1/files/fe9f310f-24d1-b7ce-7fee-338468588387.webp
CATV1-P030-R2R,59cc407c-bff6-83e6-952b-61e64835f14e,2a976af2-4d41-fe14-53f6-2b1ff11c105d,POLICY_APPROVED,9f0c2395c71ec7dc7bf5e5eb74a770531e9d490a3b811ceb27ccdf5da76087bd,2932,image/webp,345,176,lihen-product-web,products/59cc407c-bff6-83e6-952b-61e64835f14e/2a976af2-4d41-fe14-53f6-2b1ff11c105d/web/9f0c2395c71ec7dc7bf5e5eb74a770531e9d490a3b811ceb27ccdf5da76087bd.webp,web-derivatives-v1/files/2a976af2-4d41-fe14-53f6-2b1ff11c105d.webp
CATV1-P030-R3L,8f8ac0d0-0ce6-c81a-81d8-70c89da7dc72,98983d3a-c10c-b9bf-252a-e46737b4018c,POLICY_APPROVED,42cec5c58a193b7fe1a62c2e899423abb2e1672b6f0466c34019b67febaa3ed3,2568,image/webp,345,176,lihen-product-web,products/8f8ac0d0-0ce6-c81a-81d8-70c89da7dc72/98983d3a-c10c-b9bf-252a-e46737b4018c/web/42cec5c58a193b7fe1a62c2e899423abb2e1672b6f0466c34019b67febaa3ed3.webp,web-derivatives-v1/files/98983d3a-c10c-b9bf-252a-e46737b4018c.webp
CATV1-P030-R3R,d179848c-6fec-30e6-d704-dadf3ad61295,c3788a0f-5874-90ba-78f8-e186caf7e6a5,POLICY_APPROVED,9d25a2190a17518ee780bd16a3a6a870e08db109b2e125e5ea199009512effa2,3706,image/webp,345,176,lihen-product-web,products/d179848c-6fec-30e6-d704-dadf3ad61295/c3788a0f-5874-90ba-78f8-e186caf7e6a5/web/9d25a2190a17518ee780bd16a3a6a870e08db109b2e125e5ea199009512effa2.webp,web-derivatives-v1/files/c3788a0f-5874-90ba-78f8-e186caf7e6a5.webp
CATV1-P031-R1L,e4506798-cbc1-2daa-b82d-14f7d5530403,fdbd8a33-bf23-3678-1c7e-5b86f3a2df05,POLICY_APPROVED,f85a763e6ab1d516304e75dbe7c6ede9b667a04bb0fc6e38945a2ff8cc827e71,856,image/webp,345,176,lihen-product-web,products/e4506798-cbc1-2daa-b82d-14f7d5530403/fdbd8a33-bf23-3678-1c7e-5b86f3a2df05/web/f85a763e6ab1d516304e75dbe7c6ede9b667a04bb0fc6e38945a2ff8cc827e71.webp,web-derivatives-v1/files/fdbd8a33-bf23-3678-1c7e-5b86f3a2df05.webp
CATV1-P031-R1R,06a9e178-91d6-4590-5170-1780402dc0ac,d455ed58-7f10-34a7-787c-c4ce5d353aca,POLICY_APPROVED,728a9936bbc7b4205a58b9b1740b933866befa4a3d101501930d61b5fa3bbda5,1896,image/webp,345,176,lihen-product-web,products/06a9e178-91d6-4590-5170-1780402dc0ac/d455ed58-7f10-34a7-787c-c4ce5d353aca/web/728a9936bbc7b4205a58b9b1740b933866befa4a3d101501930d61b5fa3bbda5.webp,web-derivatives-v1/files/d455ed58-7f10-34a7-787c-c4ce5d353aca.webp
CATV1-P031-R2L,fb25c133-bf34-398d-fbb3-66f68f650236,77748ad0-6aaa-6f7f-a0ed-f3878a501608,POLICY_APPROVED,284e8ed347b788e44feb15a616ff522ff2ad7ff6cc601b104463f7b9c9eaf9e3,2126,image/webp,345,176,lihen-product-web,products/fb25c133-bf34-398d-fbb3-66f68f650236/77748ad0-6aaa-6f7f-a0ed-f3878a501608/web/284e8ed347b788e44feb15a616ff522ff2ad7ff6cc601b104463f7b9c9eaf9e3.webp,web-derivatives-v1/files/77748ad0-6aaa-6f7f-a0ed-f3878a501608.webp
CATV1-P031-R2R,70b302c1-cc0a-892c-e242-f4aa5da1d0d2,4c0665e1-047d-4bb2-da76-f921d8148bab,POLICY_APPROVED,0b57255e1f33141e21acea654c5a5b62d7be48951c4bc46914f9b774a413d5bb,1358,image/webp,345,176,lihen-product-web,products/70b302c1-cc0a-892c-e242-f4aa5da1d0d2/4c0665e1-047d-4bb2-da76-f921d8148bab/web/0b57255e1f33141e21acea654c5a5b62d7be48951c4bc46914f9b774a413d5bb.webp,web-derivatives-v1/files/4c0665e1-047d-4bb2-da76-f921d8148bab.webp
CATV1-P031-R3L,50d00634-db08-c9f0-7cbf-62d7681f9c33,2f83785a-2780-106b-ce2d-320e9c86543c,POLICY_APPROVED,9b56379c3a03236faf84037df55ffc9ca71babd910e7d0bdde467cf5725c4855,2364,image/webp,345,176,lihen-product-web,products/50d00634-db08-c9f0-7cbf-62d7681f9c33/2f83785a-2780-106b-ce2d-320e9c86543c/web/9b56379c3a03236faf84037df55ffc9ca71babd910e7d0bdde467cf5725c4855.webp,web-derivatives-v1/files/2f83785a-2780-106b-ce2d-320e9c86543c.webp
CATV1-P031-R3R,c1c8255c-f9f7-e4e9-f775-377cf04a5569,d9f46322-8f11-29bd-0b03-9a0287aedbc6,POLICY_APPROVED,8ed714d70f343e9eeaa7f9b8036fc89a76250a1a3ca6b7cd40e0d7d60216f252,1622,image/webp,345,176,lihen-product-web,products/c1c8255c-f9f7-e4e9-f775-377cf04a5569/d9f46322-8f11-29bd-0b03-9a0287aedbc6/web/8ed714d70f343e9eeaa7f9b8036fc89a76250a1a3ca6b7cd40e0d7d60216f252.webp,web-derivatives-v1/files/d9f46322-8f11-29bd-0b03-9a0287aedbc6.webp
CATV1-P032-R1L,544bf19b-60f0-8fbb-b417-eae4ba4cec45,dacf2857-328e-02ec-be64-2f3f798d7b5e,POLICY_APPROVED,0938543d06ed8e72c3dd14f30f9d535a8b963752114fe53df92df07f8bbb98fa,1538,image/webp,345,176,lihen-product-web,products/544bf19b-60f0-8fbb-b417-eae4ba4cec45/dacf2857-328e-02ec-be64-2f3f798d7b5e/web/0938543d06ed8e72c3dd14f30f9d535a8b963752114fe53df92df07f8bbb98fa.webp,web-derivatives-v1/files/dacf2857-328e-02ec-be64-2f3f798d7b5e.webp
CATV1-P032-R1R,5e2eca9b-1075-2f02-5cb4-6822b669135b,b1b96eb5-e4fd-6437-4e09-ca86fb19e6ae,POLICY_APPROVED,962f4ec526891eae83d86d323867a009694c6f13222a6740d283b2f7327733de,1886,image/webp,345,176,lihen-product-web,products/5e2eca9b-1075-2f02-5cb4-6822b669135b/b1b96eb5-e4fd-6437-4e09-ca86fb19e6ae/web/962f4ec526891eae83d86d323867a009694c6f13222a6740d283b2f7327733de.webp,web-derivatives-v1/files/b1b96eb5-e4fd-6437-4e09-ca86fb19e6ae.webp
CATV1-P032-R2L,5e3b74af-622f-e36e-52ec-b4592f502cd3,ab86446a-f139-c596-4be3-12fa332921c6,POLICY_APPROVED,80c132d99a6965c5dfe4ae85a570602f66d8cb6f758c94bfd7c94f6f57baa041,2012,image/webp,345,176,lihen-product-web,products/5e3b74af-622f-e36e-52ec-b4592f502cd3/ab86446a-f139-c596-4be3-12fa332921c6/web/80c132d99a6965c5dfe4ae85a570602f66d8cb6f758c94bfd7c94f6f57baa041.webp,web-derivatives-v1/files/ab86446a-f139-c596-4be3-12fa332921c6.webp
CATV1-P032-R2R,450fc4fb-04a0-21e6-a7d1-73d63ae2279b,ea782d4b-a31a-3db9-82b7-230a7e5e2be3,POLICY_APPROVED,fcd7a62ce7447ff24663900853e278bb8ae4b5adaf9389e210c82c829d865df7,2272,image/webp,345,176,lihen-product-web,products/450fc4fb-04a0-21e6-a7d1-73d63ae2279b/ea782d4b-a31a-3db9-82b7-230a7e5e2be3/web/fcd7a62ce7447ff24663900853e278bb8ae4b5adaf9389e210c82c829d865df7.webp,web-derivatives-v1/files/ea782d4b-a31a-3db9-82b7-230a7e5e2be3.webp
CATV1-P032-R3L,fdb24274-80ae-e120-d88c-fdd4edf656c9,a13c7c14-058f-49e4-a702-30d8eab248bc,POLICY_APPROVED,9ed509964c342520f4229697dbd3321046d8e4da55dd6d4f340d73e19dd9f6a3,1826,image/webp,345,176,lihen-product-web,products/fdb24274-80ae-e120-d88c-fdd4edf656c9/a13c7c14-058f-49e4-a702-30d8eab248bc/web/9ed509964c342520f4229697dbd3321046d8e4da55dd6d4f340d73e19dd9f6a3.webp,web-derivatives-v1/files/a13c7c14-058f-49e4-a702-30d8eab248bc.webp
CATV1-P032-R3R,ae76e9de-4e92-1649-bb0c-725060f41f04,79b1d3c8-9c26-8e3c-d728-5b38260e7696,HUMAN_APPROVED,40d6194fb06bca250434c3ea3328a1ce1470a9c7321404f6243a9bc398f57194,1292,image/webp,345,176,lihen-product-web,products/ae76e9de-4e92-1649-bb0c-725060f41f04/79b1d3c8-9c26-8e3c-d728-5b38260e7696/web/40d6194fb06bca250434c3ea3328a1ce1470a9c7321404f6243a9bc398f57194.webp,web-derivatives-v1/files/79b1d3c8-9c26-8e3c-d728-5b38260e7696.webp
CATV1-P033-R1L,2db1dc52-e86d-f8f0-23bb-146e979f1e9e,215ce830-48fc-d2a5-ffb9-2ed8d8c99a10,POLICY_APPROVED,025d0ee9fcd8a3435522f08ce197cb398f63faf6d99d61f2d4dc73df0aad7e3a,1258,image/webp,345,176,lihen-product-web,products/2db1dc52-e86d-f8f0-23bb-146e979f1e9e/215ce830-48fc-d2a5-ffb9-2ed8d8c99a10/web/025d0ee9fcd8a3435522f08ce197cb398f63faf6d99d61f2d4dc73df0aad7e3a.webp,web-derivatives-v1/files/215ce830-48fc-d2a5-ffb9-2ed8d8c99a10.webp
CATV1-P033-R2L,f7190184-ea01-8102-abb5-2c4f779117f4,d88d32ac-71c9-761b-f24e-92687ca87b64,POLICY_APPROVED,eed46be8966ab080adea2362197652d2c953a9083d5d8cfee76796e47b45150e,1548,image/webp,345,176,lihen-product-web,products/f7190184-ea01-8102-abb5-2c4f779117f4/d88d32ac-71c9-761b-f24e-92687ca87b64/web/eed46be8966ab080adea2362197652d2c953a9083d5d8cfee76796e47b45150e.webp,web-derivatives-v1/files/d88d32ac-71c9-761b-f24e-92687ca87b64.webp
CATV1-P033-R2R,f3b2b102-8f5d-c2db-5d8a-ab89c866a6ea,883d0ebc-1c78-1798-403d-fcf9ecabe2d9,POLICY_APPROVED,f0d132b18ac38a49288f1f447fce610e5c62d4f349a6711a1fd0ed9d6bcae874,3572,image/webp,345,176,lihen-product-web,products/f3b2b102-8f5d-c2db-5d8a-ab89c866a6ea/883d0ebc-1c78-1798-403d-fcf9ecabe2d9/web/f0d132b18ac38a49288f1f447fce610e5c62d4f349a6711a1fd0ed9d6bcae874.webp,web-derivatives-v1/files/883d0ebc-1c78-1798-403d-fcf9ecabe2d9.webp
CATV1-P033-R3L,4f904d0d-e362-9860-f02e-febf92f30b6a,c40174f2-bcc7-112e-21fe-df71e244f0f8,POLICY_APPROVED,e8e4a0f9b77558c61e74ba2d635232299b5e9ce6abb723ee1838f4cf24cf34cf,3212,image/webp,345,176,lihen-product-web,products/4f904d0d-e362-9860-f02e-febf92f30b6a/c40174f2-bcc7-112e-21fe-df71e244f0f8/web/e8e4a0f9b77558c61e74ba2d635232299b5e9ce6abb723ee1838f4cf24cf34cf.webp,web-derivatives-v1/files/c40174f2-bcc7-112e-21fe-df71e244f0f8.webp
CATV1-P033-R3R,1a83bcd7-3490-fe08-c844-62c9f23efb53,2b24a48d-27b5-3a4b-cd14-2f7777c54079,POLICY_APPROVED,1bf5a410756f0261c1baec4e38e0706f76663c9e13589c1b3be5241648834ca3,2764,image/webp,345,176,lihen-product-web,products/1a83bcd7-3490-fe08-c844-62c9f23efb53/2b24a48d-27b5-3a4b-cd14-2f7777c54079/web/1bf5a410756f0261c1baec4e38e0706f76663c9e13589c1b3be5241648834ca3.webp,web-derivatives-v1/files/2b24a48d-27b5-3a4b-cd14-2f7777c54079.webp
CATV1-P034-R1L,e844a92f-886a-5594-03dc-a54a569c5204,4ebb37d9-28bd-2580-50e5-5391dde22c43,POLICY_APPROVED,7116de2d1a117e951d2845dbc1f60ec8eca9d67083c4c84e7fec2d139eb81b03,1958,image/webp,345,176,lihen-product-web,products/e844a92f-886a-5594-03dc-a54a569c5204/4ebb37d9-28bd-2580-50e5-5391dde22c43/web/7116de2d1a117e951d2845dbc1f60ec8eca9d67083c4c84e7fec2d139eb81b03.webp,web-derivatives-v1/files/4ebb37d9-28bd-2580-50e5-5391dde22c43.webp
CATV1-P034-R1R,3ba4509f-b846-989c-1b1f-1142f9ed9c15,7a68e6e6-5dde-abde-e7c9-e15f337ec591,POLICY_APPROVED,32a67d0ecf56900ad3bb5c3af4fe1cc3fb3eaf419843714bb94c30b728bacc30,2074,image/webp,345,176,lihen-product-web,products/3ba4509f-b846-989c-1b1f-1142f9ed9c15/7a68e6e6-5dde-abde-e7c9-e15f337ec591/web/32a67d0ecf56900ad3bb5c3af4fe1cc3fb3eaf419843714bb94c30b728bacc30.webp,web-derivatives-v1/files/7a68e6e6-5dde-abde-e7c9-e15f337ec591.webp
CATV1-P034-R2L,c031eda7-6db8-e043-c7c7-287481efa4c6,707f2f11-1310-a6ee-cb7d-4f80c76a7f86,POLICY_APPROVED,e763cef5812ad49a9089bda1b29baafaffa3c640df4e7b07dc98fd91d44dc02e,1688,image/webp,345,176,lihen-product-web,products/c031eda7-6db8-e043-c7c7-287481efa4c6/707f2f11-1310-a6ee-cb7d-4f80c76a7f86/web/e763cef5812ad49a9089bda1b29baafaffa3c640df4e7b07dc98fd91d44dc02e.webp,web-derivatives-v1/files/707f2f11-1310-a6ee-cb7d-4f80c76a7f86.webp
CATV1-P035-R2L,b0330eca-b068-ffe0-c404-c3d49d5c1c95,e47e2115-3d81-356e-1590-5dfa35d12231,POLICY_APPROVED,e71e62b144719e3180867a257ec77dcea25af29bd30a9a113325a5ec60d0d4f0,2330,image/webp,345,176,lihen-product-web,products/b0330eca-b068-ffe0-c404-c3d49d5c1c95/e47e2115-3d81-356e-1590-5dfa35d12231/web/e71e62b144719e3180867a257ec77dcea25af29bd30a9a113325a5ec60d0d4f0.webp,web-derivatives-v1/files/e47e2115-3d81-356e-1590-5dfa35d12231.webp
CATV1-P035-R2R,05b313d8-0cb0-abb3-edf2-607433bb5c6d,9ff11ed0-c51b-6aea-f24a-9590cae6bf29,POLICY_APPROVED,e66eea72f421df6a90b5ec28288dc94be49652f406a5e9a46d0f692604bd9bba,1406,image/webp,345,176,lihen-product-web,products/05b313d8-0cb0-abb3-edf2-607433bb5c6d/9ff11ed0-c51b-6aea-f24a-9590cae6bf29/web/e66eea72f421df6a90b5ec28288dc94be49652f406a5e9a46d0f692604bd9bba.webp,web-derivatives-v1/files/9ff11ed0-c51b-6aea-f24a-9590cae6bf29.webp
CATV1-P035-R3L,9190c109-87c0-2921-c9cd-ff34c746b338,fe3ec640-bb97-9931-d338-7acf21b16818,POLICY_APPROVED,d7425764c6dbd962adf293fa98522f2d22ea14bb229adc12646220aedda45d73,1088,image/webp,345,176,lihen-product-web,products/9190c109-87c0-2921-c9cd-ff34c746b338/fe3ec640-bb97-9931-d338-7acf21b16818/web/d7425764c6dbd962adf293fa98522f2d22ea14bb229adc12646220aedda45d73.webp,web-derivatives-v1/files/fe3ec640-bb97-9931-d338-7acf21b16818.webp
CATV1-P037-R1L,61ecc5ff-e9cd-fb24-4cbc-fe8cc3c7a042,9804e30f-9ca9-0cfa-bc31-1d7d1838b0d9,HUMAN_APPROVED,9194069419943bc5368207df05d64eb7981820157bd2181c06256808a59e82a7,3390,image/webp,345,176,lihen-product-web,products/61ecc5ff-e9cd-fb24-4cbc-fe8cc3c7a042/9804e30f-9ca9-0cfa-bc31-1d7d1838b0d9/web/9194069419943bc5368207df05d64eb7981820157bd2181c06256808a59e82a7.webp,web-derivatives-v1/files/9804e30f-9ca9-0cfa-bc31-1d7d1838b0d9.webp
CATV1-P037-R1R,d7d66c38-2d7b-47b8-0ff9-34e98eb59538,9e32ab8a-787f-0dd8-76b0-777f05f114bf,POLICY_APPROVED,5f9c0e86588e420994cacc929cf04b1e6f706971b0eca2ef76ce7794d1f4f5db,4256,image/webp,345,176,lihen-product-web,products/d7d66c38-2d7b-47b8-0ff9-34e98eb59538/9e32ab8a-787f-0dd8-76b0-777f05f114bf/web/5f9c0e86588e420994cacc929cf04b1e6f706971b0eca2ef76ce7794d1f4f5db.webp,web-derivatives-v1/files/9e32ab8a-787f-0dd8-76b0-777f05f114bf.webp
CATV1-P037-R2L,2eb43dee-15e9-b274-2a66-760bdbdf55d0,922c86e8-90c5-ede6-4e4e-3d5d40ef68e2,HUMAN_APPROVED,8a7f0102db1b74b712e441f570b04b29c03b1a915136a9f976df0a62157cc518,3252,image/webp,345,176,lihen-product-web,products/2eb43dee-15e9-b274-2a66-760bdbdf55d0/922c86e8-90c5-ede6-4e4e-3d5d40ef68e2/web/8a7f0102db1b74b712e441f570b04b29c03b1a915136a9f976df0a62157cc518.webp,web-derivatives-v1/files/922c86e8-90c5-ede6-4e4e-3d5d40ef68e2.webp
CATV1-P037-R2R,a14897c9-1d67-f7fd-db7a-e35bfd57bfb9,af1a9053-f774-cddc-1821-d969ba38b0f3,POLICY_APPROVED,185fba65897c21b85b305ffdc692ce65528cbee6e02646441b51c27b7c77a949,4038,image/webp,345,176,lihen-product-web,products/a14897c9-1d67-f7fd-db7a-e35bfd57bfb9/af1a9053-f774-cddc-1821-d969ba38b0f3/web/185fba65897c21b85b305ffdc692ce65528cbee6e02646441b51c27b7c77a949.webp,web-derivatives-v1/files/af1a9053-f774-cddc-1821-d969ba38b0f3.webp
CATV1-P037-R3L,eb6eb282-5a52-322c-dabe-cec4675a35fd,43abd94d-c8a7-055e-af6b-700ed6f429cf,POLICY_APPROVED,a21e39cedcec93d603c2e65fb3ffaea7d10292cbdd6883d112993feb303c21bc,2194,image/webp,345,176,lihen-product-web,products/eb6eb282-5a52-322c-dabe-cec4675a35fd/43abd94d-c8a7-055e-af6b-700ed6f429cf/web/a21e39cedcec93d603c2e65fb3ffaea7d10292cbdd6883d112993feb303c21bc.webp,web-derivatives-v1/files/43abd94d-c8a7-055e-af6b-700ed6f429cf.webp
CATV1-P037-R3R,40a119f8-f86c-a616-f62d-5b04704ced46,db9e1278-a706-fd10-3a20-463d8200b11c,POLICY_APPROVED,c21a535b4705e1d7645fbe6964d3487f2800fd8c5288b30f0245c1989488c8b5,1258,image/webp,345,176,lihen-product-web,products/40a119f8-f86c-a616-f62d-5b04704ced46/db9e1278-a706-fd10-3a20-463d8200b11c/web/c21a535b4705e1d7645fbe6964d3487f2800fd8c5288b30f0245c1989488c8b5.webp,web-derivatives-v1/files/db9e1278-a706-fd10-3a20-463d8200b11c.webp
CATV1-P038-R1L,4154177b-69da-0187-660e-602e493384a6,b100ecec-3995-06c3-5d5c-df1babd14534,POLICY_APPROVED,d3a573ad43db529876d4d1c6c26cc3670bd936499ec05b2a2d65ea6092e1fc02,998,image/webp,345,176,lihen-product-web,products/4154177b-69da-0187-660e-602e493384a6/b100ecec-3995-06c3-5d5c-df1babd14534/web/d3a573ad43db529876d4d1c6c26cc3670bd936499ec05b2a2d65ea6092e1fc02.webp,web-derivatives-v1/files/b100ecec-3995-06c3-5d5c-df1babd14534.webp
CATV1-P038-R1R,c825d1d4-278e-6c48-e791-2c013d25fb19,11937751-0801-463c-e626-b8912b99ee87,POLICY_APPROVED,d7ef2061631631dc7fa40faaec47c3b73c00bb113ed2206575ef38059c44870e,978,image/webp,345,176,lihen-product-web,products/c825d1d4-278e-6c48-e791-2c013d25fb19/11937751-0801-463c-e626-b8912b99ee87/web/d7ef2061631631dc7fa40faaec47c3b73c00bb113ed2206575ef38059c44870e.webp,web-derivatives-v1/files/11937751-0801-463c-e626-b8912b99ee87.webp
CATV1-P038-R2L,94be1739-df76-a488-47a5-6b2b979accc7,f6e5ef99-adbd-5f23-1afe-3b52a812f0c3,POLICY_APPROVED,04b6370f5958bba372c4ddd08b54f70a5b550786aa0a8a3a2a5efa8357e535ab,1022,image/webp,345,176,lihen-product-web,products/94be1739-df76-a488-47a5-6b2b979accc7/f6e5ef99-adbd-5f23-1afe-3b52a812f0c3/web/04b6370f5958bba372c4ddd08b54f70a5b550786aa0a8a3a2a5efa8357e535ab.webp,web-derivatives-v1/files/f6e5ef99-adbd-5f23-1afe-3b52a812f0c3.webp
CATV1-P038-R2R,dca2d89d-b05d-a2bc-3109-5bc9746cd875,95173778-3151-fdf8-781a-bfe16bf3359e,POLICY_APPROVED,6a2dfcaab92ee0b23eae0673fca78196cfd07c174156e77f85493ea9174135fc,1596,image/webp,345,176,lihen-product-web,products/dca2d89d-b05d-a2bc-3109-5bc9746cd875/95173778-3151-fdf8-781a-bfe16bf3359e/web/6a2dfcaab92ee0b23eae0673fca78196cfd07c174156e77f85493ea9174135fc.webp,web-derivatives-v1/files/95173778-3151-fdf8-781a-bfe16bf3359e.webp
CATV1-P038-R3L,33777039-ff5f-61c2-f0ec-dc2f63560af4,7f5b13ca-95f0-5dd9-6dd9-ca6ae63aa9af,POLICY_APPROVED,597f3c00efb352f5cf20a8f68d866620dfac19837a2a77ecd56d43060c7f3597,2870,image/webp,345,176,lihen-product-web,products/33777039-ff5f-61c2-f0ec-dc2f63560af4/7f5b13ca-95f0-5dd9-6dd9-ca6ae63aa9af/web/597f3c00efb352f5cf20a8f68d866620dfac19837a2a77ecd56d43060c7f3597.webp,web-derivatives-v1/files/7f5b13ca-95f0-5dd9-6dd9-ca6ae63aa9af.webp
CATV1-P038-R3R,51d047a8-1358-b123-a72d-486c813ce45f,0e1f1fd7-cc50-43a0-d397-ffaef4a66db2,POLICY_APPROVED,c54c4e301c32852e8d935f47567e5feb34acdac9e98383df3be8cc06d5032e8a,5514,image/webp,345,176,lihen-product-web,products/51d047a8-1358-b123-a72d-486c813ce45f/0e1f1fd7-cc50-43a0-d397-ffaef4a66db2/web/c54c4e301c32852e8d935f47567e5feb34acdac9e98383df3be8cc06d5032e8a.webp,web-derivatives-v1/files/0e1f1fd7-cc50-43a0-d397-ffaef4a66db2.webp
CATV1-P039-R1L,21cbd5f9-3b28-0056-fd0e-1f54657eec4f,8dc15c4c-5a39-e46f-31f7-e45950a4f276,HUMAN_APPROVED,5e7dcf14be2c8e7c2f649eca554be3237826d1df992baa1470813f8198f2c5c9,1192,image/webp,345,176,lihen-product-web,products/21cbd5f9-3b28-0056-fd0e-1f54657eec4f/8dc15c4c-5a39-e46f-31f7-e45950a4f276/web/5e7dcf14be2c8e7c2f649eca554be3237826d1df992baa1470813f8198f2c5c9.webp,web-derivatives-v1/files/8dc15c4c-5a39-e46f-31f7-e45950a4f276.webp
CATV1-P039-R1R,3b7719d4-6c26-93d8-3b17-a3df08332d74,88c32287-d947-68dc-16c1-9fa9564aec23,POLICY_APPROVED,8edddd6e5808b91e3920c6072fa9f1ecf717a68423ea2e08f6545d76bd790f9e,3040,image/webp,345,176,lihen-product-web,products/3b7719d4-6c26-93d8-3b17-a3df08332d74/88c32287-d947-68dc-16c1-9fa9564aec23/web/8edddd6e5808b91e3920c6072fa9f1ecf717a68423ea2e08f6545d76bd790f9e.webp,web-derivatives-v1/files/88c32287-d947-68dc-16c1-9fa9564aec23.webp
CATV1-P039-R2L,141fed9b-5777-ddb2-ccce-cb1d4f2307d7,e1b0f3f5-f498-cf4a-ccd4-16d6f10c4e59,POLICY_APPROVED,e0ca82aa840ed1cb0e0dc531b9bdc1b3c6798e831666fcaf37cb1b12038d1275,1702,image/webp,345,176,lihen-product-web,products/141fed9b-5777-ddb2-ccce-cb1d4f2307d7/e1b0f3f5-f498-cf4a-ccd4-16d6f10c4e59/web/e0ca82aa840ed1cb0e0dc531b9bdc1b3c6798e831666fcaf37cb1b12038d1275.webp,web-derivatives-v1/files/e1b0f3f5-f498-cf4a-ccd4-16d6f10c4e59.webp
CATV1-P039-R2R,ff83b7b7-7311-8405-6658-ac75b750a39b,257741c0-f97e-7239-d4c9-c9e10547e3f3,POLICY_APPROVED,3aa0c03df52752accd9513fe094ee9fb505e7f7e1e54b01eed0baa956d8e943f,1476,image/webp,345,176,lihen-product-web,products/ff83b7b7-7311-8405-6658-ac75b750a39b/257741c0-f97e-7239-d4c9-c9e10547e3f3/web/3aa0c03df52752accd9513fe094ee9fb505e7f7e1e54b01eed0baa956d8e943f.webp,web-derivatives-v1/files/257741c0-f97e-7239-d4c9-c9e10547e3f3.webp
CATV1-P039-R3L,ff962c3a-db80-c9b1-a898-7fafc52de5ce,41fbfc23-763a-1844-7afe-a9d810a55e44,POLICY_APPROVED,cd634e0d18162401f4724ca6b90a75f7c1a13eb31756d1eef3388d20eea670c4,2114,image/webp,345,176,lihen-product-web,products/ff962c3a-db80-c9b1-a898-7fafc52de5ce/41fbfc23-763a-1844-7afe-a9d810a55e44/web/cd634e0d18162401f4724ca6b90a75f7c1a13eb31756d1eef3388d20eea670c4.webp,web-derivatives-v1/files/41fbfc23-763a-1844-7afe-a9d810a55e44.webp
CATV1-P039-R3R,5f67b85c-e255-f991-768f-76784aa54bc0,d5850b22-9562-74a9-2292-62bd807ff361,POLICY_APPROVED,c79ff1706c8804b41efaac3aa138d1a0cf6e06cbdf1fd5284ee74946bf935c8e,1624,image/webp,345,176,lihen-product-web,products/5f67b85c-e255-f991-768f-76784aa54bc0/d5850b22-9562-74a9-2292-62bd807ff361/web/c79ff1706c8804b41efaac3aa138d1a0cf6e06cbdf1fd5284ee74946bf935c8e.webp,web-derivatives-v1/files/d5850b22-9562-74a9-2292-62bd807ff361.webp
CATV1-P040-R1L,c845d2b1-8528-ab07-7203-07eaacf25aca,69820a87-3808-a83c-40d6-56a6ba4d00d5,POLICY_APPROVED,f67b60c3f423737e6031d1283f670b20848ba4947d59626624cd7b8d793fe8bf,1658,image/webp,345,176,lihen-product-web,products/c845d2b1-8528-ab07-7203-07eaacf25aca/69820a87-3808-a83c-40d6-56a6ba4d00d5/web/f67b60c3f423737e6031d1283f670b20848ba4947d59626624cd7b8d793fe8bf.webp,web-derivatives-v1/files/69820a87-3808-a83c-40d6-56a6ba4d00d5.webp
CATV1-P040-R1R,6e9b5e9e-4140-0426-9004-8fd41ea5ccb7,37df8eb4-35dd-6055-5e5e-2a1f7aca6de6,HUMAN_APPROVED,ed1d93bba59466787e395bfa7da5debd328c36009464b58073118818359027e2,3970,image/webp,345,176,lihen-product-web,products/6e9b5e9e-4140-0426-9004-8fd41ea5ccb7/37df8eb4-35dd-6055-5e5e-2a1f7aca6de6/web/ed1d93bba59466787e395bfa7da5debd328c36009464b58073118818359027e2.webp,web-derivatives-v1/files/37df8eb4-35dd-6055-5e5e-2a1f7aca6de6.webp
CATV1-P040-R2L,a77c93b3-d070-f8ac-b806-6b2139dcf838,32590c01-5024-140c-7570-e3d14d9eaaeb,HUMAN_APPROVED,a8082f1d14f742e20f9e54180fd581a978b76d834da42a4a820bd4e75923de1b,5700,image/webp,345,176,lihen-product-web,products/a77c93b3-d070-f8ac-b806-6b2139dcf838/32590c01-5024-140c-7570-e3d14d9eaaeb/web/a8082f1d14f742e20f9e54180fd581a978b76d834da42a4a820bd4e75923de1b.webp,web-derivatives-v1/files/32590c01-5024-140c-7570-e3d14d9eaaeb.webp
CATV1-P040-R2R,23c61b0c-b9e8-f2a7-38ce-38fcaf34e7b2,f3374263-d197-86cd-4f2d-f6bdb7d3ec8b,POLICY_APPROVED,b5a7ba91d1420027fb97066d39d7fb9d839241469d5ed0e9affa59382cf09125,1448,image/webp,345,176,lihen-product-web,products/23c61b0c-b9e8-f2a7-38ce-38fcaf34e7b2/f3374263-d197-86cd-4f2d-f6bdb7d3ec8b/web/b5a7ba91d1420027fb97066d39d7fb9d839241469d5ed0e9affa59382cf09125.webp,web-derivatives-v1/files/f3374263-d197-86cd-4f2d-f6bdb7d3ec8b.webp
CATV1-P040-R3L,5ba84736-4bbc-2626-09fd-f3d4d9821624,e8b34619-34fd-e7d7-a1b8-5dcddec38cd9,POLICY_APPROVED,a48cdbd77a813a92074a6d41663a727471e96ca7a7efe4a77470b8cc98d40b81,3014,image/webp,345,176,lihen-product-web,products/5ba84736-4bbc-2626-09fd-f3d4d9821624/e8b34619-34fd-e7d7-a1b8-5dcddec38cd9/web/a48cdbd77a813a92074a6d41663a727471e96ca7a7efe4a77470b8cc98d40b81.webp,web-derivatives-v1/files/e8b34619-34fd-e7d7-a1b8-5dcddec38cd9.webp
CATV1-P042-R1L,7df642c5-a0ad-09c8-2122-3e764ab59799,8b3f4785-0c3d-ed77-7ab8-1006dff6bb40,POLICY_APPROVED,2d230d89cec00270777648a16ef9bd9ff4bef81684fd440916ceedcf6a5997c4,1252,image/webp,345,176,lihen-product-web,products/7df642c5-a0ad-09c8-2122-3e764ab59799/8b3f4785-0c3d-ed77-7ab8-1006dff6bb40/web/2d230d89cec00270777648a16ef9bd9ff4bef81684fd440916ceedcf6a5997c4.webp,web-derivatives-v1/files/8b3f4785-0c3d-ed77-7ab8-1006dff6bb40.webp
CATV1-P042-R1R,8b5bc766-c535-ecd6-921e-a54af9c718ab,9817d696-79ad-666d-62e3-97cf1564ec0b,POLICY_APPROVED,1e3ffa8654f5efc438c6903a3a2fc6622f7862b38703f9f2b1bd9c0999ee0f72,2012,image/webp,345,176,lihen-product-web,products/8b5bc766-c535-ecd6-921e-a54af9c718ab/9817d696-79ad-666d-62e3-97cf1564ec0b/web/1e3ffa8654f5efc438c6903a3a2fc6622f7862b38703f9f2b1bd9c0999ee0f72.webp,web-derivatives-v1/files/9817d696-79ad-666d-62e3-97cf1564ec0b.webp
CATV1-P042-R2L,bbcd824e-8609-7786-4e6a-38ff0a7fedce,6ac1cb7e-25b8-9582-90b2-c3e9b81d0dfb,POLICY_APPROVED,48a9a175379671eaa1c3238de1fb3336884b9b6dd4ccafb4d5c96be1c4864943,1750,image/webp,345,176,lihen-product-web,products/bbcd824e-8609-7786-4e6a-38ff0a7fedce/6ac1cb7e-25b8-9582-90b2-c3e9b81d0dfb/web/48a9a175379671eaa1c3238de1fb3336884b9b6dd4ccafb4d5c96be1c4864943.webp,web-derivatives-v1/files/6ac1cb7e-25b8-9582-90b2-c3e9b81d0dfb.webp
CATV1-P042-R2R,77e9636e-1e96-af95-e1b4-78718b233cb4,5f5cb7f6-3bf0-ca8d-de76-828fff077d17,POLICY_APPROVED,a8cfa501716aa3316423bc9b9fdefdf378306e6dc640c68aa27aaaeff0a4f111,3050,image/webp,345,176,lihen-product-web,products/77e9636e-1e96-af95-e1b4-78718b233cb4/5f5cb7f6-3bf0-ca8d-de76-828fff077d17/web/a8cfa501716aa3316423bc9b9fdefdf378306e6dc640c68aa27aaaeff0a4f111.webp,web-derivatives-v1/files/5f5cb7f6-3bf0-ca8d-de76-828fff077d17.webp
CATV1-P042-R3L,c7a68c90-43c8-d4fc-c4eb-1a085b060251,369be968-e1a1-7dcb-1255-9e7b1c08c626,POLICY_APPROVED,3ef2a63fb61076ca777af7a0be7770d5365a5200bf203e31dd5b0e4ea4b9571d,1442,image/webp,345,176,lihen-product-web,products/c7a68c90-43c8-d4fc-c4eb-1a085b060251/369be968-e1a1-7dcb-1255-9e7b1c08c626/web/3ef2a63fb61076ca777af7a0be7770d5365a5200bf203e31dd5b0e4ea4b9571d.webp,web-derivatives-v1/files/369be968-e1a1-7dcb-1255-9e7b1c08c626.webp
CATV1-P042-R3R,ddc4f1b0-a86a-2829-82ef-d04033a22cb3,ad745fcd-549c-7103-b05a-f0d8f031c86f,POLICY_APPROVED,59583a7af5eba837e4f17a51e46b0a7e5a62e0df955d15bfcfa6792bdd55a9bf,2348,image/webp,345,176,lihen-product-web,products/ddc4f1b0-a86a-2829-82ef-d04033a22cb3/ad745fcd-549c-7103-b05a-f0d8f031c86f/web/59583a7af5eba837e4f17a51e46b0a7e5a62e0df955d15bfcfa6792bdd55a9bf.webp,web-derivatives-v1/files/ad745fcd-549c-7103-b05a-f0d8f031c86f.webp
CATV1-P043-R1L,ae02b7d2-b477-15e0-c1ef-2d4accea6798,84478529-4cec-cbef-f597-625d338cfb81,POLICY_APPROVED,593fb93200b7956f40fff531f6558792dc91df82f1fc450f368161e9c5b73cff,5840,image/webp,345,176,lihen-product-web,products/ae02b7d2-b477-15e0-c1ef-2d4accea6798/84478529-4cec-cbef-f597-625d338cfb81/web/593fb93200b7956f40fff531f6558792dc91df82f1fc450f368161e9c5b73cff.webp,web-derivatives-v1/files/84478529-4cec-cbef-f597-625d338cfb81.webp
CATV1-P043-R1R,1f4e84d5-731d-7e29-1eab-4c362f30afa3,c66e1c9f-91ee-46a6-9f8d-fa39ee342b6d,POLICY_APPROVED,3cd39ac53a73d52e705b952e3aa42218db1b7ba3e2be04906f2d875d1bcbc9ba,2778,image/webp,345,176,lihen-product-web,products/1f4e84d5-731d-7e29-1eab-4c362f30afa3/c66e1c9f-91ee-46a6-9f8d-fa39ee342b6d/web/3cd39ac53a73d52e705b952e3aa42218db1b7ba3e2be04906f2d875d1bcbc9ba.webp,web-derivatives-v1/files/c66e1c9f-91ee-46a6-9f8d-fa39ee342b6d.webp
CATV1-P043-R2L,d0f45bd8-2b54-07bf-2d62-16c59c836679,e1ce85bb-1e60-bf13-d56c-4e3aca9fd8c0,POLICY_APPROVED,2c3d7bea37d1ab953e9ebfecc8128f7ce17a87dff354f35ad41f62cf519dad68,3304,image/webp,345,176,lihen-product-web,products/d0f45bd8-2b54-07bf-2d62-16c59c836679/e1ce85bb-1e60-bf13-d56c-4e3aca9fd8c0/web/2c3d7bea37d1ab953e9ebfecc8128f7ce17a87dff354f35ad41f62cf519dad68.webp,web-derivatives-v1/files/e1ce85bb-1e60-bf13-d56c-4e3aca9fd8c0.webp
CATV1-P043-R2R,9ddcdccb-03e7-accf-9442-5123662e30b1,dd25994e-0f27-69cb-da79-4696e7979303,POLICY_APPROVED,2188ae669d5835a1dd4d9f4af28bdab19ba3fd38f9922d018f8c71cc71486a6c,2870,image/webp,345,176,lihen-product-web,products/9ddcdccb-03e7-accf-9442-5123662e30b1/dd25994e-0f27-69cb-da79-4696e7979303/web/2188ae669d5835a1dd4d9f4af28bdab19ba3fd38f9922d018f8c71cc71486a6c.webp,web-derivatives-v1/files/dd25994e-0f27-69cb-da79-4696e7979303.webp
CATV1-P043-R3L,d471250d-28ba-22dd-771b-abcd17a3198a,8fe23d76-2c96-0f5e-557e-b428ecf2f25a,POLICY_APPROVED,76d30792fcf333c85d29fac8af98fb010c9687c5e81a9379eacdd227eb1e9bf2,3100,image/webp,345,176,lihen-product-web,products/d471250d-28ba-22dd-771b-abcd17a3198a/8fe23d76-2c96-0f5e-557e-b428ecf2f25a/web/76d30792fcf333c85d29fac8af98fb010c9687c5e81a9379eacdd227eb1e9bf2.webp,web-derivatives-v1/files/8fe23d76-2c96-0f5e-557e-b428ecf2f25a.webp
CATV1-P043-R3R,c78c344a-c89f-2f21-ecb2-24f62f4a6af4,294e6459-5c4d-0e81-4399-19776137185f,POLICY_APPROVED,68d8d080027566b3f5a2889fe6ccd8939184247ce5eebe14b87402a674046e67,1758,image/webp,345,176,lihen-product-web,products/c78c344a-c89f-2f21-ecb2-24f62f4a6af4/294e6459-5c4d-0e81-4399-19776137185f/web/68d8d080027566b3f5a2889fe6ccd8939184247ce5eebe14b87402a674046e67.webp,web-derivatives-v1/files/294e6459-5c4d-0e81-4399-19776137185f.webp
CATV1-P044-R1L,decddee1-bff4-f985-6dc8-aebbd46d8818,d1c102b0-bf8c-ec6a-3425-293d180156f6,POLICY_APPROVED,e850ac17e471f88bc104c40fd2d4ddc4f02c3fb03ec05c22dc02f479391d0fb5,1730,image/webp,345,176,lihen-product-web,products/decddee1-bff4-f985-6dc8-aebbd46d8818/d1c102b0-bf8c-ec6a-3425-293d180156f6/web/e850ac17e471f88bc104c40fd2d4ddc4f02c3fb03ec05c22dc02f479391d0fb5.webp,web-derivatives-v1/files/d1c102b0-bf8c-ec6a-3425-293d180156f6.webp
CATV1-P044-R1R,2e51835c-8d7b-e28b-8b99-87b7160282d0,78e06d4f-9a35-cfcf-3a74-9f5fb785ac0e,POLICY_APPROVED,907caeb986af4cc70a169475d61b2e548605a871213eaac0b4b9c402c64fe8e6,3370,image/webp,345,176,lihen-product-web,products/2e51835c-8d7b-e28b-8b99-87b7160282d0/78e06d4f-9a35-cfcf-3a74-9f5fb785ac0e/web/907caeb986af4cc70a169475d61b2e548605a871213eaac0b4b9c402c64fe8e6.webp,web-derivatives-v1/files/78e06d4f-9a35-cfcf-3a74-9f5fb785ac0e.webp
CATV1-P044-R2L,7e001a3c-0a1b-0a4c-a2e1-d6bd8835fad2,e7d4403e-f1c1-1dda-cb42-a49414637465,POLICY_APPROVED,62674f25790e1ec57f157fffd736c89c33b453a23cd4f78533a67152cc484849,3994,image/webp,345,176,lihen-product-web,products/7e001a3c-0a1b-0a4c-a2e1-d6bd8835fad2/e7d4403e-f1c1-1dda-cb42-a49414637465/web/62674f25790e1ec57f157fffd736c89c33b453a23cd4f78533a67152cc484849.webp,web-derivatives-v1/files/e7d4403e-f1c1-1dda-cb42-a49414637465.webp
CATV1-P044-R2R,76389cbf-7236-293e-cb7b-bcd49f43df59,67c83dfa-47df-d652-87f2-a6a80ff71053,POLICY_APPROVED,cbb96f10b49b86e6c33205fb18e3b743a6c3f5b7a9d884133ed7199e628f24c0,1232,image/webp,345,176,lihen-product-web,products/76389cbf-7236-293e-cb7b-bcd49f43df59/67c83dfa-47df-d652-87f2-a6a80ff71053/web/cbb96f10b49b86e6c33205fb18e3b743a6c3f5b7a9d884133ed7199e628f24c0.webp,web-derivatives-v1/files/67c83dfa-47df-d652-87f2-a6a80ff71053.webp
CATV1-P044-R3L,5932dab0-b1c9-dc86-4e69-b14805374f19,05b03a56-98c3-12a0-3606-cf8a5038eccf,POLICY_APPROVED,6ea6f762a7031b28f6e99f7de422b85cc4e2dcd0af46a33a40d0b0cffa8ade43,1850,image/webp,345,176,lihen-product-web,products/5932dab0-b1c9-dc86-4e69-b14805374f19/05b03a56-98c3-12a0-3606-cf8a5038eccf/web/6ea6f762a7031b28f6e99f7de422b85cc4e2dcd0af46a33a40d0b0cffa8ade43.webp,web-derivatives-v1/files/05b03a56-98c3-12a0-3606-cf8a5038eccf.webp
CATV1-P044-R3R,48571b33-6df3-e1fb-a62b-1c587efeceec,5ed444c9-7673-8d8a-c4f3-b9e91b0eaa2e,POLICY_APPROVED,c67f299ba64d6918addddf0928b64fbecd3f5fde145c215ca8260cd46b89e8cb,1478,image/webp,345,176,lihen-product-web,products/48571b33-6df3-e1fb-a62b-1c587efeceec/5ed444c9-7673-8d8a-c4f3-b9e91b0eaa2e/web/c67f299ba64d6918addddf0928b64fbecd3f5fde145c215ca8260cd46b89e8cb.webp,web-derivatives-v1/files/5ed444c9-7673-8d8a-c4f3-b9e91b0eaa2e.webp
CATV1-P045-R1L,aee6d259-2537-80c6-b573-bb529622e076,2a1d8cde-d4a7-9049-852a-3f4ef5887591,POLICY_APPROVED,1f52afdbd154591423ca83aa992563c1156fdc48463f68fb366e1a7f357ffbcf,1464,image/webp,345,176,lihen-product-web,products/aee6d259-2537-80c6-b573-bb529622e076/2a1d8cde-d4a7-9049-852a-3f4ef5887591/web/1f52afdbd154591423ca83aa992563c1156fdc48463f68fb366e1a7f357ffbcf.webp,web-derivatives-v1/files/2a1d8cde-d4a7-9049-852a-3f4ef5887591.webp
CATV1-P045-R1R,68d94210-afdb-0cf2-0a00-5dc81f5b8c73,81b03b05-d4ab-d519-4ac4-09fb6981eefd,POLICY_APPROVED,c675848a9fb70ff1987a92ea7fee6ef22137ffa62158df0a5f47b2228d813fab,2144,image/webp,345,176,lihen-product-web,products/68d94210-afdb-0cf2-0a00-5dc81f5b8c73/81b03b05-d4ab-d519-4ac4-09fb6981eefd/web/c675848a9fb70ff1987a92ea7fee6ef22137ffa62158df0a5f47b2228d813fab.webp,web-derivatives-v1/files/81b03b05-d4ab-d519-4ac4-09fb6981eefd.webp
CATV1-P045-R2L,8471cfcc-33b9-2cfa-31f1-aa7431cf2612,b33bb0c2-7b79-00a9-6930-789dbd954c90,POLICY_APPROVED,3e48560e93a65fc5f1276ea434e3534a953dc9f0e2c8ec82b1ce05dd1e131aaa,1984,image/webp,345,176,lihen-product-web,products/8471cfcc-33b9-2cfa-31f1-aa7431cf2612/b33bb0c2-7b79-00a9-6930-789dbd954c90/web/3e48560e93a65fc5f1276ea434e3534a953dc9f0e2c8ec82b1ce05dd1e131aaa.webp,web-derivatives-v1/files/b33bb0c2-7b79-00a9-6930-789dbd954c90.webp
CATV1-P045-R2R,227a600b-a118-3711-50cf-522c17b94045,cba7bd29-b045-0365-f6c9-c1e3b96e6a12,POLICY_APPROVED,04b9aa030f656b23f61a96125d5350b31c6ea7737abd9c122d125edb573e2bd5,1866,image/webp,345,176,lihen-product-web,products/227a600b-a118-3711-50cf-522c17b94045/cba7bd29-b045-0365-f6c9-c1e3b96e6a12/web/04b9aa030f656b23f61a96125d5350b31c6ea7737abd9c122d125edb573e2bd5.webp,web-derivatives-v1/files/cba7bd29-b045-0365-f6c9-c1e3b96e6a12.webp
CATV1-P045-R3L,75599b73-dcb8-672d-8b60-bd87e445a67b,83d38d4b-4e00-f512-3aa9-7de68e16cc10,POLICY_APPROVED,6d9cc86975ec73ee2e0b6c3c3a82db34e8a8079faba0f7264ea4961b1febf000,958,image/webp,345,176,lihen-product-web,products/75599b73-dcb8-672d-8b60-bd87e445a67b/83d38d4b-4e00-f512-3aa9-7de68e16cc10/web/6d9cc86975ec73ee2e0b6c3c3a82db34e8a8079faba0f7264ea4961b1febf000.webp,web-derivatives-v1/files/83d38d4b-4e00-f512-3aa9-7de68e16cc10.webp
CATV1-P045-R3R,ee06c5f5-778d-8454-e8d6-5567d6597db6,5e10e22d-4ceb-b576-a3e5-c00df15b7f28,POLICY_APPROVED,61119b436945cf60a9898e7dff60ed8aa05de432f0bb233549d6fa7f77cd3cb9,1002,image/webp,345,176,lihen-product-web,products/ee06c5f5-778d-8454-e8d6-5567d6597db6/5e10e22d-4ceb-b576-a3e5-c00df15b7f28/web/61119b436945cf60a9898e7dff60ed8aa05de432f0bb233549d6fa7f77cd3cb9.webp,web-derivatives-v1/files/5e10e22d-4ceb-b576-a3e5-c00df15b7f28.webp
CATV1-P047-R1L,daf4f520-216b-1bea-4e38-ccc07e60e865,40c815c0-bebb-5a80-b608-596d226d68a6,POLICY_APPROVED,6ee65e9f37a9cc232de4659b090513aa1188c923319507fc86334cef7094a883,3666,image/webp,345,176,lihen-product-web,products/daf4f520-216b-1bea-4e38-ccc07e60e865/40c815c0-bebb-5a80-b608-596d226d68a6/web/6ee65e9f37a9cc232de4659b090513aa1188c923319507fc86334cef7094a883.webp,web-derivatives-v1/files/40c815c0-bebb-5a80-b608-596d226d68a6.webp
CATV1-P047-R1R,c0774e09-bf0c-1f1b-3875-88d0039fd2ad,84da802f-b3ba-85ce-8ad2-a4bfdcefcbbe,POLICY_APPROVED,0e335dc54a98916397e9e99f36ee586aba4c5bff328b41596358e6fcd0f0ac9f,4166,image/webp,345,176,lihen-product-web,products/c0774e09-bf0c-1f1b-3875-88d0039fd2ad/84da802f-b3ba-85ce-8ad2-a4bfdcefcbbe/web/0e335dc54a98916397e9e99f36ee586aba4c5bff328b41596358e6fcd0f0ac9f.webp,web-derivatives-v1/files/84da802f-b3ba-85ce-8ad2-a4bfdcefcbbe.webp
CATV1-P047-R2L,04962268-78c0-3882-5f0d-a4076ecce9ba,22ac0c8b-3a3c-c6c1-2688-ec5ba15a5741,POLICY_APPROVED,d2bcba1ea7d4f8dbebca9fa07ad16e90f197303bbc33b43f46d3101caad42a3a,3756,image/webp,345,176,lihen-product-web,products/04962268-78c0-3882-5f0d-a4076ecce9ba/22ac0c8b-3a3c-c6c1-2688-ec5ba15a5741/web/d2bcba1ea7d4f8dbebca9fa07ad16e90f197303bbc33b43f46d3101caad42a3a.webp,web-derivatives-v1/files/22ac0c8b-3a3c-c6c1-2688-ec5ba15a5741.webp
CATV1-P047-R2R,679dd63c-2c18-d4bc-0b4c-187be029a512,96401dff-76a4-41e5-a31b-69ba2b264bfb,POLICY_APPROVED,e4ddf743c9a5953f58c2d16cf3a9bf738267ea583a0400acf937113421d718a4,3958,image/webp,345,176,lihen-product-web,products/679dd63c-2c18-d4bc-0b4c-187be029a512/96401dff-76a4-41e5-a31b-69ba2b264bfb/web/e4ddf743c9a5953f58c2d16cf3a9bf738267ea583a0400acf937113421d718a4.webp,web-derivatives-v1/files/96401dff-76a4-41e5-a31b-69ba2b264bfb.webp
CATV1-P047-R3L,0532506b-252c-1b34-de4d-81ee410e0c5b,15353468-5b31-f29b-03d9-80af43272ad2,POLICY_APPROVED,cef752e445dd5336eb7f068162addfc1fd7a251bb5fc10fb20e45ed1d895ca69,5382,image/webp,345,176,lihen-product-web,products/0532506b-252c-1b34-de4d-81ee410e0c5b/15353468-5b31-f29b-03d9-80af43272ad2/web/cef752e445dd5336eb7f068162addfc1fd7a251bb5fc10fb20e45ed1d895ca69.webp,web-derivatives-v1/files/15353468-5b31-f29b-03d9-80af43272ad2.webp
CATV1-P047-R3R,6135c16f-487c-b1fd-4e9a-4b9b50b7b149,ddb7d9b8-fb80-e782-191e-2189c9a04731,POLICY_APPROVED,44c3356795fda4673908399f4895891055ef1540a18b5c89afdfa0f2a2791e08,1946,image/webp,345,176,lihen-product-web,products/6135c16f-487c-b1fd-4e9a-4b9b50b7b149/ddb7d9b8-fb80-e782-191e-2189c9a04731/web/44c3356795fda4673908399f4895891055ef1540a18b5c89afdfa0f2a2791e08.webp,web-derivatives-v1/files/ddb7d9b8-fb80-e782-191e-2189c9a04731.webp
CATV1-P048-R1L,41e61b10-caec-be3f-4e87-3c0400c663ab,9f8cf9c8-e58c-2939-89f9-f0c6648720a8,POLICY_APPROVED,1f5b9e86e4d8b15aeea3477abdb9aa337f722b275f8798557a7ecde75b5ba555,1030,image/webp,345,176,lihen-product-web,products/41e61b10-caec-be3f-4e87-3c0400c663ab/9f8cf9c8-e58c-2939-89f9-f0c6648720a8/web/1f5b9e86e4d8b15aeea3477abdb9aa337f722b275f8798557a7ecde75b5ba555.webp,web-derivatives-v1/files/9f8cf9c8-e58c-2939-89f9-f0c6648720a8.webp
CATV1-P048-R1R,0abc8d4b-9d3e-1131-164f-9ad7863f962e,78e591af-cecc-1bfe-a526-76f6f1166f71,POLICY_APPROVED,242c1fc5229f9e252320ef489078913eb9917c90bf662ecfd2157d1158aaea39,1162,image/webp,345,176,lihen-product-web,products/0abc8d4b-9d3e-1131-164f-9ad7863f962e/78e591af-cecc-1bfe-a526-76f6f1166f71/web/242c1fc5229f9e252320ef489078913eb9917c90bf662ecfd2157d1158aaea39.webp,web-derivatives-v1/files/78e591af-cecc-1bfe-a526-76f6f1166f71.webp
CATV1-P048-R2L,af84d138-c7a7-6118-8afa-71282140a88f,9d0e378e-0c46-4c54-7df7-983074c292e4,POLICY_APPROVED,638615bcdd1c9eb429b9c90c4b76ece52a8323583f382a65e1586b39e84a83c7,2936,image/webp,345,176,lihen-product-web,products/af84d138-c7a7-6118-8afa-71282140a88f/9d0e378e-0c46-4c54-7df7-983074c292e4/web/638615bcdd1c9eb429b9c90c4b76ece52a8323583f382a65e1586b39e84a83c7.webp,web-derivatives-v1/files/9d0e378e-0c46-4c54-7df7-983074c292e4.webp
CATV1-P048-R2R,8abe4e6e-af2c-8b2b-9e89-f76775b8f44d,ed984289-bc72-a751-e246-c4b7f51f32f6,POLICY_APPROVED,1a97ec879a2a0344b314846c505422a562cb7f3d3927de7cd6e9fc3f5a1bf2b9,2914,image/webp,345,176,lihen-product-web,products/8abe4e6e-af2c-8b2b-9e89-f76775b8f44d/ed984289-bc72-a751-e246-c4b7f51f32f6/web/1a97ec879a2a0344b314846c505422a562cb7f3d3927de7cd6e9fc3f5a1bf2b9.webp,web-derivatives-v1/files/ed984289-bc72-a751-e246-c4b7f51f32f6.webp
CATV1-P048-R3L,a6fdaad9-393f-10bb-6c88-0b81df905bdb,3d9f0350-2203-3f9c-a936-d312fbba2af2,POLICY_APPROVED,17f335941f582976fe005452be34c68cad088eb8e91f150d912509391ed99d2d,6416,image/webp,345,176,lihen-product-web,products/a6fdaad9-393f-10bb-6c88-0b81df905bdb/3d9f0350-2203-3f9c-a936-d312fbba2af2/web/17f335941f582976fe005452be34c68cad088eb8e91f150d912509391ed99d2d.webp,web-derivatives-v1/files/3d9f0350-2203-3f9c-a936-d312fbba2af2.webp
CATV1-P048-R3R,25b5cb43-44b3-327e-09b0-1d5c7e2fae8e,943d89f6-788e-9fc7-0e4c-8384c879c560,POLICY_APPROVED,fb17b7862fc222c9538b22dfb7db8dce937f899c856a82a77418f8beea322f78,1218,image/webp,345,176,lihen-product-web,products/25b5cb43-44b3-327e-09b0-1d5c7e2fae8e/943d89f6-788e-9fc7-0e4c-8384c879c560/web/fb17b7862fc222c9538b22dfb7db8dce937f899c856a82a77418f8beea322f78.webp,web-derivatives-v1/files/943d89f6-788e-9fc7-0e4c-8384c879c560.webp
CATV1-P049-R1L,e8778989-38ab-4308-6d18-6bf0594062dd,9468a552-dd98-55cc-759d-318faa045e26,POLICY_APPROVED,776fd64b1795e02b4de7ba49e5a23e17453eb523eb6c18081400801872c24434,1822,image/webp,345,176,lihen-product-web,products/e8778989-38ab-4308-6d18-6bf0594062dd/9468a552-dd98-55cc-759d-318faa045e26/web/776fd64b1795e02b4de7ba49e5a23e17453eb523eb6c18081400801872c24434.webp,web-derivatives-v1/files/9468a552-dd98-55cc-759d-318faa045e26.webp
CATV1-P049-R1R,db321009-3487-abad-dd0a-0939c6fb5043,6c95fb87-101d-20dd-250b-d8d9aae4377e,POLICY_APPROVED,0e30c03a46333e000b1c8046235bbfec8a020f256cd156324224c29d921626dd,4158,image/webp,345,176,lihen-product-web,products/db321009-3487-abad-dd0a-0939c6fb5043/6c95fb87-101d-20dd-250b-d8d9aae4377e/web/0e30c03a46333e000b1c8046235bbfec8a020f256cd156324224c29d921626dd.webp,web-derivatives-v1/files/6c95fb87-101d-20dd-250b-d8d9aae4377e.webp
CATV1-P049-R2L,25abcc00-90b2-3ba1-9310-a3ecd9504036,d8805e6e-06f9-05ed-25ec-774693b9f4bd,POLICY_APPROVED,76e325b30919e9b5e24d123ea5098f2777e40ac9e11ff3ca9fd6bd93e2f9f5e7,3442,image/webp,345,176,lihen-product-web,products/25abcc00-90b2-3ba1-9310-a3ecd9504036/d8805e6e-06f9-05ed-25ec-774693b9f4bd/web/76e325b30919e9b5e24d123ea5098f2777e40ac9e11ff3ca9fd6bd93e2f9f5e7.webp,web-derivatives-v1/files/d8805e6e-06f9-05ed-25ec-774693b9f4bd.webp
CATV1-P051-R1L,bdbe5e94-3c8b-4443-87e5-e3d5532426eb,0c94b68e-27e8-1372-10b8-a4d47c3120b0,POLICY_APPROVED,100d5736de5689d36142760d6dffc49abeef7edc54175c2ad25d0a4866752c2f,1248,image/webp,345,176,lihen-product-web,products/bdbe5e94-3c8b-4443-87e5-e3d5532426eb/0c94b68e-27e8-1372-10b8-a4d47c3120b0/web/100d5736de5689d36142760d6dffc49abeef7edc54175c2ad25d0a4866752c2f.webp,web-derivatives-v1/files/0c94b68e-27e8-1372-10b8-a4d47c3120b0.webp
CATV1-P051-R1R,b408b1a1-0ff5-fdc3-34a3-f53b9bbe6ba8,11598355-3e05-4dfa-14f0-faa3c147c655,POLICY_APPROVED,60e73913beb4b72f94b77ed1d600b131324e4bf2bd125304ac1d1c7525616a1b,1022,image/webp,345,176,lihen-product-web,products/b408b1a1-0ff5-fdc3-34a3-f53b9bbe6ba8/11598355-3e05-4dfa-14f0-faa3c147c655/web/60e73913beb4b72f94b77ed1d600b131324e4bf2bd125304ac1d1c7525616a1b.webp,web-derivatives-v1/files/11598355-3e05-4dfa-14f0-faa3c147c655.webp
CATV1-P051-R2L,bed2aea1-4fa5-8164-d90d-c4242c323e42,97ddde3c-ff6f-111d-9dc5-0ecab2ee317f,POLICY_APPROVED,8434326ca9fe82b89b968b4f1ad633b5af3bfc83ddd605c66e40783269e3e2e5,1002,image/webp,345,176,lihen-product-web,products/bed2aea1-4fa5-8164-d90d-c4242c323e42/97ddde3c-ff6f-111d-9dc5-0ecab2ee317f/web/8434326ca9fe82b89b968b4f1ad633b5af3bfc83ddd605c66e40783269e3e2e5.webp,web-derivatives-v1/files/97ddde3c-ff6f-111d-9dc5-0ecab2ee317f.webp
CATV1-P051-R2R,163faa0b-9dd3-6b57-3032-19a421f133c2,9dc6c61a-11f9-8eac-306e-1ab18b2c3a78,POLICY_APPROVED,22e7098349cc03500819cddd9f635337f3d2606ca9901d0f0ef170a30accc3d6,1356,image/webp,345,176,lihen-product-web,products/163faa0b-9dd3-6b57-3032-19a421f133c2/9dc6c61a-11f9-8eac-306e-1ab18b2c3a78/web/22e7098349cc03500819cddd9f635337f3d2606ca9901d0f0ef170a30accc3d6.webp,web-derivatives-v1/files/9dc6c61a-11f9-8eac-306e-1ab18b2c3a78.webp
CATV1-P051-R3L,47673ad6-9aed-10ed-ba56-42e6b66b54a0,cb2f5b8f-aefb-8d77-feec-44a21754b699,POLICY_APPROVED,c78b97307aa5ad5b3e1f2d2ada052cbf2a1ca4aa2cb3ba41657a93b7c314dc55,1242,image/webp,345,176,lihen-product-web,products/47673ad6-9aed-10ed-ba56-42e6b66b54a0/cb2f5b8f-aefb-8d77-feec-44a21754b699/web/c78b97307aa5ad5b3e1f2d2ada052cbf2a1ca4aa2cb3ba41657a93b7c314dc55.webp,web-derivatives-v1/files/cb2f5b8f-aefb-8d77-feec-44a21754b699.webp
CATV1-P051-R3R,a86805b3-b706-15cf-7a1a-5661267d5b11,5f5adf76-0f39-61b4-5e8b-9e59d609c2ea,POLICY_APPROVED,b47cb57a6a27c710f85241e0bea326a9a5ed4126c34fcb2914e810509b87e54b,1184,image/webp,345,176,lihen-product-web,products/a86805b3-b706-15cf-7a1a-5661267d5b11/5f5adf76-0f39-61b4-5e8b-9e59d609c2ea/web/b47cb57a6a27c710f85241e0bea326a9a5ed4126c34fcb2914e810509b87e54b.webp,web-derivatives-v1/files/5f5adf76-0f39-61b4-5e8b-9e59d609c2ea.webp
CATV1-P052-R1L,7aea4f0d-f26a-a76a-4831-617aa1b4fd16,75f92826-d073-4377-6908-4cf67ca8cc21,POLICY_APPROVED,506d42713215ef5bba8dab0b2ac1d07bacd35149a0641a8c76e348d64857dd82,1076,image/webp,345,176,lihen-product-web,products/7aea4f0d-f26a-a76a-4831-617aa1b4fd16/75f92826-d073-4377-6908-4cf67ca8cc21/web/506d42713215ef5bba8dab0b2ac1d07bacd35149a0641a8c76e348d64857dd82.webp,web-derivatives-v1/files/75f92826-d073-4377-6908-4cf67ca8cc21.webp
CATV1-P052-R1R,9730f571-af75-0092-cf5a-6f23930c1d30,b5b38818-2c6b-2f20-cc6f-3d218d7a1efc,POLICY_APPROVED,bcca1a08e8e1187c22cf90e26cf8fab867b9cb70c8969c2c360a12d38548af7b,960,image/webp,345,176,lihen-product-web,products/9730f571-af75-0092-cf5a-6f23930c1d30/b5b38818-2c6b-2f20-cc6f-3d218d7a1efc/web/bcca1a08e8e1187c22cf90e26cf8fab867b9cb70c8969c2c360a12d38548af7b.webp,web-derivatives-v1/files/b5b38818-2c6b-2f20-cc6f-3d218d7a1efc.webp
CATV1-P052-R2L,98310947-28b4-30e5-0d21-f490d40e1cf1,ddf88226-ce56-d4fb-187b-9b2ddab31fe1,POLICY_APPROVED,4025e27a8f8c3fd1f1f1c950b8c83302e69fe77c50c067058c8d67abebcb8596,1242,image/webp,345,176,lihen-product-web,products/98310947-28b4-30e5-0d21-f490d40e1cf1/ddf88226-ce56-d4fb-187b-9b2ddab31fe1/web/4025e27a8f8c3fd1f1f1c950b8c83302e69fe77c50c067058c8d67abebcb8596.webp,web-derivatives-v1/files/ddf88226-ce56-d4fb-187b-9b2ddab31fe1.webp
CATV1-P052-R2R,f0e23ce3-b4eb-a376-3208-d584f891b1db,1fe86340-8199-9565-2c9b-c7737ae385c2,POLICY_APPROVED,ee5ea78a02d2a6e1b5fa7571c44c671e1ae173de43f549e6297aef00b2cda2f6,3344,image/webp,345,176,lihen-product-web,products/f0e23ce3-b4eb-a376-3208-d584f891b1db/1fe86340-8199-9565-2c9b-c7737ae385c2/web/ee5ea78a02d2a6e1b5fa7571c44c671e1ae173de43f549e6297aef00b2cda2f6.webp,web-derivatives-v1/files/1fe86340-8199-9565-2c9b-c7737ae385c2.webp
CATV1-P052-R3L,3709f78e-abb3-155d-8859-e909adb018f5,9c43fe56-c06e-5b38-c50d-e89774ba4c10,POLICY_APPROVED,971fc1b325ecf00713f61d698308e5dd9ab38d256d39dd4ade085c4a4adcc3ef,1020,image/webp,345,176,lihen-product-web,products/3709f78e-abb3-155d-8859-e909adb018f5/9c43fe56-c06e-5b38-c50d-e89774ba4c10/web/971fc1b325ecf00713f61d698308e5dd9ab38d256d39dd4ade085c4a4adcc3ef.webp,web-derivatives-v1/files/9c43fe56-c06e-5b38-c50d-e89774ba4c10.webp
CATV1-P052-R3R,4b8d2b30-8625-3379-91e6-461ad95b1b18,3437f4f4-9d77-3b89-2491-44048a00f966,POLICY_APPROVED,87034aea3b32101b2480b904e38e68961dc5266f3e5720cb16d001528bcbee13,1188,image/webp,345,176,lihen-product-web,products/4b8d2b30-8625-3379-91e6-461ad95b1b18/3437f4f4-9d77-3b89-2491-44048a00f966/web/87034aea3b32101b2480b904e38e68961dc5266f3e5720cb16d001528bcbee13.webp,web-derivatives-v1/files/3437f4f4-9d77-3b89-2491-44048a00f966.webp
CATV1-P053-R1L,370f442d-617d-ee79-ed4a-f843fc6b836c,94aa2d23-265c-e7b0-8afd-69ea34431ccd,POLICY_APPROVED,04f4de220fef426d5d4f8b48fefd08bb9e00ff062feab96fc576484a4351e0f9,2096,image/webp,345,176,lihen-product-web,products/370f442d-617d-ee79-ed4a-f843fc6b836c/94aa2d23-265c-e7b0-8afd-69ea34431ccd/web/04f4de220fef426d5d4f8b48fefd08bb9e00ff062feab96fc576484a4351e0f9.webp,web-derivatives-v1/files/94aa2d23-265c-e7b0-8afd-69ea34431ccd.webp
CATV1-P053-R1R,f6025984-812c-ef05-a09a-bdc30618c203,98b657c3-836a-cfa7-ebb0-58caa3a2cc40,POLICY_APPROVED,42da56de582f33618573f4697a1544227c890ad0f36f08fe991489d2d5b0158a,1290,image/webp,345,176,lihen-product-web,products/f6025984-812c-ef05-a09a-bdc30618c203/98b657c3-836a-cfa7-ebb0-58caa3a2cc40/web/42da56de582f33618573f4697a1544227c890ad0f36f08fe991489d2d5b0158a.webp,web-derivatives-v1/files/98b657c3-836a-cfa7-ebb0-58caa3a2cc40.webp
CATV1-P053-R2L,fa2b6e9c-b595-5731-cb0c-c0f335eec4d4,056905d1-a9d5-f11b-aa80-4efbcf0e97c1,POLICY_APPROVED,35547ad54aee6a57725b708558460246071f26b6eb7a76040a472bee6792f1c6,1760,image/webp,345,176,lihen-product-web,products/fa2b6e9c-b595-5731-cb0c-c0f335eec4d4/056905d1-a9d5-f11b-aa80-4efbcf0e97c1/web/35547ad54aee6a57725b708558460246071f26b6eb7a76040a472bee6792f1c6.webp,web-derivatives-v1/files/056905d1-a9d5-f11b-aa80-4efbcf0e97c1.webp
CATV1-P053-R2R,510beaae-3729-fbc2-df0d-21ddbe3cf2b5,402c0ff3-817c-a59a-767c-65040b21f176,POLICY_APPROVED,bb9530082f11cb68de4fb5f3bfd7985a9dfbcd623d2d4158ac659aa538e759cb,2678,image/webp,345,176,lihen-product-web,products/510beaae-3729-fbc2-df0d-21ddbe3cf2b5/402c0ff3-817c-a59a-767c-65040b21f176/web/bb9530082f11cb68de4fb5f3bfd7985a9dfbcd623d2d4158ac659aa538e759cb.webp,web-derivatives-v1/files/402c0ff3-817c-a59a-767c-65040b21f176.webp
CATV1-P053-R3L,e5a75104-3927-ca2e-e095-aad1f880d4ff,ad6035fb-f65f-536c-ebf1-630f55d1d908,POLICY_APPROVED,c67ad75309379bc5bfef52678450ba2c0df7473ee14ee9ae3c226267f6963a7f,2224,image/webp,345,176,lihen-product-web,products/e5a75104-3927-ca2e-e095-aad1f880d4ff/ad6035fb-f65f-536c-ebf1-630f55d1d908/web/c67ad75309379bc5bfef52678450ba2c0df7473ee14ee9ae3c226267f6963a7f.webp,web-derivatives-v1/files/ad6035fb-f65f-536c-ebf1-630f55d1d908.webp
CATV1-P053-R3R,b1fb0a82-cbf1-1386-de3a-12f807567d3f,77c3c7e4-e69e-3b55-2224-364a314b863f,POLICY_APPROVED,2bb6304b47d2edce4faee5a885f15ea83eaf9b005c7895696853ebc4f09e849c,1192,image/webp,345,176,lihen-product-web,products/b1fb0a82-cbf1-1386-de3a-12f807567d3f/77c3c7e4-e69e-3b55-2224-364a314b863f/web/2bb6304b47d2edce4faee5a885f15ea83eaf9b005c7895696853ebc4f09e849c.webp,web-derivatives-v1/files/77c3c7e4-e69e-3b55-2224-364a314b863f.webp
CATV1-P054-R1L,e48404ae-ac15-19f1-a22e-ed1a6675823b,3a93e232-7b6d-b1fd-e565-76db59bcdffb,POLICY_APPROVED,eb86d70b7134dcb11ac1ce54b013b6f0674fcbc5de64616f3d15e834c173e894,1762,image/webp,345,176,lihen-product-web,products/e48404ae-ac15-19f1-a22e-ed1a6675823b/3a93e232-7b6d-b1fd-e565-76db59bcdffb/web/eb86d70b7134dcb11ac1ce54b013b6f0674fcbc5de64616f3d15e834c173e894.webp,web-derivatives-v1/files/3a93e232-7b6d-b1fd-e565-76db59bcdffb.webp
CATV1-P054-R1R,4c218877-20ad-93cf-ca67-d0f35f8c9fda,09d4b49c-7b5f-1e36-76b1-c4c4d85a17e4,POLICY_APPROVED,edbb85cd24608fff0442bb5e09792b999a046f26022509c3e4fea9d033c56250,2024,image/webp,345,176,lihen-product-web,products/4c218877-20ad-93cf-ca67-d0f35f8c9fda/09d4b49c-7b5f-1e36-76b1-c4c4d85a17e4/web/edbb85cd24608fff0442bb5e09792b999a046f26022509c3e4fea9d033c56250.webp,web-derivatives-v1/files/09d4b49c-7b5f-1e36-76b1-c4c4d85a17e4.webp
CATV1-P054-R2L,d1bb86a5-d8ae-711c-2d64-b10defe2baae,6d1d2977-9460-be24-e8a3-aa6f9708c7a5,POLICY_APPROVED,cb51c475d0e18ec3c3bd2024fe5e883eff340e1db28a5ad527a1eda497f07f30,1844,image/webp,345,176,lihen-product-web,products/d1bb86a5-d8ae-711c-2d64-b10defe2baae/6d1d2977-9460-be24-e8a3-aa6f9708c7a5/web/cb51c475d0e18ec3c3bd2024fe5e883eff340e1db28a5ad527a1eda497f07f30.webp,web-derivatives-v1/files/6d1d2977-9460-be24-e8a3-aa6f9708c7a5.webp
CATV1-P054-R2R,91c8c047-b898-1d8a-9aba-952700bf6302,10c464ad-4fef-6363-0d7c-c2ca0765abcd,POLICY_APPROVED,41e6451600188b4e121207ff0987c020e600a64e28eb9467a33da2cd2fcd4635,2012,image/webp,345,176,lihen-product-web,products/91c8c047-b898-1d8a-9aba-952700bf6302/10c464ad-4fef-6363-0d7c-c2ca0765abcd/web/41e6451600188b4e121207ff0987c020e600a64e28eb9467a33da2cd2fcd4635.webp,web-derivatives-v1/files/10c464ad-4fef-6363-0d7c-c2ca0765abcd.webp
CATV1-P054-R3L,8830e854-a11e-12d5-8b5e-aa8e1ad6fe37,aa9e08b4-bdc0-fa2c-702f-4150cefd54e4,POLICY_APPROVED,a915cfb07f3ea509eea1b5eae80afd6c394dcb2788866809e426844e382c0795,2030,image/webp,345,176,lihen-product-web,products/8830e854-a11e-12d5-8b5e-aa8e1ad6fe37/aa9e08b4-bdc0-fa2c-702f-4150cefd54e4/web/a915cfb07f3ea509eea1b5eae80afd6c394dcb2788866809e426844e382c0795.webp,web-derivatives-v1/files/aa9e08b4-bdc0-fa2c-702f-4150cefd54e4.webp
CATV1-P054-R3R,edfbf264-951d-17fc-44e8-c0d74b034eaa,462fd19d-8dbb-ca4c-f93e-983e54ed335f,POLICY_APPROVED,02d0017f0de4b5150cd7be431f75d445af2d550449b29b9e5b5bd7088556a0c9,1786,image/webp,345,176,lihen-product-web,products/edfbf264-951d-17fc-44e8-c0d74b034eaa/462fd19d-8dbb-ca4c-f93e-983e54ed335f/web/02d0017f0de4b5150cd7be431f75d445af2d550449b29b9e5b5bd7088556a0c9.webp,web-derivatives-v1/files/462fd19d-8dbb-ca4c-f93e-983e54ed335f.webp
CATV1-P055-R1L,e43be350-97c8-d3b8-68f0-140e5d1c6b9f,57da14b7-17fb-fb7b-460e-7c8405771a27,POLICY_APPROVED,1d860e1e6b07e8fa17d23425eee839f8fd35bb1069149059be42a434912ad720,856,image/webp,345,176,lihen-product-web,products/e43be350-97c8-d3b8-68f0-140e5d1c6b9f/57da14b7-17fb-fb7b-460e-7c8405771a27/web/1d860e1e6b07e8fa17d23425eee839f8fd35bb1069149059be42a434912ad720.webp,web-derivatives-v1/files/57da14b7-17fb-fb7b-460e-7c8405771a27.webp
CATV1-P055-R1R,23a5ea19-6569-8e09-3288-2f3d5340dc7c,5b47a7ff-b1d3-d62e-04c7-805d30998dec,POLICY_APPROVED,c7443ed03d07efd386cd340f15babfbfb0840534e1523c95a5985632e033e619,1392,image/webp,345,176,lihen-product-web,products/23a5ea19-6569-8e09-3288-2f3d5340dc7c/5b47a7ff-b1d3-d62e-04c7-805d30998dec/web/c7443ed03d07efd386cd340f15babfbfb0840534e1523c95a5985632e033e619.webp,web-derivatives-v1/files/5b47a7ff-b1d3-d62e-04c7-805d30998dec.webp
CATV1-P055-R2L,24d72488-5b5e-84f9-b5fc-33ae95def503,67ac3367-bfda-2afd-5617-5045fc55581e,POLICY_APPROVED,878682b18115e84dbd40569fbcb9d35eca957a382b6aa216efc52e8beaaebbbe,1640,image/webp,345,176,lihen-product-web,products/24d72488-5b5e-84f9-b5fc-33ae95def503/67ac3367-bfda-2afd-5617-5045fc55581e/web/878682b18115e84dbd40569fbcb9d35eca957a382b6aa216efc52e8beaaebbbe.webp,web-derivatives-v1/files/67ac3367-bfda-2afd-5617-5045fc55581e.webp
CATV1-P055-R2R,54ea8263-246f-888d-2fb3-bfd2b1198c90,7d1b8455-a3bc-47a2-798f-6779a40876e9,POLICY_APPROVED,b5928e404a2f73e6e00df837aed5f9ab6097706920bc897f73ea1febb3e174ea,1442,image/webp,345,176,lihen-product-web,products/54ea8263-246f-888d-2fb3-bfd2b1198c90/7d1b8455-a3bc-47a2-798f-6779a40876e9/web/b5928e404a2f73e6e00df837aed5f9ab6097706920bc897f73ea1febb3e174ea.webp,web-derivatives-v1/files/7d1b8455-a3bc-47a2-798f-6779a40876e9.webp
CATV1-P055-R3L,9dc6749b-ced1-15e7-202f-39839a313984,93c92e39-967d-2a89-fa8d-b6c0da30110f,POLICY_APPROVED,b7609ed8bd26e3d419eb41560eb4aba26233ba3e5f4faae8bce7279598b5f2e6,2178,image/webp,345,176,lihen-product-web,products/9dc6749b-ced1-15e7-202f-39839a313984/93c92e39-967d-2a89-fa8d-b6c0da30110f/web/b7609ed8bd26e3d419eb41560eb4aba26233ba3e5f4faae8bce7279598b5f2e6.webp,web-derivatives-v1/files/93c92e39-967d-2a89-fa8d-b6c0da30110f.webp
CATV1-P055-R3R,39f3727f-e2d8-3e5f-4973-7088b4588596,365028cd-3e0c-e02b-ad12-8f9558cd4e93,POLICY_APPROVED,51a134cfb0df6145cf93fa924f56e073f18536d56b9c634fb78d3a84d44e0e25,4298,image/webp,345,176,lihen-product-web,products/39f3727f-e2d8-3e5f-4973-7088b4588596/365028cd-3e0c-e02b-ad12-8f9558cd4e93/web/51a134cfb0df6145cf93fa924f56e073f18536d56b9c634fb78d3a84d44e0e25.webp,web-derivatives-v1/files/365028cd-3e0c-e02b-ad12-8f9558cd4e93.webp
CATV1-P056-R1L,c57527ab-a0af-5abe-25ce-25be739a4fad,5c44fb37-669d-e6d4-580d-698659a7c88b,POLICY_APPROVED,f731712fcea104cbf315c507f1cc956b4d28f661e3422a5a1a7f4a29d6855aef,3696,image/webp,345,176,lihen-product-web,products/c57527ab-a0af-5abe-25ce-25be739a4fad/5c44fb37-669d-e6d4-580d-698659a7c88b/web/f731712fcea104cbf315c507f1cc956b4d28f661e3422a5a1a7f4a29d6855aef.webp,web-derivatives-v1/files/5c44fb37-669d-e6d4-580d-698659a7c88b.webp
CATV1-P056-R1R,dd527a39-afef-c357-a820-284d1512b385,aa0105b8-659e-2080-af64-51b637d7f1c3,POLICY_APPROVED,42936fe86adec4957092893a0fd94d1a514bb1d0d9fc7371405b8f9e25e4aad8,3528,image/webp,345,176,lihen-product-web,products/dd527a39-afef-c357-a820-284d1512b385/aa0105b8-659e-2080-af64-51b637d7f1c3/web/42936fe86adec4957092893a0fd94d1a514bb1d0d9fc7371405b8f9e25e4aad8.webp,web-derivatives-v1/files/aa0105b8-659e-2080-af64-51b637d7f1c3.webp
CATV1-P058-R1L,13b62c19-096d-8fdb-6614-f075f4e073b5,19df1afa-f6f3-9459-8d90-e3099ad76cf7,POLICY_APPROVED,d9782b732ac36f9311af4923a81e36f22fdfc0bd296afd7b9e98201fd1ef6734,2796,image/webp,345,176,lihen-product-web,products/13b62c19-096d-8fdb-6614-f075f4e073b5/19df1afa-f6f3-9459-8d90-e3099ad76cf7/web/d9782b732ac36f9311af4923a81e36f22fdfc0bd296afd7b9e98201fd1ef6734.webp,web-derivatives-v1/files/19df1afa-f6f3-9459-8d90-e3099ad76cf7.webp
CATV1-P058-R1R,dc24cafa-9b82-00f7-7597-0bb3198ebd88,0fdae742-6902-cd96-c9fa-8366a8a2f7ac,POLICY_APPROVED,cfac570acefda4f54586e86ea38510217dfb132435324a9f56b478438e0d91b2,2754,image/webp,345,176,lihen-product-web,products/dc24cafa-9b82-00f7-7597-0bb3198ebd88/0fdae742-6902-cd96-c9fa-8366a8a2f7ac/web/cfac570acefda4f54586e86ea38510217dfb132435324a9f56b478438e0d91b2.webp,web-derivatives-v1/files/0fdae742-6902-cd96-c9fa-8366a8a2f7ac.webp
CATV1-P058-R2L,7ed2be5e-636c-4573-b14b-76e44914c488,9bd753cf-e83a-7070-7175-af3039857005,POLICY_APPROVED,cf19ff333b6c96e299611bd77eb56bb250965efe7d165ca2f9023998c7394e8d,2166,image/webp,345,176,lihen-product-web,products/7ed2be5e-636c-4573-b14b-76e44914c488/9bd753cf-e83a-7070-7175-af3039857005/web/cf19ff333b6c96e299611bd77eb56bb250965efe7d165ca2f9023998c7394e8d.webp,web-derivatives-v1/files/9bd753cf-e83a-7070-7175-af3039857005.webp
CATV1-P058-R2R,3e5c4b45-4ee2-a188-e86f-4d74de970a78,00c8b0a1-f7d9-230f-5f7b-a5d4cb3a81a3,POLICY_APPROVED,29212b2cb5deee3ea8dda963277f258effc38c1b0138bd0ee5046c42a0d2a787,2704,image/webp,345,176,lihen-product-web,products/3e5c4b45-4ee2-a188-e86f-4d74de970a78/00c8b0a1-f7d9-230f-5f7b-a5d4cb3a81a3/web/29212b2cb5deee3ea8dda963277f258effc38c1b0138bd0ee5046c42a0d2a787.webp,web-derivatives-v1/files/00c8b0a1-f7d9-230f-5f7b-a5d4cb3a81a3.webp
CATV1-P058-R3L,fb31b60c-f1af-b458-8c88-3a49caedc283,e16d75fa-bf46-39c5-4cea-eb655d3a6457,POLICY_APPROVED,ecfe7317cb1c41f0deab0f8f37a7f5b58ae33fdfa3dd017afa51472024e88f56,2346,image/webp,345,176,lihen-product-web,products/fb31b60c-f1af-b458-8c88-3a49caedc283/e16d75fa-bf46-39c5-4cea-eb655d3a6457/web/ecfe7317cb1c41f0deab0f8f37a7f5b58ae33fdfa3dd017afa51472024e88f56.webp,web-derivatives-v1/files/e16d75fa-bf46-39c5-4cea-eb655d3a6457.webp
CATV1-P058-R3R,d487a513-0419-4b9b-9a6c-cea1eb5ffff5,6a6cc791-d544-d1b2-bd82-1ed9933166e5,POLICY_APPROVED,feb1fdf2f3a8d8eb9e46b63f46b0c6c2dac7224b0ff5f0af0179f0e2ab051106,1738,image/webp,345,176,lihen-product-web,products/d487a513-0419-4b9b-9a6c-cea1eb5ffff5/6a6cc791-d544-d1b2-bd82-1ed9933166e5/web/feb1fdf2f3a8d8eb9e46b63f46b0c6c2dac7224b0ff5f0af0179f0e2ab051106.webp,web-derivatives-v1/files/6a6cc791-d544-d1b2-bd82-1ed9933166e5.webp
CATV1-P060-R1L,4d43c4cd-ffa9-9efc-5791-fa5603b4e912,4826d9b1-fc56-ea0f-edc4-569a126a72fa,POLICY_APPROVED,70617a2f7f47531619e675d5c9735cb2f148baca9ac6748f429c7c2e59bd017a,1620,image/webp,345,176,lihen-product-web,products/4d43c4cd-ffa9-9efc-5791-fa5603b4e912/4826d9b1-fc56-ea0f-edc4-569a126a72fa/web/70617a2f7f47531619e675d5c9735cb2f148baca9ac6748f429c7c2e59bd017a.webp,web-derivatives-v1/files/4826d9b1-fc56-ea0f-edc4-569a126a72fa.webp
CATV1-P060-R1R,c58669cf-501f-f941-80d3-f97d52602b2e,63dd1122-ac94-9993-8636-f86fc077eae8,POLICY_APPROVED,b3d4925fe8612bd370df32b9328d6ff26a3e1fcf115fac211a3d23f56d4fd69f,2586,image/webp,345,176,lihen-product-web,products/c58669cf-501f-f941-80d3-f97d52602b2e/63dd1122-ac94-9993-8636-f86fc077eae8/web/b3d4925fe8612bd370df32b9328d6ff26a3e1fcf115fac211a3d23f56d4fd69f.webp,web-derivatives-v1/files/63dd1122-ac94-9993-8636-f86fc077eae8.webp
CATV1-P060-R2L,180a605f-d590-91c5-a1af-c11e84338425,9d40ba8d-8df2-5074-77c6-44a4dc044176,POLICY_APPROVED,9a7a0c4fe1b6b87f65f5400b9fa82e206cc0019f266b3463abb346927b91afee,2338,image/webp,345,176,lihen-product-web,products/180a605f-d590-91c5-a1af-c11e84338425/9d40ba8d-8df2-5074-77c6-44a4dc044176/web/9a7a0c4fe1b6b87f65f5400b9fa82e206cc0019f266b3463abb346927b91afee.webp,web-derivatives-v1/files/9d40ba8d-8df2-5074-77c6-44a4dc044176.webp
CATV1-P060-R2R,025b0e3c-7fcb-77be-f70b-ddeaf0d86dc7,9dc7d485-1b82-053a-b39b-a89ed5c9a637,POLICY_APPROVED,05faf82393fd6760bcfab591126ae0f9f558ccb99bc627c2b3d7ea0477f34f30,2036,image/webp,345,176,lihen-product-web,products/025b0e3c-7fcb-77be-f70b-ddeaf0d86dc7/9dc7d485-1b82-053a-b39b-a89ed5c9a637/web/05faf82393fd6760bcfab591126ae0f9f558ccb99bc627c2b3d7ea0477f34f30.webp,web-derivatives-v1/files/9dc7d485-1b82-053a-b39b-a89ed5c9a637.webp
CATV1-P060-R3L,94e0f3a5-15a3-4e75-58e5-fd1cddbfab75,300bace4-4fc1-5c89-66a3-6ae881266101,POLICY_APPROVED,bb05171b90318b6f6a5efd2e290e436b6e5433478aae08e6517b5ce350d77e5d,2522,image/webp,345,176,lihen-product-web,products/94e0f3a5-15a3-4e75-58e5-fd1cddbfab75/300bace4-4fc1-5c89-66a3-6ae881266101/web/bb05171b90318b6f6a5efd2e290e436b6e5433478aae08e6517b5ce350d77e5d.webp,web-derivatives-v1/files/300bace4-4fc1-5c89-66a3-6ae881266101.webp
CATV1-P060-R3R,f9740e34-7434-4774-96b9-2f9b1c858f87,685f8ab7-0c38-d3f9-d9a1-14cf1e0b90c0,POLICY_APPROVED,0ff0054a5bf050475e707651307e2d38835f3062ad6e8b1ba75d160662ec4d00,2518,image/webp,345,176,lihen-product-web,products/f9740e34-7434-4774-96b9-2f9b1c858f87/685f8ab7-0c38-d3f9-d9a1-14cf1e0b90c0/web/0ff0054a5bf050475e707651307e2d38835f3062ad6e8b1ba75d160662ec4d00.webp,web-derivatives-v1/files/685f8ab7-0c38-d3f9-d9a1-14cf1e0b90c0.webp
CATV1-P061-R1L,586d42f0-a291-0b1b-4c18-c089899bac38,ba7aa94d-237b-b2fe-a136-63999ebb8268,POLICY_APPROVED,79958c20df995c4772b951fc6ff72cabd4c1234ed4425036b170fdfbfda75e71,2750,image/webp,345,176,lihen-product-web,products/586d42f0-a291-0b1b-4c18-c089899bac38/ba7aa94d-237b-b2fe-a136-63999ebb8268/web/79958c20df995c4772b951fc6ff72cabd4c1234ed4425036b170fdfbfda75e71.webp,web-derivatives-v1/files/ba7aa94d-237b-b2fe-a136-63999ebb8268.webp
CATV1-P061-R1R,0f558602-c59c-9c7d-1c17-9971bf8f69fb,9863d9d4-cc47-d239-ae77-26ddcb9d4e29,POLICY_APPROVED,d8bfe5db73ac5fffbd124199743b9e8a04159b1cba0f217e411ca315b6c4c6cd,2250,image/webp,345,176,lihen-product-web,products/0f558602-c59c-9c7d-1c17-9971bf8f69fb/9863d9d4-cc47-d239-ae77-26ddcb9d4e29/web/d8bfe5db73ac5fffbd124199743b9e8a04159b1cba0f217e411ca315b6c4c6cd.webp,web-derivatives-v1/files/9863d9d4-cc47-d239-ae77-26ddcb9d4e29.webp
CATV1-P061-R2L,4d1fde0f-f134-7d8d-5ded-ad411bb8ae11,1a0c65e7-a3af-387e-31f1-13068a1754a6,POLICY_APPROVED,b399b161f6ff2aaf98459a66ebd22b8a2c42df69f7e6dd98c7d32e567d02966f,1898,image/webp,345,176,lihen-product-web,products/4d1fde0f-f134-7d8d-5ded-ad411bb8ae11/1a0c65e7-a3af-387e-31f1-13068a1754a6/web/b399b161f6ff2aaf98459a66ebd22b8a2c42df69f7e6dd98c7d32e567d02966f.webp,web-derivatives-v1/files/1a0c65e7-a3af-387e-31f1-13068a1754a6.webp
CATV1-P061-R2R,221f4440-2502-dcb6-a27c-954e812eab2b,20ae9e93-853d-5cbb-d83a-c73ad876b9be,POLICY_APPROVED,3ef46a151d79ea604f354e016ebe386efd4ede505f6eb2d273902944ac410260,1706,image/webp,345,176,lihen-product-web,products/221f4440-2502-dcb6-a27c-954e812eab2b/20ae9e93-853d-5cbb-d83a-c73ad876b9be/web/3ef46a151d79ea604f354e016ebe386efd4ede505f6eb2d273902944ac410260.webp,web-derivatives-v1/files/20ae9e93-853d-5cbb-d83a-c73ad876b9be.webp
CATV1-P061-R3L,801bdea9-77e8-31b6-23d4-1ba75015bd31,79e5ddd7-2333-2cfb-10be-b7bbd59b532c,POLICY_APPROVED,1ffd309cc03b493d8b6d5322d589eec5e2466d7824c6a5fe6fe1ba36ac0d4027,3062,image/webp,345,176,lihen-product-web,products/801bdea9-77e8-31b6-23d4-1ba75015bd31/79e5ddd7-2333-2cfb-10be-b7bbd59b532c/web/1ffd309cc03b493d8b6d5322d589eec5e2466d7824c6a5fe6fe1ba36ac0d4027.webp,web-derivatives-v1/files/79e5ddd7-2333-2cfb-10be-b7bbd59b532c.webp
CATV1-P061-R3R,91831903-aad9-62d2-f470-08c94f1c2366,87955a2e-4986-3255-5a10-5d850cce91b4,POLICY_APPROVED,3952acbb113cc1cc1099ce9843051e3150f9991cf4e2bd8e3fdf9560b6ce3c01,3698,image/webp,345,176,lihen-product-web,products/91831903-aad9-62d2-f470-08c94f1c2366/87955a2e-4986-3255-5a10-5d850cce91b4/web/3952acbb113cc1cc1099ce9843051e3150f9991cf4e2bd8e3fdf9560b6ce3c01.webp,web-derivatives-v1/files/87955a2e-4986-3255-5a10-5d850cce91b4.webp
CATV1-P062-R1L,cba4c1dc-ab40-7b3a-4908-84a1ee0c9594,fd491eec-1500-9dec-1c52-1f02ea957bf7,POLICY_APPROVED,c87383cfd905752865c9f3e3f221d146bb9e894f114e797dadb8fee6cf2d42fe,1866,image/webp,345,176,lihen-product-web,products/cba4c1dc-ab40-7b3a-4908-84a1ee0c9594/fd491eec-1500-9dec-1c52-1f02ea957bf7/web/c87383cfd905752865c9f3e3f221d146bb9e894f114e797dadb8fee6cf2d42fe.webp,web-derivatives-v1/files/fd491eec-1500-9dec-1c52-1f02ea957bf7.webp
CATV1-P062-R1R,d3f95d2a-55ed-9a28-6833-1c9ce0b8f283,f6ba70dd-5706-aa56-2be9-2019869ca65a,POLICY_APPROVED,4682bb31002e22eb2a1c8a97bc8bc189d131f96734059bd9b30a33a9a85fb108,1866,image/webp,345,176,lihen-product-web,products/d3f95d2a-55ed-9a28-6833-1c9ce0b8f283/f6ba70dd-5706-aa56-2be9-2019869ca65a/web/4682bb31002e22eb2a1c8a97bc8bc189d131f96734059bd9b30a33a9a85fb108.webp,web-derivatives-v1/files/f6ba70dd-5706-aa56-2be9-2019869ca65a.webp
CATV1-P062-R2L,8baf4a87-7975-b387-e97a-8aa7af2cad8e,219efff3-6410-ce07-d94d-bb6e38660e09,POLICY_APPROVED,0bd67dfdf9bfbf8624ac138a9c135294099f21d45b637092f2d0a024f6ec09ba,2350,image/webp,345,176,lihen-product-web,products/8baf4a87-7975-b387-e97a-8aa7af2cad8e/219efff3-6410-ce07-d94d-bb6e38660e09/web/0bd67dfdf9bfbf8624ac138a9c135294099f21d45b637092f2d0a024f6ec09ba.webp,web-derivatives-v1/files/219efff3-6410-ce07-d94d-bb6e38660e09.webp
CATV1-P062-R2R,fe8e3dd9-6fbc-fa54-42ca-bb84ccac35fa,88a98dcd-ba78-c99d-20ca-7bdb1be6fc6a,POLICY_APPROVED,8aa928ca08061197eed9ecfb2c3d81d50eb24d8dc9cc29b72c7e19300f27feaa,2194,image/webp,345,176,lihen-product-web,products/fe8e3dd9-6fbc-fa54-42ca-bb84ccac35fa/88a98dcd-ba78-c99d-20ca-7bdb1be6fc6a/web/8aa928ca08061197eed9ecfb2c3d81d50eb24d8dc9cc29b72c7e19300f27feaa.webp,web-derivatives-v1/files/88a98dcd-ba78-c99d-20ca-7bdb1be6fc6a.webp
CATV1-P062-R3L,7a0e0396-2e01-4d0a-b298-e2cafaf8ebbc,666e0879-7c18-d988-881c-a4e289e495f8,POLICY_APPROVED,9344a8f98ca7a9789e0e95db27896756ad8c208b478cee9f3528ea99a71e4530,1988,image/webp,345,176,lihen-product-web,products/7a0e0396-2e01-4d0a-b298-e2cafaf8ebbc/666e0879-7c18-d988-881c-a4e289e495f8/web/9344a8f98ca7a9789e0e95db27896756ad8c208b478cee9f3528ea99a71e4530.webp,web-derivatives-v1/files/666e0879-7c18-d988-881c-a4e289e495f8.webp
CATV1-P062-R3R,41cd635d-3e33-3144-25f0-05e1633fb623,76a21165-5e3a-a723-62db-f38fd3c6a58d,POLICY_APPROVED,e443a37b916b56f2014d4d69ae13e72a0de4efa6b7892e4a1c23d976fdda62ff,1764,image/webp,345,176,lihen-product-web,products/41cd635d-3e33-3144-25f0-05e1633fb623/76a21165-5e3a-a723-62db-f38fd3c6a58d/web/e443a37b916b56f2014d4d69ae13e72a0de4efa6b7892e4a1c23d976fdda62ff.webp,web-derivatives-v1/files/76a21165-5e3a-a723-62db-f38fd3c6a58d.webp
CATV1-P063-R1L,c88fe372-b2af-79f1-77e2-22f7b05b8b9d,9a5bc437-9317-e8d4-23b8-9a12040f4eab,POLICY_APPROVED,29e98e414c9db33c113feff18baee96b42d0a6d454b8f87abd623b0ef6f3cc7b,2280,image/webp,345,176,lihen-product-web,products/c88fe372-b2af-79f1-77e2-22f7b05b8b9d/9a5bc437-9317-e8d4-23b8-9a12040f4eab/web/29e98e414c9db33c113feff18baee96b42d0a6d454b8f87abd623b0ef6f3cc7b.webp,web-derivatives-v1/files/9a5bc437-9317-e8d4-23b8-9a12040f4eab.webp
CATV1-P063-R1R,932b09a0-a841-46a9-09ca-41f89c195c0e,8a0ff505-bb75-ecbb-d85a-9593ac7e94e4,POLICY_APPROVED,7dbfa689acddec283ec69fee1817a60bdac9e7c93518e533c376c8bf13579d58,2160,image/webp,345,176,lihen-product-web,products/932b09a0-a841-46a9-09ca-41f89c195c0e/8a0ff505-bb75-ecbb-d85a-9593ac7e94e4/web/7dbfa689acddec283ec69fee1817a60bdac9e7c93518e533c376c8bf13579d58.webp,web-derivatives-v1/files/8a0ff505-bb75-ecbb-d85a-9593ac7e94e4.webp
CATV1-P063-R2L,dc32d95c-197d-a223-d27b-8866951b742c,65a1357a-eef5-949d-0105-8893ad807083,POLICY_APPROVED,a176636ecb8ff84a19fa3f30677caa1b11dab5dde0faa859cd6bcffe1be1c0b7,2428,image/webp,345,176,lihen-product-web,products/dc32d95c-197d-a223-d27b-8866951b742c/65a1357a-eef5-949d-0105-8893ad807083/web/a176636ecb8ff84a19fa3f30677caa1b11dab5dde0faa859cd6bcffe1be1c0b7.webp,web-derivatives-v1/files/65a1357a-eef5-949d-0105-8893ad807083.webp
CATV1-P063-R2R,97d03049-1b5b-2231-a104-5fa6fc0a2597,af7d1299-a25a-3f73-9edd-8421e14f70a8,POLICY_APPROVED,4d84fa18c14c4d5440777f15b6dd4e0381043cf1006722cb53b4235c3902fc89,3512,image/webp,345,176,lihen-product-web,products/97d03049-1b5b-2231-a104-5fa6fc0a2597/af7d1299-a25a-3f73-9edd-8421e14f70a8/web/4d84fa18c14c4d5440777f15b6dd4e0381043cf1006722cb53b4235c3902fc89.webp,web-derivatives-v1/files/af7d1299-a25a-3f73-9edd-8421e14f70a8.webp
CATV1-P064-R1L,7e5a04ba-64f6-03c4-5f0c-b85b0f208140,b553ea34-dc15-2b81-f52e-e9986855c5c6,POLICY_APPROVED,1518ecc078e62f2c8c995941258a4c0d10f6ac1e092d5e000417ac034c5e44ec,2128,image/webp,345,176,lihen-product-web,products/7e5a04ba-64f6-03c4-5f0c-b85b0f208140/b553ea34-dc15-2b81-f52e-e9986855c5c6/web/1518ecc078e62f2c8c995941258a4c0d10f6ac1e092d5e000417ac034c5e44ec.webp,web-derivatives-v1/files/b553ea34-dc15-2b81-f52e-e9986855c5c6.webp
CATV1-P064-R1R,58944e3d-9fe1-5d02-1dd2-bd0d7e4c29cc,19398322-039b-f433-9956-e7a6bc9ac32e,POLICY_APPROVED,2e716de36b6467e62dc8fe89805ff07adcb20674999a59e299ac8c6b40eca210,2300,image/webp,345,176,lihen-product-web,products/58944e3d-9fe1-5d02-1dd2-bd0d7e4c29cc/19398322-039b-f433-9956-e7a6bc9ac32e/web/2e716de36b6467e62dc8fe89805ff07adcb20674999a59e299ac8c6b40eca210.webp,web-derivatives-v1/files/19398322-039b-f433-9956-e7a6bc9ac32e.webp
CATV1-P066-R1L,4b36fbfe-7b4e-79d8-42d8-e73ee7d0747c,611c5745-6c7f-9acd-f10e-2096dd4723f9,POLICY_APPROVED,3210225ae6758798efb64e4de1a7724e0a320f2d5e2aa8bfa636e856d5407d94,4052,image/webp,345,176,lihen-product-web,products/4b36fbfe-7b4e-79d8-42d8-e73ee7d0747c/611c5745-6c7f-9acd-f10e-2096dd4723f9/web/3210225ae6758798efb64e4de1a7724e0a320f2d5e2aa8bfa636e856d5407d94.webp,web-derivatives-v1/files/611c5745-6c7f-9acd-f10e-2096dd4723f9.webp
CATV1-P066-R1R,3dfa7f13-ebfd-44c9-6f29-340114bf9328,a00a04ae-8729-736c-4a3e-f987b53fc1b8,POLICY_APPROVED,130043f7256a27569b542cd2deb64587734b509993d1da2530325e7cc5626ed0,4598,image/webp,345,176,lihen-product-web,products/3dfa7f13-ebfd-44c9-6f29-340114bf9328/a00a04ae-8729-736c-4a3e-f987b53fc1b8/web/130043f7256a27569b542cd2deb64587734b509993d1da2530325e7cc5626ed0.webp,web-derivatives-v1/files/a00a04ae-8729-736c-4a3e-f987b53fc1b8.webp
CATV1-P066-R2L,ff1b14e0-be63-68f4-1c37-6e0c4221e1ef,563ae842-3244-84c3-6881-99a4e6ea28ce,POLICY_APPROVED,f9297c9f5c2c0a5ceeb15c845dffc7016cf5c0730d8bac2dcdb8e6e63b459660,3858,image/webp,345,176,lihen-product-web,products/ff1b14e0-be63-68f4-1c37-6e0c4221e1ef/563ae842-3244-84c3-6881-99a4e6ea28ce/web/f9297c9f5c2c0a5ceeb15c845dffc7016cf5c0730d8bac2dcdb8e6e63b459660.webp,web-derivatives-v1/files/563ae842-3244-84c3-6881-99a4e6ea28ce.webp
CATV1-P066-R2R,c91cbe67-10f3-82f9-dd67-192ec0afbaf1,534aec5b-167a-e41d-0336-dead08615e80,POLICY_APPROVED,804c51ca717112c549007a9d3113fef8568b17e73fb1d7703b235b85560ec5e8,2044,image/webp,345,176,lihen-product-web,products/c91cbe67-10f3-82f9-dd67-192ec0afbaf1/534aec5b-167a-e41d-0336-dead08615e80/web/804c51ca717112c549007a9d3113fef8568b17e73fb1d7703b235b85560ec5e8.webp,web-derivatives-v1/files/534aec5b-167a-e41d-0336-dead08615e80.webp
CATV1-P066-R3L,d87c18af-cd51-1d5c-133a-54c2d2399b48,78c1f3ca-0150-34be-a2e6-b39aaae79d7c,POLICY_APPROVED,95bafdebfe3714d14e4d04ed96f7c3d906f5f62503d1e59b7c669a4db429e21e,2930,image/webp,345,176,lihen-product-web,products/d87c18af-cd51-1d5c-133a-54c2d2399b48/78c1f3ca-0150-34be-a2e6-b39aaae79d7c/web/95bafdebfe3714d14e4d04ed96f7c3d906f5f62503d1e59b7c669a4db429e21e.webp,web-derivatives-v1/files/78c1f3ca-0150-34be-a2e6-b39aaae79d7c.webp
CATV1-P068-R1L,77406c65-75e8-53b0-642c-54eb80e2e28c,9d130ab1-7307-19ad-b4e8-64277c00f2bc,POLICY_APPROVED,6707b46d4641c2743327e34905192026f89e7caf1f155a18cb194c210cff7bb8,4488,image/webp,345,176,lihen-product-web,products/77406c65-75e8-53b0-642c-54eb80e2e28c/9d130ab1-7307-19ad-b4e8-64277c00f2bc/web/6707b46d4641c2743327e34905192026f89e7caf1f155a18cb194c210cff7bb8.webp,web-derivatives-v1/files/9d130ab1-7307-19ad-b4e8-64277c00f2bc.webp
CATV1-P068-R1R,23681dc6-66e2-cddc-2778-ea36dea2f513,b63e55a1-857e-2397-c7e7-76f2684ea67f,POLICY_APPROVED,6027587dde3c4065d98cdab69bb79f72e66b55b568a28a98ef531621f39ec09f,4792,image/webp,345,176,lihen-product-web,products/23681dc6-66e2-cddc-2778-ea36dea2f513/b63e55a1-857e-2397-c7e7-76f2684ea67f/web/6027587dde3c4065d98cdab69bb79f72e66b55b568a28a98ef531621f39ec09f.webp,web-derivatives-v1/files/b63e55a1-857e-2397-c7e7-76f2684ea67f.webp
CATV1-P068-R2L,3e4d2353-f263-b944-94d1-6e8dacfa29ab,678dba32-1bd3-d7dd-f992-dfb6f8ee13f7,POLICY_APPROVED,33d4b82ecd695e871ad3bc465be7d2b5c8ed30de3c17e3d54bd4879e660a3846,3870,image/webp,345,176,lihen-product-web,products/3e4d2353-f263-b944-94d1-6e8dacfa29ab/678dba32-1bd3-d7dd-f992-dfb6f8ee13f7/web/33d4b82ecd695e871ad3bc465be7d2b5c8ed30de3c17e3d54bd4879e660a3846.webp,web-derivatives-v1/files/678dba32-1bd3-d7dd-f992-dfb6f8ee13f7.webp
CATV1-P068-R2R,5d80615e-a3ef-97a4-4b2c-6e3361e838a2,42c4b50b-c48b-58ec-233c-d8c3b743954c,POLICY_APPROVED,4cc238f6846d1cd54328a5dc0152a529bf0f2a70f468cf518780b43ca4777b7f,3580,image/webp,345,176,lihen-product-web,products/5d80615e-a3ef-97a4-4b2c-6e3361e838a2/42c4b50b-c48b-58ec-233c-d8c3b743954c/web/4cc238f6846d1cd54328a5dc0152a529bf0f2a70f468cf518780b43ca4777b7f.webp,web-derivatives-v1/files/42c4b50b-c48b-58ec-233c-d8c3b743954c.webp
CATV1-P068-R3L,2277ab39-8ea6-2eb3-ab9a-e0623bc62686,4bcaec83-0dc8-4dd3-f07a-d9efd77d0986,POLICY_APPROVED,807ae85df8b244ef2fc37ec8e08a7118ae23afc1582954f69a23e3c28ef1275c,3916,image/webp,345,176,lihen-product-web,products/2277ab39-8ea6-2eb3-ab9a-e0623bc62686/4bcaec83-0dc8-4dd3-f07a-d9efd77d0986/web/807ae85df8b244ef2fc37ec8e08a7118ae23afc1582954f69a23e3c28ef1275c.webp,web-derivatives-v1/files/4bcaec83-0dc8-4dd3-f07a-d9efd77d0986.webp
CATV1-P070-R1L,72873ee2-059e-9bce-2037-2fb523261636,91bc7ead-5be2-6c47-0e1f-997b51e5742a,POLICY_APPROVED,dcdfc733d68631a056fc8e8593a0957756db0ededa33059b249b3f0a724e5c3a,3928,image/webp,345,176,lihen-product-web,products/72873ee2-059e-9bce-2037-2fb523261636/91bc7ead-5be2-6c47-0e1f-997b51e5742a/web/dcdfc733d68631a056fc8e8593a0957756db0ededa33059b249b3f0a724e5c3a.webp,web-derivatives-v1/files/91bc7ead-5be2-6c47-0e1f-997b51e5742a.webp
CATV1-P070-R1R,984b32f0-9faa-6a39-d527-a926690ca384,5cd5aea3-f8f3-9db7-ab30-2fc9f10fdf0d,POLICY_APPROVED,1f4cf3b58cc7250485de1d23cf5c7b897c926b99571c8b93ab4dbccfcf41dba3,4160,image/webp,345,176,lihen-product-web,products/984b32f0-9faa-6a39-d527-a926690ca384/5cd5aea3-f8f3-9db7-ab30-2fc9f10fdf0d/web/1f4cf3b58cc7250485de1d23cf5c7b897c926b99571c8b93ab4dbccfcf41dba3.webp,web-derivatives-v1/files/5cd5aea3-f8f3-9db7-ab30-2fc9f10fdf0d.webp
CATV1-P070-R2L,8abab643-533a-ed01-7fa5-fad4b72d3082,fdf23d08-20fb-e602-d8eb-d1872b29fa5a,POLICY_APPROVED,4c2c69a0ce6dcde0a4153538efd589273f46e3ca0090f0504b2f9583de224e6f,4072,image/webp,345,176,lihen-product-web,products/8abab643-533a-ed01-7fa5-fad4b72d3082/fdf23d08-20fb-e602-d8eb-d1872b29fa5a/web/4c2c69a0ce6dcde0a4153538efd589273f46e3ca0090f0504b2f9583de224e6f.webp,web-derivatives-v1/files/fdf23d08-20fb-e602-d8eb-d1872b29fa5a.webp
CATV1-P070-R2R,ac7d2f32-ccae-3ffe-ee88-eaaa9662eec8,4df175f0-81ab-ac31-49eb-015cd5115424,POLICY_APPROVED,8203f7649b3fab145ea7d6bf3bd0959411af4c72c88b1ea2253f3eecc7d76a17,4206,image/webp,345,176,lihen-product-web,products/ac7d2f32-ccae-3ffe-ee88-eaaa9662eec8/4df175f0-81ab-ac31-49eb-015cd5115424/web/8203f7649b3fab145ea7d6bf3bd0959411af4c72c88b1ea2253f3eecc7d76a17.webp,web-derivatives-v1/files/4df175f0-81ab-ac31-49eb-015cd5115424.webp
CATV1-P070-R3L,037d2ae4-9cf7-c66f-5e5c-0f307ff98f2f,bf81b5e9-9d62-f148-eb8a-740e0bffbe7a,POLICY_APPROVED,b3df1f13d3e51d581cb0613a54df93e75676622acae7d2c36fc5646baf3f4f9b,4098,image/webp,345,176,lihen-product-web,products/037d2ae4-9cf7-c66f-5e5c-0f307ff98f2f/bf81b5e9-9d62-f148-eb8a-740e0bffbe7a/web/b3df1f13d3e51d581cb0613a54df93e75676622acae7d2c36fc5646baf3f4f9b.webp,web-derivatives-v1/files/bf81b5e9-9d62-f148-eb8a-740e0bffbe7a.webp
CATV1-P070-R3R,334f3e9b-2acd-f435-5b46-4cf54030152a,529fc43c-3fbe-f058-713a-792224b3a295,POLICY_APPROVED,4873679b4361dd6944380c2143dce0b2584d0957cd58b698b62e46a83b6b3c99,4554,image/webp,345,176,lihen-product-web,products/334f3e9b-2acd-f435-5b46-4cf54030152a/529fc43c-3fbe-f058-713a-792224b3a295/web/4873679b4361dd6944380c2143dce0b2584d0957cd58b698b62e46a83b6b3c99.webp,web-derivatives-v1/files/529fc43c-3fbe-f058-713a-792224b3a295.webp
CATV1-P072-R1L,ceda5b99-d2a7-ce1a-4c45-7977cdb03fbb,fd168f6f-209b-58f9-00bf-557007056cc6,POLICY_APPROVED,c072786c6b8cb12bbd9660fbcab1751a663941c63f41ebee4f164e90a8d4b6d4,1396,image/webp,345,176,lihen-product-web,products/ceda5b99-d2a7-ce1a-4c45-7977cdb03fbb/fd168f6f-209b-58f9-00bf-557007056cc6/web/c072786c6b8cb12bbd9660fbcab1751a663941c63f41ebee4f164e90a8d4b6d4.webp,web-derivatives-v1/files/fd168f6f-209b-58f9-00bf-557007056cc6.webp
CATV1-P072-R1R,290e82cf-db37-1f0e-550d-81755688a6c3,6a30b178-71b0-5747-09e0-2adcd3e94b58,POLICY_APPROVED,bca3661695554e1e0bc9fcb0b9b1ea3decefe1bc4671044e7ebb1fa472fb1cb9,1724,image/webp,345,176,lihen-product-web,products/290e82cf-db37-1f0e-550d-81755688a6c3/6a30b178-71b0-5747-09e0-2adcd3e94b58/web/bca3661695554e1e0bc9fcb0b9b1ea3decefe1bc4671044e7ebb1fa472fb1cb9.webp,web-derivatives-v1/files/6a30b178-71b0-5747-09e0-2adcd3e94b58.webp
CATV1-P072-R2L,4b1ec1a5-9c63-7c1e-0c0e-9930fc5d6f95,0a5a070a-d50c-2c28-7e4a-5338563a9e4f,POLICY_APPROVED,ead3c82fc4ff5efaaa03bfc9b12ed67468679e34acde251c7b56d6898f5d0e2a,1120,image/webp,345,176,lihen-product-web,products/4b1ec1a5-9c63-7c1e-0c0e-9930fc5d6f95/0a5a070a-d50c-2c28-7e4a-5338563a9e4f/web/ead3c82fc4ff5efaaa03bfc9b12ed67468679e34acde251c7b56d6898f5d0e2a.webp,web-derivatives-v1/files/0a5a070a-d50c-2c28-7e4a-5338563a9e4f.webp
CATV1-P072-R2R,2ff9904f-ea9d-36c9-d3b8-b29d2a44b18e,afa6ca57-7fab-f135-d997-64155135c756,POLICY_APPROVED,ef2ad489f6aded95cd28573686af58603a3e5fdc09e9fc284cb8f018a120c64c,1862,image/webp,345,176,lihen-product-web,products/2ff9904f-ea9d-36c9-d3b8-b29d2a44b18e/afa6ca57-7fab-f135-d997-64155135c756/web/ef2ad489f6aded95cd28573686af58603a3e5fdc09e9fc284cb8f018a120c64c.webp,web-derivatives-v1/files/afa6ca57-7fab-f135-d997-64155135c756.webp
CATV1-P072-R3L,45accddf-0a13-2bd6-32cd-8399367c95dd,c5a7d29e-e035-0719-d65b-109825605cf1,POLICY_APPROVED,662dbd97e18958b14d487ebc9f048820202533b0bd59b1c1f21602450eaf1b43,2700,image/webp,345,176,lihen-product-web,products/45accddf-0a13-2bd6-32cd-8399367c95dd/c5a7d29e-e035-0719-d65b-109825605cf1/web/662dbd97e18958b14d487ebc9f048820202533b0bd59b1c1f21602450eaf1b43.webp,web-derivatives-v1/files/c5a7d29e-e035-0719-d65b-109825605cf1.webp
CATV1-P072-R3R,ad77ee6b-7f6c-18e5-3c08-4e24edcaa126,3e51ceb0-34fb-099e-12d6-07857564af04,POLICY_APPROVED,0321e0dc137cdf268cfcaac5906fdc906f3d23d4b656fe30671af3f563e01682,1400,image/webp,345,176,lihen-product-web,products/ad77ee6b-7f6c-18e5-3c08-4e24edcaa126/3e51ceb0-34fb-099e-12d6-07857564af04/web/0321e0dc137cdf268cfcaac5906fdc906f3d23d4b656fe30671af3f563e01682.webp,web-derivatives-v1/files/3e51ceb0-34fb-099e-12d6-07857564af04.webp
CATV1-P073-R1L,49fc82ee-c812-7158-dee8-3e4f53661ba1,bea6d164-6152-da5b-2bbf-34a0a3c270d9,POLICY_APPROVED,8d307c56b22e46876d334fbf0e2fe77be36300854107f091e3c870304805c186,1802,image/webp,345,176,lihen-product-web,products/49fc82ee-c812-7158-dee8-3e4f53661ba1/bea6d164-6152-da5b-2bbf-34a0a3c270d9/web/8d307c56b22e46876d334fbf0e2fe77be36300854107f091e3c870304805c186.webp,web-derivatives-v1/files/bea6d164-6152-da5b-2bbf-34a0a3c270d9.webp
CATV1-P073-R1R,32a30ebc-fc7f-fc87-4e68-58ddc386fa8f,0d0c8421-2d44-18af-e16c-15c010e348aa,POLICY_APPROVED,4eb1fe792b307ed2745f481db2afaa3e3c08725355e0784d99f27e3107133535,2106,image/webp,345,176,lihen-product-web,products/32a30ebc-fc7f-fc87-4e68-58ddc386fa8f/0d0c8421-2d44-18af-e16c-15c010e348aa/web/4eb1fe792b307ed2745f481db2afaa3e3c08725355e0784d99f27e3107133535.webp,web-derivatives-v1/files/0d0c8421-2d44-18af-e16c-15c010e348aa.webp
CATV1-P073-R2L,ab6e9cea-af70-b487-57ef-787f890b4a07,5383082a-2ef3-636a-89f5-4b1b6a809961,POLICY_APPROVED,fb5bb2a6a525a4b9d6ac8356f68fdd657a59b6af8362390de18f53f1ab7ed6db,1632,image/webp,345,176,lihen-product-web,products/ab6e9cea-af70-b487-57ef-787f890b4a07/5383082a-2ef3-636a-89f5-4b1b6a809961/web/fb5bb2a6a525a4b9d6ac8356f68fdd657a59b6af8362390de18f53f1ab7ed6db.webp,web-derivatives-v1/files/5383082a-2ef3-636a-89f5-4b1b6a809961.webp
CATV1-P073-R2R,632222d9-3bc7-34ea-826e-5a9a280b3fdc,1b3232e7-5734-6d68-d663-87317b87c445,HUMAN_APPROVED,9c1415df3f2451fa646073e56cbca6a7db07b6e71f35be544289b11a19d5639a,1984,image/webp,345,176,lihen-product-web,products/632222d9-3bc7-34ea-826e-5a9a280b3fdc/1b3232e7-5734-6d68-d663-87317b87c445/web/9c1415df3f2451fa646073e56cbca6a7db07b6e71f35be544289b11a19d5639a.webp,web-derivatives-v1/files/1b3232e7-5734-6d68-d663-87317b87c445.webp
CATV1-P073-R3L,fb559fa5-c1f6-5ce5-edd0-6e70b94d1595,8156439d-7351-dfc5-6594-4179b918f09a,HUMAN_APPROVED,c38dd65f340fca783bb48f610644a5571347f16f17905f7bc7b4181535eb18bf,1800,image/webp,345,176,lihen-product-web,products/fb559fa5-c1f6-5ce5-edd0-6e70b94d1595/8156439d-7351-dfc5-6594-4179b918f09a/web/c38dd65f340fca783bb48f610644a5571347f16f17905f7bc7b4181535eb18bf.webp,web-derivatives-v1/files/8156439d-7351-dfc5-6594-4179b918f09a.webp
CATV1-P073-R3R,7b46d726-ce67-2e83-311e-92dd49adf5d2,5d78427b-7f9f-3bf1-a468-91cccbaa021d,HUMAN_APPROVED,9c81351bc17082bf2ae12541688ea0e7f150740861a2ab0588fae302875f12dc,1696,image/webp,345,176,lihen-product-web,products/7b46d726-ce67-2e83-311e-92dd49adf5d2/5d78427b-7f9f-3bf1-a468-91cccbaa021d/web/9c81351bc17082bf2ae12541688ea0e7f150740861a2ab0588fae302875f12dc.webp,web-derivatives-v1/files/5d78427b-7f9f-3bf1-a468-91cccbaa021d.webp
CATV1-P074-R1L,8f92433b-bff1-3589-d4d5-c686e91d48a7,c639ceca-0d1b-c52c-1fc5-39ac591819cd,HUMAN_APPROVED,7b754e712508c2160c8c71a666f348dfe558ec942d04a9c298fb99078171dac3,1564,image/webp,345,176,lihen-product-web,products/8f92433b-bff1-3589-d4d5-c686e91d48a7/c639ceca-0d1b-c52c-1fc5-39ac591819cd/web/7b754e712508c2160c8c71a666f348dfe558ec942d04a9c298fb99078171dac3.webp,web-derivatives-v1/files/c639ceca-0d1b-c52c-1fc5-39ac591819cd.webp
CATV1-P074-R1R,84d71c17-404b-7c4a-27c7-0640880f9717,89714c5d-e763-586e-9c98-3af2b5a51424,POLICY_APPROVED,9f561f709fa9a4353580de9be14680cf456f612af5cd0657a84035730c3574b7,2786,image/webp,345,176,lihen-product-web,products/84d71c17-404b-7c4a-27c7-0640880f9717/89714c5d-e763-586e-9c98-3af2b5a51424/web/9f561f709fa9a4353580de9be14680cf456f612af5cd0657a84035730c3574b7.webp,web-derivatives-v1/files/89714c5d-e763-586e-9c98-3af2b5a51424.webp
CATV1-P074-R2L,8cebe35b-1145-6372-55c7-28af2a0af262,cfca7173-3089-b065-320e-aaa4d3193024,HUMAN_APPROVED,0d5909a0b9de6171c22f38815eed371357aed700a6b370b5a65092ac9182db71,2154,image/webp,345,176,lihen-product-web,products/8cebe35b-1145-6372-55c7-28af2a0af262/cfca7173-3089-b065-320e-aaa4d3193024/web/0d5909a0b9de6171c22f38815eed371357aed700a6b370b5a65092ac9182db71.webp,web-derivatives-v1/files/cfca7173-3089-b065-320e-aaa4d3193024.webp
CATV1-P074-R2R,c6683872-7f65-f036-e3a5-716f3ae32687,f15c39b2-47da-45c2-a376-baa0ef49583c,POLICY_APPROVED,ce3904078227f2d9175ef19f3f7e10b7835766cd1da63845b68a626c1c119953,4306,image/webp,345,176,lihen-product-web,products/c6683872-7f65-f036-e3a5-716f3ae32687/f15c39b2-47da-45c2-a376-baa0ef49583c/web/ce3904078227f2d9175ef19f3f7e10b7835766cd1da63845b68a626c1c119953.webp,web-derivatives-v1/files/f15c39b2-47da-45c2-a376-baa0ef49583c.webp
CATV1-P075-R1L,4a0466cc-79ad-90ef-0b59-6aea4309d206,07a91ddd-bd97-bfbf-914f-9ab5840d4810,POLICY_APPROVED,12f23a281e89a6da545a08bbfbbd5e41d7871187d3affda90609dc237307f362,3116,image/webp,345,176,lihen-product-web,products/4a0466cc-79ad-90ef-0b59-6aea4309d206/07a91ddd-bd97-bfbf-914f-9ab5840d4810/web/12f23a281e89a6da545a08bbfbbd5e41d7871187d3affda90609dc237307f362.webp,web-derivatives-v1/files/07a91ddd-bd97-bfbf-914f-9ab5840d4810.webp
CATV1-P075-R1R,041c0ff9-2a4c-d6c8-1708-bf1dbe99262e,18b2a451-c43a-24a1-d513-c1047fe64088,POLICY_APPROVED,cb08f991f65772e349d8e07666d56c6ffcb44985ac6a62cc4ff6493a3da1335b,2876,image/webp,345,176,lihen-product-web,products/041c0ff9-2a4c-d6c8-1708-bf1dbe99262e/18b2a451-c43a-24a1-d513-c1047fe64088/web/cb08f991f65772e349d8e07666d56c6ffcb44985ac6a62cc4ff6493a3da1335b.webp,web-derivatives-v1/files/18b2a451-c43a-24a1-d513-c1047fe64088.webp
CATV1-P075-R2L,0b49b686-88c3-5c1e-0b82-f787ab14e35e,4bf2667c-80cf-ea19-df03-d90614b47b29,POLICY_APPROVED,5991bc944cc7736ca7464fa0dcb025ea18b3da46dd6f96fe32d4f6c1d249467a,2806,image/webp,345,176,lihen-product-web,products/0b49b686-88c3-5c1e-0b82-f787ab14e35e/4bf2667c-80cf-ea19-df03-d90614b47b29/web/5991bc944cc7736ca7464fa0dcb025ea18b3da46dd6f96fe32d4f6c1d249467a.webp,web-derivatives-v1/files/4bf2667c-80cf-ea19-df03-d90614b47b29.webp
CATV1-P075-R2R,5f4f8200-23ce-86e5-4f4b-f111d66bad1b,9b151d67-eba6-3e40-9507-b4040d83204b,POLICY_APPROVED,adc829eed2742c9d6e2406576a1be878a39dc00797cd30429e459ec4c20afbe4,3240,image/webp,345,176,lihen-product-web,products/5f4f8200-23ce-86e5-4f4b-f111d66bad1b/9b151d67-eba6-3e40-9507-b4040d83204b/web/adc829eed2742c9d6e2406576a1be878a39dc00797cd30429e459ec4c20afbe4.webp,web-derivatives-v1/files/9b151d67-eba6-3e40-9507-b4040d83204b.webp
CATV1-P075-R3L,88fca1f0-b126-0a31-db31-3288a4ec5fe6,7c96bc6d-17f9-e98d-5dc7-022b65132f1a,POLICY_APPROVED,3cf094a48ab2018fb3650944804efa8071994c09e25f1f8945818453696d6f37,2780,image/webp,345,176,lihen-product-web,products/88fca1f0-b126-0a31-db31-3288a4ec5fe6/7c96bc6d-17f9-e98d-5dc7-022b65132f1a/web/3cf094a48ab2018fb3650944804efa8071994c09e25f1f8945818453696d6f37.webp,web-derivatives-v1/files/7c96bc6d-17f9-e98d-5dc7-022b65132f1a.webp
CATV1-P075-R3R,17d535cf-32d9-ea2d-9ffc-57a50d101aae,64df6609-4ffb-7221-a401-06543dfc2c47,POLICY_APPROVED,97e8c4a40021b322933abc329e43b83cc40f8bfa84002fdc37fbd06c06e9f040,2902,image/webp,345,176,lihen-product-web,products/17d535cf-32d9-ea2d-9ffc-57a50d101aae/64df6609-4ffb-7221-a401-06543dfc2c47/web/97e8c4a40021b322933abc329e43b83cc40f8bfa84002fdc37fbd06c06e9f040.webp,web-derivatives-v1/files/64df6609-4ffb-7221-a401-06543dfc2c47.webp
CATV1-P076-R1L,6719638d-e14f-9310-823b-a02b01295622,aa3ab0fb-a68a-26c3-d9c9-4ec793ebe94f,POLICY_APPROVED,cf4cb58ed014e6de532acfe3579c6796debfa839e4cf9cb0e8dde152dac8a9e5,5944,image/webp,345,176,lihen-product-web,products/6719638d-e14f-9310-823b-a02b01295622/aa3ab0fb-a68a-26c3-d9c9-4ec793ebe94f/web/cf4cb58ed014e6de532acfe3579c6796debfa839e4cf9cb0e8dde152dac8a9e5.webp,web-derivatives-v1/files/aa3ab0fb-a68a-26c3-d9c9-4ec793ebe94f.webp
CATV1-P078-R1L,d7d599c9-e3f8-260f-107b-8f80a073cb8c,810112be-7bde-ce10-c6fa-5c2fbddf696d,POLICY_APPROVED,b2f3296846f854356e457bcea41856d224964d8bd69b6546c6c1068beff785d1,2488,image/webp,345,176,lihen-product-web,products/d7d599c9-e3f8-260f-107b-8f80a073cb8c/810112be-7bde-ce10-c6fa-5c2fbddf696d/web/b2f3296846f854356e457bcea41856d224964d8bd69b6546c6c1068beff785d1.webp,web-derivatives-v1/files/810112be-7bde-ce10-c6fa-5c2fbddf696d.webp
CATV1-P078-R1R,12a2c3ce-a3cd-a700-3a03-e829c00c9f04,2791ca1c-3b54-6351-3fb0-6a670ef63999,POLICY_APPROVED,06319e5eca5d2dbdaea867b0c594b2668f75d7ba8bc930c88c8da67b1a31830c,2344,image/webp,345,176,lihen-product-web,products/12a2c3ce-a3cd-a700-3a03-e829c00c9f04/2791ca1c-3b54-6351-3fb0-6a670ef63999/web/06319e5eca5d2dbdaea867b0c594b2668f75d7ba8bc930c88c8da67b1a31830c.webp,web-derivatives-v1/files/2791ca1c-3b54-6351-3fb0-6a670ef63999.webp
CATV1-P078-R2L,1b717c47-9518-050d-b213-04386e616be9,78d793c6-ed57-980e-a6f4-24fc0b989803,POLICY_APPROVED,5f03800b649c4de20d2271fd5a382f35fdfeae72098a3fb0f031b61c7ae0bf5d,2966,image/webp,345,176,lihen-product-web,products/1b717c47-9518-050d-b213-04386e616be9/78d793c6-ed57-980e-a6f4-24fc0b989803/web/5f03800b649c4de20d2271fd5a382f35fdfeae72098a3fb0f031b61c7ae0bf5d.webp,web-derivatives-v1/files/78d793c6-ed57-980e-a6f4-24fc0b989803.webp
CATV1-P078-R2R,7e70b3c5-60cf-3ba4-32c3-bd281a5afbae,789ec624-ea0e-40f2-2e8a-7d4f49e079a9,POLICY_APPROVED,4ceb706ccffe81f5ee9f9ca7870382c34caffb34ba894492763b72126a8b31d8,3616,image/webp,345,176,lihen-product-web,products/7e70b3c5-60cf-3ba4-32c3-bd281a5afbae/789ec624-ea0e-40f2-2e8a-7d4f49e079a9/web/4ceb706ccffe81f5ee9f9ca7870382c34caffb34ba894492763b72126a8b31d8.webp,web-derivatives-v1/files/789ec624-ea0e-40f2-2e8a-7d4f49e079a9.webp
CATV1-P078-R3L,b44d0898-e885-63bb-b909-cfcc0b5115cf,f80a14f8-dd6f-438e-8a8b-bb55d0ae0f9f,POLICY_APPROVED,4bc59b7febc714549585dd80a56e960b267d0e9bd65daea3f1d0b0ab85454dd9,4006,image/webp,345,176,lihen-product-web,products/b44d0898-e885-63bb-b909-cfcc0b5115cf/f80a14f8-dd6f-438e-8a8b-bb55d0ae0f9f/web/4bc59b7febc714549585dd80a56e960b267d0e9bd65daea3f1d0b0ab85454dd9.webp,web-derivatives-v1/files/f80a14f8-dd6f-438e-8a8b-bb55d0ae0f9f.webp
CATV1-P078-R3R,f28f26d2-bd59-7f66-6b41-92288a2b91b0,f8b4b741-2267-766b-6ccf-88cb57a0e4f3,POLICY_APPROVED,d913f4a453ccfd1e839b731f6550e56c806ec76531c7f212e84588652354b15d,3810,image/webp,345,176,lihen-product-web,products/f28f26d2-bd59-7f66-6b41-92288a2b91b0/f8b4b741-2267-766b-6ccf-88cb57a0e4f3/web/d913f4a453ccfd1e839b731f6550e56c806ec76531c7f212e84588652354b15d.webp,web-derivatives-v1/files/f8b4b741-2267-766b-6ccf-88cb57a0e4f3.webp
CATV1-P079-R1L,f0c5f995-77ab-32fc-e8fa-19c571106ef9,e01ba1a2-07d4-14ed-94b6-fdc5780ab484,POLICY_APPROVED,096d5218b6c44d8744610a701ce8ba6ffcf63da076ca241559dcd980f21a7fe8,2874,image/webp,345,176,lihen-product-web,products/f0c5f995-77ab-32fc-e8fa-19c571106ef9/e01ba1a2-07d4-14ed-94b6-fdc5780ab484/web/096d5218b6c44d8744610a701ce8ba6ffcf63da076ca241559dcd980f21a7fe8.webp,web-derivatives-v1/files/e01ba1a2-07d4-14ed-94b6-fdc5780ab484.webp
CATV1-P079-R1R,671ec600-883c-a12e-d763-8ff9edb20a21,016360ed-f9e1-07ac-242d-63250dbb82ba,POLICY_APPROVED,4c0ac508236509c3bbee730ed3b33da1577c3b1b5c73577fdb3ed6128b7649fa,2448,image/webp,345,176,lihen-product-web,products/671ec600-883c-a12e-d763-8ff9edb20a21/016360ed-f9e1-07ac-242d-63250dbb82ba/web/4c0ac508236509c3bbee730ed3b33da1577c3b1b5c73577fdb3ed6128b7649fa.webp,web-derivatives-v1/files/016360ed-f9e1-07ac-242d-63250dbb82ba.webp
CATV1-P079-R2L,81029079-2282-de92-6df5-ce79d6a1a4a9,7fecde26-7678-ca44-94ef-f938d68c099b,POLICY_APPROVED,3001054767e3017a6e5cc1059a8f1ac8dde07f64d46a236fc216a3acfd566e60,3876,image/webp,345,176,lihen-product-web,products/81029079-2282-de92-6df5-ce79d6a1a4a9/7fecde26-7678-ca44-94ef-f938d68c099b/web/3001054767e3017a6e5cc1059a8f1ac8dde07f64d46a236fc216a3acfd566e60.webp,web-derivatives-v1/files/7fecde26-7678-ca44-94ef-f938d68c099b.webp
CATV1-P079-R2R,59715d4a-b0ec-ab7b-9642-3546c8f75c0e,ff592b63-5c5f-a442-0f67-70518a6e8c95,POLICY_APPROVED,c933480be92ab5393e7461ba21508a5b00d4248e526df052f2307e32f441bfd1,2310,image/webp,345,176,lihen-product-web,products/59715d4a-b0ec-ab7b-9642-3546c8f75c0e/ff592b63-5c5f-a442-0f67-70518a6e8c95/web/c933480be92ab5393e7461ba21508a5b00d4248e526df052f2307e32f441bfd1.webp,web-derivatives-v1/files/ff592b63-5c5f-a442-0f67-70518a6e8c95.webp
CATV1-P079-R3L,d3c87040-a354-b2ce-b710-5b36c0925246,91fb016c-a248-b286-6cba-647ec8b77acd,POLICY_APPROVED,d75e61f2247b963ed10545fc6a09ccfcd81cb6d190850fca16a780e548f45451,2754,image/webp,345,176,lihen-product-web,products/d3c87040-a354-b2ce-b710-5b36c0925246/91fb016c-a248-b286-6cba-647ec8b77acd/web/d75e61f2247b963ed10545fc6a09ccfcd81cb6d190850fca16a780e548f45451.webp,web-derivatives-v1/files/91fb016c-a248-b286-6cba-647ec8b77acd.webp
CATV1-P079-R3R,387e26a0-aa52-367d-398a-c1cf70f03385,9e5bb9ef-1114-a2ff-9253-f62ce014bb84,POLICY_APPROVED,40b2964ac01cac58d497a1a528cb8fabf0c1c0f9e36e15d0e6001479470ab4ad,3128,image/webp,345,176,lihen-product-web,products/387e26a0-aa52-367d-398a-c1cf70f03385/9e5bb9ef-1114-a2ff-9253-f62ce014bb84/web/40b2964ac01cac58d497a1a528cb8fabf0c1c0f9e36e15d0e6001479470ab4ad.webp,web-derivatives-v1/files/9e5bb9ef-1114-a2ff-9253-f62ce014bb84.webp
CATV1-P080-R1L,0d9bf921-8afa-de99-9981-ff775f84b788,bed3e9d2-83f5-f040-3240-12a2f862b16f,POLICY_APPROVED,25857f477fbb6712547f33c852b09eb91f3fd8a0a4e5591d5157975d739941e6,1922,image/webp,345,176,lihen-product-web,products/0d9bf921-8afa-de99-9981-ff775f84b788/bed3e9d2-83f5-f040-3240-12a2f862b16f/web/25857f477fbb6712547f33c852b09eb91f3fd8a0a4e5591d5157975d739941e6.webp,web-derivatives-v1/files/bed3e9d2-83f5-f040-3240-12a2f862b16f.webp
CATV1-P080-R1R,96315803-2f1f-ed1f-c932-d9aad1421633,7dd2eee8-e8c2-c3f7-f255-c3d1c9472295,POLICY_APPROVED,abc7e3b6866edab2b2d30406818383bb42abed8eeee5767a6b65677a95f55659,1748,image/webp,345,176,lihen-product-web,products/96315803-2f1f-ed1f-c932-d9aad1421633/7dd2eee8-e8c2-c3f7-f255-c3d1c9472295/web/abc7e3b6866edab2b2d30406818383bb42abed8eeee5767a6b65677a95f55659.webp,web-derivatives-v1/files/7dd2eee8-e8c2-c3f7-f255-c3d1c9472295.webp
CATV1-P080-R2L,78a188a1-33ec-1192-888a-b81c9817f2f5,9a456200-d47f-09e1-502c-aaef8505c251,HUMAN_APPROVED,a0c794032cbec6b77d533e5cb190b00a17b3fb6d2b767ae23e1c9d924933d9c9,3390,image/webp,345,176,lihen-product-web,products/78a188a1-33ec-1192-888a-b81c9817f2f5/9a456200-d47f-09e1-502c-aaef8505c251/web/a0c794032cbec6b77d533e5cb190b00a17b3fb6d2b767ae23e1c9d924933d9c9.webp,web-derivatives-v1/files/9a456200-d47f-09e1-502c-aaef8505c251.webp
CATV1-P080-R2R,79f62181-0b55-3c37-1642-1a0f874019d2,58962b14-e6d3-1cf0-285c-590275d03b23,HUMAN_APPROVED,f33272a52a436afc3a9dbb81a992d9d796d571b7a0eabac11a663adf36633c38,2882,image/webp,345,176,lihen-product-web,products/79f62181-0b55-3c37-1642-1a0f874019d2/58962b14-e6d3-1cf0-285c-590275d03b23/web/f33272a52a436afc3a9dbb81a992d9d796d571b7a0eabac11a663adf36633c38.webp,web-derivatives-v1/files/58962b14-e6d3-1cf0-285c-590275d03b23.webp
CATV1-P080-R3L,abcc039d-a95c-6810-ded2-6facfb76a2ed,e12fe823-a8ed-a3be-9e4a-364f59d22afc,HUMAN_APPROVED,2c602152c3c7dbacf9f23212c5b98dc34237c5dd08c6de206102940d5e8dc86b,2596,image/webp,345,176,lihen-product-web,products/abcc039d-a95c-6810-ded2-6facfb76a2ed/e12fe823-a8ed-a3be-9e4a-364f59d22afc/web/2c602152c3c7dbacf9f23212c5b98dc34237c5dd08c6de206102940d5e8dc86b.webp,web-derivatives-v1/files/e12fe823-a8ed-a3be-9e4a-364f59d22afc.webp
CATV1-P080-R3R,eab03016-9d36-3d9e-f8aa-ffd8cc53eb1c,8e3f4cdf-286f-c232-3df5-5f5ceaece940,POLICY_APPROVED,e3ea231857fd1ec52de75530884a59757c9a1f3208f0220864f02d8a2d454ba5,1632,image/webp,345,176,lihen-product-web,products/eab03016-9d36-3d9e-f8aa-ffd8cc53eb1c/8e3f4cdf-286f-c232-3df5-5f5ceaece940/web/e3ea231857fd1ec52de75530884a59757c9a1f3208f0220864f02d8a2d454ba5.webp,web-derivatives-v1/files/8e3f4cdf-286f-c232-3df5-5f5ceaece940.webp
CATV1-P081-R1L,fc131d88-6814-5482-c5fd-a89cc04761c3,8bedd49a-9429-0cd0-0446-609c17d4dc81,POLICY_APPROVED,0104bf09e484eae0be10f7b2b872599eda44a10dba6b5d98aae79e708bc0244f,4194,image/webp,345,176,lihen-product-web,products/fc131d88-6814-5482-c5fd-a89cc04761c3/8bedd49a-9429-0cd0-0446-609c17d4dc81/web/0104bf09e484eae0be10f7b2b872599eda44a10dba6b5d98aae79e708bc0244f.webp,web-derivatives-v1/files/8bedd49a-9429-0cd0-0446-609c17d4dc81.webp
CATV1-P081-R1R,28e80b0a-baf9-ceef-9615-032c4a06e8d9,9a568941-f342-4096-1c0c-870777c9e672,POLICY_APPROVED,e5accd6e3c6b6aaf775f0b8f43e11669a3c3b154c1b322b622763c4d139ba501,750,image/webp,345,176,lihen-product-web,products/28e80b0a-baf9-ceef-9615-032c4a06e8d9/9a568941-f342-4096-1c0c-870777c9e672/web/e5accd6e3c6b6aaf775f0b8f43e11669a3c3b154c1b322b622763c4d139ba501.webp,web-derivatives-v1/files/9a568941-f342-4096-1c0c-870777c9e672.webp
CATV1-P081-R2L,d14b1f80-590b-b2cb-a0c3-355f43b55989,39596f64-1032-37b1-8359-55926365138d,POLICY_APPROVED,e225fcc99f6aca216c5b31fc809d9e85833f1bedec43ebaf4061b17b4e09a84b,3636,image/webp,345,176,lihen-product-web,products/d14b1f80-590b-b2cb-a0c3-355f43b55989/39596f64-1032-37b1-8359-55926365138d/web/e225fcc99f6aca216c5b31fc809d9e85833f1bedec43ebaf4061b17b4e09a84b.webp,web-derivatives-v1/files/39596f64-1032-37b1-8359-55926365138d.webp
CATV1-P081-R2R,6d44955c-064e-c0ac-25a4-fba22a1b35e2,9cffd713-11c4-ec1b-2fc0-b24f253309b4,POLICY_APPROVED,de637445eefc3653e946c44a85cf54c506e5c5bd30a86536d11375ad58e19e03,1636,image/webp,345,176,lihen-product-web,products/6d44955c-064e-c0ac-25a4-fba22a1b35e2/9cffd713-11c4-ec1b-2fc0-b24f253309b4/web/de637445eefc3653e946c44a85cf54c506e5c5bd30a86536d11375ad58e19e03.webp,web-derivatives-v1/files/9cffd713-11c4-ec1b-2fc0-b24f253309b4.webp
CATV1-P081-R3L,8e6d1575-bc11-133b-ee01-7cbd9edddb49,c08c1009-32f6-e078-35fb-8408b9b3f861,POLICY_APPROVED,26e4dec4d813337d0c4ce7ba5984bd792ad43dbcd7bfd0c04133ac51357b7868,3042,image/webp,345,176,lihen-product-web,products/8e6d1575-bc11-133b-ee01-7cbd9edddb49/c08c1009-32f6-e078-35fb-8408b9b3f861/web/26e4dec4d813337d0c4ce7ba5984bd792ad43dbcd7bfd0c04133ac51357b7868.webp,web-derivatives-v1/files/c08c1009-32f6-e078-35fb-8408b9b3f861.webp
CATV1-P081-R3R,eaa37487-c920-4bf6-0b6c-d4df5d06cd49,77c91117-434a-6818-e214-4a284adfae03,POLICY_APPROVED,68edb8d39ab564b5b11d3aebc6316db27e9c47299594eb29d2de3ff5ae36a7f9,1910,image/webp,345,176,lihen-product-web,products/eaa37487-c920-4bf6-0b6c-d4df5d06cd49/77c91117-434a-6818-e214-4a284adfae03/web/68edb8d39ab564b5b11d3aebc6316db27e9c47299594eb29d2de3ff5ae36a7f9.webp,web-derivatives-v1/files/77c91117-434a-6818-e214-4a284adfae03.webp
CATV1-P082-R1L,e7da75aa-01d8-7958-0400-944e5cad50b5,8b743218-d038-4ac9-afa6-b17d0f826bff,POLICY_APPROVED,e11e59c648d94f917e5032e4af449a260b57913517b4c9cf86ee66f934b7fd90,3002,image/webp,345,176,lihen-product-web,products/e7da75aa-01d8-7958-0400-944e5cad50b5/8b743218-d038-4ac9-afa6-b17d0f826bff/web/e11e59c648d94f917e5032e4af449a260b57913517b4c9cf86ee66f934b7fd90.webp,web-derivatives-v1/files/8b743218-d038-4ac9-afa6-b17d0f826bff.webp
CATV1-P082-R1R,a7536a1d-677b-2de2-f1f0-34d670fab863,6882c6f9-97ad-f3f5-490c-09cdfa6a316b,POLICY_APPROVED,a4a86f78f06e942f2c9631c9ce22830986d50219bbd01e25e24061f1708173ab,3384,image/webp,345,176,lihen-product-web,products/a7536a1d-677b-2de2-f1f0-34d670fab863/6882c6f9-97ad-f3f5-490c-09cdfa6a316b/web/a4a86f78f06e942f2c9631c9ce22830986d50219bbd01e25e24061f1708173ab.webp,web-derivatives-v1/files/6882c6f9-97ad-f3f5-490c-09cdfa6a316b.webp
CATV1-P084-R1L,062df1cd-c298-f68a-cf07-18c4fd7ceec8,07d96d61-0096-38de-fe55-1517d05dc3c1,POLICY_APPROVED,999ef0d2e7cbbffdae65a6129f539b1cd4aeebe55ffb355df5663f84a9b6fde3,2238,image/webp,345,176,lihen-product-web,products/062df1cd-c298-f68a-cf07-18c4fd7ceec8/07d96d61-0096-38de-fe55-1517d05dc3c1/web/999ef0d2e7cbbffdae65a6129f539b1cd4aeebe55ffb355df5663f84a9b6fde3.webp,web-derivatives-v1/files/07d96d61-0096-38de-fe55-1517d05dc3c1.webp
CATV1-P084-R1R,462f3236-379c-1c57-0434-dc5a1f476ce7,531a886c-ae0a-f29e-f135-a6eee1116285,POLICY_APPROVED,aa9cdecbfddbe6a7ac8e4ff6600ce5e56fc7921c8e005c1858fcc447bbce2045,2864,image/webp,345,176,lihen-product-web,products/462f3236-379c-1c57-0434-dc5a1f476ce7/531a886c-ae0a-f29e-f135-a6eee1116285/web/aa9cdecbfddbe6a7ac8e4ff6600ce5e56fc7921c8e005c1858fcc447bbce2045.webp,web-derivatives-v1/files/531a886c-ae0a-f29e-f135-a6eee1116285.webp
CATV1-P084-R2L,93108551-d6ed-8460-fc54-faab9f55f162,74f55907-2bd3-dcbe-e5b7-b0a20e35bc12,POLICY_APPROVED,e8ba763b4e996c4d782723e0c8d3f6c5ad07c3fe23e4da67dafc172422a79f40,1704,image/webp,345,176,lihen-product-web,products/93108551-d6ed-8460-fc54-faab9f55f162/74f55907-2bd3-dcbe-e5b7-b0a20e35bc12/web/e8ba763b4e996c4d782723e0c8d3f6c5ad07c3fe23e4da67dafc172422a79f40.webp,web-derivatives-v1/files/74f55907-2bd3-dcbe-e5b7-b0a20e35bc12.webp
CATV1-P084-R2R,3d3ac895-5335-08ef-0b13-378628465a54,b5886c70-3177-ccdf-36d4-f80c81ac27e4,POLICY_APPROVED,89bff6b95a0a65c651a052f455547c2296a0bdca03ce260b0dd5584bac34c67d,1384,image/webp,345,176,lihen-product-web,products/3d3ac895-5335-08ef-0b13-378628465a54/b5886c70-3177-ccdf-36d4-f80c81ac27e4/web/89bff6b95a0a65c651a052f455547c2296a0bdca03ce260b0dd5584bac34c67d.webp,web-derivatives-v1/files/b5886c70-3177-ccdf-36d4-f80c81ac27e4.webp
CATV1-P085-R1L,6b22ac6f-1972-ea00-91a5-0f09b91b73f6,4964a74e-5e46-596b-1dba-8c1717345521,POLICY_APPROVED,de8f4934275091855863881ac90e28fd05181e05e7e2c4ad9ec3802e3b494985,1354,image/webp,345,176,lihen-product-web,products/6b22ac6f-1972-ea00-91a5-0f09b91b73f6/4964a74e-5e46-596b-1dba-8c1717345521/web/de8f4934275091855863881ac90e28fd05181e05e7e2c4ad9ec3802e3b494985.webp,web-derivatives-v1/files/4964a74e-5e46-596b-1dba-8c1717345521.webp
CATV1-P085-R1R,4d2bf1d2-91e4-7213-8ac5-85a4da6a2d2b,a1f34f72-61f9-a5d5-27d7-6c419dd1bad5,POLICY_APPROVED,2e04efd9724235a4d2dd02c4b01a5013a607de7332b51832fa28f1fee985c631,2910,image/webp,345,176,lihen-product-web,products/4d2bf1d2-91e4-7213-8ac5-85a4da6a2d2b/a1f34f72-61f9-a5d5-27d7-6c419dd1bad5/web/2e04efd9724235a4d2dd02c4b01a5013a607de7332b51832fa28f1fee985c631.webp,web-derivatives-v1/files/a1f34f72-61f9-a5d5-27d7-6c419dd1bad5.webp
CATV1-P085-R2L,2bc0a090-d689-a5c5-82ab-65c8ee5379c2,a0d1dfbf-8e59-9f41-637a-aa0a390048b2,POLICY_APPROVED,58a9e6ada2e624becc7bfaab50ab3adb1759a03187837030933ca61e6e663cb0,5902,image/webp,345,176,lihen-product-web,products/2bc0a090-d689-a5c5-82ab-65c8ee5379c2/a0d1dfbf-8e59-9f41-637a-aa0a390048b2/web/58a9e6ada2e624becc7bfaab50ab3adb1759a03187837030933ca61e6e663cb0.webp,web-derivatives-v1/files/a0d1dfbf-8e59-9f41-637a-aa0a390048b2.webp
CATV1-P085-R2R,d5691e48-f18b-c2bc-c906-dd65d87c9006,0ac793a1-6086-a73a-a0f3-03424a7d98fe,POLICY_APPROVED,5da05a040f2ac42f103fe3f9c49cb877445251054a7a316f50c4e0a47a42052a,4314,image/webp,345,176,lihen-product-web,products/d5691e48-f18b-c2bc-c906-dd65d87c9006/0ac793a1-6086-a73a-a0f3-03424a7d98fe/web/5da05a040f2ac42f103fe3f9c49cb877445251054a7a316f50c4e0a47a42052a.webp,web-derivatives-v1/files/0ac793a1-6086-a73a-a0f3-03424a7d98fe.webp
CATV1-P085-R3L,416892d9-4363-8f55-081e-302658e81388,45a35b51-73a9-f69a-2428-b4cf0480fc13,POLICY_APPROVED,f9ada786c557138fbdd3876852282a8c46602ac3bd75edc8cd7fa4c6d9c1c978,5738,image/webp,345,176,lihen-product-web,products/416892d9-4363-8f55-081e-302658e81388/45a35b51-73a9-f69a-2428-b4cf0480fc13/web/f9ada786c557138fbdd3876852282a8c46602ac3bd75edc8cd7fa4c6d9c1c978.webp,web-derivatives-v1/files/45a35b51-73a9-f69a-2428-b4cf0480fc13.webp
CATV1-P085-R3R,abedbcb3-1fa1-e6a1-c89e-a26f6dd9ef85,a59cc8d0-ab2a-309f-20a8-3f9d8468203a,POLICY_APPROVED,35a359bd6e2d9bb44a8341c79df8e932c50bada9e68e882a38b9341bcde5f12c,2418,image/webp,345,176,lihen-product-web,products/abedbcb3-1fa1-e6a1-c89e-a26f6dd9ef85/a59cc8d0-ab2a-309f-20a8-3f9d8468203a/web/35a359bd6e2d9bb44a8341c79df8e932c50bada9e68e882a38b9341bcde5f12c.webp,web-derivatives-v1/files/a59cc8d0-ab2a-309f-20a8-3f9d8468203a.webp
CATV1-P086-R1L,179b53e0-5e29-1173-c3cf-3b40b694e3bc,675d1b2c-f968-c351-c250-6aa21d9a6926,POLICY_APPROVED,d3ecc71c8a42b1cbca801a0fca432caf63aab84fbc0a910d502ced9ac5f085bf,3616,image/webp,345,176,lihen-product-web,products/179b53e0-5e29-1173-c3cf-3b40b694e3bc/675d1b2c-f968-c351-c250-6aa21d9a6926/web/d3ecc71c8a42b1cbca801a0fca432caf63aab84fbc0a910d502ced9ac5f085bf.webp,web-derivatives-v1/files/675d1b2c-f968-c351-c250-6aa21d9a6926.webp
CATV1-P086-R1R,060cd795-01c8-1ea4-7956-127b03686b4c,a015950f-03f8-40e3-b53d-bb174edf1bb6,POLICY_APPROVED,ddd48c5698c93dfdde409da1559e39f8d72992f839d107ed747d3a31a8406dd8,4104,image/webp,345,176,lihen-product-web,products/060cd795-01c8-1ea4-7956-127b03686b4c/a015950f-03f8-40e3-b53d-bb174edf1bb6/web/ddd48c5698c93dfdde409da1559e39f8d72992f839d107ed747d3a31a8406dd8.webp,web-derivatives-v1/files/a015950f-03f8-40e3-b53d-bb174edf1bb6.webp
CATV1-P086-R2L,90ef39cc-72d2-cc9e-597c-650ade6d3a1d,f47b7d06-c740-02c4-2548-5667b09b8ec4,POLICY_APPROVED,83e72b338e889652ce550517215190fdcd96a1a554d3aff3eefaa686c2a0475c,4544,image/webp,345,176,lihen-product-web,products/90ef39cc-72d2-cc9e-597c-650ade6d3a1d/f47b7d06-c740-02c4-2548-5667b09b8ec4/web/83e72b338e889652ce550517215190fdcd96a1a554d3aff3eefaa686c2a0475c.webp,web-derivatives-v1/files/f47b7d06-c740-02c4-2548-5667b09b8ec4.webp
CATV1-P086-R2R,94244769-6709-0384-884a-1acf1918031f,0aef92e1-851c-7d97-0694-e7530c4dffec,POLICY_APPROVED,eb2c937fd81e5071385dc08863fb91df6ad49d79f3b6c5bd9369ef6badd8d8f1,2832,image/webp,345,176,lihen-product-web,products/94244769-6709-0384-884a-1acf1918031f/0aef92e1-851c-7d97-0694-e7530c4dffec/web/eb2c937fd81e5071385dc08863fb91df6ad49d79f3b6c5bd9369ef6badd8d8f1.webp,web-derivatives-v1/files/0aef92e1-851c-7d97-0694-e7530c4dffec.webp
CATV1-P086-R3L,024b793d-af41-121b-4dba-0ad629ca74f2,9b44d860-ff52-d428-e247-0c0c6d5a401b,POLICY_APPROVED,3e92456442468b411fe2e2d0ebb8e6d14724746ae1da3bb7f2a9468fa230fac0,3218,image/webp,345,176,lihen-product-web,products/024b793d-af41-121b-4dba-0ad629ca74f2/9b44d860-ff52-d428-e247-0c0c6d5a401b/web/3e92456442468b411fe2e2d0ebb8e6d14724746ae1da3bb7f2a9468fa230fac0.webp,web-derivatives-v1/files/9b44d860-ff52-d428-e247-0c0c6d5a401b.webp
CATV1-P086-R3R,2cdcf17d-d88d-472c-b4ce-83349bdc92f0,056dd3fd-7b9b-7fb9-20ce-42e70447b192,POLICY_APPROVED,4b411baefa9b59b4939865af4953d109f2f0b836e07bd6bc9304b7ee28018bf0,2538,image/webp,345,176,lihen-product-web,products/2cdcf17d-d88d-472c-b4ce-83349bdc92f0/056dd3fd-7b9b-7fb9-20ce-42e70447b192/web/4b411baefa9b59b4939865af4953d109f2f0b836e07bd6bc9304b7ee28018bf0.webp,web-derivatives-v1/files/056dd3fd-7b9b-7fb9-20ce-42e70447b192.webp
CATV1-P087-R1L,7f0c2ec1-0cc4-a0d2-3419-d105eea50abf,6daf7c09-0765-6b43-03a1-e8c93b3fdb1c,POLICY_APPROVED,daa569a54e90212403fe7e29c0ee477341a7cb896270a41ddc5fa87bf60d83c0,2944,image/webp,345,176,lihen-product-web,products/7f0c2ec1-0cc4-a0d2-3419-d105eea50abf/6daf7c09-0765-6b43-03a1-e8c93b3fdb1c/web/daa569a54e90212403fe7e29c0ee477341a7cb896270a41ddc5fa87bf60d83c0.webp,web-derivatives-v1/files/6daf7c09-0765-6b43-03a1-e8c93b3fdb1c.webp
CATV1-P087-R1R,84d7eba1-7980-89e8-006d-b23ae9f746d4,4ea9c3c2-5985-e85d-a65d-3f00af5a4558,HUMAN_APPROVED,33c29f47c55f7eab6e61f04398b3f066089681712e28eda1117a3af0036d6519,6882,image/webp,345,176,lihen-product-web,products/84d7eba1-7980-89e8-006d-b23ae9f746d4/4ea9c3c2-5985-e85d-a65d-3f00af5a4558/web/33c29f47c55f7eab6e61f04398b3f066089681712e28eda1117a3af0036d6519.webp,web-derivatives-v1/files/4ea9c3c2-5985-e85d-a65d-3f00af5a4558.webp
CATV1-P089-R1L,2f397c5c-7eed-2d3b-0822-2aa4f95ed11a,265fac25-87ff-f297-feed-430190e7ee9b,POLICY_APPROVED,dd841eff93693a85277613ba9320124739ea150cca3add9ae98751f9f81be592,3302,image/webp,345,176,lihen-product-web,products/2f397c5c-7eed-2d3b-0822-2aa4f95ed11a/265fac25-87ff-f297-feed-430190e7ee9b/web/dd841eff93693a85277613ba9320124739ea150cca3add9ae98751f9f81be592.webp,web-derivatives-v1/files/265fac25-87ff-f297-feed-430190e7ee9b.webp
CATV1-P089-R1R,04c4c745-fd3b-bc4d-3a4b-9209a02e038e,309a7d99-8fe7-1239-4a31-54bbb25896f1,POLICY_APPROVED,ed07bd6bebb200f94f602614d55245671ad2d0b12014fe107ac46eca18b7f637,5738,image/webp,345,176,lihen-product-web,products/04c4c745-fd3b-bc4d-3a4b-9209a02e038e/309a7d99-8fe7-1239-4a31-54bbb25896f1/web/ed07bd6bebb200f94f602614d55245671ad2d0b12014fe107ac46eca18b7f637.webp,web-derivatives-v1/files/309a7d99-8fe7-1239-4a31-54bbb25896f1.webp
CATV1-P089-R2L,344e164e-5855-4917-55c3-01395d787009,8e44a849-cfcb-9472-762a-669441aea5c9,POLICY_APPROVED,f06e0803335338d4d1591cc8631e0bd179dc723073c4f5dcfac5c8fa370b6469,2114,image/webp,345,176,lihen-product-web,products/344e164e-5855-4917-55c3-01395d787009/8e44a849-cfcb-9472-762a-669441aea5c9/web/f06e0803335338d4d1591cc8631e0bd179dc723073c4f5dcfac5c8fa370b6469.webp,web-derivatives-v1/files/8e44a849-cfcb-9472-762a-669441aea5c9.webp
CATV1-P091-R1L,0e80f4ba-754b-9afd-6c71-aac7c34f2dbc,db07250b-716f-ccc3-8d84-8b3ef2961515,HUMAN_APPROVED,a4d032700daaac04679617d4639f3e83c842bc38316b65d4f4645b6b36ce29bf,5974,image/webp,345,176,lihen-product-web,products/0e80f4ba-754b-9afd-6c71-aac7c34f2dbc/db07250b-716f-ccc3-8d84-8b3ef2961515/web/a4d032700daaac04679617d4639f3e83c842bc38316b65d4f4645b6b36ce29bf.webp,web-derivatives-v1/files/db07250b-716f-ccc3-8d84-8b3ef2961515.webp
CATV1-P091-R1R,43636c17-6119-d1da-9d39-26ecc17831ac,42895689-3f56-8c43-5717-d22cf75f0784,HUMAN_APPROVED,197e1362ff6eecc8f5c4b9138aac66491e084db8ed4e659d5777fc43c477bd52,6670,image/webp,345,176,lihen-product-web,products/43636c17-6119-d1da-9d39-26ecc17831ac/42895689-3f56-8c43-5717-d22cf75f0784/web/197e1362ff6eecc8f5c4b9138aac66491e084db8ed4e659d5777fc43c477bd52.webp,web-derivatives-v1/files/42895689-3f56-8c43-5717-d22cf75f0784.webp
CATV1-P091-R2L,df8152aa-b095-a8f3-64d5-c3a9118619c6,0e24d74b-5448-bae7-3fb8-792a13d38cab,HUMAN_APPROVED,5199845f67eb461e6a23b5f28e1dcd325c088f5c4f7707adb2aa046a8c39a4ba,2484,image/webp,345,176,lihen-product-web,products/df8152aa-b095-a8f3-64d5-c3a9118619c6/0e24d74b-5448-bae7-3fb8-792a13d38cab/web/5199845f67eb461e6a23b5f28e1dcd325c088f5c4f7707adb2aa046a8c39a4ba.webp,web-derivatives-v1/files/0e24d74b-5448-bae7-3fb8-792a13d38cab.webp
CATV1-P093-R1L,09708c5f-0e37-0b46-6327-efd20c48bc34,72d16f93-fac3-a89a-67df-d777e36fc7b6,POLICY_APPROVED,4af352e798e59952a033064a1bae197fbd3ffeead1033505d2d51ceecb4aeb46,3430,image/webp,345,176,lihen-product-web,products/09708c5f-0e37-0b46-6327-efd20c48bc34/72d16f93-fac3-a89a-67df-d777e36fc7b6/web/4af352e798e59952a033064a1bae197fbd3ffeead1033505d2d51ceecb4aeb46.webp,web-derivatives-v1/files/72d16f93-fac3-a89a-67df-d777e36fc7b6.webp
CATV1-P093-R1R,13b37b90-08bc-33dc-0b1f-329b386519b2,b1e9b965-fc5b-2154-e3a3-43482cf44179,POLICY_APPROVED,a529990776c86373aa64fad23cf328b202bf265fd296af31527fd2c46c3c0526,4186,image/webp,345,176,lihen-product-web,products/13b37b90-08bc-33dc-0b1f-329b386519b2/b1e9b965-fc5b-2154-e3a3-43482cf44179/web/a529990776c86373aa64fad23cf328b202bf265fd296af31527fd2c46c3c0526.webp,web-derivatives-v1/files/b1e9b965-fc5b-2154-e3a3-43482cf44179.webp
CATV1-P093-R2L,d54ee21b-80d2-4f5e-658b-d60fc211488f,fcd90723-d4b6-e734-1531-e7b87b85c3ea,POLICY_APPROVED,67595881c5dfad32fdd9182d26daec3e2c73c878d9ba0b27ed68ec0b20083c9d,3566,image/webp,345,176,lihen-product-web,products/d54ee21b-80d2-4f5e-658b-d60fc211488f/fcd90723-d4b6-e734-1531-e7b87b85c3ea/web/67595881c5dfad32fdd9182d26daec3e2c73c878d9ba0b27ed68ec0b20083c9d.webp,web-derivatives-v1/files/fcd90723-d4b6-e734-1531-e7b87b85c3ea.webp
CATV1-P093-R2R,7ff7adfe-ec6e-b3bc-1d32-7a6982a46fa6,64da5d6f-e273-c926-dc52-8cab3f6a4b31,POLICY_APPROVED,8362cc9294d0cfd78c7c5ac0d5e21a7b6d7ab1a460a21484e3ee3cae0d61d437,3290,image/webp,345,176,lihen-product-web,products/7ff7adfe-ec6e-b3bc-1d32-7a6982a46fa6/64da5d6f-e273-c926-dc52-8cab3f6a4b31/web/8362cc9294d0cfd78c7c5ac0d5e21a7b6d7ab1a460a21484e3ee3cae0d61d437.webp,web-derivatives-v1/files/64da5d6f-e273-c926-dc52-8cab3f6a4b31.webp
CATV1-P093-R3L,9b183455-f10c-a6a8-f154-e9d8bbcb33f6,3255d50e-518e-0a23-2d35-5f4619b7aa8f,POLICY_APPROVED,1130043d220aaa39b95cb552219039e68f7582ce839b659adf7e83fcba4b7a7d,4812,image/webp,345,176,lihen-product-web,products/9b183455-f10c-a6a8-f154-e9d8bbcb33f6/3255d50e-518e-0a23-2d35-5f4619b7aa8f/web/1130043d220aaa39b95cb552219039e68f7582ce839b659adf7e83fcba4b7a7d.webp,web-derivatives-v1/files/3255d50e-518e-0a23-2d35-5f4619b7aa8f.webp
CATV1-P093-R3R,86ff7c30-3672-3759-0a9e-5653e75dc72b,cca86740-6d84-bc1c-5420-d1b2cd2fa27e,POLICY_APPROVED,6b073bb960d38420606b82f5388d2dd239d0261bb5739ac9f446ed6584f8a470,4322,image/webp,345,176,lihen-product-web,products/86ff7c30-3672-3759-0a9e-5653e75dc72b/cca86740-6d84-bc1c-5420-d1b2cd2fa27e/web/6b073bb960d38420606b82f5388d2dd239d0261bb5739ac9f446ed6584f8a470.webp,web-derivatives-v1/files/cca86740-6d84-bc1c-5420-d1b2cd2fa27e.webp
CATV1-P094-R1L,70e840be-0b35-9112-acb8-62cd1708eeb2,571cde0f-3b9d-5b60-e642-5e407ef7dfc6,POLICY_APPROVED,4741f5939da9644be640c0099c9a7264f17ffe6a765a8a3e41819135943407fb,5540,image/webp,345,176,lihen-product-web,products/70e840be-0b35-9112-acb8-62cd1708eeb2/571cde0f-3b9d-5b60-e642-5e407ef7dfc6/web/4741f5939da9644be640c0099c9a7264f17ffe6a765a8a3e41819135943407fb.webp,web-derivatives-v1/files/571cde0f-3b9d-5b60-e642-5e407ef7dfc6.webp
CATV1-P094-R1R,0745f810-f9b9-fc5f-d71c-c2332c8d8c88,2fb185e1-fa9b-fec4-3693-d87bf307a75d,POLICY_APPROVED,b5414dc5d13f7ec9fa961c86f0f4d979f61150d97905a3a71476d9a8af29c9b5,4520,image/webp,345,176,lihen-product-web,products/0745f810-f9b9-fc5f-d71c-c2332c8d8c88/2fb185e1-fa9b-fec4-3693-d87bf307a75d/web/b5414dc5d13f7ec9fa961c86f0f4d979f61150d97905a3a71476d9a8af29c9b5.webp,web-derivatives-v1/files/2fb185e1-fa9b-fec4-3693-d87bf307a75d.webp
CATV1-P094-R2L,e51167d3-accc-2a14-14f4-f77428b8d472,b673b6c1-e8fc-8af9-d4f8-3c38ccaab107,POLICY_APPROVED,d018412e5c29098e983b70560631a3b36dc1eb68a9154c2ae2b111ea64b4eade,2450,image/webp,345,176,lihen-product-web,products/e51167d3-accc-2a14-14f4-f77428b8d472/b673b6c1-e8fc-8af9-d4f8-3c38ccaab107/web/d018412e5c29098e983b70560631a3b36dc1eb68a9154c2ae2b111ea64b4eade.webp,web-derivatives-v1/files/b673b6c1-e8fc-8af9-d4f8-3c38ccaab107.webp
CATV1-P094-R2R,34dbbf23-3758-f9ac-8cfd-03bac38e1dd9,e2355e37-9106-6448-3be6-2da264a7f51c,POLICY_APPROVED,7eb094bfe00e3efa86273a2132ae92dbf9a0bbe2d62bf8394e374a6f15d78ead,4274,image/webp,345,176,lihen-product-web,products/34dbbf23-3758-f9ac-8cfd-03bac38e1dd9/e2355e37-9106-6448-3be6-2da264a7f51c/web/7eb094bfe00e3efa86273a2132ae92dbf9a0bbe2d62bf8394e374a6f15d78ead.webp,web-derivatives-v1/files/e2355e37-9106-6448-3be6-2da264a7f51c.webp
CATV1-P094-R3L,f97b4ec5-472d-3a8b-2c78-06114c6fc2ad,90022261-ca81-1d76-bb7c-ed6c249bbb80,POLICY_APPROVED,41ce2e74a4053461babe33690b75706ea176cb1627863636a689070d161e8651,3124,image/webp,345,176,lihen-product-web,products/f97b4ec5-472d-3a8b-2c78-06114c6fc2ad/90022261-ca81-1d76-bb7c-ed6c249bbb80/web/41ce2e74a4053461babe33690b75706ea176cb1627863636a689070d161e8651.webp,web-derivatives-v1/files/90022261-ca81-1d76-bb7c-ed6c249bbb80.webp
CATV1-P094-R3R,0500e158-f1b0-e9f0-e56e-5a070a314f80,79b9d0de-4948-a6c8-ad2e-5901befe7db3,POLICY_APPROVED,5fda3e70ee7329b850a3b117b4ed08007a811b88609a737dcffac2e31251cc3b,2132,image/webp,345,176,lihen-product-web,products/0500e158-f1b0-e9f0-e56e-5a070a314f80/79b9d0de-4948-a6c8-ad2e-5901befe7db3/web/5fda3e70ee7329b850a3b117b4ed08007a811b88609a737dcffac2e31251cc3b.webp,web-derivatives-v1/files/79b9d0de-4948-a6c8-ad2e-5901befe7db3.webp
CATV1-P095-R1L,35be90f0-a5cc-b26a-35d3-a1327dbc6201,7bc2ac89-2286-b232-c655-4d2957e3ede9,POLICY_APPROVED,ff86701d7d8d1e64270defcf2738d0a6bb7386587db1bd9573ef6f7ffd6d5df0,2082,image/webp,345,176,lihen-product-web,products/35be90f0-a5cc-b26a-35d3-a1327dbc6201/7bc2ac89-2286-b232-c655-4d2957e3ede9/web/ff86701d7d8d1e64270defcf2738d0a6bb7386587db1bd9573ef6f7ffd6d5df0.webp,web-derivatives-v1/files/7bc2ac89-2286-b232-c655-4d2957e3ede9.webp
CATV1-P095-R1R,abac154d-05ee-2d3a-aba1-84a4b59adb92,e02e310b-2796-5d98-1021-9b608571a9b4,POLICY_APPROVED,4821a49a3172a44d3f83c3cc5f9f0112c68fb05f096409670aab55308b1919a1,2914,image/webp,345,176,lihen-product-web,products/abac154d-05ee-2d3a-aba1-84a4b59adb92/e02e310b-2796-5d98-1021-9b608571a9b4/web/4821a49a3172a44d3f83c3cc5f9f0112c68fb05f096409670aab55308b1919a1.webp,web-derivatives-v1/files/e02e310b-2796-5d98-1021-9b608571a9b4.webp
CATV1-P095-R2L,b11bbaca-48c1-b963-abc8-9bf4f4425cae,c620e92f-f2ed-ba63-1741-fabef862e48e,POLICY_APPROVED,cf9b822c2d2ce3579a823193f279827637a24b5dd3e3e0a816ba8f39709947a2,2614,image/webp,345,176,lihen-product-web,products/b11bbaca-48c1-b963-abc8-9bf4f4425cae/c620e92f-f2ed-ba63-1741-fabef862e48e/web/cf9b822c2d2ce3579a823193f279827637a24b5dd3e3e0a816ba8f39709947a2.webp,web-derivatives-v1/files/c620e92f-f2ed-ba63-1741-fabef862e48e.webp
CATV1-P095-R2R,36942c22-321d-cd4d-f782-1c18befd6085,e2eea504-67d1-9545-0dbd-07a3b96c2d63,POLICY_APPROVED,653995dcb4cb7e7cb63bc86214f6aec061587096bdf8b516b20e4af6c0e910c6,3550,image/webp,345,176,lihen-product-web,products/36942c22-321d-cd4d-f782-1c18befd6085/e2eea504-67d1-9545-0dbd-07a3b96c2d63/web/653995dcb4cb7e7cb63bc86214f6aec061587096bdf8b516b20e4af6c0e910c6.webp,web-derivatives-v1/files/e2eea504-67d1-9545-0dbd-07a3b96c2d63.webp
CATV1-P097-R1L,d32a8e2c-d86f-3171-fffd-3b93479ed30b,0a348f95-b1aa-8e75-e92f-5fc29ff26f3f,POLICY_APPROVED,dc483750be4ba5355d7fe7b32c04d51bb6c677d48852620a444485d409eac69e,4690,image/webp,345,176,lihen-product-web,products/d32a8e2c-d86f-3171-fffd-3b93479ed30b/0a348f95-b1aa-8e75-e92f-5fc29ff26f3f/web/dc483750be4ba5355d7fe7b32c04d51bb6c677d48852620a444485d409eac69e.webp,web-derivatives-v1/files/0a348f95-b1aa-8e75-e92f-5fc29ff26f3f.webp
CATV1-P097-R1R,1a413ecc-a07d-0ce3-d947-551a03dedb03,764cb63a-7bbf-17c1-9404-31e0f84b4559,POLICY_APPROVED,e0a9c42559f93469f2d737e763c15774575e2416bdad51af43d8873d4428d165,6422,image/webp,345,176,lihen-product-web,products/1a413ecc-a07d-0ce3-d947-551a03dedb03/764cb63a-7bbf-17c1-9404-31e0f84b4559/web/e0a9c42559f93469f2d737e763c15774575e2416bdad51af43d8873d4428d165.webp,web-derivatives-v1/files/764cb63a-7bbf-17c1-9404-31e0f84b4559.webp
CATV1-P097-R2L,ddb59dab-ece3-78f1-f25b-819cdf9f3efb,38a7badb-30e7-d11f-f6d0-a4056c0c9123,POLICY_APPROVED,9c990bcf5790cd8c36455b5f495d5a5b473ca454429801fc33860119a3a9dc0c,6928,image/webp,345,176,lihen-product-web,products/ddb59dab-ece3-78f1-f25b-819cdf9f3efb/38a7badb-30e7-d11f-f6d0-a4056c0c9123/web/9c990bcf5790cd8c36455b5f495d5a5b473ca454429801fc33860119a3a9dc0c.webp,web-derivatives-v1/files/38a7badb-30e7-d11f-f6d0-a4056c0c9123.webp
CATV1-P099-R1L,85df9091-7d2b-79fb-3f21-b02bb215e1c1,c70f643b-d670-6fa9-2e26-af737efb3f73,POLICY_APPROVED,f912512489a98f568a3f0398d84b480d2867dd2b752d2bedc910d28cd659b491,1702,image/webp,345,176,lihen-product-web,products/85df9091-7d2b-79fb-3f21-b02bb215e1c1/c70f643b-d670-6fa9-2e26-af737efb3f73/web/f912512489a98f568a3f0398d84b480d2867dd2b752d2bedc910d28cd659b491.webp,web-derivatives-v1/files/c70f643b-d670-6fa9-2e26-af737efb3f73.webp
CATV1-P099-R1R,effa670a-cf91-816d-7090-de51fcb56046,da1c9fe8-037f-93d0-c460-1f478a28724b,POLICY_APPROVED,65918f3b70b6e9dd0e88be7bb64acdce87a7d9530fc4f6a9ab74763a1891cce0,2704,image/webp,345,176,lihen-product-web,products/effa670a-cf91-816d-7090-de51fcb56046/da1c9fe8-037f-93d0-c460-1f478a28724b/web/65918f3b70b6e9dd0e88be7bb64acdce87a7d9530fc4f6a9ab74763a1891cce0.webp,web-derivatives-v1/files/da1c9fe8-037f-93d0-c460-1f478a28724b.webp
CATV1-P099-R2L,ca59f28d-b2a9-6fda-ab39-415636c455cc,d578d66b-9196-e03e-c96a-fd8645f28294,POLICY_APPROVED,08e8200edd39762cfe3c3f0124db65cbd02c0ee17c4ba8889a615c898b282fd8,3390,image/webp,345,176,lihen-product-web,products/ca59f28d-b2a9-6fda-ab39-415636c455cc/d578d66b-9196-e03e-c96a-fd8645f28294/web/08e8200edd39762cfe3c3f0124db65cbd02c0ee17c4ba8889a615c898b282fd8.webp,web-derivatives-v1/files/d578d66b-9196-e03e-c96a-fd8645f28294.webp
CATV1-P099-R2R,02f13716-6585-7117-8106-85b4a3864ea6,3cc44225-3aef-68a9-7b5d-7cb180c91533,POLICY_APPROVED,5ac8fb94bd7ddee20791e0016829fc06fd17bdd9d2e2417c62dfcd9c8b094b86,3222,image/webp,345,176,lihen-product-web,products/02f13716-6585-7117-8106-85b4a3864ea6/3cc44225-3aef-68a9-7b5d-7cb180c91533/web/5ac8fb94bd7ddee20791e0016829fc06fd17bdd9d2e2417c62dfcd9c8b094b86.webp,web-derivatives-v1/files/3cc44225-3aef-68a9-7b5d-7cb180c91533.webp
CATV1-P099-R3L,ea57da20-22d4-0315-f4cf-2b7afe7452cd,ee097c58-f0b1-c32c-4f03-8dfa31696d57,POLICY_APPROVED,bc9357da6d8673ac360a857e243a793c2b779cd97f59787e42ad18027e936c90,2652,image/webp,345,176,lihen-product-web,products/ea57da20-22d4-0315-f4cf-2b7afe7452cd/ee097c58-f0b1-c32c-4f03-8dfa31696d57/web/bc9357da6d8673ac360a857e243a793c2b779cd97f59787e42ad18027e936c90.webp,web-derivatives-v1/files/ee097c58-f0b1-c32c-4f03-8dfa31696d57.webp
CATV1-P101-R1L,6cc47e24-de26-cab3-0f0a-985e885767e1,eda98e01-1a29-07ae-b011-a9aad797186c,POLICY_APPROVED,684038e0c6c9b1635b826fdd253dc090b5bf8e9ac289d43094e79a7232ae8141,2514,image/webp,345,176,lihen-product-web,products/6cc47e24-de26-cab3-0f0a-985e885767e1/eda98e01-1a29-07ae-b011-a9aad797186c/web/684038e0c6c9b1635b826fdd253dc090b5bf8e9ac289d43094e79a7232ae8141.webp,web-derivatives-v1/files/eda98e01-1a29-07ae-b011-a9aad797186c.webp
CATV1-P101-R1R,c62b5bf2-e076-9425-7483-a38ce379a10b,d4fca1da-f08f-7f96-50b2-a2089a88145c,POLICY_APPROVED,1c39061db26991e4c329471d83295025c712a9a8f81cbfcebae80be100c862f0,1974,image/webp,345,176,lihen-product-web,products/c62b5bf2-e076-9425-7483-a38ce379a10b/d4fca1da-f08f-7f96-50b2-a2089a88145c/web/1c39061db26991e4c329471d83295025c712a9a8f81cbfcebae80be100c862f0.webp,web-derivatives-v1/files/d4fca1da-f08f-7f96-50b2-a2089a88145c.webp
CATV1-P103-R1L,b3fd46e4-8b23-64b5-8076-71ce05360998,13ee1f49-4cc9-7d6e-beda-ff6cdcc0ec99,POLICY_APPROVED,5d76c4dedf968da5e6288a6eb4f62a92fc7ccfc07806c8dc2e016b89165670df,3098,image/webp,345,176,lihen-product-web,products/b3fd46e4-8b23-64b5-8076-71ce05360998/13ee1f49-4cc9-7d6e-beda-ff6cdcc0ec99/web/5d76c4dedf968da5e6288a6eb4f62a92fc7ccfc07806c8dc2e016b89165670df.webp,web-derivatives-v1/files/13ee1f49-4cc9-7d6e-beda-ff6cdcc0ec99.webp
CATV1-P103-R1R,7d1424ca-7d0f-eeac-1f4d-b14e8f93e297,f8768c3e-33a5-cad1-80f0-d0f75ba8d856,POLICY_APPROVED,aa99e24b936f50a39009825db9289e9a4861845a85832d22b57d6ff9e072b60a,3034,image/webp,345,176,lihen-product-web,products/7d1424ca-7d0f-eeac-1f4d-b14e8f93e297/f8768c3e-33a5-cad1-80f0-d0f75ba8d856/web/aa99e24b936f50a39009825db9289e9a4861845a85832d22b57d6ff9e072b60a.webp,web-derivatives-v1/files/f8768c3e-33a5-cad1-80f0-d0f75ba8d856.webp
CATV1-P103-R2L,a63150a9-cb09-fb85-8578-74f972d46b87,2654842f-2bee-92bc-5c1b-5a0a75e6cfa8,POLICY_APPROVED,2ac9246be5f6c8b3f79d8aff65600128ddaaf23415761d06266a1cbc548ba054,3242,image/webp,345,176,lihen-product-web,products/a63150a9-cb09-fb85-8578-74f972d46b87/2654842f-2bee-92bc-5c1b-5a0a75e6cfa8/web/2ac9246be5f6c8b3f79d8aff65600128ddaaf23415761d06266a1cbc548ba054.webp,web-derivatives-v1/files/2654842f-2bee-92bc-5c1b-5a0a75e6cfa8.webp
CATV1-P103-R2R,8ae3ed41-1ab2-baa5-458f-a14ce8f3632a,f463df57-0215-b8b6-81a3-9f68a458680d,POLICY_APPROVED,c322bdf12f516e39d9ceadfa397e64c731052fdc132ceccf9f7caabe40beecfc,1886,image/webp,345,176,lihen-product-web,products/8ae3ed41-1ab2-baa5-458f-a14ce8f3632a/f463df57-0215-b8b6-81a3-9f68a458680d/web/c322bdf12f516e39d9ceadfa397e64c731052fdc132ceccf9f7caabe40beecfc.webp,web-derivatives-v1/files/f463df57-0215-b8b6-81a3-9f68a458680d.webp
CATV1-P103-R3L,8a7fdde1-9185-84d4-d96d-98e26f115be3,1b9c73e7-34ab-36dc-2579-cfba884b732e,POLICY_APPROVED,ccce023e896e7df47b67cde168d1112b6fe6947176842090987e9d8b7ed0fc8c,1692,image/webp,345,176,lihen-product-web,products/8a7fdde1-9185-84d4-d96d-98e26f115be3/1b9c73e7-34ab-36dc-2579-cfba884b732e/web/ccce023e896e7df47b67cde168d1112b6fe6947176842090987e9d8b7ed0fc8c.webp,web-derivatives-v1/files/1b9c73e7-34ab-36dc-2579-cfba884b732e.webp
CATV1-P103-R3R,7baac762-96f0-e6db-225f-ba8edd6caf57,9d6efce8-8572-2b64-c93d-2067c40cc400,POLICY_APPROVED,c8413d9881913de1ae48685e0fad388656691ef7fdccefeabc394c220dd399f2,1370,image/webp,345,176,lihen-product-web,products/7baac762-96f0-e6db-225f-ba8edd6caf57/9d6efce8-8572-2b64-c93d-2067c40cc400/web/c8413d9881913de1ae48685e0fad388656691ef7fdccefeabc394c220dd399f2.webp,web-derivatives-v1/files/9d6efce8-8572-2b64-c93d-2067c40cc400.webp
CATV1-P104-R1L,883c0eeb-b903-866a-d307-66ee5333e708,fd7a6a6c-5a78-20b0-aeba-ba58b888d67a,POLICY_APPROVED,ee42fcd94912fe94053516ce68a6cdc374969379c190709846a14e2a837b56c8,3208,image/webp,345,176,lihen-product-web,products/883c0eeb-b903-866a-d307-66ee5333e708/fd7a6a6c-5a78-20b0-aeba-ba58b888d67a/web/ee42fcd94912fe94053516ce68a6cdc374969379c190709846a14e2a837b56c8.webp,web-derivatives-v1/files/fd7a6a6c-5a78-20b0-aeba-ba58b888d67a.webp
CATV1-P104-R1R,89effbeb-8802-989c-7009-ba167dd3cc4f,e3ad2886-5b10-f6c2-bc47-c4daad4e703b,POLICY_APPROVED,114f96adb2f465ec3620f3443088797f2b6039e4481f1435fd8138397b489c00,2008,image/webp,345,176,lihen-product-web,products/89effbeb-8802-989c-7009-ba167dd3cc4f/e3ad2886-5b10-f6c2-bc47-c4daad4e703b/web/114f96adb2f465ec3620f3443088797f2b6039e4481f1435fd8138397b489c00.webp,web-derivatives-v1/files/e3ad2886-5b10-f6c2-bc47-c4daad4e703b.webp
CATV1-P104-R2L,23e8af79-6c90-5711-7c6f-fcc6bb93868d,8c5da6c0-c0fc-c9ac-e178-50874737f262,POLICY_APPROVED,2e89642fef67205fd2e7af209a68173451c655a8b7ee957ce09fd99d45258840,3086,image/webp,345,176,lihen-product-web,products/23e8af79-6c90-5711-7c6f-fcc6bb93868d/8c5da6c0-c0fc-c9ac-e178-50874737f262/web/2e89642fef67205fd2e7af209a68173451c655a8b7ee957ce09fd99d45258840.webp,web-derivatives-v1/files/8c5da6c0-c0fc-c9ac-e178-50874737f262.webp
CATV1-P104-R2R,f3bc28cd-2bcf-5056-4fe3-3b88095a8080,466339d8-4bbd-81f1-1f41-d4937a75c3f8,POLICY_APPROVED,ecb02424bf832808214c860979d60908ca2c4b4d7c176c3baefb30b44f64b9cb,1698,image/webp,345,176,lihen-product-web,products/f3bc28cd-2bcf-5056-4fe3-3b88095a8080/466339d8-4bbd-81f1-1f41-d4937a75c3f8/web/ecb02424bf832808214c860979d60908ca2c4b4d7c176c3baefb30b44f64b9cb.webp,web-derivatives-v1/files/466339d8-4bbd-81f1-1f41-d4937a75c3f8.webp
CATV1-P104-R3L,38f2d809-0e96-7db0-59c2-4eefecbbe0c0,88ea686f-d410-d661-edd6-a6dd47cdc616,POLICY_APPROVED,44039ede0458017aab87e919387b69fea8fcf17d8a665dc2857152983d941c9d,2730,image/webp,345,176,lihen-product-web,products/38f2d809-0e96-7db0-59c2-4eefecbbe0c0/88ea686f-d410-d661-edd6-a6dd47cdc616/web/44039ede0458017aab87e919387b69fea8fcf17d8a665dc2857152983d941c9d.webp,web-derivatives-v1/files/88ea686f-d410-d661-edd6-a6dd47cdc616.webp
CATV1-P104-R3R,01cc2bb0-2166-6f91-2559-7c069d269f99,4e88223f-c291-bde6-3077-5f3962073ffc,POLICY_APPROVED,0b87152047e3b18366a7d84234ebb78f2325667d4c3a85910278fc82467bbafd,1076,image/webp,345,176,lihen-product-web,products/01cc2bb0-2166-6f91-2559-7c069d269f99/4e88223f-c291-bde6-3077-5f3962073ffc/web/0b87152047e3b18366a7d84234ebb78f2325667d4c3a85910278fc82467bbafd.webp,web-derivatives-v1/files/4e88223f-c291-bde6-3077-5f3962073ffc.webp
CATV1-P106-R1L,80aa3cb4-0120-01ad-0501-ea85c93a94a3,002df671-cfa8-ad71-61de-39875deaffe7,POLICY_APPROVED,3ac3f3a97b5d6258b9323d5af993e59fa43d7d4d5db0d818fc665b75c740c5e4,2168,image/webp,345,176,lihen-product-web,products/80aa3cb4-0120-01ad-0501-ea85c93a94a3/002df671-cfa8-ad71-61de-39875deaffe7/web/3ac3f3a97b5d6258b9323d5af993e59fa43d7d4d5db0d818fc665b75c740c5e4.webp,web-derivatives-v1/files/002df671-cfa8-ad71-61de-39875deaffe7.webp
CATV1-P106-R1R,41084c80-8dad-e0fa-691c-9bf5e01cefe0,37b59a5c-907a-d9d6-bcb4-d143b4cd65b5,POLICY_APPROVED,492559762217031fc443f46f82abfccf6370f9b308247c149f1fc6de0e951b6c,1222,image/webp,345,176,lihen-product-web,products/41084c80-8dad-e0fa-691c-9bf5e01cefe0/37b59a5c-907a-d9d6-bcb4-d143b4cd65b5/web/492559762217031fc443f46f82abfccf6370f9b308247c149f1fc6de0e951b6c.webp,web-derivatives-v1/files/37b59a5c-907a-d9d6-bcb4-d143b4cd65b5.webp
CATV1-P106-R2L,f4dfd34a-2e90-d88d-58ad-2081d678d67e,d08f730d-edfe-1983-a814-e69276c903a5,POLICY_APPROVED,65d9920cdcf5f725f66ee96e660503667d8e6020ca3ebab90a4e36c667184861,2484,image/webp,345,176,lihen-product-web,products/f4dfd34a-2e90-d88d-58ad-2081d678d67e/d08f730d-edfe-1983-a814-e69276c903a5/web/65d9920cdcf5f725f66ee96e660503667d8e6020ca3ebab90a4e36c667184861.webp,web-derivatives-v1/files/d08f730d-edfe-1983-a814-e69276c903a5.webp
CATV1-P106-R2R,465b7fed-a8f6-6274-f4d9-b62871e6a4d8,1cbb2a1c-8e5b-4c85-c073-2c70a478b71b,POLICY_APPROVED,f14b5d9c3c3d0c9be2a474202602802b76d682eaa3b76dcc636a1972675bded3,4158,image/webp,345,176,lihen-product-web,products/465b7fed-a8f6-6274-f4d9-b62871e6a4d8/1cbb2a1c-8e5b-4c85-c073-2c70a478b71b/web/f14b5d9c3c3d0c9be2a474202602802b76d682eaa3b76dcc636a1972675bded3.webp,web-derivatives-v1/files/1cbb2a1c-8e5b-4c85-c073-2c70a478b71b.webp
CATV1-P106-R3L,3a800110-5716-a151-d752-41dedc98d592,2c46dd91-222d-6dd7-3c1b-ff2061c56c7f,POLICY_APPROVED,009aacd86148bb3e59cb7976f0a93a1fce9d2344746788ca8121390a864a7c45,4194,image/webp,345,176,lihen-product-web,products/3a800110-5716-a151-d752-41dedc98d592/2c46dd91-222d-6dd7-3c1b-ff2061c56c7f/web/009aacd86148bb3e59cb7976f0a93a1fce9d2344746788ca8121390a864a7c45.webp,web-derivatives-v1/files/2c46dd91-222d-6dd7-3c1b-ff2061c56c7f.webp
CATV1-P106-R3R,fb6f28ca-23fc-5db0-ce21-9b4eb62622a5,e1258548-d920-2002-be0e-10e436739507,POLICY_APPROVED,4110d18bedae2cdc633f977664040259f519d20f8e14527e74ab6529e3db3b97,1632,image/webp,345,176,lihen-product-web,products/fb6f28ca-23fc-5db0-ce21-9b4eb62622a5/e1258548-d920-2002-be0e-10e436739507/web/4110d18bedae2cdc633f977664040259f519d20f8e14527e74ab6529e3db3b97.webp,web-derivatives-v1/files/e1258548-d920-2002-be0e-10e436739507.webp
CATV1-P107-R1L,116e5619-5f95-c77e-df36-8d8f70214d86,f1461dcd-bb4d-1048-9907-c73902eba748,POLICY_APPROVED,a1a21a7f62e8a0cc3e4cb8cc5c9d2cd9d95d2f75d191a1e433cb587e9172b9dc,1306,image/webp,345,176,lihen-product-web,products/116e5619-5f95-c77e-df36-8d8f70214d86/f1461dcd-bb4d-1048-9907-c73902eba748/web/a1a21a7f62e8a0cc3e4cb8cc5c9d2cd9d95d2f75d191a1e433cb587e9172b9dc.webp,web-derivatives-v1/files/f1461dcd-bb4d-1048-9907-c73902eba748.webp
CATV1-P107-R1R,72fe1429-c9ef-7437-e9de-59def4091fdc,4c11e7e0-7cb9-193c-6f0d-3cc151b272b6,POLICY_APPROVED,401ce374b1e9fc485f57bc048ed6648ac5601e55b4eb62ba8c34420615b7aad2,1802,image/webp,345,176,lihen-product-web,products/72fe1429-c9ef-7437-e9de-59def4091fdc/4c11e7e0-7cb9-193c-6f0d-3cc151b272b6/web/401ce374b1e9fc485f57bc048ed6648ac5601e55b4eb62ba8c34420615b7aad2.webp,web-derivatives-v1/files/4c11e7e0-7cb9-193c-6f0d-3cc151b272b6.webp
CATV1-P107-R2L,ac965611-407a-a78c-b2a1-8b41fa7e943d,c8b131c7-6b24-bf0c-0fc3-7a57aef510b5,HUMAN_APPROVED,3735b16741ae5e10ee4a2fe823efdd2380d5585b49c19bb5bc7cf3528b9a1476,2456,image/webp,345,176,lihen-product-web,products/ac965611-407a-a78c-b2a1-8b41fa7e943d/c8b131c7-6b24-bf0c-0fc3-7a57aef510b5/web/3735b16741ae5e10ee4a2fe823efdd2380d5585b49c19bb5bc7cf3528b9a1476.webp,web-derivatives-v1/files/c8b131c7-6b24-bf0c-0fc3-7a57aef510b5.webp
CATV1-P107-R2R,af71bef6-8a3c-5ae7-b8ef-b40f6ab1314a,60b89326-8594-f888-163f-6627328b8aed,POLICY_APPROVED,6081a3c6b40d4719b8a3376eaa6407a56b639644babbf361304ce2c90a74e38a,2124,image/webp,345,176,lihen-product-web,products/af71bef6-8a3c-5ae7-b8ef-b40f6ab1314a/60b89326-8594-f888-163f-6627328b8aed/web/6081a3c6b40d4719b8a3376eaa6407a56b639644babbf361304ce2c90a74e38a.webp,web-derivatives-v1/files/60b89326-8594-f888-163f-6627328b8aed.webp
CATV1-P109-R1L,8692ede6-1479-3397-1164-233fd1a254c9,40577dd1-f9b5-de6c-2c2d-6c79e821c2c4,POLICY_APPROVED,831f521fa892114dea31c95f6a1a339831cba7f1194e768392c499d5a6d81164,1354,image/webp,345,176,lihen-product-web,products/8692ede6-1479-3397-1164-233fd1a254c9/40577dd1-f9b5-de6c-2c2d-6c79e821c2c4/web/831f521fa892114dea31c95f6a1a339831cba7f1194e768392c499d5a6d81164.webp,web-derivatives-v1/files/40577dd1-f9b5-de6c-2c2d-6c79e821c2c4.webp
CATV1-P109-R1R,75c8e0b0-9bea-fb27-b208-f4b46fcb90de,b0fa0ee7-953d-bedf-89d8-34f8a402ddff,POLICY_APPROVED,5a0c84b678cf450dfc62fb174cfbb39d9578ec68e024519b9f4f1ff534c99661,2130,image/webp,345,176,lihen-product-web,products/75c8e0b0-9bea-fb27-b208-f4b46fcb90de/b0fa0ee7-953d-bedf-89d8-34f8a402ddff/web/5a0c84b678cf450dfc62fb174cfbb39d9578ec68e024519b9f4f1ff534c99661.webp,web-derivatives-v1/files/b0fa0ee7-953d-bedf-89d8-34f8a402ddff.webp
CATV1-P109-R2L,bcd2c79a-0af9-882e-e9ab-263c75405064,a1976ec5-3a55-3444-f0eb-3f9c1b63fdb4,POLICY_APPROVED,c29a216b8e6afec83ea715fad2c054d1914f5d9daf796648aea707cfd5e2cfaa,1748,image/webp,345,176,lihen-product-web,products/bcd2c79a-0af9-882e-e9ab-263c75405064/a1976ec5-3a55-3444-f0eb-3f9c1b63fdb4/web/c29a216b8e6afec83ea715fad2c054d1914f5d9daf796648aea707cfd5e2cfaa.webp,web-derivatives-v1/files/a1976ec5-3a55-3444-f0eb-3f9c1b63fdb4.webp
CATV1-P111-R1L,958b521c-ad4f-a2d3-ff4d-2a87acdd87e6,e877b03b-47f3-cabf-31ab-5ea76d2c7499,POLICY_APPROVED,7cef495a4607d85e9ecc03e83eecc50ea29cec3807850974d90b6fabd69e61b1,668,image/webp,345,176,lihen-product-web,products/958b521c-ad4f-a2d3-ff4d-2a87acdd87e6/e877b03b-47f3-cabf-31ab-5ea76d2c7499/web/7cef495a4607d85e9ecc03e83eecc50ea29cec3807850974d90b6fabd69e61b1.webp,web-derivatives-v1/files/e877b03b-47f3-cabf-31ab-5ea76d2c7499.webp
CATV1-P111-R1R,2f8606dc-105a-c6a9-5591-8112b8b66ea3,2d8ddb7b-fcc5-8ce3-5fd4-0a56d0da997c,POLICY_APPROVED,306009c10ed817b4b98ff9762fc1201b3cb8cb4fe81c83588823357ceb83f30b,3224,image/webp,345,176,lihen-product-web,products/2f8606dc-105a-c6a9-5591-8112b8b66ea3/2d8ddb7b-fcc5-8ce3-5fd4-0a56d0da997c/web/306009c10ed817b4b98ff9762fc1201b3cb8cb4fe81c83588823357ceb83f30b.webp,web-derivatives-v1/files/2d8ddb7b-fcc5-8ce3-5fd4-0a56d0da997c.webp
CATV1-P111-R2L,92f6b917-1a75-0ee6-4103-93dfd34be1cc,6fb66f59-366f-5157-b70d-578415db71cd,POLICY_APPROVED,e8485d5b0908fd5483393dc4d9c1268ec37a578622a15c4388e2dc566205298a,1100,image/webp,345,176,lihen-product-web,products/92f6b917-1a75-0ee6-4103-93dfd34be1cc/6fb66f59-366f-5157-b70d-578415db71cd/web/e8485d5b0908fd5483393dc4d9c1268ec37a578622a15c4388e2dc566205298a.webp,web-derivatives-v1/files/6fb66f59-366f-5157-b70d-578415db71cd.webp
CATV1-P111-R2R,5a311f39-d3b2-2318-47ef-0a423c1dd08c,d379653c-4343-daee-11ea-e28bf6d8ac8b,POLICY_APPROVED,0549bb8d68939eacc9274d2299758242eddfcccc8818d3029c312697d1b8ecee,3574,image/webp,345,176,lihen-product-web,products/5a311f39-d3b2-2318-47ef-0a423c1dd08c/d379653c-4343-daee-11ea-e28bf6d8ac8b/web/0549bb8d68939eacc9274d2299758242eddfcccc8818d3029c312697d1b8ecee.webp,web-derivatives-v1/files/d379653c-4343-daee-11ea-e28bf6d8ac8b.webp
CATV1-P111-R3L,cc69cb77-2014-f318-5255-56ed5cef28a4,743da1e1-a83a-1813-d937-283594166965,POLICY_APPROVED,ed7cb2c20cc2cdd48236ac6e3df7c908126e415d44afc99b954e7d2ba0184e6a,3236,image/webp,345,176,lihen-product-web,products/cc69cb77-2014-f318-5255-56ed5cef28a4/743da1e1-a83a-1813-d937-283594166965/web/ed7cb2c20cc2cdd48236ac6e3df7c908126e415d44afc99b954e7d2ba0184e6a.webp,web-derivatives-v1/files/743da1e1-a83a-1813-d937-283594166965.webp
CATV1-P111-R3R,9b9fd529-9398-9292-ee93-84c1d358796b,a0e9f2f6-da4f-b28d-c0f2-3fb0493604fe,POLICY_APPROVED,780e658c0a119cadf5410b5e17fa6d66454b6551b18a456efbe57ef3b48f2652,2006,image/webp,345,176,lihen-product-web,products/9b9fd529-9398-9292-ee93-84c1d358796b/a0e9f2f6-da4f-b28d-c0f2-3fb0493604fe/web/780e658c0a119cadf5410b5e17fa6d66454b6551b18a456efbe57ef3b48f2652.webp,web-derivatives-v1/files/a0e9f2f6-da4f-b28d-c0f2-3fb0493604fe.webp
CATV1-P112-R1L,9183d20e-f46d-ccfb-8ae9-572b0bfcf27a,ed54dcae-31ae-0a05-7601-3a02ee6f55c1,POLICY_APPROVED,89246fb562c1b2fc00cff187d52433d754d757e85de221aad6d245de162d47b9,2102,image/webp,345,176,lihen-product-web,products/9183d20e-f46d-ccfb-8ae9-572b0bfcf27a/ed54dcae-31ae-0a05-7601-3a02ee6f55c1/web/89246fb562c1b2fc00cff187d52433d754d757e85de221aad6d245de162d47b9.webp,web-derivatives-v1/files/ed54dcae-31ae-0a05-7601-3a02ee6f55c1.webp
CATV1-P112-R1R,c55799cf-15b3-b74d-7f59-1239766378a8,73bb781c-f9c4-1c2f-7010-559ba22eb6a1,POLICY_APPROVED,38f243b69497b1f901062f8126b41bf155151a6603ba67de90e87bb65003a782,3484,image/webp,345,176,lihen-product-web,products/c55799cf-15b3-b74d-7f59-1239766378a8/73bb781c-f9c4-1c2f-7010-559ba22eb6a1/web/38f243b69497b1f901062f8126b41bf155151a6603ba67de90e87bb65003a782.webp,web-derivatives-v1/files/73bb781c-f9c4-1c2f-7010-559ba22eb6a1.webp
CATV1-P112-R2L,638a7137-9faf-c47b-3d73-19fdd4297b28,e249e8be-af25-95eb-5544-44087ff591b8,POLICY_APPROVED,a8be8a83494103c64f1c7cb997de8b04354448230ff7c28ba82f35311eaff048,2136,image/webp,345,176,lihen-product-web,products/638a7137-9faf-c47b-3d73-19fdd4297b28/e249e8be-af25-95eb-5544-44087ff591b8/web/a8be8a83494103c64f1c7cb997de8b04354448230ff7c28ba82f35311eaff048.webp,web-derivatives-v1/files/e249e8be-af25-95eb-5544-44087ff591b8.webp
CATV1-P112-R2R,7333ac3c-32cc-43f5-cbeb-9d136bf19951,ffe9b566-8cbf-70c4-904f-89daf4d7a853,POLICY_APPROVED,a956798a7cdd59f720e847fcca5ec1229ccd5c9299798c12898de863f9dc9f57,2208,image/webp,345,176,lihen-product-web,products/7333ac3c-32cc-43f5-cbeb-9d136bf19951/ffe9b566-8cbf-70c4-904f-89daf4d7a853/web/a956798a7cdd59f720e847fcca5ec1229ccd5c9299798c12898de863f9dc9f57.webp,web-derivatives-v1/files/ffe9b566-8cbf-70c4-904f-89daf4d7a853.webp
CATV1-P112-R3L,4d144420-74ea-a149-83b6-42e4ff9714df,6c23996e-a9cd-be77-9ded-dd30f755dc1f,POLICY_APPROVED,cf068b3e0ef93174ba8f8c8cb3a7c62b2df6fa667df67dc0c5465f7e96c2c9ae,1116,image/webp,345,176,lihen-product-web,products/4d144420-74ea-a149-83b6-42e4ff9714df/6c23996e-a9cd-be77-9ded-dd30f755dc1f/web/cf068b3e0ef93174ba8f8c8cb3a7c62b2df6fa667df67dc0c5465f7e96c2c9ae.webp,web-derivatives-v1/files/6c23996e-a9cd-be77-9ded-dd30f755dc1f.webp
CATV1-P112-R3R,b23ebf37-1d38-b007-b275-d63bfaac9352,bbc260d3-a300-90b2-a173-75c155c2a6a6,POLICY_APPROVED,3d43e7dcba39d2f8650fd0a2e693ce163edc0dc7afd364218fd4b4bb83a1718a,3786,image/webp,345,176,lihen-product-web,products/b23ebf37-1d38-b007-b275-d63bfaac9352/bbc260d3-a300-90b2-a173-75c155c2a6a6/web/3d43e7dcba39d2f8650fd0a2e693ce163edc0dc7afd364218fd4b4bb83a1718a.webp,web-derivatives-v1/files/bbc260d3-a300-90b2-a173-75c155c2a6a6.webp
CATV1-P113-R1L,e22ed717-7ebe-6830-12ee-ed285012573f,4e5d3ef7-01ca-c1eb-0eec-bf8d3c69a0ca,POLICY_APPROVED,64d661cc3d0f23463f1da542d6e0bcd54cbd1d517bd2adc18c8241b4974c77a1,2452,image/webp,345,176,lihen-product-web,products/e22ed717-7ebe-6830-12ee-ed285012573f/4e5d3ef7-01ca-c1eb-0eec-bf8d3c69a0ca/web/64d661cc3d0f23463f1da542d6e0bcd54cbd1d517bd2adc18c8241b4974c77a1.webp,web-derivatives-v1/files/4e5d3ef7-01ca-c1eb-0eec-bf8d3c69a0ca.webp
CATV1-P113-R1R,868eb354-01ff-43af-17c3-a199ee67586f,cb2b5713-b54b-32f3-fef1-7d838a3681dd,POLICY_APPROVED,aa466d0773927712de316d5955451e55e89012b738fa57cace97967616b4ee5d,2572,image/webp,345,176,lihen-product-web,products/868eb354-01ff-43af-17c3-a199ee67586f/cb2b5713-b54b-32f3-fef1-7d838a3681dd/web/aa466d0773927712de316d5955451e55e89012b738fa57cace97967616b4ee5d.webp,web-derivatives-v1/files/cb2b5713-b54b-32f3-fef1-7d838a3681dd.webp
CATV1-P113-R2L,585e1ae4-878d-3564-5fab-c7293304c6ff,b5ef0b18-e9bf-5092-c67c-2061da85a83c,POLICY_APPROVED,9c9eb21c9ce54a1d9538a4c8269f9da18f6db30b7c4c08476c1180b36deb9b74,5126,image/webp,345,176,lihen-product-web,products/585e1ae4-878d-3564-5fab-c7293304c6ff/b5ef0b18-e9bf-5092-c67c-2061da85a83c/web/9c9eb21c9ce54a1d9538a4c8269f9da18f6db30b7c4c08476c1180b36deb9b74.webp,web-derivatives-v1/files/b5ef0b18-e9bf-5092-c67c-2061da85a83c.webp
CATV1-P113-R2R,a1462b75-67c1-fa5e-5b90-d379eabf5351,bbf2f1b8-f4a1-c50b-3fb7-12085d051b9b,POLICY_APPROVED,d79462b7f2bd1ec2c0926455a60cbe19171dc541b08066c4d0e0984f31b9cae4,2384,image/webp,345,176,lihen-product-web,products/a1462b75-67c1-fa5e-5b90-d379eabf5351/bbf2f1b8-f4a1-c50b-3fb7-12085d051b9b/web/d79462b7f2bd1ec2c0926455a60cbe19171dc541b08066c4d0e0984f31b9cae4.webp,web-derivatives-v1/files/bbf2f1b8-f4a1-c50b-3fb7-12085d051b9b.webp
CATV1-P113-R3L,06a00d85-0d26-411f-2125-0807ebe0dc7f,3d52ee15-9530-16be-fc6f-9811791c3d06,POLICY_APPROVED,a0846da863a62ae171b727822c852f4fbeccaf6fd24a1e332fd7887fef6d32a8,2068,image/webp,345,176,lihen-product-web,products/06a00d85-0d26-411f-2125-0807ebe0dc7f/3d52ee15-9530-16be-fc6f-9811791c3d06/web/a0846da863a62ae171b727822c852f4fbeccaf6fd24a1e332fd7887fef6d32a8.webp,web-derivatives-v1/files/3d52ee15-9530-16be-fc6f-9811791c3d06.webp
CATV1-P113-R3R,43e75c08-b423-0968-b445-549e8282091a,76dbae42-f0b3-40d6-5914-4a88c34bc951,POLICY_APPROVED,1aa173ec95826095587c9ef0814036d4e6e62cee8a2e2d1312c8b47422bb4911,1372,image/webp,345,176,lihen-product-web,products/43e75c08-b423-0968-b445-549e8282091a/76dbae42-f0b3-40d6-5914-4a88c34bc951/web/1aa173ec95826095587c9ef0814036d4e6e62cee8a2e2d1312c8b47422bb4911.webp,web-derivatives-v1/files/76dbae42-f0b3-40d6-5914-4a88c34bc951.webp
CATV1-P114-R1L,c078358b-3951-483c-af9c-3b6d4e67d203,d160bf70-1da5-3020-d79e-97182cc5f50c,POLICY_APPROVED,7d8c9eef557b3d085578d421dd9d38a3b695a7a90cd375f6911cbae2408b74f9,2786,image/webp,345,176,lihen-product-web,products/c078358b-3951-483c-af9c-3b6d4e67d203/d160bf70-1da5-3020-d79e-97182cc5f50c/web/7d8c9eef557b3d085578d421dd9d38a3b695a7a90cd375f6911cbae2408b74f9.webp,web-derivatives-v1/files/d160bf70-1da5-3020-d79e-97182cc5f50c.webp
CATV1-P114-R1R,8ddf8210-2ce2-36e6-ee21-cf02907ef880,80ec99d4-5b6d-6d4b-d1e7-54d78b9645c7,POLICY_APPROVED,17dad5a89f9019447da16f4057623d679cdd10f48cb9ca25dc217212529e2765,1796,image/webp,345,176,lihen-product-web,products/8ddf8210-2ce2-36e6-ee21-cf02907ef880/80ec99d4-5b6d-6d4b-d1e7-54d78b9645c7/web/17dad5a89f9019447da16f4057623d679cdd10f48cb9ca25dc217212529e2765.webp,web-derivatives-v1/files/80ec99d4-5b6d-6d4b-d1e7-54d78b9645c7.webp
CATV1-P114-R2L,0d15cde9-b610-2db7-33c5-a67e07c29ec8,2902f5e5-a42e-329a-6abb-4570275880e5,POLICY_APPROVED,095809847d0944bf02e2bba3ffe341086d89617fa97231e87f053d3430d18e6f,1626,image/webp,345,176,lihen-product-web,products/0d15cde9-b610-2db7-33c5-a67e07c29ec8/2902f5e5-a42e-329a-6abb-4570275880e5/web/095809847d0944bf02e2bba3ffe341086d89617fa97231e87f053d3430d18e6f.webp,web-derivatives-v1/files/2902f5e5-a42e-329a-6abb-4570275880e5.webp
CATV1-P114-R2R,4a353b63-7ccb-c6fc-772a-6f9bc74b41f1,1eb79603-668c-fec4-cb23-4dcbccdd342c,POLICY_APPROVED,76f83e88e236aa56f96daa22d1d3d01d465475a6c9bcd78fea2cc9c1cd7808a8,3028,image/webp,345,176,lihen-product-web,products/4a353b63-7ccb-c6fc-772a-6f9bc74b41f1/1eb79603-668c-fec4-cb23-4dcbccdd342c/web/76f83e88e236aa56f96daa22d1d3d01d465475a6c9bcd78fea2cc9c1cd7808a8.webp,web-derivatives-v1/files/1eb79603-668c-fec4-cb23-4dcbccdd342c.webp
CATV1-P116-R1L,349e8944-3ad8-9d92-593f-978a2ba23c36,21eee9ea-75e3-db59-2e8d-d5f32cda6fc1,POLICY_APPROVED,cbba13bcbc2fffb4f1af6ab0c4d68bbd3ae057b769b26444503062caf4176bac,2038,image/webp,345,176,lihen-product-web,products/349e8944-3ad8-9d92-593f-978a2ba23c36/21eee9ea-75e3-db59-2e8d-d5f32cda6fc1/web/cbba13bcbc2fffb4f1af6ab0c4d68bbd3ae057b769b26444503062caf4176bac.webp,web-derivatives-v1/files/21eee9ea-75e3-db59-2e8d-d5f32cda6fc1.webp
CATV1-P116-R1R,42fd7957-2e35-5bd2-c3eb-adcb919fc352,9ce89f20-6ad7-6f92-2b64-55817e31ae18,POLICY_APPROVED,0113ba3b90379f0bff4433654aa375c4f38b98814a6a4f26af4ca45aa10fb159,4328,image/webp,345,176,lihen-product-web,products/42fd7957-2e35-5bd2-c3eb-adcb919fc352/9ce89f20-6ad7-6f92-2b64-55817e31ae18/web/0113ba3b90379f0bff4433654aa375c4f38b98814a6a4f26af4ca45aa10fb159.webp,web-derivatives-v1/files/9ce89f20-6ad7-6f92-2b64-55817e31ae18.webp
CATV1-P116-R2L,e8b4e02c-17d9-323d-782b-5c126d97ac3d,42630061-6ea9-cecc-7d58-92b26dfe26f3,POLICY_APPROVED,69c470e53e29a1b76f5f4008d2b5a7f1d9fb1fec5171719b54da370975408f52,2402,image/webp,345,176,lihen-product-web,products/e8b4e02c-17d9-323d-782b-5c126d97ac3d/42630061-6ea9-cecc-7d58-92b26dfe26f3/web/69c470e53e29a1b76f5f4008d2b5a7f1d9fb1fec5171719b54da370975408f52.webp,web-derivatives-v1/files/42630061-6ea9-cecc-7d58-92b26dfe26f3.webp
CATV1-P116-R2R,56a2a639-d1a0-18d4-d1c8-7c91a3251bd7,8fb20a7b-e329-e8be-b8b9-44a4c2577be5,POLICY_APPROVED,9ecbfd15ee3a999667adffd56461367ae961361903b2b33bded0e43008c2c8b7,4058,image/webp,345,176,lihen-product-web,products/56a2a639-d1a0-18d4-d1c8-7c91a3251bd7/8fb20a7b-e329-e8be-b8b9-44a4c2577be5/web/9ecbfd15ee3a999667adffd56461367ae961361903b2b33bded0e43008c2c8b7.webp,web-derivatives-v1/files/8fb20a7b-e329-e8be-b8b9-44a4c2577be5.webp
CATV1-P116-R3L,703968dc-456e-b621-2ea5-caafd9bc814f,8a504e2a-ee68-5783-e9ad-11508382f8a2,POLICY_APPROVED,5bb5f2bf7bc9532ca3ce7c04523d51cccda8c6c6eb82ab868846a42fbf1c2453,1886,image/webp,345,176,lihen-product-web,products/703968dc-456e-b621-2ea5-caafd9bc814f/8a504e2a-ee68-5783-e9ad-11508382f8a2/web/5bb5f2bf7bc9532ca3ce7c04523d51cccda8c6c6eb82ab868846a42fbf1c2453.webp,web-derivatives-v1/files/8a504e2a-ee68-5783-e9ad-11508382f8a2.webp
CATV1-P116-R3R,bdaaf197-58d8-6f74-9138-7d4a1d9f556d,27feecde-0da3-d18f-3014-c2a4054253ef,POLICY_APPROVED,33555b62b9cb282c62f73405d5dc637b659360325c9077b0de39305e3a969381,2088,image/webp,345,176,lihen-product-web,products/bdaaf197-58d8-6f74-9138-7d4a1d9f556d/27feecde-0da3-d18f-3014-c2a4054253ef/web/33555b62b9cb282c62f73405d5dc637b659360325c9077b0de39305e3a969381.webp,web-derivatives-v1/files/27feecde-0da3-d18f-3014-c2a4054253ef.webp
CATV1-P117-R1L,3d4d4c2b-2126-c93d-6d89-1e41a0b93cc2,1cbcf52a-1a01-1a6e-1a44-48197a7c191e,POLICY_APPROVED,07faf78de0b1fa26f1f83b069c9206dbac723ced96c2c160f84d96b12b1f760e,3086,image/webp,345,176,lihen-product-web,products/3d4d4c2b-2126-c93d-6d89-1e41a0b93cc2/1cbcf52a-1a01-1a6e-1a44-48197a7c191e/web/07faf78de0b1fa26f1f83b069c9206dbac723ced96c2c160f84d96b12b1f760e.webp,web-derivatives-v1/files/1cbcf52a-1a01-1a6e-1a44-48197a7c191e.webp
CATV1-P117-R1R,d896f764-2f78-080a-88e3-f0f17cf3063f,2012c332-8b5d-3c88-274a-cc27a92e50b3,POLICY_APPROVED,0e7aebb64e57ffca2c399162241453a94d0f5616d32830df83f888cfb8d52035,2034,image/webp,345,176,lihen-product-web,products/d896f764-2f78-080a-88e3-f0f17cf3063f/2012c332-8b5d-3c88-274a-cc27a92e50b3/web/0e7aebb64e57ffca2c399162241453a94d0f5616d32830df83f888cfb8d52035.webp,web-derivatives-v1/files/2012c332-8b5d-3c88-274a-cc27a92e50b3.webp
CATV1-P117-R2L,b1f2d8bc-869d-e797-f744-3fe69c69f065,6df71db3-6aad-4f0c-57e8-5027f83cc654,POLICY_APPROVED,bd7a3b927aff5ef98f4724f96e8a37fd4c631fb94994f722e93c2e1c08b7f299,2208,image/webp,345,176,lihen-product-web,products/b1f2d8bc-869d-e797-f744-3fe69c69f065/6df71db3-6aad-4f0c-57e8-5027f83cc654/web/bd7a3b927aff5ef98f4724f96e8a37fd4c631fb94994f722e93c2e1c08b7f299.webp,web-derivatives-v1/files/6df71db3-6aad-4f0c-57e8-5027f83cc654.webp
CATV1-P117-R2R,a24c629e-ceab-6f8f-b469-c273c02436e8,c9a1059c-32ff-7dc8-8f00-8ab5eecbbfa7,POLICY_APPROVED,3874bb0d232db6289507dffb05a7d020be953f906e9ce53b49f81f8c5031a830,2162,image/webp,345,176,lihen-product-web,products/a24c629e-ceab-6f8f-b469-c273c02436e8/c9a1059c-32ff-7dc8-8f00-8ab5eecbbfa7/web/3874bb0d232db6289507dffb05a7d020be953f906e9ce53b49f81f8c5031a830.webp,web-derivatives-v1/files/c9a1059c-32ff-7dc8-8f00-8ab5eecbbfa7.webp
CATV1-P119-R1L,95aec163-03f7-83f7-9ea6-7b76e7c9a4eb,a6cebf9a-8454-31f8-ff47-410b6b8f8cdb,POLICY_APPROVED,1a7038c64e794d2d5dbe085f23403ee68ec4b34e5bc75031df2545b37a043167,1564,image/webp,345,176,lihen-product-web,products/95aec163-03f7-83f7-9ea6-7b76e7c9a4eb/a6cebf9a-8454-31f8-ff47-410b6b8f8cdb/web/1a7038c64e794d2d5dbe085f23403ee68ec4b34e5bc75031df2545b37a043167.webp,web-derivatives-v1/files/a6cebf9a-8454-31f8-ff47-410b6b8f8cdb.webp
CATV1-P119-R1R,8cf3cd8e-050c-82eb-4dfe-bb20da1d27e2,cc6749c9-4508-04b1-e9cb-cc6025edbf8b,POLICY_APPROVED,99d4c9550ac6729c0bcfca112aebc11310e182fbecc730ded2877d7f29cb2b8a,1578,image/webp,345,176,lihen-product-web,products/8cf3cd8e-050c-82eb-4dfe-bb20da1d27e2/cc6749c9-4508-04b1-e9cb-cc6025edbf8b/web/99d4c9550ac6729c0bcfca112aebc11310e182fbecc730ded2877d7f29cb2b8a.webp,web-derivatives-v1/files/cc6749c9-4508-04b1-e9cb-cc6025edbf8b.webp
CATV1-P119-R2L,1ac158a8-92e1-52ce-143a-e72fba574203,94c5713b-5db5-8565-24da-1fa20e851e6a,POLICY_APPROVED,079c91e0bbe364d83228b8bb267c8a1759b30b17c4c596e56058834154552296,1568,image/webp,345,176,lihen-product-web,products/1ac158a8-92e1-52ce-143a-e72fba574203/94c5713b-5db5-8565-24da-1fa20e851e6a/web/079c91e0bbe364d83228b8bb267c8a1759b30b17c4c596e56058834154552296.webp,web-derivatives-v1/files/94c5713b-5db5-8565-24da-1fa20e851e6a.webp
CATV1-P119-R2R,c2983b59-3308-55c4-0de7-a9f7c3b76bb9,feac99b9-b8d8-df1d-aea5-90a7685944b2,POLICY_APPROVED,ebc631ac7fd273efe101c7f6bd0fb8a81629c1360b80754b19414bd0793e3429,3682,image/webp,345,176,lihen-product-web,products/c2983b59-3308-55c4-0de7-a9f7c3b76bb9/feac99b9-b8d8-df1d-aea5-90a7685944b2/web/ebc631ac7fd273efe101c7f6bd0fb8a81629c1360b80754b19414bd0793e3429.webp,web-derivatives-v1/files/feac99b9-b8d8-df1d-aea5-90a7685944b2.webp
CATV1-P121-R1L,418a43ef-981f-c369-4931-1bbb3b978326,852e42e5-34a1-68b6-93be-75b2c8281df3,POLICY_APPROVED,0a84f08aa17e63c7ada8becc6b4a3f09620882e83269b3b387276a8a2c94d1f5,4046,image/webp,345,176,lihen-product-web,products/418a43ef-981f-c369-4931-1bbb3b978326/852e42e5-34a1-68b6-93be-75b2c8281df3/web/0a84f08aa17e63c7ada8becc6b4a3f09620882e83269b3b387276a8a2c94d1f5.webp,web-derivatives-v1/files/852e42e5-34a1-68b6-93be-75b2c8281df3.webp
CATV1-P121-R1R,4564c39a-095e-b632-6f6f-2323063b28af,923baff4-98b8-5294-67d2-8b6d15fdfc07,POLICY_APPROVED,48449267485dcff58e79896c542be93cb90ca02dfa9f7972a54435f7c452db10,3182,image/webp,345,176,lihen-product-web,products/4564c39a-095e-b632-6f6f-2323063b28af/923baff4-98b8-5294-67d2-8b6d15fdfc07/web/48449267485dcff58e79896c542be93cb90ca02dfa9f7972a54435f7c452db10.webp,web-derivatives-v1/files/923baff4-98b8-5294-67d2-8b6d15fdfc07.webp
CATV1-P123-R1L,51feba95-0e14-7d87-5010-4c685c8aafb8,3b5f07a6-ed3a-55c3-8c4c-902b9f56cf83,POLICY_APPROVED,d25906bc3b0cef314a0a9c3cc495c9937b1a0edf15d7896daff0550ec31c761a,3588,image/webp,345,176,lihen-product-web,products/51feba95-0e14-7d87-5010-4c685c8aafb8/3b5f07a6-ed3a-55c3-8c4c-902b9f56cf83/web/d25906bc3b0cef314a0a9c3cc495c9937b1a0edf15d7896daff0550ec31c761a.webp,web-derivatives-v1/files/3b5f07a6-ed3a-55c3-8c4c-902b9f56cf83.webp
CATV1-P123-R1R,e4f9a913-0a7e-eb5c-43ec-dca1a83533eb,90897e03-790d-8289-f1a5-f77197df3640,POLICY_APPROVED,752174475ffab6baeff4e3bdbdaa82e12ff84c314be45b0ee500546f11d679e2,3204,image/webp,345,176,lihen-product-web,products/e4f9a913-0a7e-eb5c-43ec-dca1a83533eb/90897e03-790d-8289-f1a5-f77197df3640/web/752174475ffab6baeff4e3bdbdaa82e12ff84c314be45b0ee500546f11d679e2.webp,web-derivatives-v1/files/90897e03-790d-8289-f1a5-f77197df3640.webp
CATV1-P123-R2L,679f0d6c-6513-e966-bbc8-9412bc43bb4e,d4bc2874-0aeb-c7d3-37f8-af46db0cbd21,POLICY_APPROVED,fa8bad2fbb106e6a538b1b446dcde38e794a97dd64bc2e072b4c069ef7ab1227,2056,image/webp,345,176,lihen-product-web,products/679f0d6c-6513-e966-bbc8-9412bc43bb4e/d4bc2874-0aeb-c7d3-37f8-af46db0cbd21/web/fa8bad2fbb106e6a538b1b446dcde38e794a97dd64bc2e072b4c069ef7ab1227.webp,web-derivatives-v1/files/d4bc2874-0aeb-c7d3-37f8-af46db0cbd21.webp
CATV1-P125-R1L,afa2e640-9b53-6bd7-7dcc-a8234f57ca91,ffce09fd-d796-b8e7-e971-3ca3ac07f1ca,POLICY_APPROVED,a3631a952468cf8169bb061105fbe708c607f984688d46fb77de0ddd5a319cf5,3382,image/webp,345,176,lihen-product-web,products/afa2e640-9b53-6bd7-7dcc-a8234f57ca91/ffce09fd-d796-b8e7-e971-3ca3ac07f1ca/web/a3631a952468cf8169bb061105fbe708c607f984688d46fb77de0ddd5a319cf5.webp,web-derivatives-v1/files/ffce09fd-d796-b8e7-e971-3ca3ac07f1ca.webp
CATV1-P125-R1R,7c17413c-ab8a-df79-7f4e-086de3574ad2,2664758d-775e-ce78-a9a5-288e05843c3c,HUMAN_APPROVED,d795f1f2b4f9d653cd051a6c045cdbb5b3102f2127a4175e094c688f6f054908,3698,image/webp,345,176,lihen-product-web,products/7c17413c-ab8a-df79-7f4e-086de3574ad2/2664758d-775e-ce78-a9a5-288e05843c3c/web/d795f1f2b4f9d653cd051a6c045cdbb5b3102f2127a4175e094c688f6f054908.webp,web-derivatives-v1/files/2664758d-775e-ce78-a9a5-288e05843c3c.webp
CATV1-P125-R2L,38ea2b1f-c616-f7d8-411a-bed509caa749,3cf8ea44-94ab-2e8b-be9b-bd896392bb9c,POLICY_APPROVED,16b1a8bb0c167cd7dc002c7504eca312dc1eabe97a679903413ae818189631c9,3122,image/webp,345,176,lihen-product-web,products/38ea2b1f-c616-f7d8-411a-bed509caa749/3cf8ea44-94ab-2e8b-be9b-bd896392bb9c/web/16b1a8bb0c167cd7dc002c7504eca312dc1eabe97a679903413ae818189631c9.webp,web-derivatives-v1/files/3cf8ea44-94ab-2e8b-be9b-bd896392bb9c.webp
CATV1-P125-R2R,74c3fdc3-0f96-619e-5563-5ea39aa774d6,0f768691-ef21-5179-f3f0-2ffd8a64c269,POLICY_APPROVED,204ca068e4ace99adeb10bdf8c8813e892112fdfd8c73ad053c8a8d91d4c68c1,3036,image/webp,345,176,lihen-product-web,products/74c3fdc3-0f96-619e-5563-5ea39aa774d6/0f768691-ef21-5179-f3f0-2ffd8a64c269/web/204ca068e4ace99adeb10bdf8c8813e892112fdfd8c73ad053c8a8d91d4c68c1.webp,web-derivatives-v1/files/0f768691-ef21-5179-f3f0-2ffd8a64c269.webp
CATV1-P125-R3L,41e2d450-b55f-7b63-4969-45fb6f53b631,5b9b5e81-3539-f988-f915-99304f086075,POLICY_APPROVED,536b7723fceb093b63891557c17995d818496f0c09ec188f0a3a33fea54c2653,4862,image/webp,345,176,lihen-product-web,products/41e2d450-b55f-7b63-4969-45fb6f53b631/5b9b5e81-3539-f988-f915-99304f086075/web/536b7723fceb093b63891557c17995d818496f0c09ec188f0a3a33fea54c2653.webp,web-derivatives-v1/files/5b9b5e81-3539-f988-f915-99304f086075.webp
CATV1-P125-R3R,60a2fe9d-bcf8-805a-a1e7-afc1ba0e998f,c0055864-56b4-f01d-55f5-9e35769df627,POLICY_APPROVED,ee68f377fa88053e88a383b7d9257bed0518aa6f6f98688509c4b16eb548945f,3294,image/webp,345,176,lihen-product-web,products/60a2fe9d-bcf8-805a-a1e7-afc1ba0e998f/c0055864-56b4-f01d-55f5-9e35769df627/web/ee68f377fa88053e88a383b7d9257bed0518aa6f6f98688509c4b16eb548945f.webp,web-derivatives-v1/files/c0055864-56b4-f01d-55f5-9e35769df627.webp
CATV1-P126-R1L,3e635218-0bf2-a3e5-aa9d-f2035ea8bd5a,353a4fbe-33b7-3c5b-0e19-80f2fb4aab02,POLICY_APPROVED,ff70f85e816889fc74c65c047396cdf4f7c76e00f6d7596aed04a2495a072906,3832,image/webp,345,176,lihen-product-web,products/3e635218-0bf2-a3e5-aa9d-f2035ea8bd5a/353a4fbe-33b7-3c5b-0e19-80f2fb4aab02/web/ff70f85e816889fc74c65c047396cdf4f7c76e00f6d7596aed04a2495a072906.webp,web-derivatives-v1/files/353a4fbe-33b7-3c5b-0e19-80f2fb4aab02.webp
CATV1-P126-R1R,7ee24855-b8ca-e4c7-67e8-68b40320bf91,3c7ef368-8fd7-de33-61d4-b1fc4f407ab5,POLICY_APPROVED,9ef81954be4b4927cb83607a83402812c62491b4cc12e04cfef2a47ba527613d,3730,image/webp,345,176,lihen-product-web,products/7ee24855-b8ca-e4c7-67e8-68b40320bf91/3c7ef368-8fd7-de33-61d4-b1fc4f407ab5/web/9ef81954be4b4927cb83607a83402812c62491b4cc12e04cfef2a47ba527613d.webp,web-derivatives-v1/files/3c7ef368-8fd7-de33-61d4-b1fc4f407ab5.webp
CATV1-P126-R2L,a1a2a6bc-78c8-0143-3747-7d72f98716e5,13cdcaf2-544b-03d8-88c7-55ecffc7e26f,POLICY_APPROVED,2ad4d39748db844b024a521361cb026df9b5b14894966d12eea3debb388b162e,2210,image/webp,345,176,lihen-product-web,products/a1a2a6bc-78c8-0143-3747-7d72f98716e5/13cdcaf2-544b-03d8-88c7-55ecffc7e26f/web/2ad4d39748db844b024a521361cb026df9b5b14894966d12eea3debb388b162e.webp,web-derivatives-v1/files/13cdcaf2-544b-03d8-88c7-55ecffc7e26f.webp
CATV1-P126-R2R,2f242220-532f-9513-a23d-7d695e0b6bf8,118a9f25-9eb8-8bdc-2b81-59445bb2eeb8,POLICY_APPROVED,69081ad10de40b73fe55f1edcf1614253454407dfdf88638173f235759deae5c,3716,image/webp,345,176,lihen-product-web,products/2f242220-532f-9513-a23d-7d695e0b6bf8/118a9f25-9eb8-8bdc-2b81-59445bb2eeb8/web/69081ad10de40b73fe55f1edcf1614253454407dfdf88638173f235759deae5c.webp,web-derivatives-v1/files/118a9f25-9eb8-8bdc-2b81-59445bb2eeb8.webp
CATV1-P126-R3L,d0ef7419-4a3c-a1bd-dadd-f0aa6414b1d4,5366118e-83f6-0768-3e62-5824eaca0b21,POLICY_APPROVED,6f370d725bf428b51f42db9736f71425b1666cb98c81364c3351da52e30d395f,2916,image/webp,345,176,lihen-product-web,products/d0ef7419-4a3c-a1bd-dadd-f0aa6414b1d4/5366118e-83f6-0768-3e62-5824eaca0b21/web/6f370d725bf428b51f42db9736f71425b1666cb98c81364c3351da52e30d395f.webp,web-derivatives-v1/files/5366118e-83f6-0768-3e62-5824eaca0b21.webp
CATV1-P126-R3R,6bee7f06-4ea2-f969-f081-56d9964f95b0,23eda7af-4417-302a-7109-8ba819dcf295,POLICY_APPROVED,e3ed712687114d60b6fcc6f386b77e53fec414ee558e8a1f2c34602fc920546d,3088,image/webp,345,176,lihen-product-web,products/6bee7f06-4ea2-f969-f081-56d9964f95b0/23eda7af-4417-302a-7109-8ba819dcf295/web/e3ed712687114d60b6fcc6f386b77e53fec414ee558e8a1f2c34602fc920546d.webp,web-derivatives-v1/files/23eda7af-4417-302a-7109-8ba819dcf295.webp
CATV1-P128-R1L,7476dc15-a7f9-c0e1-6ea0-04741f0227f3,3d96c112-e5d5-31a0-1a68-3c79aacf0cb4,POLICY_APPROVED,82fd8c5d72887957155ec90bbdc98951497b20a4c61b139945c91ff0ff030b05,4702,image/webp,345,176,lihen-product-web,products/7476dc15-a7f9-c0e1-6ea0-04741f0227f3/3d96c112-e5d5-31a0-1a68-3c79aacf0cb4/web/82fd8c5d72887957155ec90bbdc98951497b20a4c61b139945c91ff0ff030b05.webp,web-derivatives-v1/files/3d96c112-e5d5-31a0-1a68-3c79aacf0cb4.webp
CATV1-P128-R1R,a9a2df7b-e243-72d8-8734-f2edddfb11cd,07fe84f2-f15a-4359-814d-673d0b59e903,POLICY_APPROVED,01b91a291913814e515ef3b7f0d07cf0d48dde125a239787645d547437d29433,2210,image/webp,345,176,lihen-product-web,products/a9a2df7b-e243-72d8-8734-f2edddfb11cd/07fe84f2-f15a-4359-814d-673d0b59e903/web/01b91a291913814e515ef3b7f0d07cf0d48dde125a239787645d547437d29433.webp,web-derivatives-v1/files/07fe84f2-f15a-4359-814d-673d0b59e903.webp
CATV1-P128-R2L,d745a03d-cbce-c218-8a0e-c184f96e28a5,d7b08662-da44-81da-67f4-0a2a19f3cd05,POLICY_APPROVED,863f4616c80206f1c7f7a0686d0473d0a31c2e8e906e077b69e6a20c59706852,1846,image/webp,345,176,lihen-product-web,products/d745a03d-cbce-c218-8a0e-c184f96e28a5/d7b08662-da44-81da-67f4-0a2a19f3cd05/web/863f4616c80206f1c7f7a0686d0473d0a31c2e8e906e077b69e6a20c59706852.webp,web-derivatives-v1/files/d7b08662-da44-81da-67f4-0a2a19f3cd05.webp
CATV1-P128-R2R,582b031c-1b62-a03e-f615-21024b93f04d,b89eb9a9-a98d-8b72-3add-18b75c95f044,POLICY_APPROVED,a0bb774e22c37feb114ba2331de13cb72e247c8fe6d937a117ae39c0d1d063bc,3130,image/webp,345,176,lihen-product-web,products/582b031c-1b62-a03e-f615-21024b93f04d/b89eb9a9-a98d-8b72-3add-18b75c95f044/web/a0bb774e22c37feb114ba2331de13cb72e247c8fe6d937a117ae39c0d1d063bc.webp,web-derivatives-v1/files/b89eb9a9-a98d-8b72-3add-18b75c95f044.webp
CATV1-P128-R3L,0cd3abe1-e12e-8225-53d0-a89693af5d6a,2e4bff33-9e88-6f9b-9e84-2178442b983b,POLICY_APPROVED,8ae3042cb58805e9b002491b37f781ff07b8bdf3531a2824e6cac2cb92cf8efb,1128,image/webp,345,176,lihen-product-web,products/0cd3abe1-e12e-8225-53d0-a89693af5d6a/2e4bff33-9e88-6f9b-9e84-2178442b983b/web/8ae3042cb58805e9b002491b37f781ff07b8bdf3531a2824e6cac2cb92cf8efb.webp,web-derivatives-v1/files/2e4bff33-9e88-6f9b-9e84-2178442b983b.webp
CATV1-P128-R3R,5eebea5e-95a8-4bab-79f9-66f490863d44,ecf210e8-ede8-87d3-f2c1-3bb0b58a4930,POLICY_APPROVED,bcffa152e03d778912ba51bd9b61e1bacd0155a67d20027d42b3df06c585cb18,2316,image/webp,345,176,lihen-product-web,products/5eebea5e-95a8-4bab-79f9-66f490863d44/ecf210e8-ede8-87d3-f2c1-3bb0b58a4930/web/bcffa152e03d778912ba51bd9b61e1bacd0155a67d20027d42b3df06c585cb18.webp,web-derivatives-v1/files/ecf210e8-ede8-87d3-f2c1-3bb0b58a4930.webp
CATV1-P129-R1L,6458f18a-9145-0765-a61b-edc82c23c42c,b7640ca7-6efc-0618-243a-a0bf3c4fa59c,POLICY_APPROVED,0e241d33090d1d2143eb6f85148f19c95f793b6e0b18681d0f90f0f3d6ca4447,2080,image/webp,345,176,lihen-product-web,products/6458f18a-9145-0765-a61b-edc82c23c42c/b7640ca7-6efc-0618-243a-a0bf3c4fa59c/web/0e241d33090d1d2143eb6f85148f19c95f793b6e0b18681d0f90f0f3d6ca4447.webp,web-derivatives-v1/files/b7640ca7-6efc-0618-243a-a0bf3c4fa59c.webp
CATV1-P129-R1R,eefbf73e-eb94-885e-12fc-aa93fa9c25d7,2b565132-dcc3-7049-659b-b1f4c581360a,POLICY_APPROVED,fd85faf3fadd154ac03cc39069f181e0df2d4f42eab372290a894b426b9dfdbb,1220,image/webp,345,176,lihen-product-web,products/eefbf73e-eb94-885e-12fc-aa93fa9c25d7/2b565132-dcc3-7049-659b-b1f4c581360a/web/fd85faf3fadd154ac03cc39069f181e0df2d4f42eab372290a894b426b9dfdbb.webp,web-derivatives-v1/files/2b565132-dcc3-7049-659b-b1f4c581360a.webp
CATV1-P129-R2L,5b1be833-fecf-649d-27d4-8b125adf0cd4,5c5f1897-0f55-01db-abf1-1b79c75f9be6,POLICY_APPROVED,41e3639f6aa095905b0bcb9416d043b1cb280567a9f0babe5a566a3aa7b7f54e,1518,image/webp,345,176,lihen-product-web,products/5b1be833-fecf-649d-27d4-8b125adf0cd4/5c5f1897-0f55-01db-abf1-1b79c75f9be6/web/41e3639f6aa095905b0bcb9416d043b1cb280567a9f0babe5a566a3aa7b7f54e.webp,web-derivatives-v1/files/5c5f1897-0f55-01db-abf1-1b79c75f9be6.webp
CATV1-P129-R2R,d255cdae-330a-9f41-7e1e-83a1ed00af8a,ba01e4ee-ff42-2f69-21ef-472e35886ab7,POLICY_APPROVED,e23c4c41d813a10b5960bb853d2b138e797afe24f9a1803b56efd13df96d9737,3756,image/webp,345,176,lihen-product-web,products/d255cdae-330a-9f41-7e1e-83a1ed00af8a/ba01e4ee-ff42-2f69-21ef-472e35886ab7/web/e23c4c41d813a10b5960bb853d2b138e797afe24f9a1803b56efd13df96d9737.webp,web-derivatives-v1/files/ba01e4ee-ff42-2f69-21ef-472e35886ab7.webp
CATV1-P129-R3L,5eea07df-c6ff-03a5-db54-e4cd3dcfe00b,21912468-5ec8-7534-ecef-df9db90b931f,POLICY_APPROVED,6bc3f13ceb08debaf89182691d8bda9e48d9bf25dbc90a84342821a35e8200a6,3694,image/webp,345,176,lihen-product-web,products/5eea07df-c6ff-03a5-db54-e4cd3dcfe00b/21912468-5ec8-7534-ecef-df9db90b931f/web/6bc3f13ceb08debaf89182691d8bda9e48d9bf25dbc90a84342821a35e8200a6.webp,web-derivatives-v1/files/21912468-5ec8-7534-ecef-df9db90b931f.webp
CATV1-P129-R3R,b62e85b0-de09-7a17-4860-9a27788d09c1,7e467fc6-76ce-e8c3-4903-ef9c02ec7b9a,POLICY_APPROVED,3e5aeea49094334303034549bfc7d3a6b19a38119ce35a32bc622457006ca39a,1182,image/webp,345,176,lihen-product-web,products/b62e85b0-de09-7a17-4860-9a27788d09c1/7e467fc6-76ce-e8c3-4903-ef9c02ec7b9a/web/3e5aeea49094334303034549bfc7d3a6b19a38119ce35a32bc622457006ca39a.webp,web-derivatives-v1/files/7e467fc6-76ce-e8c3-4903-ef9c02ec7b9a.webp
CATV1-P130-R1L,feea3881-9c32-18d4-b303-2b441ebc246e,0d0d9fec-63ba-5977-20db-2947b0586636,HUMAN_APPROVED,1ef27f598045bd216bfcb6b2278bb9569002ace5c36be4ce785672794e8ef583,2706,image/webp,345,176,lihen-product-web,products/feea3881-9c32-18d4-b303-2b441ebc246e/0d0d9fec-63ba-5977-20db-2947b0586636/web/1ef27f598045bd216bfcb6b2278bb9569002ace5c36be4ce785672794e8ef583.webp,web-derivatives-v1/files/0d0d9fec-63ba-5977-20db-2947b0586636.webp
CATV1-P130-R1R,89cbc679-3f87-4445-4287-3b8faf589312,c3267ddc-c0b1-dd68-7480-cd4f2b20439c,POLICY_APPROVED,1bc229fea59edb4251731eb00dae723ecd4a59bb630e6036411795e7d0352a99,3004,image/webp,345,176,lihen-product-web,products/89cbc679-3f87-4445-4287-3b8faf589312/c3267ddc-c0b1-dd68-7480-cd4f2b20439c/web/1bc229fea59edb4251731eb00dae723ecd4a59bb630e6036411795e7d0352a99.webp,web-derivatives-v1/files/c3267ddc-c0b1-dd68-7480-cd4f2b20439c.webp
CATV1-P130-R2L,bdd38f8e-8755-bfec-3598-4a0d4ede3d92,5c738104-bf26-1db6-e9e1-c6b31004b4df,POLICY_APPROVED,88352a202d911333672d7a59bf7574267e73e9b5d9d77f5267b3a9fd2fea59d4,1154,image/webp,345,176,lihen-product-web,products/bdd38f8e-8755-bfec-3598-4a0d4ede3d92/5c738104-bf26-1db6-e9e1-c6b31004b4df/web/88352a202d911333672d7a59bf7574267e73e9b5d9d77f5267b3a9fd2fea59d4.webp,web-derivatives-v1/files/5c738104-bf26-1db6-e9e1-c6b31004b4df.webp
CATV1-P130-R2R,d02d5235-78a7-bebe-baa6-57746ac7fc41,bcd021e7-05d0-cab5-42c8-b3daea948ce2,POLICY_APPROVED,961faa2738fc88e7be0735c3b3de121f46cb425210636492f04b6f9c9066a3ff,2030,image/webp,345,176,lihen-product-web,products/d02d5235-78a7-bebe-baa6-57746ac7fc41/bcd021e7-05d0-cab5-42c8-b3daea948ce2/web/961faa2738fc88e7be0735c3b3de121f46cb425210636492f04b6f9c9066a3ff.webp,web-derivatives-v1/files/bcd021e7-05d0-cab5-42c8-b3daea948ce2.webp
CATV1-P130-R3L,4f1484e6-0ebe-6033-acb0-1a0e503a0d0d,b2afe234-a9af-322c-398c-97e27cfcf985,POLICY_APPROVED,11ccb4fab25bfe1d70962e9990885a2ca0cde66a7cf64bbe6ee7e1d8f61518b2,3766,image/webp,345,176,lihen-product-web,products/4f1484e6-0ebe-6033-acb0-1a0e503a0d0d/b2afe234-a9af-322c-398c-97e27cfcf985/web/11ccb4fab25bfe1d70962e9990885a2ca0cde66a7cf64bbe6ee7e1d8f61518b2.webp,web-derivatives-v1/files/b2afe234-a9af-322c-398c-97e27cfcf985.webp
CATV1-P130-R3R,ece48832-aba7-6b99-9f4f-3c682fd3ca23,903865a7-22e2-ca10-ba0d-a7b4993ce52a,POLICY_APPROVED,dc142680021e1a86751cd34c11c0a3c9a62286ffde85655c9400acdf2ce17a99,2204,image/webp,345,176,lihen-product-web,products/ece48832-aba7-6b99-9f4f-3c682fd3ca23/903865a7-22e2-ca10-ba0d-a7b4993ce52a/web/dc142680021e1a86751cd34c11c0a3c9a62286ffde85655c9400acdf2ce17a99.webp,web-derivatives-v1/files/903865a7-22e2-ca10-ba0d-a7b4993ce52a.webp
CATV1-P131-R1L,ac541719-b60b-1241-e5f8-aaab75bf21fb,dbbc5651-8a96-a35b-be5a-c857acec292b,POLICY_APPROVED,f2e5f6af47dea95839d6a454691167458e1e0f1fa6c0a40774f5b7a7f7793c82,3012,image/webp,345,176,lihen-product-web,products/ac541719-b60b-1241-e5f8-aaab75bf21fb/dbbc5651-8a96-a35b-be5a-c857acec292b/web/f2e5f6af47dea95839d6a454691167458e1e0f1fa6c0a40774f5b7a7f7793c82.webp,web-derivatives-v1/files/dbbc5651-8a96-a35b-be5a-c857acec292b.webp
CATV1-P131-R1R,3efd0b1a-9e6f-6e66-7985-928f85e4003f,5e400bc3-58e8-5124-e1f8-6884ba1d8424,POLICY_APPROVED,9c4833cfb47b7c98ae6988740675efb32f6ae0880a59c0867c712fee8c749b82,1394,image/webp,345,176,lihen-product-web,products/3efd0b1a-9e6f-6e66-7985-928f85e4003f/5e400bc3-58e8-5124-e1f8-6884ba1d8424/web/9c4833cfb47b7c98ae6988740675efb32f6ae0880a59c0867c712fee8c749b82.webp,web-derivatives-v1/files/5e400bc3-58e8-5124-e1f8-6884ba1d8424.webp
CATV1-P131-R2L,2bfbd126-44e1-637e-9593-9a7762657447,1efbb500-178e-6b8a-37c8-466ed0bb4e02,POLICY_APPROVED,2bac3ebecd0e2d41e602df97ad672f2d0526318a60af2849eafe2de91aaf6548,4518,image/webp,345,176,lihen-product-web,products/2bfbd126-44e1-637e-9593-9a7762657447/1efbb500-178e-6b8a-37c8-466ed0bb4e02/web/2bac3ebecd0e2d41e602df97ad672f2d0526318a60af2849eafe2de91aaf6548.webp,web-derivatives-v1/files/1efbb500-178e-6b8a-37c8-466ed0bb4e02.webp
CATV1-P131-R2R,9db5610b-a195-6228-46ab-4b2ddcf238ac,175b9f93-34a7-51d6-6906-25eeb2ef6a53,POLICY_APPROVED,911ba5fe0674ad73278f427641a8b171d9daf8b12a844867300fbeb99c8f3d80,2008,image/webp,345,176,lihen-product-web,products/9db5610b-a195-6228-46ab-4b2ddcf238ac/175b9f93-34a7-51d6-6906-25eeb2ef6a53/web/911ba5fe0674ad73278f427641a8b171d9daf8b12a844867300fbeb99c8f3d80.webp,web-derivatives-v1/files/175b9f93-34a7-51d6-6906-25eeb2ef6a53.webp
CATV1-P133-R1L,3cf5025a-58c0-6f3d-1e18-45d9bb93b76c,6329e663-5430-70d8-785f-d6c826562302,POLICY_APPROVED,ebb3b0b2b8222fbed038ecf4a1821a8a2bfc8daedf15f1522f870d3eddc7714d,1606,image/webp,345,176,lihen-product-web,products/3cf5025a-58c0-6f3d-1e18-45d9bb93b76c/6329e663-5430-70d8-785f-d6c826562302/web/ebb3b0b2b8222fbed038ecf4a1821a8a2bfc8daedf15f1522f870d3eddc7714d.webp,web-derivatives-v1/files/6329e663-5430-70d8-785f-d6c826562302.webp
CATV1-P133-R1R,04b076e8-a347-ce4d-54c9-e55626be7b67,f6224bfd-1108-a795-0542-ac361ae46c58,POLICY_APPROVED,0395189026f7f5b27a35f43dc7bf87a6c0a1de161d0c75c2763f0d4f1e01efe4,1012,image/webp,345,176,lihen-product-web,products/04b076e8-a347-ce4d-54c9-e55626be7b67/f6224bfd-1108-a795-0542-ac361ae46c58/web/0395189026f7f5b27a35f43dc7bf87a6c0a1de161d0c75c2763f0d4f1e01efe4.webp,web-derivatives-v1/files/f6224bfd-1108-a795-0542-ac361ae46c58.webp
CATV1-P133-R2L,317bd0aa-caf7-e0f2-fc27-2521f6e532d3,498de07c-0ff8-ea70-43bc-202ea7c38b91,POLICY_APPROVED,4200a1bd1e438c7e1fa29063402dfd918075fff0d3f3c22edc9d3821f026f462,1420,image/webp,345,176,lihen-product-web,products/317bd0aa-caf7-e0f2-fc27-2521f6e532d3/498de07c-0ff8-ea70-43bc-202ea7c38b91/web/4200a1bd1e438c7e1fa29063402dfd918075fff0d3f3c22edc9d3821f026f462.webp,web-derivatives-v1/files/498de07c-0ff8-ea70-43bc-202ea7c38b91.webp
CATV1-P133-R2R,97cbff7d-bdfb-7262-8d61-1145b50e8e0b,d54ecc6e-55de-d060-e04d-30e9f3a0bb17,POLICY_APPROVED,d2b0a1d6b3027483b825a80f44173bb07dfbc78c7b25e7a370578684a9aeb03d,1102,image/webp,345,176,lihen-product-web,products/97cbff7d-bdfb-7262-8d61-1145b50e8e0b/d54ecc6e-55de-d060-e04d-30e9f3a0bb17/web/d2b0a1d6b3027483b825a80f44173bb07dfbc78c7b25e7a370578684a9aeb03d.webp,web-derivatives-v1/files/d54ecc6e-55de-d060-e04d-30e9f3a0bb17.webp
CATV1-P135-R1L,60fe7a29-3226-b29f-8259-56b52e07f1f4,67c59cad-d06e-13d6-e763-0ea0e7b96fb9,POLICY_APPROVED,74cf649d0c13d5983cd76e73122dc88848e82bbfa821e484de5f4dc067506f3e,4062,image/webp,345,176,lihen-product-web,products/60fe7a29-3226-b29f-8259-56b52e07f1f4/67c59cad-d06e-13d6-e763-0ea0e7b96fb9/web/74cf649d0c13d5983cd76e73122dc88848e82bbfa821e484de5f4dc067506f3e.webp,web-derivatives-v1/files/67c59cad-d06e-13d6-e763-0ea0e7b96fb9.webp
CATV1-P135-R1R,14b08abe-7dca-4ff0-ee60-406aa4c18fe5,3cfd0f8f-937a-73d6-751f-be12baa9e34c,POLICY_APPROVED,f0e3ba91ddff11dc657bb680afe0e962f5a6f8ee33262f9fbb338e808d0b428e,3940,image/webp,345,176,lihen-product-web,products/14b08abe-7dca-4ff0-ee60-406aa4c18fe5/3cfd0f8f-937a-73d6-751f-be12baa9e34c/web/f0e3ba91ddff11dc657bb680afe0e962f5a6f8ee33262f9fbb338e808d0b428e.webp,web-derivatives-v1/files/3cfd0f8f-937a-73d6-751f-be12baa9e34c.webp
CATV1-P135-R2L,2afab49b-f446-6dfb-508b-b16e3cd037ea,f9cda7e4-5020-d30f-b301-2ec99e45f78b,POLICY_APPROVED,5e168b065c51646f7ed15a41a45d33df32cc8868f047b091a77b5325ba9c76c8,5714,image/webp,345,176,lihen-product-web,products/2afab49b-f446-6dfb-508b-b16e3cd037ea/f9cda7e4-5020-d30f-b301-2ec99e45f78b/web/5e168b065c51646f7ed15a41a45d33df32cc8868f047b091a77b5325ba9c76c8.webp,web-derivatives-v1/files/f9cda7e4-5020-d30f-b301-2ec99e45f78b.webp
CATV1-P135-R2R,bb3f550a-2f85-5f12-cf87-7f26797e5a0a,3162a1c3-64f5-91a6-7451-b5fe2363948e,POLICY_APPROVED,7c662ceff28775cc78a0ea05b3c4ea0f9311af40e859d497ae077858b9936b79,6184,image/webp,345,176,lihen-product-web,products/bb3f550a-2f85-5f12-cf87-7f26797e5a0a/3162a1c3-64f5-91a6-7451-b5fe2363948e/web/7c662ceff28775cc78a0ea05b3c4ea0f9311af40e859d497ae077858b9936b79.webp,web-derivatives-v1/files/3162a1c3-64f5-91a6-7451-b5fe2363948e.webp
CATV1-P135-R3L,1509213a-1895-b399-87c6-f55f6cdd6a18,ab9c55c1-1322-a928-b774-48b5eecfac63,POLICY_APPROVED,23b91b00c2534d15ad8212b2b5973a6a055137625d0529c7571fdadef4671cd2,5380,image/webp,345,176,lihen-product-web,products/1509213a-1895-b399-87c6-f55f6cdd6a18/ab9c55c1-1322-a928-b774-48b5eecfac63/web/23b91b00c2534d15ad8212b2b5973a6a055137625d0529c7571fdadef4671cd2.webp,web-derivatives-v1/files/ab9c55c1-1322-a928-b774-48b5eecfac63.webp
CATV1-P135-R3R,10e1f784-57fc-45b2-6bc4-7f931a6ff5f8,5f217002-5e2f-04e5-7d12-99c7ba6d592c,POLICY_APPROVED,b343f89e2cd5d9a7b323f43581d2605ab300066e514859abae9c3aa253d059b3,6606,image/webp,345,176,lihen-product-web,products/10e1f784-57fc-45b2-6bc4-7f931a6ff5f8/5f217002-5e2f-04e5-7d12-99c7ba6d592c/web/b343f89e2cd5d9a7b323f43581d2605ab300066e514859abae9c3aa253d059b3.webp,web-derivatives-v1/files/5f217002-5e2f-04e5-7d12-99c7ba6d592c.webp
CATV1-P136-R1L,2936618d-ff4e-5cd2-9fb3-8ddb58cd9661,10f09370-0ec5-f1bd-34fc-fdc9dfd73050,POLICY_APPROVED,ab89e41969abfb805f8b964d9e985f3722795ceda3090fe21ccd1c563b0df975,6050,image/webp,345,176,lihen-product-web,products/2936618d-ff4e-5cd2-9fb3-8ddb58cd9661/10f09370-0ec5-f1bd-34fc-fdc9dfd73050/web/ab89e41969abfb805f8b964d9e985f3722795ceda3090fe21ccd1c563b0df975.webp,web-derivatives-v1/files/10f09370-0ec5-f1bd-34fc-fdc9dfd73050.webp
CATV1-P136-R1R,84366edf-c417-c8d7-7c4e-5d8b09f6e000,28ab3da3-131d-20f3-d8bc-b1066b1080fa,POLICY_APPROVED,87abea478729be555988af5d27eb6cb91f6d509769025573e859a568f56c066b,8308,image/webp,345,176,lihen-product-web,products/84366edf-c417-c8d7-7c4e-5d8b09f6e000/28ab3da3-131d-20f3-d8bc-b1066b1080fa/web/87abea478729be555988af5d27eb6cb91f6d509769025573e859a568f56c066b.webp,web-derivatives-v1/files/28ab3da3-131d-20f3-d8bc-b1066b1080fa.webp
CATV1-P136-R2L,d00f4d82-ab21-0e1b-3f13-243a1127b80b,52a654e7-9fb9-f162-f55b-04fd045847d8,HUMAN_APPROVED,36511d7fa60c6713cf9ea3264357a164f6dbc34b0b9dc8e0898c33c49a9ca1d4,4504,image/webp,345,176,lihen-product-web,products/d00f4d82-ab21-0e1b-3f13-243a1127b80b/52a654e7-9fb9-f162-f55b-04fd045847d8/web/36511d7fa60c6713cf9ea3264357a164f6dbc34b0b9dc8e0898c33c49a9ca1d4.webp,web-derivatives-v1/files/52a654e7-9fb9-f162-f55b-04fd045847d8.webp
CATV1-P136-R2R,f42a9131-2df7-f9fe-fd84-d6ad004d0a21,74a1459e-a129-0525-2c31-b19ac703d08e,POLICY_APPROVED,f712211ed7aa26099194fe71e2b84f0a1eb9e0f45dc745e3209b7f2a7bfbefe3,4014,image/webp,345,176,lihen-product-web,products/f42a9131-2df7-f9fe-fd84-d6ad004d0a21/74a1459e-a129-0525-2c31-b19ac703d08e/web/f712211ed7aa26099194fe71e2b84f0a1eb9e0f45dc745e3209b7f2a7bfbefe3.webp,web-derivatives-v1/files/74a1459e-a129-0525-2c31-b19ac703d08e.webp
CATV1-P136-R3L,07ac616e-5f04-454a-e6a9-a26e9205d06f,39db25b2-b060-84a9-ad86-952af95400b7,POLICY_APPROVED,661bf964a89f3f402d80704a47015bc1e0cdf6e25603a50b02d3e5be8fba7608,8284,image/webp,345,176,lihen-product-web,products/07ac616e-5f04-454a-e6a9-a26e9205d06f/39db25b2-b060-84a9-ad86-952af95400b7/web/661bf964a89f3f402d80704a47015bc1e0cdf6e25603a50b02d3e5be8fba7608.webp,web-derivatives-v1/files/39db25b2-b060-84a9-ad86-952af95400b7.webp
CATV1-P136-R3R,8d94fdb5-ccf4-85f1-efc3-7b83f304ce19,d5270992-96c8-5d98-ac20-f29eb4b70993,POLICY_APPROVED,5a0fcdb6bfa262e430ecd77a27d749dd8835c8cb5f02f7a14815afe9f5553e0e,5076,image/webp,345,176,lihen-product-web,products/8d94fdb5-ccf4-85f1-efc3-7b83f304ce19/d5270992-96c8-5d98-ac20-f29eb4b70993/web/5a0fcdb6bfa262e430ecd77a27d749dd8835c8cb5f02f7a14815afe9f5553e0e.webp,web-derivatives-v1/files/d5270992-96c8-5d98-ac20-f29eb4b70993.webp
CATV1-P137-R1L,cde0fa65-4c72-fdf1-fe1d-5113fa89ba72,61c04308-1e7d-d23c-b8f6-ef90a942d165,POLICY_APPROVED,1347d0414ec479ad9f5d389dfdfac1c68df528110fb975ab4b786acd68bea11b,3976,image/webp,345,176,lihen-product-web,products/cde0fa65-4c72-fdf1-fe1d-5113fa89ba72/61c04308-1e7d-d23c-b8f6-ef90a942d165/web/1347d0414ec479ad9f5d389dfdfac1c68df528110fb975ab4b786acd68bea11b.webp,web-derivatives-v1/files/61c04308-1e7d-d23c-b8f6-ef90a942d165.webp
CATV1-P137-R1R,8d13765f-9113-0cd0-c222-7eb8f15bfa78,c2ac58c4-d7eb-b7c6-2804-ccd1e26d3422,POLICY_APPROVED,ffd6cd839c42017aa74787ca73a67715a2cb9a60e2af07e7c0f07a90bcae4723,2104,image/webp,345,176,lihen-product-web,products/8d13765f-9113-0cd0-c222-7eb8f15bfa78/c2ac58c4-d7eb-b7c6-2804-ccd1e26d3422/web/ffd6cd839c42017aa74787ca73a67715a2cb9a60e2af07e7c0f07a90bcae4723.webp,web-derivatives-v1/files/c2ac58c4-d7eb-b7c6-2804-ccd1e26d3422.webp
CATV1-P137-R2L,1a226819-8aac-f7b7-e8c0-4b08bd29fae3,cc903a12-f27b-095a-9182-7c97f30e23d5,POLICY_APPROVED,7b727f5ce2a501acf1fa29438367f0dbbc2147a9ce6bd8eefd730c13ba171e0e,5302,image/webp,345,176,lihen-product-web,products/1a226819-8aac-f7b7-e8c0-4b08bd29fae3/cc903a12-f27b-095a-9182-7c97f30e23d5/web/7b727f5ce2a501acf1fa29438367f0dbbc2147a9ce6bd8eefd730c13ba171e0e.webp,web-derivatives-v1/files/cc903a12-f27b-095a-9182-7c97f30e23d5.webp
CATV1-P137-R3L,567d7711-697c-f46a-1fd5-7e38ac658307,a88976a2-ade8-3052-6c61-093a5a995ad8,POLICY_APPROVED,340566b63fc99cfae2ebb70e81d1aaeb878d6c671b358bcf7527153bfd43d0f2,4032,image/webp,345,176,lihen-product-web,products/567d7711-697c-f46a-1fd5-7e38ac658307/a88976a2-ade8-3052-6c61-093a5a995ad8/web/340566b63fc99cfae2ebb70e81d1aaeb878d6c671b358bcf7527153bfd43d0f2.webp,web-derivatives-v1/files/a88976a2-ade8-3052-6c61-093a5a995ad8.webp
CATV1-P137-R3R,38f9e499-99da-cb1b-fc35-e2b40772f78c,c0cd8e95-b0e6-20f4-74d5-0a71412c1ef2,POLICY_APPROVED,084df26f9914ca77ba8311124b6d8165bfc4173bc8e0ac6de8a1822b32f30e2e,622,image/webp,345,176,lihen-product-web,products/38f9e499-99da-cb1b-fc35-e2b40772f78c/c0cd8e95-b0e6-20f4-74d5-0a71412c1ef2/web/084df26f9914ca77ba8311124b6d8165bfc4173bc8e0ac6de8a1822b32f30e2e.webp,web-derivatives-v1/files/c0cd8e95-b0e6-20f4-74d5-0a71412c1ef2.webp
CATV1-P138-R1L,d992dfba-b7c1-64d4-ca16-d6e17808196e,7bc955a1-898e-595e-6644-8b778c381024,HUMAN_APPROVED,99a8c091ced259d6d220b4f9be98320ee044833238d98609bf9a864a1bf057aa,3892,image/webp,345,176,lihen-product-web,products/d992dfba-b7c1-64d4-ca16-d6e17808196e/7bc955a1-898e-595e-6644-8b778c381024/web/99a8c091ced259d6d220b4f9be98320ee044833238d98609bf9a864a1bf057aa.webp,web-derivatives-v1/files/7bc955a1-898e-595e-6644-8b778c381024.webp
CATV1-P138-R1R,9adc2cea-6604-b598-eb65-cd067c14dfc2,3942ba86-d1f2-c513-b569-186508c0779c,POLICY_APPROVED,92ae9d395baa24ebf5145ea4a3ab99dd84b5dcbe7ca0b9efe28f32b88d6c6105,2772,image/webp,345,176,lihen-product-web,products/9adc2cea-6604-b598-eb65-cd067c14dfc2/3942ba86-d1f2-c513-b569-186508c0779c/web/92ae9d395baa24ebf5145ea4a3ab99dd84b5dcbe7ca0b9efe28f32b88d6c6105.webp,web-derivatives-v1/files/3942ba86-d1f2-c513-b569-186508c0779c.webp
CATV1-P138-R2L,a1e4f0b4-9868-9ea2-e075-646a22dea96e,9da1979c-4233-7a1c-55c3-9c684917d2a8,POLICY_APPROVED,59291fde486bcbe275b3e285111218b0a9eaa37f3e60f669d71e9335fbf17aed,3752,image/webp,345,176,lihen-product-web,products/a1e4f0b4-9868-9ea2-e075-646a22dea96e/9da1979c-4233-7a1c-55c3-9c684917d2a8/web/59291fde486bcbe275b3e285111218b0a9eaa37f3e60f669d71e9335fbf17aed.webp,web-derivatives-v1/files/9da1979c-4233-7a1c-55c3-9c684917d2a8.webp
CATV1-P138-R2R,e09fd753-55c4-ef1b-663b-895adf3f8187,88ca3a94-7b9a-d7cd-0da7-4a162b91f77e,POLICY_APPROVED,46d9a286d5cdb7e500be290bf95e02dcc27d5faeab838cb3465e8ecf57025317,2688,image/webp,345,176,lihen-product-web,products/e09fd753-55c4-ef1b-663b-895adf3f8187/88ca3a94-7b9a-d7cd-0da7-4a162b91f77e/web/46d9a286d5cdb7e500be290bf95e02dcc27d5faeab838cb3465e8ecf57025317.webp,web-derivatives-v1/files/88ca3a94-7b9a-d7cd-0da7-4a162b91f77e.webp
CATV1-P138-R3L,ec0a7471-5c16-b1f8-47ae-ac568f4f0af0,d7fb7699-c83d-0324-274f-52f7efc5fc21,POLICY_APPROVED,8ef9402a12e7d406e30e4758fd74015411423b74a6feb68b2c78c522c1a6f077,4872,image/webp,345,176,lihen-product-web,products/ec0a7471-5c16-b1f8-47ae-ac568f4f0af0/d7fb7699-c83d-0324-274f-52f7efc5fc21/web/8ef9402a12e7d406e30e4758fd74015411423b74a6feb68b2c78c522c1a6f077.webp,web-derivatives-v1/files/d7fb7699-c83d-0324-274f-52f7efc5fc21.webp
CATV1-P138-R3R,45d756a2-b3c4-321b-e819-860c8aa1b51e,3ac8956a-9d9c-41fe-daa2-12d4655f723e,HUMAN_APPROVED,c043ba50f375d6561cfbe71ec9ae5ace651444e4df9969a69e7d67771e055f08,6138,image/webp,345,176,lihen-product-web,products/45d756a2-b3c4-321b-e819-860c8aa1b51e/3ac8956a-9d9c-41fe-daa2-12d4655f723e/web/c043ba50f375d6561cfbe71ec9ae5ace651444e4df9969a69e7d67771e055f08.webp,web-derivatives-v1/files/3ac8956a-9d9c-41fe-daa2-12d4655f723e.webp
CATV1-P139-R1L,b8cf6d2c-84b7-e74b-5792-f8aa6f2f4b83,b5540f3d-2935-51e6-87ea-528ef73f225c,POLICY_APPROVED,c79e79cfa04afa6d5545b759b36f84e1a4abe49f081a163211c75a47a62199a5,4692,image/webp,345,176,lihen-product-web,products/b8cf6d2c-84b7-e74b-5792-f8aa6f2f4b83/b5540f3d-2935-51e6-87ea-528ef73f225c/web/c79e79cfa04afa6d5545b759b36f84e1a4abe49f081a163211c75a47a62199a5.webp,web-derivatives-v1/files/b5540f3d-2935-51e6-87ea-528ef73f225c.webp
CATV1-P139-R1R,d6b6240d-096b-294d-9151-5974c9b35fd8,017b2b90-b719-d9d6-bd9d-b93894a49158,HUMAN_APPROVED,e419992bcc118eff225c97370705a7972baaa144bc8c5df52962661ee3675d10,2036,image/webp,345,176,lihen-product-web,products/d6b6240d-096b-294d-9151-5974c9b35fd8/017b2b90-b719-d9d6-bd9d-b93894a49158/web/e419992bcc118eff225c97370705a7972baaa144bc8c5df52962661ee3675d10.webp,web-derivatives-v1/files/017b2b90-b719-d9d6-bd9d-b93894a49158.webp
CATV1-P139-R2L,5ec0fdae-b9ae-0cc7-ab5c-83735b2b0902,61d02e0f-69d5-daeb-82be-7ef88f739cce,POLICY_APPROVED,42601a9edfbbc4ec94f7e3da24aced7074afbc8d48e42299f1d286eae8fc2064,1794,image/webp,345,176,lihen-product-web,products/5ec0fdae-b9ae-0cc7-ab5c-83735b2b0902/61d02e0f-69d5-daeb-82be-7ef88f739cce/web/42601a9edfbbc4ec94f7e3da24aced7074afbc8d48e42299f1d286eae8fc2064.webp,web-derivatives-v1/files/61d02e0f-69d5-daeb-82be-7ef88f739cce.webp
CATV1-P139-R2R,c455179a-00e5-f31e-e124-8280aa4a3b6b,64ad56e7-4a68-ed2e-4573-1e96c9745f23,POLICY_APPROVED,830d0e2a707f11f382d8508be1f1f7382035cbe4b1289d1c7ef75520b18fdac6,3934,image/webp,345,176,lihen-product-web,products/c455179a-00e5-f31e-e124-8280aa4a3b6b/64ad56e7-4a68-ed2e-4573-1e96c9745f23/web/830d0e2a707f11f382d8508be1f1f7382035cbe4b1289d1c7ef75520b18fdac6.webp,web-derivatives-v1/files/64ad56e7-4a68-ed2e-4573-1e96c9745f23.webp
CATV1-P139-R3L,ddb9b0d4-e397-8207-e057-75a900b70174,895a6bc7-2b47-98f5-5339-8e85ccc9b3b2,POLICY_APPROVED,a02691b96bc656a00f1a91ab6ac02efd2c5d3ca99463c645e48bfe36c3e1b5f7,8688,image/webp,345,176,lihen-product-web,products/ddb9b0d4-e397-8207-e057-75a900b70174/895a6bc7-2b47-98f5-5339-8e85ccc9b3b2/web/a02691b96bc656a00f1a91ab6ac02efd2c5d3ca99463c645e48bfe36c3e1b5f7.webp,web-derivatives-v1/files/895a6bc7-2b47-98f5-5339-8e85ccc9b3b2.webp
CATV1-P139-R3R,58a56e3a-c4cc-7af6-fa5b-78b59cc068e4,6628d970-cbd7-14d4-60c9-879d3c98e9d4,POLICY_APPROVED,fccb2ea5753e6a92b78eba6e26fa05dc5e51cde980b15c0639e75117df6bcf50,10566,image/webp,345,176,lihen-product-web,products/58a56e3a-c4cc-7af6-fa5b-78b59cc068e4/6628d970-cbd7-14d4-60c9-879d3c98e9d4/web/fccb2ea5753e6a92b78eba6e26fa05dc5e51cde980b15c0639e75117df6bcf50.webp,web-derivatives-v1/files/6628d970-cbd7-14d4-60c9-879d3c98e9d4.webp
CATV1-P140-R1L,aa81ea4a-e427-734e-1f96-512663141408,4eaba544-8b2d-3e43-6941-d39d388ed2f4,HUMAN_APPROVED,11e3e3561f73e7e441a8ed0a9c0050e920f2c2c2078c00634329284d8ceee590,3650,image/webp,345,176,lihen-product-web,products/aa81ea4a-e427-734e-1f96-512663141408/4eaba544-8b2d-3e43-6941-d39d388ed2f4/web/11e3e3561f73e7e441a8ed0a9c0050e920f2c2c2078c00634329284d8ceee590.webp,web-derivatives-v1/files/4eaba544-8b2d-3e43-6941-d39d388ed2f4.webp
CATV1-P140-R2L,501fa0a7-c459-e538-a93a-f90912fa97c0,a2c37269-7098-afa9-2ded-e47b1c184eda,POLICY_APPROVED,6ff7072c2b8b73d1477614797786aa2a1a552262022ea2d3a47fa369958785bb,5124,image/webp,345,176,lihen-product-web,products/501fa0a7-c459-e538-a93a-f90912fa97c0/a2c37269-7098-afa9-2ded-e47b1c184eda/web/6ff7072c2b8b73d1477614797786aa2a1a552262022ea2d3a47fa369958785bb.webp,web-derivatives-v1/files/a2c37269-7098-afa9-2ded-e47b1c184eda.webp
CATV1-P140-R2R,c7bf4f03-e0e6-6437-6939-45c4aaf1ff2f,ac512196-4286-05b8-a9a7-3eeed8c37d8e,POLICY_APPROVED,433197e72f239c736fc6345089e89f2ec20bdbcade7c3eaa5e4d40b41c13dbdd,3672,image/webp,345,176,lihen-product-web,products/c7bf4f03-e0e6-6437-6939-45c4aaf1ff2f/ac512196-4286-05b8-a9a7-3eeed8c37d8e/web/433197e72f239c736fc6345089e89f2ec20bdbcade7c3eaa5e4d40b41c13dbdd.webp,web-derivatives-v1/files/ac512196-4286-05b8-a9a7-3eeed8c37d8e.webp
CATV1-P141-R1R,0c39e15a-c45a-f62e-b8a4-16ee520ea898,1008c0a6-8d96-fe0b-0306-d11762b4636f,HUMAN_APPROVED,5ad3381379a8852cc677bf825ec39bc226399169fd83aeb0f23c652add364689,2138,image/webp,345,176,lihen-product-web,products/0c39e15a-c45a-f62e-b8a4-16ee520ea898/1008c0a6-8d96-fe0b-0306-d11762b4636f/web/5ad3381379a8852cc677bf825ec39bc226399169fd83aeb0f23c652add364689.webp,web-derivatives-v1/files/1008c0a6-8d96-fe0b-0306-d11762b4636f.webp
CATV1-P141-R2L,d5d84e8c-574f-eae0-e07a-334d74e42016,866a45c3-a0f4-8aaf-1342-e47c980c5513,POLICY_APPROVED,31ac1d2a2ef764f129816ac7b6e2167c76993fc7cdd99243d82ad970752120e1,4398,image/webp,345,176,lihen-product-web,products/d5d84e8c-574f-eae0-e07a-334d74e42016/866a45c3-a0f4-8aaf-1342-e47c980c5513/web/31ac1d2a2ef764f129816ac7b6e2167c76993fc7cdd99243d82ad970752120e1.webp,web-derivatives-v1/files/866a45c3-a0f4-8aaf-1342-e47c980c5513.webp
CATV1-P141-R3L,c112b9a3-8321-8430-e0b0-d2c7122b3025,48408787-e257-fe08-f236-50a310a4ec2b,POLICY_APPROVED,fb408ef95624cce47f157c250a1e716c13086dab69ccc0abe57ecdf1a5cfcfe3,4628,image/webp,345,176,lihen-product-web,products/c112b9a3-8321-8430-e0b0-d2c7122b3025/48408787-e257-fe08-f236-50a310a4ec2b/web/fb408ef95624cce47f157c250a1e716c13086dab69ccc0abe57ecdf1a5cfcfe3.webp,web-derivatives-v1/files/48408787-e257-fe08-f236-50a310a4ec2b.webp
CATV1-P142-R1L,cf87885c-5382-2e14-d64e-1f8b528eee87,318452ba-3d9c-5c24-d1fa-4ef43e10c75e,POLICY_APPROVED,70b9b6a329c98fadfd3ee0c5c10569712dd0a965ca69241e7785ab762c954544,1484,image/webp,345,176,lihen-product-web,products/cf87885c-5382-2e14-d64e-1f8b528eee87/318452ba-3d9c-5c24-d1fa-4ef43e10c75e/web/70b9b6a329c98fadfd3ee0c5c10569712dd0a965ca69241e7785ab762c954544.webp,web-derivatives-v1/files/318452ba-3d9c-5c24-d1fa-4ef43e10c75e.webp
CATV1-P142-R2L,8618d71b-bb7d-d391-2e01-60d5756150bd,36d785f2-8818-a2b8-9f16-4b630d6852d9,POLICY_APPROVED,036773a8d353e8e293fccbcc9879ed5969473e0d83a53e6ff790ab4968578f2f,3678,image/webp,345,176,lihen-product-web,products/8618d71b-bb7d-d391-2e01-60d5756150bd/36d785f2-8818-a2b8-9f16-4b630d6852d9/web/036773a8d353e8e293fccbcc9879ed5969473e0d83a53e6ff790ab4968578f2f.webp,web-derivatives-v1/files/36d785f2-8818-a2b8-9f16-4b630d6852d9.webp
CATV1-P142-R2R,5918483b-db44-2c70-3675-d32db0e36a5a,b5bfbae4-cc56-b040-2716-aedb23feed62,POLICY_APPROVED,cb3f915f86374d740c09bcd662f0b20b2b3451e928d2bc80346f5d87ef1137a9,5708,image/webp,345,176,lihen-product-web,products/5918483b-db44-2c70-3675-d32db0e36a5a/b5bfbae4-cc56-b040-2716-aedb23feed62/web/cb3f915f86374d740c09bcd662f0b20b2b3451e928d2bc80346f5d87ef1137a9.webp,web-derivatives-v1/files/b5bfbae4-cc56-b040-2716-aedb23feed62.webp
CATV1-P142-R3L,f1ea32fe-8a3b-c5bb-6719-c0d74c48aee1,13b1954a-f620-78a5-da43-6726b33633e7,POLICY_APPROVED,36cd721c512da51926a9835c7eaf9ad67c97fb2de0405c553c066832fda8719a,2566,image/webp,345,176,lihen-product-web,products/f1ea32fe-8a3b-c5bb-6719-c0d74c48aee1/13b1954a-f620-78a5-da43-6726b33633e7/web/36cd721c512da51926a9835c7eaf9ad67c97fb2de0405c553c066832fda8719a.webp,web-derivatives-v1/files/13b1954a-f620-78a5-da43-6726b33633e7.webp
CATV1-P142-R3R,e0e4ab7a-fa6e-fa0a-502f-5186d7a900b0,14725f41-0ecb-a763-3440-1bd3595a5dcd,POLICY_APPROVED,d62132ccdb3b9dcd20a05418007d68039c86253fc78adf75ec7a447c112b2059,4672,image/webp,345,176,lihen-product-web,products/e0e4ab7a-fa6e-fa0a-502f-5186d7a900b0/14725f41-0ecb-a763-3440-1bd3595a5dcd/web/d62132ccdb3b9dcd20a05418007d68039c86253fc78adf75ec7a447c112b2059.webp,web-derivatives-v1/files/14725f41-0ecb-a763-3440-1bd3595a5dcd.webp
CATV1-P144-R1L,f3686cc1-401b-828d-62ab-4a8daf99a76c,6ef29abd-740d-70b0-d48e-0f1a35ac708e,HUMAN_APPROVED,577325b30db7eb9b92681b8d64793f759820af9faf03b1c630453f6b410b0b9c,4294,image/webp,345,176,lihen-product-web,products/f3686cc1-401b-828d-62ab-4a8daf99a76c/6ef29abd-740d-70b0-d48e-0f1a35ac708e/web/577325b30db7eb9b92681b8d64793f759820af9faf03b1c630453f6b410b0b9c.webp,web-derivatives-v1/files/6ef29abd-740d-70b0-d48e-0f1a35ac708e.webp
CATV1-P144-R1R,472bc2b4-f9de-0a9e-b4a8-3d1c938fd41e,00883963-a85c-96d3-62fb-3080fe4aa750,HUMAN_APPROVED,663f0d5634593a9fc03d138d6d0a4de3f15bbfa56bb3e3488a70ee823707c559,3766,image/webp,345,176,lihen-product-web,products/472bc2b4-f9de-0a9e-b4a8-3d1c938fd41e/00883963-a85c-96d3-62fb-3080fe4aa750/web/663f0d5634593a9fc03d138d6d0a4de3f15bbfa56bb3e3488a70ee823707c559.webp,web-derivatives-v1/files/00883963-a85c-96d3-62fb-3080fe4aa750.webp
CATV1-P144-R2L,2c409f84-220e-8d1c-7adb-ba36faa9b35d,d0c4a582-f84f-0f63-1446-afce84461503,POLICY_APPROVED,e472895937a66bc018bbeffe6fa1014db762ccde13848f8082ee7336d2a94a52,4946,image/webp,345,176,lihen-product-web,products/2c409f84-220e-8d1c-7adb-ba36faa9b35d/d0c4a582-f84f-0f63-1446-afce84461503/web/e472895937a66bc018bbeffe6fa1014db762ccde13848f8082ee7336d2a94a52.webp,web-derivatives-v1/files/d0c4a582-f84f-0f63-1446-afce84461503.webp
CATV1-P144-R2R,1595933a-f4db-28a4-c290-f1fa96a3f9f6,bde1d2e9-207a-3286-4009-bd0a4544669f,POLICY_APPROVED,cd0e2d9634c089db7d7977368493cdf92949dd4014580feb22d416ed790e19f7,4964,image/webp,345,176,lihen-product-web,products/1595933a-f4db-28a4-c290-f1fa96a3f9f6/bde1d2e9-207a-3286-4009-bd0a4544669f/web/cd0e2d9634c089db7d7977368493cdf92949dd4014580feb22d416ed790e19f7.webp,web-derivatives-v1/files/bde1d2e9-207a-3286-4009-bd0a4544669f.webp
CATV1-P144-R3L,e2779449-0176-d283-6065-57a57a96b3e6,05f629be-c689-f3a3-f157-baf4cd490e2b,POLICY_APPROVED,d71cf6626cfb8c5e38c80ecd68f8087711dc86bfb4bd3ee9508df9fb346ef7ec,5922,image/webp,345,176,lihen-product-web,products/e2779449-0176-d283-6065-57a57a96b3e6/05f629be-c689-f3a3-f157-baf4cd490e2b/web/d71cf6626cfb8c5e38c80ecd68f8087711dc86bfb4bd3ee9508df9fb346ef7ec.webp,web-derivatives-v1/files/05f629be-c689-f3a3-f157-baf4cd490e2b.webp
CATV1-P144-R3R,82a4166e-2e97-5bd6-594d-f72d77031c3f,041de436-d289-2fd7-cade-c007a4b6bac8,POLICY_APPROVED,7331f6e1c4d0447fd02e48cede293c835ae9c9cda20153cd7885f50af67b1ab0,3074,image/webp,345,176,lihen-product-web,products/82a4166e-2e97-5bd6-594d-f72d77031c3f/041de436-d289-2fd7-cade-c007a4b6bac8/web/7331f6e1c4d0447fd02e48cede293c835ae9c9cda20153cd7885f50af67b1ab0.webp,web-derivatives-v1/files/041de436-d289-2fd7-cade-c007a4b6bac8.webp
CATV1-P145-R1L,239d9bfb-9ee8-c2c8-d421-7c12ff134b5c,6efbd8be-1697-a10d-5a94-84048053713c,POLICY_APPROVED,5af2432b20c09bb4b68089a799a5b74afceec6200c53d294625762b0b4c06963,1908,image/webp,345,176,lihen-product-web,products/239d9bfb-9ee8-c2c8-d421-7c12ff134b5c/6efbd8be-1697-a10d-5a94-84048053713c/web/5af2432b20c09bb4b68089a799a5b74afceec6200c53d294625762b0b4c06963.webp,web-derivatives-v1/files/6efbd8be-1697-a10d-5a94-84048053713c.webp
CATV1-P145-R1R,d7acf381-36d2-96cf-2ca2-10cfde498f7e,1ff9cf96-00aa-e681-02fc-a6ab0beb3fdf,POLICY_APPROVED,c3381b3a28f072bfa90ee2f580f400e216c307123d8640373ce50dc17d5c80a7,1916,image/webp,345,176,lihen-product-web,products/d7acf381-36d2-96cf-2ca2-10cfde498f7e/1ff9cf96-00aa-e681-02fc-a6ab0beb3fdf/web/c3381b3a28f072bfa90ee2f580f400e216c307123d8640373ce50dc17d5c80a7.webp,web-derivatives-v1/files/1ff9cf96-00aa-e681-02fc-a6ab0beb3fdf.webp
CATV1-P145-R2L,8ce78b01-64b5-0511-3614-3fbc045b8774,6cb4fc89-2758-7082-a486-7dfd12b5022e,POLICY_APPROVED,2518fbd9f00f6ccf25b9a921d3d9f47485cf3b26715b538cb761b2cd4b025035,2112,image/webp,345,176,lihen-product-web,products/8ce78b01-64b5-0511-3614-3fbc045b8774/6cb4fc89-2758-7082-a486-7dfd12b5022e/web/2518fbd9f00f6ccf25b9a921d3d9f47485cf3b26715b538cb761b2cd4b025035.webp,web-derivatives-v1/files/6cb4fc89-2758-7082-a486-7dfd12b5022e.webp
CATV1-P145-R2R,10f14800-aade-8d5e-76df-e6ccc20db2cb,5d0c6b4f-507b-58cc-32e3-5d1ff5b444e6,POLICY_APPROVED,af77213f150d41a3bd1ca8e0cbbbed09cda39fda2bd4562e88e9256dd8226ae9,1412,image/webp,345,176,lihen-product-web,products/10f14800-aade-8d5e-76df-e6ccc20db2cb/5d0c6b4f-507b-58cc-32e3-5d1ff5b444e6/web/af77213f150d41a3bd1ca8e0cbbbed09cda39fda2bd4562e88e9256dd8226ae9.webp,web-derivatives-v1/files/5d0c6b4f-507b-58cc-32e3-5d1ff5b444e6.webp
CATV1-P145-R3R,f0a0d213-df2e-e510-c69f-f5d7bed41cae,626a9e21-8815-b352-737b-03a9afd996e8,POLICY_APPROVED,09c04b40f37feb5059570a681c98dc0958b89b9ad39f14477aa227c1c11be99c,2856,image/webp,345,176,lihen-product-web,products/f0a0d213-df2e-e510-c69f-f5d7bed41cae/626a9e21-8815-b352-737b-03a9afd996e8/web/09c04b40f37feb5059570a681c98dc0958b89b9ad39f14477aa227c1c11be99c.webp,web-derivatives-v1/files/626a9e21-8815-b352-737b-03a9afd996e8.webp
CATV1-P146-R2R,466b2d9b-fdf3-825c-0263-f0a77009f637,d8e82913-260e-8117-34c5-06cec9d3267b,POLICY_APPROVED,053ce58606e37dc7f5d685bceaa9832ce41ab1b967a808f154c4c0fddde44cad,3240,image/webp,345,176,lihen-product-web,products/466b2d9b-fdf3-825c-0263-f0a77009f637/d8e82913-260e-8117-34c5-06cec9d3267b/web/053ce58606e37dc7f5d685bceaa9832ce41ab1b967a808f154c4c0fddde44cad.webp,web-derivatives-v1/files/d8e82913-260e-8117-34c5-06cec9d3267b.webp
CATV1-P148-R1L,9791c028-8ec4-5201-cc6d-519f958464fd,4b52997e-f9bf-f9f5-a5db-3e76f1d36457,POLICY_APPROVED,7d1f690d3dd4757c03fa2f4c72d7d23753dfb3ad65f3b37bcb7caf14a0e02066,2440,image/webp,345,176,lihen-product-web,products/9791c028-8ec4-5201-cc6d-519f958464fd/4b52997e-f9bf-f9f5-a5db-3e76f1d36457/web/7d1f690d3dd4757c03fa2f4c72d7d23753dfb3ad65f3b37bcb7caf14a0e02066.webp,web-derivatives-v1/files/4b52997e-f9bf-f9f5-a5db-3e76f1d36457.webp
CATV1-P148-R1R,cfaac384-92de-187a-15b2-aaa67c73b4fb,6345fc03-bc0b-7926-bc45-99f273e34e32,POLICY_APPROVED,0d179279c32a788319e19b6b8e8d0fd0921f5af6df6f4e73d598bb9a2dc2eb22,2138,image/webp,345,176,lihen-product-web,products/cfaac384-92de-187a-15b2-aaa67c73b4fb/6345fc03-bc0b-7926-bc45-99f273e34e32/web/0d179279c32a788319e19b6b8e8d0fd0921f5af6df6f4e73d598bb9a2dc2eb22.webp,web-derivatives-v1/files/6345fc03-bc0b-7926-bc45-99f273e34e32.webp
CATV1-P148-R2L,0d47d6b2-5926-f83c-a41b-d9ca0e187b55,3fdb765d-8d9b-d261-1e5b-cf886bf2de6c,POLICY_APPROVED,751a3510a6035ddb892af5c8dad052605246d1149878c13eb30b1defb9f9f263,1986,image/webp,345,176,lihen-product-web,products/0d47d6b2-5926-f83c-a41b-d9ca0e187b55/3fdb765d-8d9b-d261-1e5b-cf886bf2de6c/web/751a3510a6035ddb892af5c8dad052605246d1149878c13eb30b1defb9f9f263.webp,web-derivatives-v1/files/3fdb765d-8d9b-d261-1e5b-cf886bf2de6c.webp
CATV1-P148-R2R,6c710564-ae11-10f7-b8b5-d05fe63d29ad,88c8be15-43c4-5b37-3ab4-624e99b4a224,POLICY_APPROVED,ce8b21349936adea39d5545c1b4582d7e2e9ae7dd1a1cd95755b672651a00188,948,image/webp,345,176,lihen-product-web,products/6c710564-ae11-10f7-b8b5-d05fe63d29ad/88c8be15-43c4-5b37-3ab4-624e99b4a224/web/ce8b21349936adea39d5545c1b4582d7e2e9ae7dd1a1cd95755b672651a00188.webp,web-derivatives-v1/files/88c8be15-43c4-5b37-3ab4-624e99b4a224.webp
CATV1-P150-R1L,db7c17c1-6ac4-5be1-d209-bf859e58697d,b6c9dbb3-12da-58ba-e463-c2d3684bdc77,POLICY_APPROVED,0a4ed7afff7d2951624d0877d1340978ab28f5d6ebe3ab0a894d5b698d19da8e,2524,image/webp,345,176,lihen-product-web,products/db7c17c1-6ac4-5be1-d209-bf859e58697d/b6c9dbb3-12da-58ba-e463-c2d3684bdc77/web/0a4ed7afff7d2951624d0877d1340978ab28f5d6ebe3ab0a894d5b698d19da8e.webp,web-derivatives-v1/files/b6c9dbb3-12da-58ba-e463-c2d3684bdc77.webp
CATV1-P150-R2L,301ce96f-be5d-6a6d-d6b2-4249b5b4a1c9,e1136ac8-7daa-8f72-416c-cd1ea7987220,HUMAN_APPROVED,48498f4d436d81a7e5427a09c466410fccaf85e9e28975c368b422242a0eddf8,1230,image/webp,345,176,lihen-product-web,products/301ce96f-be5d-6a6d-d6b2-4249b5b4a1c9/e1136ac8-7daa-8f72-416c-cd1ea7987220/web/48498f4d436d81a7e5427a09c466410fccaf85e9e28975c368b422242a0eddf8.webp,web-derivatives-v1/files/e1136ac8-7daa-8f72-416c-cd1ea7987220.webp
CATV1-P150-R2R,e14fe03c-dbc9-26c4-1dab-00c0975c6c8e,af909952-b568-b264-de4c-51bc6cfa6f9f,POLICY_APPROVED,905a36745e044c696acf86ef004d40b251a79f33eb7badbd65cef998a1ab31d5,2660,image/webp,345,176,lihen-product-web,products/e14fe03c-dbc9-26c4-1dab-00c0975c6c8e/af909952-b568-b264-de4c-51bc6cfa6f9f/web/905a36745e044c696acf86ef004d40b251a79f33eb7badbd65cef998a1ab31d5.webp,web-derivatives-v1/files/af909952-b568-b264-de4c-51bc6cfa6f9f.webp
CATV1-P150-R3R,a170abba-bbb8-fae3-13b9-93db23874663,adf8810c-a7e3-63c8-dc06-79c98a893bf9,HUMAN_APPROVED,d66925418c1cb5144eeabafe67da8916877422b1914291080e9e46737dd585c5,2986,image/webp,345,176,lihen-product-web,products/a170abba-bbb8-fae3-13b9-93db23874663/adf8810c-a7e3-63c8-dc06-79c98a893bf9/web/d66925418c1cb5144eeabafe67da8916877422b1914291080e9e46737dd585c5.webp,web-derivatives-v1/files/adf8810c-a7e3-63c8-dc06-79c98a893bf9.webp
CATV1-P151-R1L,72d9786d-8daf-6329-a1f7-86431efbe9c6,a4cb8944-8f82-a7bd-70b0-bb546b2c451b,POLICY_APPROVED,450913650bd7666ff88b20c0241dfa38b6108619043af23052568c463d6b4932,2512,image/webp,345,176,lihen-product-web,products/72d9786d-8daf-6329-a1f7-86431efbe9c6/a4cb8944-8f82-a7bd-70b0-bb546b2c451b/web/450913650bd7666ff88b20c0241dfa38b6108619043af23052568c463d6b4932.webp,web-derivatives-v1/files/a4cb8944-8f82-a7bd-70b0-bb546b2c451b.webp
CATV1-P151-R2L,fb181e28-0657-9552-13e3-22e18d1e3460,60a4ca60-fc60-3b1d-9b58-26e9e12778f8,HUMAN_APPROVED,5bab27ad97ffd8263715e363b18ae237e8111e36554422f323aec05c7f42c3c9,1254,image/webp,345,176,lihen-product-web,products/fb181e28-0657-9552-13e3-22e18d1e3460/60a4ca60-fc60-3b1d-9b58-26e9e12778f8/web/5bab27ad97ffd8263715e363b18ae237e8111e36554422f323aec05c7f42c3c9.webp,web-derivatives-v1/files/60a4ca60-fc60-3b1d-9b58-26e9e12778f8.webp
CATV1-P151-R2R,7aebbd72-d33f-a89b-e465-14677e9fddad,98f79104-f243-5a38-aa87-eda20461aae6,POLICY_APPROVED,ea42642e5acbfaea9e0a5c0d2b1a709e82971318012b204768c2b53c5355ad44,2194,image/webp,345,176,lihen-product-web,products/7aebbd72-d33f-a89b-e465-14677e9fddad/98f79104-f243-5a38-aa87-eda20461aae6/web/ea42642e5acbfaea9e0a5c0d2b1a709e82971318012b204768c2b53c5355ad44.webp,web-derivatives-v1/files/98f79104-f243-5a38-aa87-eda20461aae6.webp
CATV1-P152-R1L,285701f5-62c8-544b-7682-99ce84041b08,fa5be8ea-a947-e25d-289a-2ba7007ba0e0,POLICY_APPROVED,f523f6bb7459d77921aaf2db1b7de73321a02e4adc269c9c3ea7d1f310d8a1e1,2702,image/webp,345,176,lihen-product-web,products/285701f5-62c8-544b-7682-99ce84041b08/fa5be8ea-a947-e25d-289a-2ba7007ba0e0/web/f523f6bb7459d77921aaf2db1b7de73321a02e4adc269c9c3ea7d1f310d8a1e1.webp,web-derivatives-v1/files/fa5be8ea-a947-e25d-289a-2ba7007ba0e0.webp
CATV1-P152-R1R,b67aaf63-5498-c945-a3a4-7b7047b575dd,5a5a986a-a0ff-85af-6536-9b78db3592ed,POLICY_APPROVED,3faf3508f839f318c2557f9f03b469e3dcc759ae4f2d5cd4a76223e6179e7022,2768,image/webp,345,176,lihen-product-web,products/b67aaf63-5498-c945-a3a4-7b7047b575dd/5a5a986a-a0ff-85af-6536-9b78db3592ed/web/3faf3508f839f318c2557f9f03b469e3dcc759ae4f2d5cd4a76223e6179e7022.webp,web-derivatives-v1/files/5a5a986a-a0ff-85af-6536-9b78db3592ed.webp
CATV1-P152-R2L,24d9a0f6-af7b-5047-8c6d-32ba8292e771,67932eff-04ed-3292-49db-5234d80a6186,POLICY_APPROVED,652b2ab7a9a6aafa9e788c585a3d1970a4d15697cd9a9a711fbdabcb29173187,2782,image/webp,345,176,lihen-product-web,products/24d9a0f6-af7b-5047-8c6d-32ba8292e771/67932eff-04ed-3292-49db-5234d80a6186/web/652b2ab7a9a6aafa9e788c585a3d1970a4d15697cd9a9a711fbdabcb29173187.webp,web-derivatives-v1/files/67932eff-04ed-3292-49db-5234d80a6186.webp
CATV1-P152-R3L,1a7cd973-8868-dfc5-85ea-589b862cf629,529a73b8-2583-f959-0376-219b89a2d417,HUMAN_APPROVED,abdfa75ad4e8655f5e432e66c125a9a799d979e55a8989a54cedf27c0d8cbd20,1522,image/webp,345,176,lihen-product-web,products/1a7cd973-8868-dfc5-85ea-589b862cf629/529a73b8-2583-f959-0376-219b89a2d417/web/abdfa75ad4e8655f5e432e66c125a9a799d979e55a8989a54cedf27c0d8cbd20.webp,web-derivatives-v1/files/529a73b8-2583-f959-0376-219b89a2d417.webp
CATV1-P153-R1L,2f98b077-d750-db84-3bb9-2895b6b61a9e,49f639ef-0bcb-959c-58b7-6ecf9580aded,POLICY_APPROVED,cac8ff14174d0176bb1203635957e4208f1354ddce76e5e831b75feb4773c4f5,1714,image/webp,345,176,lihen-product-web,products/2f98b077-d750-db84-3bb9-2895b6b61a9e/49f639ef-0bcb-959c-58b7-6ecf9580aded/web/cac8ff14174d0176bb1203635957e4208f1354ddce76e5e831b75feb4773c4f5.webp,web-derivatives-v1/files/49f639ef-0bcb-959c-58b7-6ecf9580aded.webp
CATV1-P153-R1R,f29d2c86-37be-19e6-93f6-d3605cc5290b,bb6a4f61-3a4e-c6f5-81bf-53e78abeed73,POLICY_APPROVED,306d0f5ce577d8d83db003ca5e46f471daedce69223e76261e607870a4c24462,1592,image/webp,345,176,lihen-product-web,products/f29d2c86-37be-19e6-93f6-d3605cc5290b/bb6a4f61-3a4e-c6f5-81bf-53e78abeed73/web/306d0f5ce577d8d83db003ca5e46f471daedce69223e76261e607870a4c24462.webp,web-derivatives-v1/files/bb6a4f61-3a4e-c6f5-81bf-53e78abeed73.webp
CATV1-P153-R2L,87e1a3a8-008d-f60b-1d47-c292634bbf0a,4da22805-67e7-1cfe-0133-ae0ddfd08668,POLICY_APPROVED,eb60e499070b835ac7dcf002e2d0b92a591672060a50468208aa18af8ddfd235,1850,image/webp,345,176,lihen-product-web,products/87e1a3a8-008d-f60b-1d47-c292634bbf0a/4da22805-67e7-1cfe-0133-ae0ddfd08668/web/eb60e499070b835ac7dcf002e2d0b92a591672060a50468208aa18af8ddfd235.webp,web-derivatives-v1/files/4da22805-67e7-1cfe-0133-ae0ddfd08668.webp
CATV1-P153-R2R,9d9fdd85-2675-b6c7-23aa-cfeaa37dd639,17f5db45-2d81-61b4-57e7-e3f008b3bde2,POLICY_APPROVED,4fd94ebbd1fe9a7de8254cbd40fd65f76c10df54660efdd0c2979b5c9d936c9b,1770,image/webp,345,176,lihen-product-web,products/9d9fdd85-2675-b6c7-23aa-cfeaa37dd639/17f5db45-2d81-61b4-57e7-e3f008b3bde2/web/4fd94ebbd1fe9a7de8254cbd40fd65f76c10df54660efdd0c2979b5c9d936c9b.webp,web-derivatives-v1/files/17f5db45-2d81-61b4-57e7-e3f008b3bde2.webp
CATV1-P153-R3L,7f183b85-f567-b5b2-c2e4-8f22c4155359,2ac8dd54-ebf4-a32a-58f0-905acb8a2f6d,POLICY_APPROVED,55bc1c9c1f65c07e38a1bd9a7d3661f865e0a6791d1d207445c2c0408a979a80,1664,image/webp,345,176,lihen-product-web,products/7f183b85-f567-b5b2-c2e4-8f22c4155359/2ac8dd54-ebf4-a32a-58f0-905acb8a2f6d/web/55bc1c9c1f65c07e38a1bd9a7d3661f865e0a6791d1d207445c2c0408a979a80.webp,web-derivatives-v1/files/2ac8dd54-ebf4-a32a-58f0-905acb8a2f6d.webp
CATV1-P153-R3R,4d92a42a-0f49-25c6-f16c-2334dedfacb0,f6d43a2e-0756-09bd-ead4-b9e2f22f1747,POLICY_APPROVED,824c054ab863acbf4ee7edb9d1fba48c195ea13006d09cb76d277c1128ceefe8,1636,image/webp,345,176,lihen-product-web,products/4d92a42a-0f49-25c6-f16c-2334dedfacb0/f6d43a2e-0756-09bd-ead4-b9e2f22f1747/web/824c054ab863acbf4ee7edb9d1fba48c195ea13006d09cb76d277c1128ceefe8.webp,web-derivatives-v1/files/f6d43a2e-0756-09bd-ead4-b9e2f22f1747.webp
CATV1-P155-R1L,d519d93f-04ee-e454-3461-f11ce9ac19f1,bb026320-c3a3-504b-1076-53276b5149ef,POLICY_APPROVED,4409332c67ceb6e9c9b4cdf5fefe2b456cd0ea0a039af96c676ac087a26b5686,4538,image/webp,345,176,lihen-product-web,products/d519d93f-04ee-e454-3461-f11ce9ac19f1/bb026320-c3a3-504b-1076-53276b5149ef/web/4409332c67ceb6e9c9b4cdf5fefe2b456cd0ea0a039af96c676ac087a26b5686.webp,web-derivatives-v1/files/bb026320-c3a3-504b-1076-53276b5149ef.webp
CATV1-P155-R1R,769c81cf-0d22-73d9-f682-ec420d4c4e3b,e3c40e9f-8216-6a01-83e9-f1f17b153ef4,POLICY_APPROVED,75f0ca0c7301498d93317c8c4c404850a90f935273e5e1765c15a9bef5cc295f,3224,image/webp,345,176,lihen-product-web,products/769c81cf-0d22-73d9-f682-ec420d4c4e3b/e3c40e9f-8216-6a01-83e9-f1f17b153ef4/web/75f0ca0c7301498d93317c8c4c404850a90f935273e5e1765c15a9bef5cc295f.webp,web-derivatives-v1/files/e3c40e9f-8216-6a01-83e9-f1f17b153ef4.webp
CATV1-P155-R2L,c8ad3d24-2fc3-fe23-c5e2-994c62c97dc4,8725c67e-d34f-a4f4-6914-944469135dd1,POLICY_APPROVED,b821336d6601b0c1ef08888472b79a1707298706960d3adff45f93526b7cd699,4446,image/webp,345,176,lihen-product-web,products/c8ad3d24-2fc3-fe23-c5e2-994c62c97dc4/8725c67e-d34f-a4f4-6914-944469135dd1/web/b821336d6601b0c1ef08888472b79a1707298706960d3adff45f93526b7cd699.webp,web-derivatives-v1/files/8725c67e-d34f-a4f4-6914-944469135dd1.webp
CATV1-P155-R2R,de926d9f-5326-297f-a18d-06ea3fa54f7e,8baee193-ab66-4c2a-29bc-11af3e45acbd,POLICY_APPROVED,13aeecb0326ec4694dbeff1ec92957cbd7a0ba4d0b67cc6b2587794579909ea3,5164,image/webp,345,176,lihen-product-web,products/de926d9f-5326-297f-a18d-06ea3fa54f7e/8baee193-ab66-4c2a-29bc-11af3e45acbd/web/13aeecb0326ec4694dbeff1ec92957cbd7a0ba4d0b67cc6b2587794579909ea3.webp,web-derivatives-v1/files/8baee193-ab66-4c2a-29bc-11af3e45acbd.webp
CATV1-P155-R3L,dc17f77f-e8b1-6d2d-56b1-0728a683ce85,03751e7d-ca49-0ee0-2e70-6468244c1b81,POLICY_APPROVED,0e466056fe6ca1c1cac60af72b1e06fbf97539759768ff3f79736a6f3c203968,6270,image/webp,345,176,lihen-product-web,products/dc17f77f-e8b1-6d2d-56b1-0728a683ce85/03751e7d-ca49-0ee0-2e70-6468244c1b81/web/0e466056fe6ca1c1cac60af72b1e06fbf97539759768ff3f79736a6f3c203968.webp,web-derivatives-v1/files/03751e7d-ca49-0ee0-2e70-6468244c1b81.webp
CATV1-P155-R3R,16ef60f4-cd62-247b-c7a8-1f2d924388e0,36f72619-11a7-adf7-e8c5-122c33cf02f3,POLICY_APPROVED,d7a38f3b7a10b4036410ce127f0b71261c93cb0a7b81f7fe3247cd2255410478,4174,image/webp,345,176,lihen-product-web,products/16ef60f4-cd62-247b-c7a8-1f2d924388e0/36f72619-11a7-adf7-e8c5-122c33cf02f3/web/d7a38f3b7a10b4036410ce127f0b71261c93cb0a7b81f7fe3247cd2255410478.webp,web-derivatives-v1/files/36f72619-11a7-adf7-e8c5-122c33cf02f3.webp
CATV1-P156-R1L,e5500cb7-29e4-a6b3-1e3a-6fb5d10b8cf6,e6741dc0-09a7-2fab-a963-fc93e1a5ca87,POLICY_APPROVED,3d15dd1ba7b31acbcb0cd88d4357494905102a93b0def5cdc5240913ce3d62ef,5150,image/webp,345,176,lihen-product-web,products/e5500cb7-29e4-a6b3-1e3a-6fb5d10b8cf6/e6741dc0-09a7-2fab-a963-fc93e1a5ca87/web/3d15dd1ba7b31acbcb0cd88d4357494905102a93b0def5cdc5240913ce3d62ef.webp,web-derivatives-v1/files/e6741dc0-09a7-2fab-a963-fc93e1a5ca87.webp
CATV1-P156-R1R,dea2e6dc-0e1b-3c47-66c7-39a0d58dae5c,f4e59cb9-e0ee-74dd-68dd-2383dfa9f14b,POLICY_APPROVED,f8ecc784cc499a2b7353d2806bf5e5fe10396afe948a81a71348af80aa933253,2782,image/webp,345,176,lihen-product-web,products/dea2e6dc-0e1b-3c47-66c7-39a0d58dae5c/f4e59cb9-e0ee-74dd-68dd-2383dfa9f14b/web/f8ecc784cc499a2b7353d2806bf5e5fe10396afe948a81a71348af80aa933253.webp,web-derivatives-v1/files/f4e59cb9-e0ee-74dd-68dd-2383dfa9f14b.webp
CATV1-P156-R2L,07e08f80-f4e4-5a77-9d0e-82fabdba8643,8ad6434d-b8c0-ba6f-470a-1c8a228a1253,POLICY_APPROVED,39d2c46aa8e227e61742819ea30a21e6316d56a60379a8a27199e1fcc7847567,3972,image/webp,345,176,lihen-product-web,products/07e08f80-f4e4-5a77-9d0e-82fabdba8643/8ad6434d-b8c0-ba6f-470a-1c8a228a1253/web/39d2c46aa8e227e61742819ea30a21e6316d56a60379a8a27199e1fcc7847567.webp,web-derivatives-v1/files/8ad6434d-b8c0-ba6f-470a-1c8a228a1253.webp
CATV1-P156-R2R,4f33bd1a-fb06-4728-a925-07c2666cc646,e605ad82-c5df-f3ea-8036-6df5e387dbab,POLICY_APPROVED,ca36e2b7559a7e9c23359c2c7e887b01fa212375273343482f3f1156a8eeeec8,4226,image/webp,345,176,lihen-product-web,products/4f33bd1a-fb06-4728-a925-07c2666cc646/e605ad82-c5df-f3ea-8036-6df5e387dbab/web/ca36e2b7559a7e9c23359c2c7e887b01fa212375273343482f3f1156a8eeeec8.webp,web-derivatives-v1/files/e605ad82-c5df-f3ea-8036-6df5e387dbab.webp
CATV1-P156-R3L,946ad3cb-cbcf-cac8-0168-803c4cb0d6fd,67d164b4-a14c-080b-dbae-682342f4b944,POLICY_APPROVED,b8fad7f9d1449a881d07888856a960e99b7396fe024ef57565d4da15e6ca27a7,2760,image/webp,345,176,lihen-product-web,products/946ad3cb-cbcf-cac8-0168-803c4cb0d6fd/67d164b4-a14c-080b-dbae-682342f4b944/web/b8fad7f9d1449a881d07888856a960e99b7396fe024ef57565d4da15e6ca27a7.webp,web-derivatives-v1/files/67d164b4-a14c-080b-dbae-682342f4b944.webp
CATV1-P156-R3R,24916872-b2ec-0ad7-c289-abe1623c41f2,c7fe9249-0682-03f4-3179-071a8309b1cb,POLICY_APPROVED,47b0a452df3614574fd88853e7dc5e6f1234d04a95572875a1ba6f9315e93312,3854,image/webp,345,176,lihen-product-web,products/24916872-b2ec-0ad7-c289-abe1623c41f2/c7fe9249-0682-03f4-3179-071a8309b1cb/web/47b0a452df3614574fd88853e7dc5e6f1234d04a95572875a1ba6f9315e93312.webp,web-derivatives-v1/files/c7fe9249-0682-03f4-3179-071a8309b1cb.webp
CATV1-P157-R1L,81436f71-c876-6f48-d7b6-7e5e627fba4e,8a31cf38-c890-412a-4648-1ef356a80fb0,POLICY_APPROVED,1dfb9fbc72cbe34f5066266a90343fea97cb359e8055d979707cfa364b22a2c0,2932,image/webp,345,176,lihen-product-web,products/81436f71-c876-6f48-d7b6-7e5e627fba4e/8a31cf38-c890-412a-4648-1ef356a80fb0/web/1dfb9fbc72cbe34f5066266a90343fea97cb359e8055d979707cfa364b22a2c0.webp,web-derivatives-v1/files/8a31cf38-c890-412a-4648-1ef356a80fb0.webp
CATV1-P157-R1R,5d8d9db7-ab47-9fa1-f1eb-a3da1f42a39a,d376badc-c6b1-7f43-4c7e-3cdf1a0a1c26,POLICY_APPROVED,317dc11a14b34c3d22e6b8cf9a5a5c471a4b1f63d5b066a2d33ce22515dbd29a,3340,image/webp,345,176,lihen-product-web,products/5d8d9db7-ab47-9fa1-f1eb-a3da1f42a39a/d376badc-c6b1-7f43-4c7e-3cdf1a0a1c26/web/317dc11a14b34c3d22e6b8cf9a5a5c471a4b1f63d5b066a2d33ce22515dbd29a.webp,web-derivatives-v1/files/d376badc-c6b1-7f43-4c7e-3cdf1a0a1c26.webp
CATV1-P157-R2L,23939bf0-f528-bf08-e263-3dfbc72876cc,75ebde90-e2a3-c4a4-c607-7b9a4f3557c5,POLICY_APPROVED,430f67b257a3d14b5a587578bc2ad46423c25b8faced029d35c780d867596fbb,4498,image/webp,345,176,lihen-product-web,products/23939bf0-f528-bf08-e263-3dfbc72876cc/75ebde90-e2a3-c4a4-c607-7b9a4f3557c5/web/430f67b257a3d14b5a587578bc2ad46423c25b8faced029d35c780d867596fbb.webp,web-derivatives-v1/files/75ebde90-e2a3-c4a4-c607-7b9a4f3557c5.webp
CATV1-P157-R2R,51e62e5c-eda2-eebe-031e-516b8c9bc841,b7107100-0df6-6952-3104-8e938f6d5348,POLICY_APPROVED,15474a7d4553b476220e6270b46c9c882f47bc60a81e0d83897912e115dc4d96,1372,image/webp,345,176,lihen-product-web,products/51e62e5c-eda2-eebe-031e-516b8c9bc841/b7107100-0df6-6952-3104-8e938f6d5348/web/15474a7d4553b476220e6270b46c9c882f47bc60a81e0d83897912e115dc4d96.webp,web-derivatives-v1/files/b7107100-0df6-6952-3104-8e938f6d5348.webp
CATV1-P157-R3L,8152bba2-9d9f-cb6f-34a5-e269ea4a3df7,c83b4a30-50d7-ea64-c1bf-cf08d56dd48b,POLICY_APPROVED,5d7dfa38bdf807efc788a62cdbec6bdfb769a55589656a8730b62a920ee648be,892,image/webp,345,176,lihen-product-web,products/8152bba2-9d9f-cb6f-34a5-e269ea4a3df7/c83b4a30-50d7-ea64-c1bf-cf08d56dd48b/web/5d7dfa38bdf807efc788a62cdbec6bdfb769a55589656a8730b62a920ee648be.webp,web-derivatives-v1/files/c83b4a30-50d7-ea64-c1bf-cf08d56dd48b.webp
CATV1-P157-R3R,b272b24c-01dc-04e8-9e5f-5199e81f6339,98a4f323-03fd-0a01-d11d-d4adc96fe764,POLICY_APPROVED,0b239c86b35c3748b718342bfd281786c0104cb7f508c7fa37854530ba0837a9,2686,image/webp,345,176,lihen-product-web,products/b272b24c-01dc-04e8-9e5f-5199e81f6339/98a4f323-03fd-0a01-d11d-d4adc96fe764/web/0b239c86b35c3748b718342bfd281786c0104cb7f508c7fa37854530ba0837a9.webp,web-derivatives-v1/files/98a4f323-03fd-0a01-d11d-d4adc96fe764.webp
CATV1-P158-R1L,7baadd7a-3dd8-2af6-524d-68a7fc5c9900,97a876c9-8afc-e81a-3373-4a8638b859d7,POLICY_APPROVED,1dc824c87807c241e9721f0f06293f2005bdfdab1f80f35e72cbde55b65c61ab,2948,image/webp,345,176,lihen-product-web,products/7baadd7a-3dd8-2af6-524d-68a7fc5c9900/97a876c9-8afc-e81a-3373-4a8638b859d7/web/1dc824c87807c241e9721f0f06293f2005bdfdab1f80f35e72cbde55b65c61ab.webp,web-derivatives-v1/files/97a876c9-8afc-e81a-3373-4a8638b859d7.webp
CATV1-P158-R1R,c96c2803-7cf0-82f4-a73a-a11d6986b931,dbb208d1-9161-46d9-d5c2-fceee2754a8b,POLICY_APPROVED,3a58fc8d18040b977336fc55e892eff10bf40e2a57a1f4869d0ea8a30da467cb,1218,image/webp,345,176,lihen-product-web,products/c96c2803-7cf0-82f4-a73a-a11d6986b931/dbb208d1-9161-46d9-d5c2-fceee2754a8b/web/3a58fc8d18040b977336fc55e892eff10bf40e2a57a1f4869d0ea8a30da467cb.webp,web-derivatives-v1/files/dbb208d1-9161-46d9-d5c2-fceee2754a8b.webp
CATV1-P158-R2L,edace9c8-dc74-7b93-86a5-28704d55e213,e5821906-55db-c5d7-c47c-676aac4ddba4,POLICY_APPROVED,d790ba1110bdfd16915d4fd98ffa2f4f122fcc43ae2005ce5e4729564d80b234,2568,image/webp,345,176,lihen-product-web,products/edace9c8-dc74-7b93-86a5-28704d55e213/e5821906-55db-c5d7-c47c-676aac4ddba4/web/d790ba1110bdfd16915d4fd98ffa2f4f122fcc43ae2005ce5e4729564d80b234.webp,web-derivatives-v1/files/e5821906-55db-c5d7-c47c-676aac4ddba4.webp
CATV1-P158-R2R,d24f621e-a638-4c86-b6b4-501c224b4815,515ec27b-dac6-787b-a65f-85d6104c99c7,HUMAN_APPROVED,ca54f94120588d70f0f36fb9305199e5c17a93babfc7874f846fdd21950d6d22,2104,image/webp,345,176,lihen-product-web,products/d24f621e-a638-4c86-b6b4-501c224b4815/515ec27b-dac6-787b-a65f-85d6104c99c7/web/ca54f94120588d70f0f36fb9305199e5c17a93babfc7874f846fdd21950d6d22.webp,web-derivatives-v1/files/515ec27b-dac6-787b-a65f-85d6104c99c7.webp
CATV1-P158-R3L,ecc40510-1184-025b-e3cd-6ca8be65de28,b399d510-c707-217f-4c2d-1bc8991b729c,POLICY_APPROVED,35a48f4a8a6ff13a83a7fc6c34f39e8f9e584a641bc4dee1c2942a0ac0461d7b,3186,image/webp,345,176,lihen-product-web,products/ecc40510-1184-025b-e3cd-6ca8be65de28/b399d510-c707-217f-4c2d-1bc8991b729c/web/35a48f4a8a6ff13a83a7fc6c34f39e8f9e584a641bc4dee1c2942a0ac0461d7b.webp,web-derivatives-v1/files/b399d510-c707-217f-4c2d-1bc8991b729c.webp
CATV1-P158-R3R,60a2f4d1-ed5e-f96a-8bc1-8b97dda55e90,eeec294b-15aa-1f94-8212-dc79da513df2,POLICY_APPROVED,8d7e2480b59a9c45cc0735bbd9034ec245e764715401604d431d1094d2243ce7,2266,image/webp,345,176,lihen-product-web,products/60a2f4d1-ed5e-f96a-8bc1-8b97dda55e90/eeec294b-15aa-1f94-8212-dc79da513df2/web/8d7e2480b59a9c45cc0735bbd9034ec245e764715401604d431d1094d2243ce7.webp,web-derivatives-v1/files/eeec294b-15aa-1f94-8212-dc79da513df2.webp
CATV1-P159-R1L,e03df104-d0e0-057d-dad0-06e5c795e2b3,eba2612a-fa34-e1d4-0364-90817589767a,POLICY_APPROVED,97f7b85da48561cb55bb42ca738b68520d815de56ddcfddf49617f216606c646,2380,image/webp,345,176,lihen-product-web,products/e03df104-d0e0-057d-dad0-06e5c795e2b3/eba2612a-fa34-e1d4-0364-90817589767a/web/97f7b85da48561cb55bb42ca738b68520d815de56ddcfddf49617f216606c646.webp,web-derivatives-v1/files/eba2612a-fa34-e1d4-0364-90817589767a.webp
CATV1-P159-R1R,43573b5a-684a-04b7-d184-b8924aa8a70c,addddf01-7c93-70a9-7bcd-89455b4b99ff,POLICY_APPROVED,971a174cd03e26938fcc50e39c4d9bd8abf0c9403c88eff679bbc53bbaff9f5d,4344,image/webp,345,176,lihen-product-web,products/43573b5a-684a-04b7-d184-b8924aa8a70c/addddf01-7c93-70a9-7bcd-89455b4b99ff/web/971a174cd03e26938fcc50e39c4d9bd8abf0c9403c88eff679bbc53bbaff9f5d.webp,web-derivatives-v1/files/addddf01-7c93-70a9-7bcd-89455b4b99ff.webp
CATV1-P159-R2L,16ebe997-9254-e13a-9120-4ccc03917652,2a98c6ae-d10d-782d-d04a-da33c36b3714,POLICY_APPROVED,a610eb8989e6f1fc9996475990b914d32ffe22e3d3d5c301340ec2ef3e0d4351,6250,image/webp,345,176,lihen-product-web,products/16ebe997-9254-e13a-9120-4ccc03917652/2a98c6ae-d10d-782d-d04a-da33c36b3714/web/a610eb8989e6f1fc9996475990b914d32ffe22e3d3d5c301340ec2ef3e0d4351.webp,web-derivatives-v1/files/2a98c6ae-d10d-782d-d04a-da33c36b3714.webp
CATV1-P159-R2R,8079452f-5f15-c5df-1931-c999a7681743,0f2b8b57-9e36-0980-caa1-f4d31cc47abc,POLICY_APPROVED,b4d7f06390fd687218a01153308b0c6df6062c5f95b1559b6f0cc006de18c61b,2566,image/webp,345,176,lihen-product-web,products/8079452f-5f15-c5df-1931-c999a7681743/0f2b8b57-9e36-0980-caa1-f4d31cc47abc/web/b4d7f06390fd687218a01153308b0c6df6062c5f95b1559b6f0cc006de18c61b.webp,web-derivatives-v1/files/0f2b8b57-9e36-0980-caa1-f4d31cc47abc.webp
CATV1-P159-R3L,ec59d227-3275-26e1-0878-cfa6daba92fc,4dc9e405-9360-b5f3-917d-5d53a100966f,POLICY_APPROVED,bc29e5b2e582e5c245870d7972b47060ef73113a8f42510549f383cc961edcb0,2584,image/webp,345,176,lihen-product-web,products/ec59d227-3275-26e1-0878-cfa6daba92fc/4dc9e405-9360-b5f3-917d-5d53a100966f/web/bc29e5b2e582e5c245870d7972b47060ef73113a8f42510549f383cc961edcb0.webp,web-derivatives-v1/files/4dc9e405-9360-b5f3-917d-5d53a100966f.webp
CATV1-P159-R3R,72479cb0-7199-1425-36de-3190abf9f395,a540fd70-f132-0491-23c5-c455a9a87f65,POLICY_APPROVED,2e8c89f9f3ab37565efa9e8aeb9230b56fdb1e301755284fd92a4afb41d9903d,3034,image/webp,345,176,lihen-product-web,products/72479cb0-7199-1425-36de-3190abf9f395/a540fd70-f132-0491-23c5-c455a9a87f65/web/2e8c89f9f3ab37565efa9e8aeb9230b56fdb1e301755284fd92a4afb41d9903d.webp,web-derivatives-v1/files/a540fd70-f132-0491-23c5-c455a9a87f65.webp
CATV1-P160-R1L,42541b38-c69d-8b0a-872b-a2ad818469d9,02f40c92-293a-dc45-23fc-079a4a701656,POLICY_APPROVED,1c6cd477da91dbf24ac1d2370d3f3f3cd64adba2d8076c7553445b8ecd4fcac9,2848,image/webp,345,176,lihen-product-web,products/42541b38-c69d-8b0a-872b-a2ad818469d9/02f40c92-293a-dc45-23fc-079a4a701656/web/1c6cd477da91dbf24ac1d2370d3f3f3cd64adba2d8076c7553445b8ecd4fcac9.webp,web-derivatives-v1/files/02f40c92-293a-dc45-23fc-079a4a701656.webp
CATV1-P160-R1R,90acf6d0-eda2-5c57-9e47-56235d686a87,03ad32b1-0160-7526-1700-a6ccb1c2afde,POLICY_APPROVED,bd3fa1cb4ffc1613e99bb9006190ebd0f0e394bc980b617457e5037fe08d9adf,2606,image/webp,345,176,lihen-product-web,products/90acf6d0-eda2-5c57-9e47-56235d686a87/03ad32b1-0160-7526-1700-a6ccb1c2afde/web/bd3fa1cb4ffc1613e99bb9006190ebd0f0e394bc980b617457e5037fe08d9adf.webp,web-derivatives-v1/files/03ad32b1-0160-7526-1700-a6ccb1c2afde.webp
CATV1-P160-R2L,c1b6be4e-c7f8-38d9-ffff-4d0888fcdf38,d1540fe8-eb13-640a-ae07-f7a5af16fe1e,POLICY_APPROVED,b45432aeff93b28856bae2c198c8674ea3e5c5804b44dfad445869c595db09b7,2812,image/webp,345,176,lihen-product-web,products/c1b6be4e-c7f8-38d9-ffff-4d0888fcdf38/d1540fe8-eb13-640a-ae07-f7a5af16fe1e/web/b45432aeff93b28856bae2c198c8674ea3e5c5804b44dfad445869c595db09b7.webp,web-derivatives-v1/files/d1540fe8-eb13-640a-ae07-f7a5af16fe1e.webp
CATV1-P160-R2R,508a16b9-d332-bf39-2cec-3962a3549c7a,fe3abfc6-81b0-079a-9d8b-42a4fad4cff8,POLICY_APPROVED,a9f53632c710d67b4c8632856e4bfd2982da13e6ea0004561160ea98940c0fa0,2730,image/webp,345,176,lihen-product-web,products/508a16b9-d332-bf39-2cec-3962a3549c7a/fe3abfc6-81b0-079a-9d8b-42a4fad4cff8/web/a9f53632c710d67b4c8632856e4bfd2982da13e6ea0004561160ea98940c0fa0.webp,web-derivatives-v1/files/fe3abfc6-81b0-079a-9d8b-42a4fad4cff8.webp
CATV1-P160-R3L,178d1ff7-535b-799e-66bd-e3de5772f079,2ce15ff8-a1fd-741a-ea70-e1389b14b35f,POLICY_APPROVED,7ff97eb37c2030b2f745977ca9faee790161ca3c364111f8a26dad9074b91b64,1630,image/webp,345,176,lihen-product-web,products/178d1ff7-535b-799e-66bd-e3de5772f079/2ce15ff8-a1fd-741a-ea70-e1389b14b35f/web/7ff97eb37c2030b2f745977ca9faee790161ca3c364111f8a26dad9074b91b64.webp,web-derivatives-v1/files/2ce15ff8-a1fd-741a-ea70-e1389b14b35f.webp
CATV1-P160-R3R,fd09bb6b-58fd-4e63-7e93-cc8ddc1a91fd,7a746eed-82db-d485-339c-1f20933f8aba,POLICY_APPROVED,31bb51845a36e74a7458940f213ffd37fe64b14be4c9bcc0636fe3b0a94c2d22,2450,image/webp,345,176,lihen-product-web,products/fd09bb6b-58fd-4e63-7e93-cc8ddc1a91fd/7a746eed-82db-d485-339c-1f20933f8aba/web/31bb51845a36e74a7458940f213ffd37fe64b14be4c9bcc0636fe3b0a94c2d22.webp,web-derivatives-v1/files/7a746eed-82db-d485-339c-1f20933f8aba.webp
CATV1-P161-R1L,30b11752-4438-f136-6f7c-beefa8c0c3ab,bbe1f487-5e8e-63b7-b8f0-07c8c39f67b8,POLICY_APPROVED,a3d7e33c9a3887bcfe9f2860d28b0bc1155c483be5d797764ae3c5ce4aa7fc2e,3452,image/webp,345,176,lihen-product-web,products/30b11752-4438-f136-6f7c-beefa8c0c3ab/bbe1f487-5e8e-63b7-b8f0-07c8c39f67b8/web/a3d7e33c9a3887bcfe9f2860d28b0bc1155c483be5d797764ae3c5ce4aa7fc2e.webp,web-derivatives-v1/files/bbe1f487-5e8e-63b7-b8f0-07c8c39f67b8.webp
CATV1-P161-R1R,592cec37-c446-b6b6-bd4b-995d762fcecc,8cb44158-d2f6-02d9-a5ad-cb243375dbe8,POLICY_APPROVED,8d6d34ca7b57f2b0fdcea26b224486a07cdf31d840c8f19163a46123df55062f,4656,image/webp,345,176,lihen-product-web,products/592cec37-c446-b6b6-bd4b-995d762fcecc/8cb44158-d2f6-02d9-a5ad-cb243375dbe8/web/8d6d34ca7b57f2b0fdcea26b224486a07cdf31d840c8f19163a46123df55062f.webp,web-derivatives-v1/files/8cb44158-d2f6-02d9-a5ad-cb243375dbe8.webp
CATV1-P163-R1L,af3cd659-9ec5-b0c8-818f-6840e5fab5b5,84cd45d7-b3ea-1b46-2c5a-eac83697f0b6,POLICY_APPROVED,2b5aad0660d76240208eff8e781cf8b8d7333fd86715ed4ae73e7867e5d3f4f7,3562,image/webp,345,176,lihen-product-web,products/af3cd659-9ec5-b0c8-818f-6840e5fab5b5/84cd45d7-b3ea-1b46-2c5a-eac83697f0b6/web/2b5aad0660d76240208eff8e781cf8b8d7333fd86715ed4ae73e7867e5d3f4f7.webp,web-derivatives-v1/files/84cd45d7-b3ea-1b46-2c5a-eac83697f0b6.webp
CATV1-P163-R1R,94a3d7ad-66e9-b68c-fb02-f0fef88732c9,3720a6ee-d71c-9e28-0daa-9b8b9faef364,POLICY_APPROVED,65c9edb4fe151c396a5d182c567c53ea89e80dc44bd13c3aaa041383652678d3,4204,image/webp,345,176,lihen-product-web,products/94a3d7ad-66e9-b68c-fb02-f0fef88732c9/3720a6ee-d71c-9e28-0daa-9b8b9faef364/web/65c9edb4fe151c396a5d182c567c53ea89e80dc44bd13c3aaa041383652678d3.webp,web-derivatives-v1/files/3720a6ee-d71c-9e28-0daa-9b8b9faef364.webp
CATV1-P163-R2L,2a8e80c9-8e9a-1af0-f37a-0c34c8bec73e,c963f0d0-7d02-c7ad-89f8-0e26eac3b254,POLICY_APPROVED,90476332c006320c1be1b4594bb042bdbf31b15ee912e4f31e4b9cf7f40d2498,6832,image/webp,345,176,lihen-product-web,products/2a8e80c9-8e9a-1af0-f37a-0c34c8bec73e/c963f0d0-7d02-c7ad-89f8-0e26eac3b254/web/90476332c006320c1be1b4594bb042bdbf31b15ee912e4f31e4b9cf7f40d2498.webp,web-derivatives-v1/files/c963f0d0-7d02-c7ad-89f8-0e26eac3b254.webp
CATV1-P163-R2R,c91a4658-4058-1925-50f6-2c08b4fd84db,4c272b87-d485-af6d-a1ec-3a834f91c1a9,POLICY_APPROVED,ffeb675f26e5ff86a4723a10838552bf00fe0195b1853a58cbdc7d7c5389a6ab,3504,image/webp,345,176,lihen-product-web,products/c91a4658-4058-1925-50f6-2c08b4fd84db/4c272b87-d485-af6d-a1ec-3a834f91c1a9/web/ffeb675f26e5ff86a4723a10838552bf00fe0195b1853a58cbdc7d7c5389a6ab.webp,web-derivatives-v1/files/4c272b87-d485-af6d-a1ec-3a834f91c1a9.webp
CATV1-P163-R3L,c08124dd-626b-8f92-7571-cbe6022eec9e,388613bb-5ce2-e2d1-1efd-1074dc47a572,POLICY_APPROVED,592c7d8ec3b273ed45c887e4b9dab4bf30200a7b62495cf72006816f6d46cad9,2746,image/webp,345,176,lihen-product-web,products/c08124dd-626b-8f92-7571-cbe6022eec9e/388613bb-5ce2-e2d1-1efd-1074dc47a572/web/592c7d8ec3b273ed45c887e4b9dab4bf30200a7b62495cf72006816f6d46cad9.webp,web-derivatives-v1/files/388613bb-5ce2-e2d1-1efd-1074dc47a572.webp
CATV1-P163-R3R,41106aa9-69e2-e115-1c71-7393c934547d,bc84b706-6673-495c-4802-553e66c151be,POLICY_APPROVED,fd44f16da40aa050ff4e17647b147eb1eb21f7da66eb7370a58b3083a71af37c,1660,image/webp,345,176,lihen-product-web,products/41106aa9-69e2-e115-1c71-7393c934547d/bc84b706-6673-495c-4802-553e66c151be/web/fd44f16da40aa050ff4e17647b147eb1eb21f7da66eb7370a58b3083a71af37c.webp,web-derivatives-v1/files/bc84b706-6673-495c-4802-553e66c151be.webp
CATV1-P164-R1L,16469e65-6e27-cff6-8aa4-fcea12321ed9,0fd4aaa7-5e79-fb7f-c808-0c630987c8bb,POLICY_APPROVED,72de004290be51344dedba5227f0e0704be91793b61d810cedaaa11144264d3c,3086,image/webp,345,176,lihen-product-web,products/16469e65-6e27-cff6-8aa4-fcea12321ed9/0fd4aaa7-5e79-fb7f-c808-0c630987c8bb/web/72de004290be51344dedba5227f0e0704be91793b61d810cedaaa11144264d3c.webp,web-derivatives-v1/files/0fd4aaa7-5e79-fb7f-c808-0c630987c8bb.webp
CATV1-P164-R1R,a75185de-5167-40a2-e890-6bedd28851d8,13629aba-0341-e3fb-52ba-ac53576c9b27,POLICY_APPROVED,fff9b6a6a1c55f0fc1219b68ea6906b192cfa36eddfe67b808020bcbbc6f1dfe,5190,image/webp,345,176,lihen-product-web,products/a75185de-5167-40a2-e890-6bedd28851d8/13629aba-0341-e3fb-52ba-ac53576c9b27/web/fff9b6a6a1c55f0fc1219b68ea6906b192cfa36eddfe67b808020bcbbc6f1dfe.webp,web-derivatives-v1/files/13629aba-0341-e3fb-52ba-ac53576c9b27.webp
CATV1-P164-R2L,bdbd5fd3-5c7f-75f9-95f3-15ec211eb155,b6772933-9a0a-f289-60d3-aa2995f54bd1,POLICY_APPROVED,3c5c5cd8bb50ade78791d62806014712c030d90d70a027239ce7fb3bae2d4cf7,3810,image/webp,345,176,lihen-product-web,products/bdbd5fd3-5c7f-75f9-95f3-15ec211eb155/b6772933-9a0a-f289-60d3-aa2995f54bd1/web/3c5c5cd8bb50ade78791d62806014712c030d90d70a027239ce7fb3bae2d4cf7.webp,web-derivatives-v1/files/b6772933-9a0a-f289-60d3-aa2995f54bd1.webp
CATV1-P164-R2R,16329776-43c9-4bc7-02d8-734e13b45e46,ad50f2ce-64b0-f838-b398-36f3f966e04c,POLICY_APPROVED,46c91d08a22321988c98d9aebbfc786dac4e72376d30c659ff87374db69e65ff,3844,image/webp,345,176,lihen-product-web,products/16329776-43c9-4bc7-02d8-734e13b45e46/ad50f2ce-64b0-f838-b398-36f3f966e04c/web/46c91d08a22321988c98d9aebbfc786dac4e72376d30c659ff87374db69e65ff.webp,web-derivatives-v1/files/ad50f2ce-64b0-f838-b398-36f3f966e04c.webp
CATV1-P164-R3L,e1a9d336-2e4d-257d-975d-5bbe5a587faf,aceea1ce-5d01-0a85-7ccb-dbd3c382bff1,HUMAN_APPROVED,592c7d8ec3b273ed45c887e4b9dab4bf30200a7b62495cf72006816f6d46cad9,2746,image/webp,345,176,lihen-product-web,products/e1a9d336-2e4d-257d-975d-5bbe5a587faf/aceea1ce-5d01-0a85-7ccb-dbd3c382bff1/web/592c7d8ec3b273ed45c887e4b9dab4bf30200a7b62495cf72006816f6d46cad9.webp,web-derivatives-v1/files/aceea1ce-5d01-0a85-7ccb-dbd3c382bff1.webp
CATV1-P164-R3R,29790fa7-8eee-202f-4732-ebca915731bf,166cf6fe-c2d6-34a6-c5f0-9e6c91705ff8,HUMAN_APPROVED,f941ce8fbf71eed1a28c1833633825982d8a3226bbedd0319b3e908341a785f7,2650,image/webp,345,176,lihen-product-web,products/29790fa7-8eee-202f-4732-ebca915731bf/166cf6fe-c2d6-34a6-c5f0-9e6c91705ff8/web/f941ce8fbf71eed1a28c1833633825982d8a3226bbedd0319b3e908341a785f7.webp,web-derivatives-v1/files/166cf6fe-c2d6-34a6-c5f0-9e6c91705ff8.webp
CATV1-P166-R1L,f2789951-41f9-afa9-6e3a-105f90b8ffe5,1a7e4528-1d86-c028-f6fc-edb24218fc30,POLICY_APPROVED,f0e249af8f8528a59a9dbb2ce47beea22635abc6e13bdae53aec1ed5eef4510f,1768,image/webp,345,176,lihen-product-web,products/f2789951-41f9-afa9-6e3a-105f90b8ffe5/1a7e4528-1d86-c028-f6fc-edb24218fc30/web/f0e249af8f8528a59a9dbb2ce47beea22635abc6e13bdae53aec1ed5eef4510f.webp,web-derivatives-v1/files/1a7e4528-1d86-c028-f6fc-edb24218fc30.webp
CATV1-P166-R1R,0319098c-8005-8af4-f4c3-d6a66bb00737,bcfad7b4-bffa-71a9-1232-e4ae8a36ec16,POLICY_APPROVED,7eb2fc844bafdfe6364ecfb4320c27f78f7d11eed7720013270546211b1adea8,1504,image/webp,345,176,lihen-product-web,products/0319098c-8005-8af4-f4c3-d6a66bb00737/bcfad7b4-bffa-71a9-1232-e4ae8a36ec16/web/7eb2fc844bafdfe6364ecfb4320c27f78f7d11eed7720013270546211b1adea8.webp,web-derivatives-v1/files/bcfad7b4-bffa-71a9-1232-e4ae8a36ec16.webp
CATV1-P166-R2L,1b39a53f-b851-8dfc-de60-de1135b07e01,4ed06708-a274-ea4a-baf7-0805c8ea7d7f,POLICY_APPROVED,6a570c2bc0915b7303c8bfb374843102e8dbb52987afb43d2936cf5e87def781,1364,image/webp,345,176,lihen-product-web,products/1b39a53f-b851-8dfc-de60-de1135b07e01/4ed06708-a274-ea4a-baf7-0805c8ea7d7f/web/6a570c2bc0915b7303c8bfb374843102e8dbb52987afb43d2936cf5e87def781.webp,web-derivatives-v1/files/4ed06708-a274-ea4a-baf7-0805c8ea7d7f.webp
CATV1-P168-R1L,a69128b3-62e6-df8c-7b5b-4bab43c8a776,7d35c59b-3f44-3cf4-24fe-4b09549d288f,POLICY_APPROVED,ab7eceb878adba22b1712f5e947bf7fd9a8acea4b2610063f0651a576e310ac1,3086,image/webp,345,176,lihen-product-web,products/a69128b3-62e6-df8c-7b5b-4bab43c8a776/7d35c59b-3f44-3cf4-24fe-4b09549d288f/web/ab7eceb878adba22b1712f5e947bf7fd9a8acea4b2610063f0651a576e310ac1.webp,web-derivatives-v1/files/7d35c59b-3f44-3cf4-24fe-4b09549d288f.webp
CATV1-P168-R1R,1477159e-df6a-94fe-1319-6211597e9e74,de153b47-043c-a7b6-9d8d-66baf4f01c83,POLICY_APPROVED,d2b46753349ebad70bdd1522ee703d2cd2b6dc15c9861d59134b12b3c687577f,3156,image/webp,345,176,lihen-product-web,products/1477159e-df6a-94fe-1319-6211597e9e74/de153b47-043c-a7b6-9d8d-66baf4f01c83/web/d2b46753349ebad70bdd1522ee703d2cd2b6dc15c9861d59134b12b3c687577f.webp,web-derivatives-v1/files/de153b47-043c-a7b6-9d8d-66baf4f01c83.webp
CATV1-P168-R2L,27c0402d-88ee-124e-d3a6-51f19d01087e,22897266-4767-fd25-54e0-45bd89d1fff3,POLICY_APPROVED,071fd959fa40a66db4905db344826dd4c5fd0b84abc54c87ffa2e5ed3b5c4ada,4044,image/webp,345,176,lihen-product-web,products/27c0402d-88ee-124e-d3a6-51f19d01087e/22897266-4767-fd25-54e0-45bd89d1fff3/web/071fd959fa40a66db4905db344826dd4c5fd0b84abc54c87ffa2e5ed3b5c4ada.webp,web-derivatives-v1/files/22897266-4767-fd25-54e0-45bd89d1fff3.webp
CATV1-P168-R2R,5f0e58ce-4da2-2570-d005-6c45f6d18c8a,41bd9e16-9196-cc66-5ce3-5ba882d2e5aa,POLICY_APPROVED,280faa901a2214a3d4b32d2b5cc951ae6ea16733ddfe2f9ad119759fb2ce4713,4242,image/webp,345,176,lihen-product-web,products/5f0e58ce-4da2-2570-d005-6c45f6d18c8a/41bd9e16-9196-cc66-5ce3-5ba882d2e5aa/web/280faa901a2214a3d4b32d2b5cc951ae6ea16733ddfe2f9ad119759fb2ce4713.webp,web-derivatives-v1/files/41bd9e16-9196-cc66-5ce3-5ba882d2e5aa.webp
CATV1-P168-R3L,e0b26641-0bcf-e200-5e7d-9d9cbcd25941,f452aa57-13ee-7a30-9a54-972f9057c99c,POLICY_APPROVED,5749101b696dcbe52addfc6e6885c98371a050bc65f8cc28736c74258660102c,3056,image/webp,345,176,lihen-product-web,products/e0b26641-0bcf-e200-5e7d-9d9cbcd25941/f452aa57-13ee-7a30-9a54-972f9057c99c/web/5749101b696dcbe52addfc6e6885c98371a050bc65f8cc28736c74258660102c.webp,web-derivatives-v1/files/f452aa57-13ee-7a30-9a54-972f9057c99c.webp
CATV1-P168-R3R,cf5b6671-ecf4-bf66-aca7-eb3885cf15cf,8ec59f49-27e8-de0c-5cd7-0516af60dfa6,POLICY_APPROVED,818abbeced9893e15c668cd0628f42e06dc44114ba0baaa2c40cbc82c7917100,3794,image/webp,345,176,lihen-product-web,products/cf5b6671-ecf4-bf66-aca7-eb3885cf15cf/8ec59f49-27e8-de0c-5cd7-0516af60dfa6/web/818abbeced9893e15c668cd0628f42e06dc44114ba0baaa2c40cbc82c7917100.webp,web-derivatives-v1/files/8ec59f49-27e8-de0c-5cd7-0516af60dfa6.webp
CATV1-P169-R1L,2e8d74fa-aac5-e67d-d763-6dcb63785d62,b4a7ec52-756d-118d-d4c8-1629181ff88d,POLICY_APPROVED,4009430c8afacd06b1f500e6248e0ba861418fbff4608ee2abb714b67f164868,4900,image/webp,345,176,lihen-product-web,products/2e8d74fa-aac5-e67d-d763-6dcb63785d62/b4a7ec52-756d-118d-d4c8-1629181ff88d/web/4009430c8afacd06b1f500e6248e0ba861418fbff4608ee2abb714b67f164868.webp,web-derivatives-v1/files/b4a7ec52-756d-118d-d4c8-1629181ff88d.webp
CATV1-P169-R1R,81872368-19ce-e24a-f911-455b2754d683,21d6348c-fd40-edc6-8844-541a2e11d430,POLICY_APPROVED,036c5e99cc2c664f5498e4197cd177b5b30e971807264af13ac34a6a62276977,2082,image/webp,345,176,lihen-product-web,products/81872368-19ce-e24a-f911-455b2754d683/21d6348c-fd40-edc6-8844-541a2e11d430/web/036c5e99cc2c664f5498e4197cd177b5b30e971807264af13ac34a6a62276977.webp,web-derivatives-v1/files/21d6348c-fd40-edc6-8844-541a2e11d430.webp
CATV1-P169-R2L,fcfa2b39-8a55-02b0-f12b-deca31f03452,485c33a6-e48d-8e19-12b8-6e7f9eec09eb,POLICY_APPROVED,01311029ccdb2473f2d9764dedcfe61c358ebe32b9f45cd8b4e1f81eb6248207,4580,image/webp,345,176,lihen-product-web,products/fcfa2b39-8a55-02b0-f12b-deca31f03452/485c33a6-e48d-8e19-12b8-6e7f9eec09eb/web/01311029ccdb2473f2d9764dedcfe61c358ebe32b9f45cd8b4e1f81eb6248207.webp,web-derivatives-v1/files/485c33a6-e48d-8e19-12b8-6e7f9eec09eb.webp
CATV1-P169-R2R,cea9c593-6f22-6680-38ca-a1ca856dad6d,f92df4ab-bdc6-409e-e49c-33af7ac36e2b,POLICY_APPROVED,8485969b51068722aa8d4cbee852edfc4e5eb92527ccc2ccfbc8fd896b58cd55,2836,image/webp,345,176,lihen-product-web,products/cea9c593-6f22-6680-38ca-a1ca856dad6d/f92df4ab-bdc6-409e-e49c-33af7ac36e2b/web/8485969b51068722aa8d4cbee852edfc4e5eb92527ccc2ccfbc8fd896b58cd55.webp,web-derivatives-v1/files/f92df4ab-bdc6-409e-e49c-33af7ac36e2b.webp
CATV1-P169-R3L,2de9de95-0df5-4236-15c1-fa94dec7cdbb,f3a271a2-451d-c735-3cbf-785865bd5cf8,POLICY_APPROVED,909ee568a73121a9eb0fe3f1f13a6d29c772189bc143906491c9bd8b857284f7,1884,image/webp,345,176,lihen-product-web,products/2de9de95-0df5-4236-15c1-fa94dec7cdbb/f3a271a2-451d-c735-3cbf-785865bd5cf8/web/909ee568a73121a9eb0fe3f1f13a6d29c772189bc143906491c9bd8b857284f7.webp,web-derivatives-v1/files/f3a271a2-451d-c735-3cbf-785865bd5cf8.webp
CATV1-P169-R3R,260ba260-382c-9d1d-d2aa-041f37e22992,bbf3633c-f4ff-97b8-d98b-365dd9a23458,POLICY_APPROVED,0e428a08d7963411680d9e8c64eba908848efef2f9da5c2cdb8f5e373e94e9a2,1848,image/webp,345,176,lihen-product-web,products/260ba260-382c-9d1d-d2aa-041f37e22992/bbf3633c-f4ff-97b8-d98b-365dd9a23458/web/0e428a08d7963411680d9e8c64eba908848efef2f9da5c2cdb8f5e373e94e9a2.webp,web-derivatives-v1/files/bbf3633c-f4ff-97b8-d98b-365dd9a23458.webp
CATV1-P170-R1L,45f3eaf0-d501-6387-7c8e-64610e68fb6e,570eda8f-fa10-22d2-86de-46a7226ed8fd,POLICY_APPROVED,3eeb41e2a014b9984e7d0a4ccd95c6f68fc316348c3726f98fce8cbdff6c3cdf,2866,image/webp,345,176,lihen-product-web,products/45f3eaf0-d501-6387-7c8e-64610e68fb6e/570eda8f-fa10-22d2-86de-46a7226ed8fd/web/3eeb41e2a014b9984e7d0a4ccd95c6f68fc316348c3726f98fce8cbdff6c3cdf.webp,web-derivatives-v1/files/570eda8f-fa10-22d2-86de-46a7226ed8fd.webp
CATV1-P170-R1R,d4acab40-f1e8-c2cc-6df7-be9b3ef91a0d,5da2bce2-8ea4-2933-f0c1-50a4adf29642,POLICY_APPROVED,70ccdc9012d7ea0200dfc6be5ee2d5eabe9b7d72fbb0359a4aee348b817db2c7,4392,image/webp,345,176,lihen-product-web,products/d4acab40-f1e8-c2cc-6df7-be9b3ef91a0d/5da2bce2-8ea4-2933-f0c1-50a4adf29642/web/70ccdc9012d7ea0200dfc6be5ee2d5eabe9b7d72fbb0359a4aee348b817db2c7.webp,web-derivatives-v1/files/5da2bce2-8ea4-2933-f0c1-50a4adf29642.webp
CATV1-P170-R2L,f6fdd3ad-d063-f134-05d3-b85f08d5ab0b,4b6c3757-71cb-fc44-47e2-b3e1c4302b68,POLICY_APPROVED,d88ef23ea16a173da40712067b880a978c89be00e03512d45883be8665ee4585,5568,image/webp,345,176,lihen-product-web,products/f6fdd3ad-d063-f134-05d3-b85f08d5ab0b/4b6c3757-71cb-fc44-47e2-b3e1c4302b68/web/d88ef23ea16a173da40712067b880a978c89be00e03512d45883be8665ee4585.webp,web-derivatives-v1/files/4b6c3757-71cb-fc44-47e2-b3e1c4302b68.webp
CATV1-P170-R2R,85080013-fb0a-9248-f46c-89b1f6dc7b60,7faf1f14-d6ae-3e15-47a5-cc038f819246,POLICY_APPROVED,be69b9e64943ab0b1dad9197681bee8763c441b1c3bfa29910b1739059ad46c9,2068,image/webp,345,176,lihen-product-web,products/85080013-fb0a-9248-f46c-89b1f6dc7b60/7faf1f14-d6ae-3e15-47a5-cc038f819246/web/be69b9e64943ab0b1dad9197681bee8763c441b1c3bfa29910b1739059ad46c9.webp,web-derivatives-v1/files/7faf1f14-d6ae-3e15-47a5-cc038f819246.webp
CATV1-P170-R3L,cb3348a5-08b7-b64d-a2e2-d953665b5d62,b89bf9a1-9b94-7164-f4ca-ae7417451719,POLICY_APPROVED,40402146947864d2ad08ddd2c87779d409981932f48caedff26d3afd4760aa12,5204,image/webp,345,176,lihen-product-web,products/cb3348a5-08b7-b64d-a2e2-d953665b5d62/b89bf9a1-9b94-7164-f4ca-ae7417451719/web/40402146947864d2ad08ddd2c87779d409981932f48caedff26d3afd4760aa12.webp,web-derivatives-v1/files/b89bf9a1-9b94-7164-f4ca-ae7417451719.webp
CATV1-P170-R3R,3a276b32-8693-37ba-c956-bb7b4532ef69,c6a45019-5238-6d2a-83b8-0dc3892acec0,POLICY_APPROVED,52682b02570a4001453b73020dd1176459bd1a346e9b19b7541cbed199238bd9,1452,image/webp,345,176,lihen-product-web,products/3a276b32-8693-37ba-c956-bb7b4532ef69/c6a45019-5238-6d2a-83b8-0dc3892acec0/web/52682b02570a4001453b73020dd1176459bd1a346e9b19b7541cbed199238bd9.webp,web-derivatives-v1/files/c6a45019-5238-6d2a-83b8-0dc3892acec0.webp
CATV1-P171-R1L,643831e6-2fce-6091-b92a-9f5edf84141d,8f4e1fd5-bac3-95d8-8068-798337cddfd5,POLICY_APPROVED,d869e05b7d18c1328b10e00d59a013756a60b03d8b7e0daefc25b3816ecd4d90,1912,image/webp,345,176,lihen-product-web,products/643831e6-2fce-6091-b92a-9f5edf84141d/8f4e1fd5-bac3-95d8-8068-798337cddfd5/web/d869e05b7d18c1328b10e00d59a013756a60b03d8b7e0daefc25b3816ecd4d90.webp,web-derivatives-v1/files/8f4e1fd5-bac3-95d8-8068-798337cddfd5.webp
CATV1-P171-R1R,32bc09b8-cb7a-d515-e770-084091d7f8d9,b27e87e2-477f-4874-8fb8-ca57de829ab3,POLICY_APPROVED,79d9b34ddf9b94a081f599891e7093e64da2e7457a3b2d79f6c3d0ced95912e7,2198,image/webp,345,176,lihen-product-web,products/32bc09b8-cb7a-d515-e770-084091d7f8d9/b27e87e2-477f-4874-8fb8-ca57de829ab3/web/79d9b34ddf9b94a081f599891e7093e64da2e7457a3b2d79f6c3d0ced95912e7.webp,web-derivatives-v1/files/b27e87e2-477f-4874-8fb8-ca57de829ab3.webp
CATV1-P171-R2L,014badea-f98e-76fa-5a2e-996576f665b8,4ac68fe5-f94a-7825-a3db-2b9d200dfb85,HUMAN_APPROVED,3d0fe79182e243180f6a93c0b58fd0ad5410210a5b852b35d240990e6db0e231,1314,image/webp,345,176,lihen-product-web,products/014badea-f98e-76fa-5a2e-996576f665b8/4ac68fe5-f94a-7825-a3db-2b9d200dfb85/web/3d0fe79182e243180f6a93c0b58fd0ad5410210a5b852b35d240990e6db0e231.webp,web-derivatives-v1/files/4ac68fe5-f94a-7825-a3db-2b9d200dfb85.webp
CATV1-P173-R1L,ee4a18d2-e0c0-a676-14fb-86fdd5696899,d107a5b0-c384-de05-72cd-29d6fa663783,POLICY_APPROVED,eed92be4810820e07670aa837a1e6bd8085c414ab6727fb62dc25aae4aa8bfbe,2274,image/webp,345,176,lihen-product-web,products/ee4a18d2-e0c0-a676-14fb-86fdd5696899/d107a5b0-c384-de05-72cd-29d6fa663783/web/eed92be4810820e07670aa837a1e6bd8085c414ab6727fb62dc25aae4aa8bfbe.webp,web-derivatives-v1/files/d107a5b0-c384-de05-72cd-29d6fa663783.webp
CATV1-P173-R1R,4ced334a-e418-8a61-4a6a-5864999f89a0,fa216aa1-b0d5-94e5-e3dd-e2c3019f9c45,POLICY_APPROVED,3c0de9561aab615df94c893dc4808ef392bc8b21a4cae0f5c3c00e464ab8caa9,2996,image/webp,345,176,lihen-product-web,products/4ced334a-e418-8a61-4a6a-5864999f89a0/fa216aa1-b0d5-94e5-e3dd-e2c3019f9c45/web/3c0de9561aab615df94c893dc4808ef392bc8b21a4cae0f5c3c00e464ab8caa9.webp,web-derivatives-v1/files/fa216aa1-b0d5-94e5-e3dd-e2c3019f9c45.webp
CATV1-P173-R2L,56ec74e4-635f-02a7-2784-d68d689a8d00,d70480fc-51eb-6f33-de06-3b49e3e50b19,POLICY_APPROVED,bf5a8e8e33778fd0840a1151702dbfdb0780dab6bed52e3dc81edd2d1acb88f1,2688,image/webp,345,176,lihen-product-web,products/56ec74e4-635f-02a7-2784-d68d689a8d00/d70480fc-51eb-6f33-de06-3b49e3e50b19/web/bf5a8e8e33778fd0840a1151702dbfdb0780dab6bed52e3dc81edd2d1acb88f1.webp,web-derivatives-v1/files/d70480fc-51eb-6f33-de06-3b49e3e50b19.webp
CATV1-P173-R2R,3ec9b32a-c382-f4ad-49f6-62009a2cfd34,74256d6c-6fa7-8f11-6778-6bffa97354f1,POLICY_APPROVED,b10d882a736738ebe072c0f13cfe049b1b73ae1f6624b6cbd8d27a9c158a9736,5424,image/webp,345,176,lihen-product-web,products/3ec9b32a-c382-f4ad-49f6-62009a2cfd34/74256d6c-6fa7-8f11-6778-6bffa97354f1/web/b10d882a736738ebe072c0f13cfe049b1b73ae1f6624b6cbd8d27a9c158a9736.webp,web-derivatives-v1/files/74256d6c-6fa7-8f11-6778-6bffa97354f1.webp
CATV1-P173-R3L,6faaa869-8c6c-8401-3e7e-7e8d93cb9fca,f1e2e70e-b7da-1dfb-b904-79235d5da331,POLICY_APPROVED,c099ce7a0c022f1d69b37b9554fa99c20d974ad1d6788f0754de112929edefc7,1694,image/webp,345,176,lihen-product-web,products/6faaa869-8c6c-8401-3e7e-7e8d93cb9fca/f1e2e70e-b7da-1dfb-b904-79235d5da331/web/c099ce7a0c022f1d69b37b9554fa99c20d974ad1d6788f0754de112929edefc7.webp,web-derivatives-v1/files/f1e2e70e-b7da-1dfb-b904-79235d5da331.webp
CATV1-P175-R1L,59e51170-0fe4-07aa-4ca2-c9656d39fe8c,e8229ac2-f54e-0b75-21d1-9cd30d3edeb1,POLICY_APPROVED,693a685a57e89d7aa952581809eb7ea83d395b75e31aac0ff8493b9717173fa8,4812,image/webp,345,176,lihen-product-web,products/59e51170-0fe4-07aa-4ca2-c9656d39fe8c/e8229ac2-f54e-0b75-21d1-9cd30d3edeb1/web/693a685a57e89d7aa952581809eb7ea83d395b75e31aac0ff8493b9717173fa8.webp,web-derivatives-v1/files/e8229ac2-f54e-0b75-21d1-9cd30d3edeb1.webp
CATV1-P175-R1R,ed5219ce-0c86-7ae6-80a4-25a6fc7503d7,e687ee80-42cf-482b-8643-cfccbb9734ff,HUMAN_APPROVED,b90a904caa6cd44da7aac9b3cad98cc397eb6ff8c3a7c5b55d8ad4927adc9888,3412,image/webp,345,176,lihen-product-web,products/ed5219ce-0c86-7ae6-80a4-25a6fc7503d7/e687ee80-42cf-482b-8643-cfccbb9734ff/web/b90a904caa6cd44da7aac9b3cad98cc397eb6ff8c3a7c5b55d8ad4927adc9888.webp,web-derivatives-v1/files/e687ee80-42cf-482b-8643-cfccbb9734ff.webp
CATV1-P175-R2L,05bda15e-3730-3ffd-b849-efe4ede22736,26e222b7-0f8d-1238-8885-98b1d8911632,POLICY_APPROVED,3c914e37756db5f4bc422cc8f76975d7747ae72d585bed54479d1cb4a1a8b13a,2852,image/webp,345,176,lihen-product-web,products/05bda15e-3730-3ffd-b849-efe4ede22736/26e222b7-0f8d-1238-8885-98b1d8911632/web/3c914e37756db5f4bc422cc8f76975d7747ae72d585bed54479d1cb4a1a8b13a.webp,web-derivatives-v1/files/26e222b7-0f8d-1238-8885-98b1d8911632.webp
CATV1-P175-R2R,ef2df1a2-3588-0010-e63c-4c9913bbc0d5,26925881-ac69-06fa-2a5d-41c90d9d3ef1,POLICY_APPROVED,8bcee692c65549d711f195523d4448733af3cd46aff825fa4914b4c63519a4fa,2226,image/webp,345,176,lihen-product-web,products/ef2df1a2-3588-0010-e63c-4c9913bbc0d5/26925881-ac69-06fa-2a5d-41c90d9d3ef1/web/8bcee692c65549d711f195523d4448733af3cd46aff825fa4914b4c63519a4fa.webp,web-derivatives-v1/files/26925881-ac69-06fa-2a5d-41c90d9d3ef1.webp
CATV1-P176-R1L,c075d8de-d473-ac53-9984-ee70a52a6730,ab99a446-fc7a-e39d-158c-83a21c803969,POLICY_APPROVED,3f170bdf4259310a3b420f1cb2de969a0f8905f2475c09e0786ee96765e38727,3102,image/webp,345,176,lihen-product-web,products/c075d8de-d473-ac53-9984-ee70a52a6730/ab99a446-fc7a-e39d-158c-83a21c803969/web/3f170bdf4259310a3b420f1cb2de969a0f8905f2475c09e0786ee96765e38727.webp,web-derivatives-v1/files/ab99a446-fc7a-e39d-158c-83a21c803969.webp
CATV1-P176-R1R,6a8636f0-c495-b73b-db45-4a14c5eaeda7,ebac4734-d3c0-85e6-29c1-88515d299641,POLICY_APPROVED,9c10b7bb39999655cb7b8e4e063484d01da2bc5338db68efbf134488c42f8436,3430,image/webp,345,176,lihen-product-web,products/6a8636f0-c495-b73b-db45-4a14c5eaeda7/ebac4734-d3c0-85e6-29c1-88515d299641/web/9c10b7bb39999655cb7b8e4e063484d01da2bc5338db68efbf134488c42f8436.webp,web-derivatives-v1/files/ebac4734-d3c0-85e6-29c1-88515d299641.webp
CATV1-P176-R2R,5fe8d836-fd3d-e08e-c4c5-c0ab6c4f071c,71bde7a4-4ecc-0af2-9251-03e9cf864278,POLICY_APPROVED,8ab5fd5243b643cc54a7b2dd00269cdb24ab97141c0a7d51341438651c07f112,3920,image/webp,345,176,lihen-product-web,products/5fe8d836-fd3d-e08e-c4c5-c0ab6c4f071c/71bde7a4-4ecc-0af2-9251-03e9cf864278/web/8ab5fd5243b643cc54a7b2dd00269cdb24ab97141c0a7d51341438651c07f112.webp,web-derivatives-v1/files/71bde7a4-4ecc-0af2-9251-03e9cf864278.webp
CATV1-P176-R3L,719a5d48-3fc1-7589-a0be-48614edcff69,d364176a-dae4-069f-ebe5-1fcc2eb922ae,HUMAN_APPROVED,d064a40aee285a4a1d96c7c672d5ae089912b195637125dea93bb9a55ca48d5d,2608,image/webp,345,176,lihen-product-web,products/719a5d48-3fc1-7589-a0be-48614edcff69/d364176a-dae4-069f-ebe5-1fcc2eb922ae/web/d064a40aee285a4a1d96c7c672d5ae089912b195637125dea93bb9a55ca48d5d.webp,web-derivatives-v1/files/d364176a-dae4-069f-ebe5-1fcc2eb922ae.webp
CATV1-P177-R1L,9c0f592d-964d-cb8e-9bbe-2e1a29d56d71,78fb0749-d1c1-e5f1-2179-03bf0249d1b1,POLICY_APPROVED,cc0688aa1e9be6d51c2c7650a2d0d373e6e58a105f8d7b3afcd99c34d982efa0,8082,image/webp,345,176,lihen-product-web,products/9c0f592d-964d-cb8e-9bbe-2e1a29d56d71/78fb0749-d1c1-e5f1-2179-03bf0249d1b1/web/cc0688aa1e9be6d51c2c7650a2d0d373e6e58a105f8d7b3afcd99c34d982efa0.webp,web-derivatives-v1/files/78fb0749-d1c1-e5f1-2179-03bf0249d1b1.webp
CATV1-P177-R1R,d6456ca3-5284-4dd5-5718-0639c7e553be,932eb1bc-c449-2e35-6ee9-0818bc312da9,POLICY_APPROVED,caafb36c3dd109aa1be7d58f8454aad34b820ce77526eb366520f75908a669ce,5678,image/webp,345,176,lihen-product-web,products/d6456ca3-5284-4dd5-5718-0639c7e553be/932eb1bc-c449-2e35-6ee9-0818bc312da9/web/caafb36c3dd109aa1be7d58f8454aad34b820ce77526eb366520f75908a669ce.webp,web-derivatives-v1/files/932eb1bc-c449-2e35-6ee9-0818bc312da9.webp
CATV1-P177-R2L,345aebc5-3dd2-505d-7388-f1ee18ba3f4e,4d03168e-af59-7392-3695-ebbd65b1fd21,POLICY_APPROVED,58f445110cb77f95ca328ccadd0e7e00940ea864e1fe7f561dc0801f073094ae,3346,image/webp,345,176,lihen-product-web,products/345aebc5-3dd2-505d-7388-f1ee18ba3f4e/4d03168e-af59-7392-3695-ebbd65b1fd21/web/58f445110cb77f95ca328ccadd0e7e00940ea864e1fe7f561dc0801f073094ae.webp,web-derivatives-v1/files/4d03168e-af59-7392-3695-ebbd65b1fd21.webp
CATV1-P177-R2R,dc2f7f5e-d5a3-b992-4fc6-7d08e5e16f4d,571e8301-de00-dad9-365f-c71e01ddb4e5,POLICY_APPROVED,b33b0ff7ff0f468a86094edd7ff3fd26c2c9543093d549dd0dffe6a341e8b2b3,6096,image/webp,345,176,lihen-product-web,products/dc2f7f5e-d5a3-b992-4fc6-7d08e5e16f4d/571e8301-de00-dad9-365f-c71e01ddb4e5/web/b33b0ff7ff0f468a86094edd7ff3fd26c2c9543093d549dd0dffe6a341e8b2b3.webp,web-derivatives-v1/files/571e8301-de00-dad9-365f-c71e01ddb4e5.webp
CATV1-P177-R3L,7bacb55f-2554-751c-6337-5a01ba76c293,25ce3fb1-9cd9-e679-b125-c90732a5a3ae,POLICY_APPROVED,40654afa7732003e9ec5a38c55946ee4e30f181f8d4088086fe62740630274cf,3614,image/webp,345,176,lihen-product-web,products/7bacb55f-2554-751c-6337-5a01ba76c293/25ce3fb1-9cd9-e679-b125-c90732a5a3ae/web/40654afa7732003e9ec5a38c55946ee4e30f181f8d4088086fe62740630274cf.webp,web-derivatives-v1/files/25ce3fb1-9cd9-e679-b125-c90732a5a3ae.webp
CATV1-P177-R3R,f343dc05-f2b0-8cc1-a483-93616d2ed9cb,7faa4767-74db-f842-45e1-86aafbf9acd8,POLICY_APPROVED,ce784e86d12325b9a6374cdae53d8ea75f1844bb16830db45015a414c0237c69,2560,image/webp,345,176,lihen-product-web,products/f343dc05-f2b0-8cc1-a483-93616d2ed9cb/7faa4767-74db-f842-45e1-86aafbf9acd8/web/ce784e86d12325b9a6374cdae53d8ea75f1844bb16830db45015a414c0237c69.webp,web-derivatives-v1/files/7faa4767-74db-f842-45e1-86aafbf9acd8.webp
CATV1-P178-R1L,5c9a7cef-57ca-1928-29fe-c659dd48497b,33a7b410-404f-d509-afed-80e5e0a4ee2c,POLICY_APPROVED,f3b19c4e6ff3bb37802d45b6d3f5f1fb37ea9460fd98a9ada144b0cba7697b92,5858,image/webp,345,176,lihen-product-web,products/5c9a7cef-57ca-1928-29fe-c659dd48497b/33a7b410-404f-d509-afed-80e5e0a4ee2c/web/f3b19c4e6ff3bb37802d45b6d3f5f1fb37ea9460fd98a9ada144b0cba7697b92.webp,web-derivatives-v1/files/33a7b410-404f-d509-afed-80e5e0a4ee2c.webp
CATV1-P178-R1R,39c2dcb0-923c-1922-fdda-cdfcf8814028,1e76c9fe-f8ee-0fdd-3e3a-569ff8e314c7,POLICY_APPROVED,22438a908149a2b3833950cc35876f1433ad8620d8c0298cb59a1f86bfc1c373,7354,image/webp,345,176,lihen-product-web,products/39c2dcb0-923c-1922-fdda-cdfcf8814028/1e76c9fe-f8ee-0fdd-3e3a-569ff8e314c7/web/22438a908149a2b3833950cc35876f1433ad8620d8c0298cb59a1f86bfc1c373.webp,web-derivatives-v1/files/1e76c9fe-f8ee-0fdd-3e3a-569ff8e314c7.webp
CATV1-P178-R2L,104b514a-51a0-3e39-b774-3eb4fd0fd013,b97c8f24-492a-bf23-5a8e-756336ae5da4,POLICY_APPROVED,52014d2b487c1424752e4fbd0609ba71d449502a176a6dc616aee21743b88302,1646,image/webp,345,176,lihen-product-web,products/104b514a-51a0-3e39-b774-3eb4fd0fd013/b97c8f24-492a-bf23-5a8e-756336ae5da4/web/52014d2b487c1424752e4fbd0609ba71d449502a176a6dc616aee21743b88302.webp,web-derivatives-v1/files/b97c8f24-492a-bf23-5a8e-756336ae5da4.webp
CATV1-P178-R2R,03b7f665-7f8a-98ea-f330-6dfec1a147ed,00fb51b9-a998-988b-e539-203324839b92,POLICY_APPROVED,8105e1b00d7b65df67349e8e04465a42725e42d0faf10f47659728606194c77f,6286,image/webp,345,176,lihen-product-web,products/03b7f665-7f8a-98ea-f330-6dfec1a147ed/00fb51b9-a998-988b-e539-203324839b92/web/8105e1b00d7b65df67349e8e04465a42725e42d0faf10f47659728606194c77f.webp,web-derivatives-v1/files/00fb51b9-a998-988b-e539-203324839b92.webp
CATV1-P178-R3L,1b167a10-e981-301a-30e4-914853e1f370,87a9eb50-a6b8-1e3a-ac7c-9d502222ac12,POLICY_APPROVED,dc5bcd69f0a1db3c57016fd215a4ce5ede0af8c468d0662233a7f26dfce24691,4126,image/webp,345,176,lihen-product-web,products/1b167a10-e981-301a-30e4-914853e1f370/87a9eb50-a6b8-1e3a-ac7c-9d502222ac12/web/dc5bcd69f0a1db3c57016fd215a4ce5ede0af8c468d0662233a7f26dfce24691.webp,web-derivatives-v1/files/87a9eb50-a6b8-1e3a-ac7c-9d502222ac12.webp
CATV1-P178-R3R,f30b2823-7e1f-c9e5-1877-070cd114e1ee,636682f8-ad89-8afe-573d-acee4126c1c0,POLICY_APPROVED,29467c60f0b4a844273baf18d441b9ae75df999484a4e63705994a4ff70a9c31,5322,image/webp,345,176,lihen-product-web,products/f30b2823-7e1f-c9e5-1877-070cd114e1ee/636682f8-ad89-8afe-573d-acee4126c1c0/web/29467c60f0b4a844273baf18d441b9ae75df999484a4e63705994a4ff70a9c31.webp,web-derivatives-v1/files/636682f8-ad89-8afe-573d-acee4126c1c0.webp
CATV1-P179-R1L,4466703e-f8b3-47de-2306-376ad0aca3e5,efce0f11-595a-1a8d-e4d3-6b20b0c338f4,POLICY_APPROVED,0107ff5a6a160664b1d5170828e89a24b40a3e00af798022fcdd2f0f11bb0dbc,5010,image/webp,345,176,lihen-product-web,products/4466703e-f8b3-47de-2306-376ad0aca3e5/efce0f11-595a-1a8d-e4d3-6b20b0c338f4/web/0107ff5a6a160664b1d5170828e89a24b40a3e00af798022fcdd2f0f11bb0dbc.webp,web-derivatives-v1/files/efce0f11-595a-1a8d-e4d3-6b20b0c338f4.webp
CATV1-P179-R1R,56252f2b-3c36-f7d7-740a-dd217e970690,c107059c-7e82-3431-acd3-1524be0a6117,POLICY_APPROVED,a08670f77800cac56d3755e38dfb058a0d6a7f285f642b438f2e24f25ca620f4,3776,image/webp,345,176,lihen-product-web,products/56252f2b-3c36-f7d7-740a-dd217e970690/c107059c-7e82-3431-acd3-1524be0a6117/web/a08670f77800cac56d3755e38dfb058a0d6a7f285f642b438f2e24f25ca620f4.webp,web-derivatives-v1/files/c107059c-7e82-3431-acd3-1524be0a6117.webp
CATV1-P179-R2L,7a77866d-f7a1-c5ed-c15b-09e42e32d326,742f8336-4a8e-7628-7586-e049634a9a8f,POLICY_APPROVED,0524b5481cb1518777698aa93969e439b08ef22c3c99fe270d2164dd3bb46b99,7368,image/webp,345,176,lihen-product-web,products/7a77866d-f7a1-c5ed-c15b-09e42e32d326/742f8336-4a8e-7628-7586-e049634a9a8f/web/0524b5481cb1518777698aa93969e439b08ef22c3c99fe270d2164dd3bb46b99.webp,web-derivatives-v1/files/742f8336-4a8e-7628-7586-e049634a9a8f.webp
CATV1-P179-R2R,5305e774-64ff-1e62-134b-7cfdb36dafcb,c6f0badf-6797-74fc-b693-5d2de8a20e19,POLICY_APPROVED,3223743ed0028990edb0a38b4d4049814193350d5870f730aa7b581a2c451fbc,3218,image/webp,345,176,lihen-product-web,products/5305e774-64ff-1e62-134b-7cfdb36dafcb/c6f0badf-6797-74fc-b693-5d2de8a20e19/web/3223743ed0028990edb0a38b4d4049814193350d5870f730aa7b581a2c451fbc.webp,web-derivatives-v1/files/c6f0badf-6797-74fc-b693-5d2de8a20e19.webp
CATV1-P179-R3L,e645f19b-ec74-9e33-c045-efbc06b04cee,370791d9-9c17-a6f7-f6ba-dc43436a7961,POLICY_APPROVED,46d413acbd8199d0d9cc7d429978aefea03b7c47785c62a4afea4cd30af2b7c3,5368,image/webp,345,176,lihen-product-web,products/e645f19b-ec74-9e33-c045-efbc06b04cee/370791d9-9c17-a6f7-f6ba-dc43436a7961/web/46d413acbd8199d0d9cc7d429978aefea03b7c47785c62a4afea4cd30af2b7c3.webp,web-derivatives-v1/files/370791d9-9c17-a6f7-f6ba-dc43436a7961.webp
CATV1-P180-R1L,d5469432-a897-8e95-28b7-9188afc42db4,98f80b2c-252d-9473-2d9d-e7985aac5c54,POLICY_APPROVED,a3896796263c810e43eb904728e0ee1ceb83ad269206567047d89c54d460cb3d,2496,image/webp,345,176,lihen-product-web,products/d5469432-a897-8e95-28b7-9188afc42db4/98f80b2c-252d-9473-2d9d-e7985aac5c54/web/a3896796263c810e43eb904728e0ee1ceb83ad269206567047d89c54d460cb3d.webp,web-derivatives-v1/files/98f80b2c-252d-9473-2d9d-e7985aac5c54.webp
CATV1-P180-R1R,c6a20176-f2f1-9b8f-9f5f-171f2174f970,8207de46-c195-370e-49e2-14f0e1a72105,POLICY_APPROVED,71ce6040ed6688fe7d38d99f3c1ef96e19781495f0c9b71d237231fbd93a83ab,1788,image/webp,345,176,lihen-product-web,products/c6a20176-f2f1-9b8f-9f5f-171f2174f970/8207de46-c195-370e-49e2-14f0e1a72105/web/71ce6040ed6688fe7d38d99f3c1ef96e19781495f0c9b71d237231fbd93a83ab.webp,web-derivatives-v1/files/8207de46-c195-370e-49e2-14f0e1a72105.webp
CATV1-P180-R2R,fbc303dc-6048-1980-0b20-eb6f908adb1f,1f6b1e03-2a53-c156-9240-1efeab5e2a27,POLICY_APPROVED,3d7fdd8c411d2a39d29aeeb9fe20b159834609dfbecb2ab354a660eb7409c2e2,2756,image/webp,345,176,lihen-product-web,products/fbc303dc-6048-1980-0b20-eb6f908adb1f/1f6b1e03-2a53-c156-9240-1efeab5e2a27/web/3d7fdd8c411d2a39d29aeeb9fe20b159834609dfbecb2ab354a660eb7409c2e2.webp,web-derivatives-v1/files/1f6b1e03-2a53-c156-9240-1efeab5e2a27.webp
CATV1-P180-R3R,c814e3f2-e326-b176-7522-e27c5567174a,bb82209e-f68c-dd08-6791-6c960c0bf0b9,POLICY_APPROVED,5baecad17c740f75e5a5d1aa6bb4f8157e83c0efb6f2b7531ddd675895f43115,2774,image/webp,345,176,lihen-product-web,products/c814e3f2-e326-b176-7522-e27c5567174a/bb82209e-f68c-dd08-6791-6c960c0bf0b9/web/5baecad17c740f75e5a5d1aa6bb4f8157e83c0efb6f2b7531ddd675895f43115.webp,web-derivatives-v1/files/bb82209e-f68c-dd08-6791-6c960c0bf0b9.webp
CATV1-P181-R1R,39c5d5d7-fd79-f4a2-e66c-5fb8177ef760,c4f240f9-882e-8150-b48b-e3316297e706,POLICY_APPROVED,dcc1b5808e03b63a76f35beae65b20ce7b1fd7aa7b49ea6e540cdf40c9c9e79f,3568,image/webp,345,176,lihen-product-web,products/39c5d5d7-fd79-f4a2-e66c-5fb8177ef760/c4f240f9-882e-8150-b48b-e3316297e706/web/dcc1b5808e03b63a76f35beae65b20ce7b1fd7aa7b49ea6e540cdf40c9c9e79f.webp,web-derivatives-v1/files/c4f240f9-882e-8150-b48b-e3316297e706.webp
CATV1-P181-R2L,1a114ecb-c4e0-77a7-2f3b-77860e14e0fc,a5d43885-5250-724e-1e5d-2b4e2043f84e,HUMAN_APPROVED,329022720a3ca2935e579c83f516c30b59d0713462ae44d09e888b8cd3e4123f,2272,image/webp,345,176,lihen-product-web,products/1a114ecb-c4e0-77a7-2f3b-77860e14e0fc/a5d43885-5250-724e-1e5d-2b4e2043f84e/web/329022720a3ca2935e579c83f516c30b59d0713462ae44d09e888b8cd3e4123f.webp,web-derivatives-v1/files/a5d43885-5250-724e-1e5d-2b4e2043f84e.webp
CATV1-P181-R2R,193e09ae-6d5a-cd24-8e09-e62b4c15bcf6,cda48722-e566-3ac0-a67a-b136f2f31508,POLICY_APPROVED,532c9671986d5bac31e224ce1e64d35c22fd7724f4f60e21a65a25e5f0397936,1864,image/webp,345,176,lihen-product-web,products/193e09ae-6d5a-cd24-8e09-e62b4c15bcf6/cda48722-e566-3ac0-a67a-b136f2f31508/web/532c9671986d5bac31e224ce1e64d35c22fd7724f4f60e21a65a25e5f0397936.webp,web-derivatives-v1/files/cda48722-e566-3ac0-a67a-b136f2f31508.webp
CATV1-P181-R3L,b563ed59-111d-a4c4-3d23-e057ec61f4bf,0497e1e8-27f5-58dc-50c4-6c9bbf3b0a17,POLICY_APPROVED,da622720f665ce12cfa6e687754dcd4e131d1d175982514478b8af7fab89452d,6798,image/webp,345,176,lihen-product-web,products/b563ed59-111d-a4c4-3d23-e057ec61f4bf/0497e1e8-27f5-58dc-50c4-6c9bbf3b0a17/web/da622720f665ce12cfa6e687754dcd4e131d1d175982514478b8af7fab89452d.webp,web-derivatives-v1/files/0497e1e8-27f5-58dc-50c4-6c9bbf3b0a17.webp
CATV1-P181-R3R,7bd7f54e-355f-038c-10b8-34e0977d1af5,b42cf0ea-e0e6-9b4d-505b-efbda3a16491,HUMAN_APPROVED,8a65649a00b7bfe99b529525e421c60e52b144201e5990479d75b5af3bec228a,4584,image/webp,345,176,lihen-product-web,products/7bd7f54e-355f-038c-10b8-34e0977d1af5/b42cf0ea-e0e6-9b4d-505b-efbda3a16491/web/8a65649a00b7bfe99b529525e421c60e52b144201e5990479d75b5af3bec228a.webp,web-derivatives-v1/files/b42cf0ea-e0e6-9b4d-505b-efbda3a16491.webp
CATV1-P182-R1L,6dc31936-a788-a075-5b9f-f4d927548798,48a9c6aa-a847-a327-57e3-019be3ceba8e,POLICY_APPROVED,d153d708a0bae0352552437c760b8d254422ac1e1f257124223e724df43858a3,5354,image/webp,345,176,lihen-product-web,products/6dc31936-a788-a075-5b9f-f4d927548798/48a9c6aa-a847-a327-57e3-019be3ceba8e/web/d153d708a0bae0352552437c760b8d254422ac1e1f257124223e724df43858a3.webp,web-derivatives-v1/files/48a9c6aa-a847-a327-57e3-019be3ceba8e.webp
CATV1-P182-R1R,9dcabb2c-1c5f-9ec4-5934-a01b2d4ed592,90f66dd0-824f-b7b8-c512-852e9e020d07,POLICY_APPROVED,3a4453e37a1cd8a7a740497f94471b5528864ec7e4399219eb19f893e54e6724,5044,image/webp,345,176,lihen-product-web,products/9dcabb2c-1c5f-9ec4-5934-a01b2d4ed592/90f66dd0-824f-b7b8-c512-852e9e020d07/web/3a4453e37a1cd8a7a740497f94471b5528864ec7e4399219eb19f893e54e6724.webp,web-derivatives-v1/files/90f66dd0-824f-b7b8-c512-852e9e020d07.webp
CATV1-P182-R2R,74cbccb1-df94-95bf-5f66-5cfd41e7db05,dedaf32c-7920-fd7f-06a3-7c7c90f46e9b,POLICY_APPROVED,97c42f3196bbbe3d65e994a6bb90a21c18a96a545aa02e32a10325d410cece91,3332,image/webp,345,176,lihen-product-web,products/74cbccb1-df94-95bf-5f66-5cfd41e7db05/dedaf32c-7920-fd7f-06a3-7c7c90f46e9b/web/97c42f3196bbbe3d65e994a6bb90a21c18a96a545aa02e32a10325d410cece91.webp,web-derivatives-v1/files/dedaf32c-7920-fd7f-06a3-7c7c90f46e9b.webp
CATV1-P182-R3L,e92ff08a-ab15-582e-8202-170fc61da96a,e96f2029-33b1-6a14-620c-1fef834180b6,POLICY_APPROVED,5c9a0dc39d4cb8622fca6730d57357a24f99311db9a6f91477189c6c5a05bea3,5400,image/webp,345,176,lihen-product-web,products/e92ff08a-ab15-582e-8202-170fc61da96a/e96f2029-33b1-6a14-620c-1fef834180b6/web/5c9a0dc39d4cb8622fca6730d57357a24f99311db9a6f91477189c6c5a05bea3.webp,web-derivatives-v1/files/e96f2029-33b1-6a14-620c-1fef834180b6.webp
CATV1-P183-R1L,472efecd-9511-6787-d4ba-fc51b75274ed,dbd97e6e-217b-768f-7131-74868f4d90a3,POLICY_APPROVED,26bf62bac0ef42b136450ec8b72035b60d059f421011ccfb588310c5888da028,3920,image/webp,345,176,lihen-product-web,products/472efecd-9511-6787-d4ba-fc51b75274ed/dbd97e6e-217b-768f-7131-74868f4d90a3/web/26bf62bac0ef42b136450ec8b72035b60d059f421011ccfb588310c5888da028.webp,web-derivatives-v1/files/dbd97e6e-217b-768f-7131-74868f4d90a3.webp
CATV1-P183-R1R,5584f987-226d-54db-18f7-7fdc940b4fca,9f07ec58-dff3-30d2-909f-6f0cde67797f,POLICY_APPROVED,237df9b73b1b7b753f559db464bee570eb93c8eb2d0219e84073e8be6b6f942a,5394,image/webp,345,176,lihen-product-web,products/5584f987-226d-54db-18f7-7fdc940b4fca/9f07ec58-dff3-30d2-909f-6f0cde67797f/web/237df9b73b1b7b753f559db464bee570eb93c8eb2d0219e84073e8be6b6f942a.webp,web-derivatives-v1/files/9f07ec58-dff3-30d2-909f-6f0cde67797f.webp
CATV1-P183-R2L,19ca0c71-b397-8e98-fddf-7dad8bfea081,6f7ef488-4059-b93c-59c6-e4d7e6c32f34,POLICY_APPROVED,708ff315c2a9a334012b2434d3bc92791248dab3232b9befd9a7d1d5e7d631f8,3082,image/webp,345,176,lihen-product-web,products/19ca0c71-b397-8e98-fddf-7dad8bfea081/6f7ef488-4059-b93c-59c6-e4d7e6c32f34/web/708ff315c2a9a334012b2434d3bc92791248dab3232b9befd9a7d1d5e7d631f8.webp,web-derivatives-v1/files/6f7ef488-4059-b93c-59c6-e4d7e6c32f34.webp
CATV1-P183-R2R,c43de569-d278-d4ba-2797-441a9f1d6aea,b7217e1f-03ca-f6d1-8ef0-e664172a9fb8,POLICY_APPROVED,dca3f6be4816ea3ad2c24ccb4698430791b0adf0f304431a7132e8544f183330,2948,image/webp,345,176,lihen-product-web,products/c43de569-d278-d4ba-2797-441a9f1d6aea/b7217e1f-03ca-f6d1-8ef0-e664172a9fb8/web/dca3f6be4816ea3ad2c24ccb4698430791b0adf0f304431a7132e8544f183330.webp,web-derivatives-v1/files/b7217e1f-03ca-f6d1-8ef0-e664172a9fb8.webp
CATV1-P183-R3L,ab0adfc8-b4d3-590d-00fa-9a72a011d646,4038a67e-29be-df1b-f1a1-c920a52bee4f,POLICY_APPROVED,f5e5d2d81019f3b340d777680135d8d400ac33a5cd96eb303d657d6b3a9e361e,4676,image/webp,345,176,lihen-product-web,products/ab0adfc8-b4d3-590d-00fa-9a72a011d646/4038a67e-29be-df1b-f1a1-c920a52bee4f/web/f5e5d2d81019f3b340d777680135d8d400ac33a5cd96eb303d657d6b3a9e361e.webp,web-derivatives-v1/files/4038a67e-29be-df1b-f1a1-c920a52bee4f.webp
CATV1-P183-R3R,a0fcb639-0bea-d62d-36f4-f0603917883d,ab729598-4969-d70c-5ef4-89d0b5f0f29d,POLICY_APPROVED,310a2664c638a835ca9169ef044165e928b1bc57b88195122f84f9f59e694ad3,4418,image/webp,345,176,lihen-product-web,products/a0fcb639-0bea-d62d-36f4-f0603917883d/ab729598-4969-d70c-5ef4-89d0b5f0f29d/web/310a2664c638a835ca9169ef044165e928b1bc57b88195122f84f9f59e694ad3.webp,web-derivatives-v1/files/ab729598-4969-d70c-5ef4-89d0b5f0f29d.webp
CATV1-P184-R1L,e2f69f0b-2264-4a9a-92cf-27a08f289659,f4bad953-2916-69da-2672-12102af3724a,POLICY_APPROVED,7dc84b438de4395abafdace1ba4aff10655395a71d0386321cd0c1c93942cc42,6106,image/webp,345,176,lihen-product-web,products/e2f69f0b-2264-4a9a-92cf-27a08f289659/f4bad953-2916-69da-2672-12102af3724a/web/7dc84b438de4395abafdace1ba4aff10655395a71d0386321cd0c1c93942cc42.webp,web-derivatives-v1/files/f4bad953-2916-69da-2672-12102af3724a.webp
CATV1-P184-R1R,7d36cef5-1149-21c7-7c16-a794760a2bd9,23218869-f120-8076-9c92-d34107e1c849,POLICY_APPROVED,b7c2881896bc9da9cbf4643536b8c0c442d58f53afa85b4445d2271f1dd2c368,2520,image/webp,345,176,lihen-product-web,products/7d36cef5-1149-21c7-7c16-a794760a2bd9/23218869-f120-8076-9c92-d34107e1c849/web/b7c2881896bc9da9cbf4643536b8c0c442d58f53afa85b4445d2271f1dd2c368.webp,web-derivatives-v1/files/23218869-f120-8076-9c92-d34107e1c849.webp
CATV1-P184-R2L,e7710858-ea21-e34f-98f2-8ecc6bfcf9dd,0cbc0d10-fb60-d466-9ddb-3311728d93e2,POLICY_APPROVED,e83a89868e3d9df537f24572c790e1bf05f0998baf0ad43e9d4a8173fb8c3dfd,4582,image/webp,345,176,lihen-product-web,products/e7710858-ea21-e34f-98f2-8ecc6bfcf9dd/0cbc0d10-fb60-d466-9ddb-3311728d93e2/web/e83a89868e3d9df537f24572c790e1bf05f0998baf0ad43e9d4a8173fb8c3dfd.webp,web-derivatives-v1/files/0cbc0d10-fb60-d466-9ddb-3311728d93e2.webp
CATV1-P184-R2R,756b04ac-d324-24f3-9c1f-97cfb0f6e421,47a08836-87c3-3726-d617-c99ca1420fb6,POLICY_APPROVED,4b08dd1771bedeaf9eee56b1f6eda83b52a89db7702f641f9c750479bb887bc1,4856,image/webp,345,176,lihen-product-web,products/756b04ac-d324-24f3-9c1f-97cfb0f6e421/47a08836-87c3-3726-d617-c99ca1420fb6/web/4b08dd1771bedeaf9eee56b1f6eda83b52a89db7702f641f9c750479bb887bc1.webp,web-derivatives-v1/files/47a08836-87c3-3726-d617-c99ca1420fb6.webp
CATV1-P184-R3L,8052f69d-05e5-901c-df6d-c218ca648c5e,ac2f1194-27a9-7de8-027d-1f8b850fc616,POLICY_APPROVED,4083acbea3b1a41ea04c5b76d6fdf91fb07d936100d4a8fea8b9cfe60bb2fe50,2150,image/webp,345,176,lihen-product-web,products/8052f69d-05e5-901c-df6d-c218ca648c5e/ac2f1194-27a9-7de8-027d-1f8b850fc616/web/4083acbea3b1a41ea04c5b76d6fdf91fb07d936100d4a8fea8b9cfe60bb2fe50.webp,web-derivatives-v1/files/ac2f1194-27a9-7de8-027d-1f8b850fc616.webp
CATV1-P184-R3R,9962db09-3bc8-4afe-d8cc-ca3854d70d77,32323a59-cbdb-2375-d3f1-c92c631ffdfc,POLICY_APPROVED,cfe5d15ee8fbd5dd301c953577468bd58923fc56c469471996a2ca03fc6f306c,2308,image/webp,345,176,lihen-product-web,products/9962db09-3bc8-4afe-d8cc-ca3854d70d77/32323a59-cbdb-2375-d3f1-c92c631ffdfc/web/cfe5d15ee8fbd5dd301c953577468bd58923fc56c469471996a2ca03fc6f306c.webp,web-derivatives-v1/files/32323a59-cbdb-2375-d3f1-c92c631ffdfc.webp
CATV1-P185-R1L,0e862bae-3a2f-9896-fde1-8a27136c400f,1ad6a7a2-c1f6-56d5-2c13-d134cb25d559,POLICY_APPROVED,6b7f397868e73acf18670f31195112dd5b017227ecff5fd8d306ea82e08441d1,5038,image/webp,345,176,lihen-product-web,products/0e862bae-3a2f-9896-fde1-8a27136c400f/1ad6a7a2-c1f6-56d5-2c13-d134cb25d559/web/6b7f397868e73acf18670f31195112dd5b017227ecff5fd8d306ea82e08441d1.webp,web-derivatives-v1/files/1ad6a7a2-c1f6-56d5-2c13-d134cb25d559.webp
CATV1-P185-R1R,de41b2b0-40e2-f003-fcf8-0b310af3eea2,ee250d39-0ac4-a18e-4537-ee57de5e1042,POLICY_APPROVED,5198ab3be626b607834b92d5686e4ceef95fb9fff51d1b43a2c68f423af45ea0,2358,image/webp,345,176,lihen-product-web,products/de41b2b0-40e2-f003-fcf8-0b310af3eea2/ee250d39-0ac4-a18e-4537-ee57de5e1042/web/5198ab3be626b607834b92d5686e4ceef95fb9fff51d1b43a2c68f423af45ea0.webp,web-derivatives-v1/files/ee250d39-0ac4-a18e-4537-ee57de5e1042.webp
CATV1-P185-R2L,563cd5fe-62c1-504f-053c-3c12bf231584,e1637ee8-e4ea-2220-e647-0c4b0eda19be,POLICY_APPROVED,f522b8651a852ab7a5dc64644e5ed9009ff9aa895e2a27ff494e1f7bd04b1b38,1318,image/webp,345,176,lihen-product-web,products/563cd5fe-62c1-504f-053c-3c12bf231584/e1637ee8-e4ea-2220-e647-0c4b0eda19be/web/f522b8651a852ab7a5dc64644e5ed9009ff9aa895e2a27ff494e1f7bd04b1b38.webp,web-derivatives-v1/files/e1637ee8-e4ea-2220-e647-0c4b0eda19be.webp
CATV1-P185-R2R,a8b95076-10e7-abfa-dcfb-1ee8eae86d70,d251f86b-a9f3-ce96-fbf0-4a8c89dd6a8b,POLICY_APPROVED,dab67a8fcf2f9bab88e5443436b7d94aa9225b87e567f1b166754b436fa1efe6,2184,image/webp,345,176,lihen-product-web,products/a8b95076-10e7-abfa-dcfb-1ee8eae86d70/d251f86b-a9f3-ce96-fbf0-4a8c89dd6a8b/web/dab67a8fcf2f9bab88e5443436b7d94aa9225b87e567f1b166754b436fa1efe6.webp,web-derivatives-v1/files/d251f86b-a9f3-ce96-fbf0-4a8c89dd6a8b.webp
CATV1-P185-R3L,02d3ddb5-3832-af68-096c-aca5d869251b,13d8389a-64d6-b41e-be2c-4640833118de,POLICY_APPROVED,b2d6cd837e453f93195102b1888a81719ea02f1abd84eec7fb7551ad5b5eb4a9,2206,image/webp,345,176,lihen-product-web,products/02d3ddb5-3832-af68-096c-aca5d869251b/13d8389a-64d6-b41e-be2c-4640833118de/web/b2d6cd837e453f93195102b1888a81719ea02f1abd84eec7fb7551ad5b5eb4a9.webp,web-derivatives-v1/files/13d8389a-64d6-b41e-be2c-4640833118de.webp
CATV1-P185-R3R,ba59798a-8870-9886-c1fd-58c6c88fef68,5232c67d-029e-a2e1-7161-b8b232c82761,POLICY_APPROVED,8db756f7b18fcffb1dd13138504176c2457938ceeca7c32437716ab7c9beb46c,1922,image/webp,345,176,lihen-product-web,products/ba59798a-8870-9886-c1fd-58c6c88fef68/5232c67d-029e-a2e1-7161-b8b232c82761/web/8db756f7b18fcffb1dd13138504176c2457938ceeca7c32437716ab7c9beb46c.webp,web-derivatives-v1/files/5232c67d-029e-a2e1-7161-b8b232c82761.webp
CATV1-P186-R1L,ce478a59-e1bb-8624-5eb6-dcb89f034a1d,5553ecb5-215b-5040-0027-47cf38295899,POLICY_APPROVED,e8a19cd7d38ee483551cce0d1a1919152149df49cc4630b5784154872ce8202a,1194,image/webp,345,176,lihen-product-web,products/ce478a59-e1bb-8624-5eb6-dcb89f034a1d/5553ecb5-215b-5040-0027-47cf38295899/web/e8a19cd7d38ee483551cce0d1a1919152149df49cc4630b5784154872ce8202a.webp,web-derivatives-v1/files/5553ecb5-215b-5040-0027-47cf38295899.webp
CATV1-P186-R1R,10c95e5b-7129-d3ec-f996-6ff4f2e69cd2,12310b47-2db9-7cb6-1b8c-56b092a0a1c8,POLICY_APPROVED,a116deb65eee53b31740fd86a7884556a0919ff577289d945b614e372c80bbfa,1172,image/webp,345,176,lihen-product-web,products/10c95e5b-7129-d3ec-f996-6ff4f2e69cd2/12310b47-2db9-7cb6-1b8c-56b092a0a1c8/web/a116deb65eee53b31740fd86a7884556a0919ff577289d945b614e372c80bbfa.webp,web-derivatives-v1/files/12310b47-2db9-7cb6-1b8c-56b092a0a1c8.webp
CATV1-P186-R2L,34251a4b-c101-18c6-ff12-35678af8cb2c,e953808e-5cd5-a163-49a9-b9ea60a8ca51,POLICY_APPROVED,ad1c5c964aa929065c25c33b1a4e590b24760a7742b10ab0f1880ed07bb3ae9c,2466,image/webp,345,176,lihen-product-web,products/34251a4b-c101-18c6-ff12-35678af8cb2c/e953808e-5cd5-a163-49a9-b9ea60a8ca51/web/ad1c5c964aa929065c25c33b1a4e590b24760a7742b10ab0f1880ed07bb3ae9c.webp,web-derivatives-v1/files/e953808e-5cd5-a163-49a9-b9ea60a8ca51.webp
CATV1-P186-R2R,9445fbfd-53c4-3751-712d-824732072f1f,c3b3cd5e-43ea-d131-067b-b46ff45c74f0,POLICY_APPROVED,af306b9274a5b686b724e71f0b92007662b05996226a6fb420026b99bb49495c,1768,image/webp,345,176,lihen-product-web,products/9445fbfd-53c4-3751-712d-824732072f1f/c3b3cd5e-43ea-d131-067b-b46ff45c74f0/web/af306b9274a5b686b724e71f0b92007662b05996226a6fb420026b99bb49495c.webp,web-derivatives-v1/files/c3b3cd5e-43ea-d131-067b-b46ff45c74f0.webp
CATV1-P186-R3L,ff564a00-718e-01e0-021f-5b26d05519ac,dcd59b22-a92d-d855-c214-e61b5c882ada,POLICY_APPROVED,bc522e561a70f6cc63f937b506673caa39af41051d200a07454666f2275764fe,2636,image/webp,345,176,lihen-product-web,products/ff564a00-718e-01e0-021f-5b26d05519ac/dcd59b22-a92d-d855-c214-e61b5c882ada/web/bc522e561a70f6cc63f937b506673caa39af41051d200a07454666f2275764fe.webp,web-derivatives-v1/files/dcd59b22-a92d-d855-c214-e61b5c882ada.webp
CATV1-P186-R3R,df37993f-450c-8792-7498-96596064930c,3970a247-6562-e950-d5b2-204f6a826171,POLICY_APPROVED,b5ef6084dfdbbcf5529a3d969b791bbf43979d5ba4abe429357cc177fc1403cd,2064,image/webp,345,176,lihen-product-web,products/df37993f-450c-8792-7498-96596064930c/3970a247-6562-e950-d5b2-204f6a826171/web/b5ef6084dfdbbcf5529a3d969b791bbf43979d5ba4abe429357cc177fc1403cd.webp,web-derivatives-v1/files/3970a247-6562-e950-d5b2-204f6a826171.webp
CATV1-P187-R1L,184ceb3d-4443-7a3d-2f4e-6c5b4936c0d3,7991ca71-acb1-a18c-b6c8-57bfd025002d,POLICY_APPROVED,533d9ba13435877e3d50dc7b67eab03339f628e25623a860257f3f6d1c2d8a5c,1970,image/webp,345,176,lihen-product-web,products/184ceb3d-4443-7a3d-2f4e-6c5b4936c0d3/7991ca71-acb1-a18c-b6c8-57bfd025002d/web/533d9ba13435877e3d50dc7b67eab03339f628e25623a860257f3f6d1c2d8a5c.webp,web-derivatives-v1/files/7991ca71-acb1-a18c-b6c8-57bfd025002d.webp
CATV1-P187-R2L,c0307674-6ee0-270a-49f1-0385688bcae9,4bd42d93-32fb-c0a9-e465-f88717385686,POLICY_APPROVED,b07936c7798b3bd1b7aa03f53bdfdb96db9cdc059887800139bbb7b2d4566323,1732,image/webp,345,176,lihen-product-web,products/c0307674-6ee0-270a-49f1-0385688bcae9/4bd42d93-32fb-c0a9-e465-f88717385686/web/b07936c7798b3bd1b7aa03f53bdfdb96db9cdc059887800139bbb7b2d4566323.webp,web-derivatives-v1/files/4bd42d93-32fb-c0a9-e465-f88717385686.webp
CATV1-P187-R2R,1c8535dc-571b-a193-294b-e3e6aefcbe10,43ec078f-30ec-1bd2-3c03-9c2bf72652aa,POLICY_APPROVED,a0506ffa5096d353dcaa1657494bd20a4da944828cb620834e9ec34206830438,2480,image/webp,345,176,lihen-product-web,products/1c8535dc-571b-a193-294b-e3e6aefcbe10/43ec078f-30ec-1bd2-3c03-9c2bf72652aa/web/a0506ffa5096d353dcaa1657494bd20a4da944828cb620834e9ec34206830438.webp,web-derivatives-v1/files/43ec078f-30ec-1bd2-3c03-9c2bf72652aa.webp
CATV1-P187-R3L,c51d0480-f280-eec0-fed0-4586f2f66fd5,ef913bc0-5dbf-19bf-01e1-be22af6920f0,POLICY_APPROVED,03b8acf32243b3e39fbbbc0db29b95257763d65d7228cc30103652ebe1ab9863,3218,image/webp,345,176,lihen-product-web,products/c51d0480-f280-eec0-fed0-4586f2f66fd5/ef913bc0-5dbf-19bf-01e1-be22af6920f0/web/03b8acf32243b3e39fbbbc0db29b95257763d65d7228cc30103652ebe1ab9863.webp,web-derivatives-v1/files/ef913bc0-5dbf-19bf-01e1-be22af6920f0.webp
CATV1-P187-R3R,68b94781-81a8-3117-d63d-ac53a88da618,3ac9c59c-548a-0725-63bf-69a1d4a94a5d,POLICY_APPROVED,eea12e987091af9237a69ebdd353ea4c1eae6a4d89dd7a7e4eb45fdd5a479bfc,1618,image/webp,345,176,lihen-product-web,products/68b94781-81a8-3117-d63d-ac53a88da618/3ac9c59c-548a-0725-63bf-69a1d4a94a5d/web/eea12e987091af9237a69ebdd353ea4c1eae6a4d89dd7a7e4eb45fdd5a479bfc.webp,web-derivatives-v1/files/3ac9c59c-548a-0725-63bf-69a1d4a94a5d.webp
CATV1-P188-R1L,cb74d140-8f1c-1867-d4d8-52bd4e6d5ac3,f68bdc64-6cbe-25b6-402a-45f47629eee0,POLICY_APPROVED,d563abd9e9ea62e9ee243c3e17536443ea350f622bf40403a86f5d55f62eb1ae,4178,image/webp,345,176,lihen-product-web,products/cb74d140-8f1c-1867-d4d8-52bd4e6d5ac3/f68bdc64-6cbe-25b6-402a-45f47629eee0/web/d563abd9e9ea62e9ee243c3e17536443ea350f622bf40403a86f5d55f62eb1ae.webp,web-derivatives-v1/files/f68bdc64-6cbe-25b6-402a-45f47629eee0.webp
CATV1-P188-R1R,6d77e7cb-cb1e-2c0f-0514-2be077a5fdcf,157455c3-9308-20ea-acb5-9f91a8244074,POLICY_APPROVED,d76adc64b187fa5b999c6251f479066f8b2222ef848680c37d5b09d86966afac,3442,image/webp,345,176,lihen-product-web,products/6d77e7cb-cb1e-2c0f-0514-2be077a5fdcf/157455c3-9308-20ea-acb5-9f91a8244074/web/d76adc64b187fa5b999c6251f479066f8b2222ef848680c37d5b09d86966afac.webp,web-derivatives-v1/files/157455c3-9308-20ea-acb5-9f91a8244074.webp
CATV1-P188-R2L,73ae689d-3b1c-26e1-1c00-7710394005d1,263fea50-b46a-b3de-fbf9-cb8b829cb94c,POLICY_APPROVED,83239deb8d486434409abe100e3c5ac2628d63950cb24ba3113f7c01b0e93722,2122,image/webp,345,176,lihen-product-web,products/73ae689d-3b1c-26e1-1c00-7710394005d1/263fea50-b46a-b3de-fbf9-cb8b829cb94c/web/83239deb8d486434409abe100e3c5ac2628d63950cb24ba3113f7c01b0e93722.webp,web-derivatives-v1/files/263fea50-b46a-b3de-fbf9-cb8b829cb94c.webp
CATV1-P188-R2R,20e79ae4-0ede-58c0-8bba-770d85d9371b,77da83f7-cfe0-796e-22cb-e0fedb820059,POLICY_APPROVED,941925c2be1353ea839240a97c2222ee296d96567c9037f9f11431af416e9646,2872,image/webp,345,176,lihen-product-web,products/20e79ae4-0ede-58c0-8bba-770d85d9371b/77da83f7-cfe0-796e-22cb-e0fedb820059/web/941925c2be1353ea839240a97c2222ee296d96567c9037f9f11431af416e9646.webp,web-derivatives-v1/files/77da83f7-cfe0-796e-22cb-e0fedb820059.webp
CATV1-P188-R3L,a947fe23-2c87-d653-3829-cf8e2a5ff729,7e7527d2-214b-07e6-fb3b-675e3cfa0433,POLICY_APPROVED,1df6ce40d108cf98f87c5a98991a767537ebeba97e52c0b59dc0eaa4197091c3,1614,image/webp,345,176,lihen-product-web,products/a947fe23-2c87-d653-3829-cf8e2a5ff729/7e7527d2-214b-07e6-fb3b-675e3cfa0433/web/1df6ce40d108cf98f87c5a98991a767537ebeba97e52c0b59dc0eaa4197091c3.webp,web-derivatives-v1/files/7e7527d2-214b-07e6-fb3b-675e3cfa0433.webp
CATV1-P188-R3R,536a46cc-da2c-d25a-d53c-775faa9a4e48,029d4a1d-f045-3612-79d3-7d2f972825c1,POLICY_APPROVED,e7bb3aa9ba6d5ad90fb4d13707cd0b99e636bb07493fd009412f9d6eafb5c916,3200,image/webp,345,176,lihen-product-web,products/536a46cc-da2c-d25a-d53c-775faa9a4e48/029d4a1d-f045-3612-79d3-7d2f972825c1/web/e7bb3aa9ba6d5ad90fb4d13707cd0b99e636bb07493fd009412f9d6eafb5c916.webp,web-derivatives-v1/files/029d4a1d-f045-3612-79d3-7d2f972825c1.webp
CATV1-P189-R1L,453038e7-df5f-a2a9-10d3-e85aafeb5b3d,8af75657-ba41-bb60-e7fe-c67b8f287e5a,POLICY_APPROVED,bc3e9dbba7e00395253b3af9068c1cf2c96cae547b9a4d4f7a7425f894cbaadf,1718,image/webp,345,176,lihen-product-web,products/453038e7-df5f-a2a9-10d3-e85aafeb5b3d/8af75657-ba41-bb60-e7fe-c67b8f287e5a/web/bc3e9dbba7e00395253b3af9068c1cf2c96cae547b9a4d4f7a7425f894cbaadf.webp,web-derivatives-v1/files/8af75657-ba41-bb60-e7fe-c67b8f287e5a.webp
CATV1-P189-R1R,c77de823-f71c-91c9-af9b-4119390bbe8b,715ac460-0027-d527-d725-ed5a081ce0c6,POLICY_APPROVED,fc29652193e5118102ff5997932d4728a249fb2c44d3dd8e93dea5c716fa879f,1834,image/webp,345,176,lihen-product-web,products/c77de823-f71c-91c9-af9b-4119390bbe8b/715ac460-0027-d527-d725-ed5a081ce0c6/web/fc29652193e5118102ff5997932d4728a249fb2c44d3dd8e93dea5c716fa879f.webp,web-derivatives-v1/files/715ac460-0027-d527-d725-ed5a081ce0c6.webp
CATV1-P189-R2L,796c9d95-ad97-85fb-71da-7a8a381bcd9c,6b696b86-e230-362e-55e5-636a3fd36db6,POLICY_APPROVED,4d49656a4d6fdc866f909d6cd7c68288098229321a044edfdc3c889d27493b2d,1648,image/webp,345,176,lihen-product-web,products/796c9d95-ad97-85fb-71da-7a8a381bcd9c/6b696b86-e230-362e-55e5-636a3fd36db6/web/4d49656a4d6fdc866f909d6cd7c68288098229321a044edfdc3c889d27493b2d.webp,web-derivatives-v1/files/6b696b86-e230-362e-55e5-636a3fd36db6.webp
CATV1-P189-R2R,43b622e5-097d-aeb3-f53c-19f6beca7e82,5c53ddba-2507-e246-3285-8399074c3ce8,POLICY_APPROVED,659e6d0de617a236763649283858d9f1b9a7404cc8979b8c4fa92677d2201f95,1096,image/webp,345,176,lihen-product-web,products/43b622e5-097d-aeb3-f53c-19f6beca7e82/5c53ddba-2507-e246-3285-8399074c3ce8/web/659e6d0de617a236763649283858d9f1b9a7404cc8979b8c4fa92677d2201f95.webp,web-derivatives-v1/files/5c53ddba-2507-e246-3285-8399074c3ce8.webp
CATV1-P189-R3L,8de8cabd-af67-7eb5-be36-60527c2d96bd,a7faa6a2-d6e8-dae0-cdbe-610726f2c4ba,POLICY_APPROVED,c2f51651a24d8b53e3380504434e1b0eef9b7c16b4e0f0f2c4899d3424d90593,1870,image/webp,345,176,lihen-product-web,products/8de8cabd-af67-7eb5-be36-60527c2d96bd/a7faa6a2-d6e8-dae0-cdbe-610726f2c4ba/web/c2f51651a24d8b53e3380504434e1b0eef9b7c16b4e0f0f2c4899d3424d90593.webp,web-derivatives-v1/files/a7faa6a2-d6e8-dae0-cdbe-610726f2c4ba.webp
CATV1-P189-R3R,547b6a77-5b57-59de-f49b-327e97c86b6e,b4b8f65f-8a26-a036-9793-6f8c0c716e3d,POLICY_APPROVED,3970c954df20d813e0206f7c150dc59e872edeec3019d4cf5ad3c7c8698c32e8,1814,image/webp,345,176,lihen-product-web,products/547b6a77-5b57-59de-f49b-327e97c86b6e/b4b8f65f-8a26-a036-9793-6f8c0c716e3d/web/3970c954df20d813e0206f7c150dc59e872edeec3019d4cf5ad3c7c8698c32e8.webp,web-derivatives-v1/files/b4b8f65f-8a26-a036-9793-6f8c0c716e3d.webp
CATV1-P190-R1L,81883d04-2fd5-442a-0739-a7e6ee908832,4d35501e-02a2-78e0-6a1a-7962809e2881,POLICY_APPROVED,c1a351baf435d761cfc0cf9220d5364ecd6506bfc39bf8438488282d67d2218e,1610,image/webp,345,176,lihen-product-web,products/81883d04-2fd5-442a-0739-a7e6ee908832/4d35501e-02a2-78e0-6a1a-7962809e2881/web/c1a351baf435d761cfc0cf9220d5364ecd6506bfc39bf8438488282d67d2218e.webp,web-derivatives-v1/files/4d35501e-02a2-78e0-6a1a-7962809e2881.webp
CATV1-P190-R1R,98b1381a-e394-359b-ee16-b44fd7523a04,f8c631a1-e4aa-9df1-36eb-8694798802d6,POLICY_APPROVED,8722abe396d50fec674983cf12feb9135825f6b38074274aa01d6e1ed1f49089,1552,image/webp,345,176,lihen-product-web,products/98b1381a-e394-359b-ee16-b44fd7523a04/f8c631a1-e4aa-9df1-36eb-8694798802d6/web/8722abe396d50fec674983cf12feb9135825f6b38074274aa01d6e1ed1f49089.webp,web-derivatives-v1/files/f8c631a1-e4aa-9df1-36eb-8694798802d6.webp
CATV1-P190-R2L,4f4bee14-0508-e9cf-0b72-ace7b24d971e,17d20325-9677-aee3-dcac-d9f1949d686f,POLICY_APPROVED,88c6568f9cc0882439280d0f30f1641a7cea366ef0fe9ad973b132fccf2d2b09,1972,image/webp,345,176,lihen-product-web,products/4f4bee14-0508-e9cf-0b72-ace7b24d971e/17d20325-9677-aee3-dcac-d9f1949d686f/web/88c6568f9cc0882439280d0f30f1641a7cea366ef0fe9ad973b132fccf2d2b09.webp,web-derivatives-v1/files/17d20325-9677-aee3-dcac-d9f1949d686f.webp
CATV1-P190-R2R,dc1ef5a6-239d-86d8-9ee7-bcab989b8788,3d7f066b-42a7-b70e-3b4d-ba63cd10afa3,POLICY_APPROVED,cf310bb13e2906106515d44487d5a4ae7858c39dcecff196801a647778fece38,1924,image/webp,345,176,lihen-product-web,products/dc1ef5a6-239d-86d8-9ee7-bcab989b8788/3d7f066b-42a7-b70e-3b4d-ba63cd10afa3/web/cf310bb13e2906106515d44487d5a4ae7858c39dcecff196801a647778fece38.webp,web-derivatives-v1/files/3d7f066b-42a7-b70e-3b4d-ba63cd10afa3.webp
CATV1-P190-R3L,199ab451-d377-2ea5-b2d7-79c16a2e6af1,f57542a8-e8d5-2aaf-08eb-5d06adf80d32,POLICY_APPROVED,3b11ca57c4a60e5e1450c744e5c0ec7212e604cf76b11676ffd2cf38eabf0570,2438,image/webp,345,176,lihen-product-web,products/199ab451-d377-2ea5-b2d7-79c16a2e6af1/f57542a8-e8d5-2aaf-08eb-5d06adf80d32/web/3b11ca57c4a60e5e1450c744e5c0ec7212e604cf76b11676ffd2cf38eabf0570.webp,web-derivatives-v1/files/f57542a8-e8d5-2aaf-08eb-5d06adf80d32.webp
CATV1-P190-R3R,82170bf6-a2fe-5657-56a5-3f35b4db2d3b,873dcf68-98ce-6ad7-e819-9f05e8076995,POLICY_APPROVED,60b9c5991ab750246f2e79c7687e74e3e4d769e2243fafc4422e210499b3e27f,2362,image/webp,345,176,lihen-product-web,products/82170bf6-a2fe-5657-56a5-3f35b4db2d3b/873dcf68-98ce-6ad7-e819-9f05e8076995/web/60b9c5991ab750246f2e79c7687e74e3e4d769e2243fafc4422e210499b3e27f.webp,web-derivatives-v1/files/873dcf68-98ce-6ad7-e819-9f05e8076995.webp
CATV1-P191-R1L,5b3b98e1-eb9b-6462-ed1a-7a089c333f16,0a34fbcf-ebcc-3461-ae3b-939a4fb53832,POLICY_APPROVED,6e934a79819998a4375c6918c66db19d167006bd7f0e47c111f8243f47787e86,2416,image/webp,345,176,lihen-product-web,products/5b3b98e1-eb9b-6462-ed1a-7a089c333f16/0a34fbcf-ebcc-3461-ae3b-939a4fb53832/web/6e934a79819998a4375c6918c66db19d167006bd7f0e47c111f8243f47787e86.webp,web-derivatives-v1/files/0a34fbcf-ebcc-3461-ae3b-939a4fb53832.webp
CATV1-P191-R1R,83c7ce67-2bbe-b86c-6aa8-9336408d8e35,4b59568d-712f-df18-3190-775406ab050c,POLICY_APPROVED,91c54a5ee8da1fe32d0de51e0bda8f89d8b32f22d78f2bf0a93be399af50bbc6,1898,image/webp,345,176,lihen-product-web,products/83c7ce67-2bbe-b86c-6aa8-9336408d8e35/4b59568d-712f-df18-3190-775406ab050c/web/91c54a5ee8da1fe32d0de51e0bda8f89d8b32f22d78f2bf0a93be399af50bbc6.webp,web-derivatives-v1/files/4b59568d-712f-df18-3190-775406ab050c.webp
CATV1-P191-R2L,7bcde798-fe9b-bce4-4d49-18537f3a704f,b08869ff-e962-d6db-b069-097049473d95,POLICY_APPROVED,c0757f627cb7fe3a4947631e1b9dd91618906a0a3e8cbfe6a726959a96438aad,2786,image/webp,345,176,lihen-product-web,products/7bcde798-fe9b-bce4-4d49-18537f3a704f/b08869ff-e962-d6db-b069-097049473d95/web/c0757f627cb7fe3a4947631e1b9dd91618906a0a3e8cbfe6a726959a96438aad.webp,web-derivatives-v1/files/b08869ff-e962-d6db-b069-097049473d95.webp
CATV1-P191-R2R,013f25e3-87a6-13e1-038f-d2c434310424,3b5a2aef-db8a-6b92-9b4f-f82e1903f291,POLICY_APPROVED,117a002873239a3a9045765477478ae63b72d0dbcfbcf71b43899e18397c3bb4,1790,image/webp,345,176,lihen-product-web,products/013f25e3-87a6-13e1-038f-d2c434310424/3b5a2aef-db8a-6b92-9b4f-f82e1903f291/web/117a002873239a3a9045765477478ae63b72d0dbcfbcf71b43899e18397c3bb4.webp,web-derivatives-v1/files/3b5a2aef-db8a-6b92-9b4f-f82e1903f291.webp
CATV1-P191-R3L,e480b7a7-5e48-975d-e86b-25bca9eb440d,8b74db96-fd43-860e-d465-65013d4b999e,POLICY_APPROVED,624ea5d10aa219a780e7212ea0a645255b622814ecb4a5412d975c694ce25f8f,1738,image/webp,345,176,lihen-product-web,products/e480b7a7-5e48-975d-e86b-25bca9eb440d/8b74db96-fd43-860e-d465-65013d4b999e/web/624ea5d10aa219a780e7212ea0a645255b622814ecb4a5412d975c694ce25f8f.webp,web-derivatives-v1/files/8b74db96-fd43-860e-d465-65013d4b999e.webp
CATV1-P192-R1L,c785fed9-eb31-0fd8-924c-659ced682541,deef80b2-a33f-1456-0700-0bd06b1ff515,POLICY_APPROVED,1e3613e6c72eec29bfef2453c62fce3fdfa99658591561775e13316c7dbe26db,2098,image/webp,345,176,lihen-product-web,products/c785fed9-eb31-0fd8-924c-659ced682541/deef80b2-a33f-1456-0700-0bd06b1ff515/web/1e3613e6c72eec29bfef2453c62fce3fdfa99658591561775e13316c7dbe26db.webp,web-derivatives-v1/files/deef80b2-a33f-1456-0700-0bd06b1ff515.webp
CATV1-P192-R1R,225ba6de-58eb-6ab1-1ebe-80f764ce116a,506d85a2-8bfc-7ffa-9243-a738985883d3,POLICY_APPROVED,81f5bec680d33480453dae0e2802b61b98d7984359e0e79788fad5eee5abca83,1862,image/webp,345,176,lihen-product-web,products/225ba6de-58eb-6ab1-1ebe-80f764ce116a/506d85a2-8bfc-7ffa-9243-a738985883d3/web/81f5bec680d33480453dae0e2802b61b98d7984359e0e79788fad5eee5abca83.webp,web-derivatives-v1/files/506d85a2-8bfc-7ffa-9243-a738985883d3.webp
CATV1-P192-R2L,46d0c664-70f4-cc9a-881e-4fc9a6808465,275f64c1-a04a-2cc1-cad0-87f3be836213,POLICY_APPROVED,1c3b6e5763029230ba5b2451e2ac101ef3f1a63c73c73049621b4a3ca66a2c40,1700,image/webp,345,176,lihen-product-web,products/46d0c664-70f4-cc9a-881e-4fc9a6808465/275f64c1-a04a-2cc1-cad0-87f3be836213/web/1c3b6e5763029230ba5b2451e2ac101ef3f1a63c73c73049621b4a3ca66a2c40.webp,web-derivatives-v1/files/275f64c1-a04a-2cc1-cad0-87f3be836213.webp
CATV1-P192-R2R,f05f3405-86a4-f2f5-398f-3f37731b73e5,7daaffe2-90ff-6287-32fd-6d0339e93b8a,POLICY_APPROVED,a139151b4ecb0333fe864554aa72b0fec4b4504405d1043b3ba2bf29142524d5,1842,image/webp,345,176,lihen-product-web,products/f05f3405-86a4-f2f5-398f-3f37731b73e5/7daaffe2-90ff-6287-32fd-6d0339e93b8a/web/a139151b4ecb0333fe864554aa72b0fec4b4504405d1043b3ba2bf29142524d5.webp,web-derivatives-v1/files/7daaffe2-90ff-6287-32fd-6d0339e93b8a.webp
CATV1-P192-R3L,dae2ecd5-c5c7-2384-aeeb-5565abd48b46,e67b3c56-1117-d5f6-0e3f-7f3589338b85,POLICY_APPROVED,100cb5cc9613213ae5b0f0a2e907cf0f515acad619fa2517339513ab275a2562,1238,image/webp,345,176,lihen-product-web,products/dae2ecd5-c5c7-2384-aeeb-5565abd48b46/e67b3c56-1117-d5f6-0e3f-7f3589338b85/web/100cb5cc9613213ae5b0f0a2e907cf0f515acad619fa2517339513ab275a2562.webp,web-derivatives-v1/files/e67b3c56-1117-d5f6-0e3f-7f3589338b85.webp
CATV1-P192-R3R,a2ded911-457b-c0c0-609a-a560a6b5853f,492f6f65-7fae-876b-555e-fc972fadf452,POLICY_APPROVED,32ac77ae5cb41c387ef3e51c9e6d73a01699b0b17ec79a4211a94c8db8529039,1472,image/webp,345,176,lihen-product-web,products/a2ded911-457b-c0c0-609a-a560a6b5853f/492f6f65-7fae-876b-555e-fc972fadf452/web/32ac77ae5cb41c387ef3e51c9e6d73a01699b0b17ec79a4211a94c8db8529039.webp,web-derivatives-v1/files/492f6f65-7fae-876b-555e-fc972fadf452.webp
CATV1-P193-R1L,1b05cb4a-5514-9e7d-5ba3-b25bcd534fdc,09a7a5b8-8121-c0b1-cbd3-db1e98a73e07,POLICY_APPROVED,d026b3516500c9ee0b6fe9d99a9b425d512ac7e065b736bf163382258217d7b4,3100,image/webp,345,176,lihen-product-web,products/1b05cb4a-5514-9e7d-5ba3-b25bcd534fdc/09a7a5b8-8121-c0b1-cbd3-db1e98a73e07/web/d026b3516500c9ee0b6fe9d99a9b425d512ac7e065b736bf163382258217d7b4.webp,web-derivatives-v1/files/09a7a5b8-8121-c0b1-cbd3-db1e98a73e07.webp
CATV1-P193-R2L,4421f0e3-5421-2763-b3fc-98c204d34ef4,ea8603a1-07d7-60e6-3f9d-3902a04cfb86,POLICY_APPROVED,500465d41923d6225d269f3e7c97fa4ef7b24f3e2041a27b55dd4fcd84ef43cd,2254,image/webp,345,176,lihen-product-web,products/4421f0e3-5421-2763-b3fc-98c204d34ef4/ea8603a1-07d7-60e6-3f9d-3902a04cfb86/web/500465d41923d6225d269f3e7c97fa4ef7b24f3e2041a27b55dd4fcd84ef43cd.webp,web-derivatives-v1/files/ea8603a1-07d7-60e6-3f9d-3902a04cfb86.webp
CATV1-P193-R2R,672f2d7b-5953-180c-b19f-569ea2d1bff3,3de4951c-ce98-20a9-5f79-ffbd9b072f51,POLICY_APPROVED,02de326d9e2c213442d8ea9bd2f8858d62cdf617e0b4ff71d464a6331b01f637,2672,image/webp,345,176,lihen-product-web,products/672f2d7b-5953-180c-b19f-569ea2d1bff3/3de4951c-ce98-20a9-5f79-ffbd9b072f51/web/02de326d9e2c213442d8ea9bd2f8858d62cdf617e0b4ff71d464a6331b01f637.webp,web-derivatives-v1/files/3de4951c-ce98-20a9-5f79-ffbd9b072f51.webp
CATV1-P193-R3L,21a763cb-690d-e8ee-3ae6-9bfa57b63711,cb2596ac-24f2-915b-0d30-a97a6a387751,POLICY_APPROVED,a10fabb5bb140fed146af77d0936e67c5e4ac38b69d6f918007ae6dc5d94c8f0,6876,image/webp,345,176,lihen-product-web,products/21a763cb-690d-e8ee-3ae6-9bfa57b63711/cb2596ac-24f2-915b-0d30-a97a6a387751/web/a10fabb5bb140fed146af77d0936e67c5e4ac38b69d6f918007ae6dc5d94c8f0.webp,web-derivatives-v1/files/cb2596ac-24f2-915b-0d30-a97a6a387751.webp
CATV1-P193-R3R,d36557eb-daa4-8439-4169-0f54fdd1c2a1,32cd7e5b-227d-136e-412c-78e1ec40a10c,POLICY_APPROVED,d2ff01117b5aa253d969d50aa8e57512944a0457eb2b6834b987767db9c32f20,2394,image/webp,345,176,lihen-product-web,products/d36557eb-daa4-8439-4169-0f54fdd1c2a1/32cd7e5b-227d-136e-412c-78e1ec40a10c/web/d2ff01117b5aa253d969d50aa8e57512944a0457eb2b6834b987767db9c32f20.webp,web-derivatives-v1/files/32cd7e5b-227d-136e-412c-78e1ec40a10c.webp
CATV1-P194-R1L,6309a0fe-f28e-8ec1-598a-4c795cd25a12,66281352-1465-667f-8f05-b9df08895fa6,POLICY_APPROVED,cf8cd45a538b0ba160b9bf01bd535a759ad2129abacc69b1d73aaedf399a86df,1742,image/webp,345,176,lihen-product-web,products/6309a0fe-f28e-8ec1-598a-4c795cd25a12/66281352-1465-667f-8f05-b9df08895fa6/web/cf8cd45a538b0ba160b9bf01bd535a759ad2129abacc69b1d73aaedf399a86df.webp,web-derivatives-v1/files/66281352-1465-667f-8f05-b9df08895fa6.webp
CATV1-P194-R1R,d1245f16-2a67-6678-c246-e48f83ef1e23,0c63fe19-66db-f241-1c2c-aaed8a81acc4,POLICY_APPROVED,066fe93175418dfb00cc6a733a005ee527e73da7d88eca66efc93897a39a1835,3258,image/webp,345,176,lihen-product-web,products/d1245f16-2a67-6678-c246-e48f83ef1e23/0c63fe19-66db-f241-1c2c-aaed8a81acc4/web/066fe93175418dfb00cc6a733a005ee527e73da7d88eca66efc93897a39a1835.webp,web-derivatives-v1/files/0c63fe19-66db-f241-1c2c-aaed8a81acc4.webp
CATV1-P194-R2L,2b02fb0d-8722-e40d-198e-ca9f7084fe8d,54dbb7d5-bba1-237c-8657-dcedb385760b,POLICY_APPROVED,7a59ca3c5194648f623735ea209bbddd2b3769db29c95afcc167b28dc776624d,1112,image/webp,345,176,lihen-product-web,products/2b02fb0d-8722-e40d-198e-ca9f7084fe8d/54dbb7d5-bba1-237c-8657-dcedb385760b/web/7a59ca3c5194648f623735ea209bbddd2b3769db29c95afcc167b28dc776624d.webp,web-derivatives-v1/files/54dbb7d5-bba1-237c-8657-dcedb385760b.webp
CATV1-P194-R2R,be1fb287-c323-f6d5-ef19-32c5966eab58,31788050-af2a-8f19-928e-42d8f83e34a7,POLICY_APPROVED,d048cfb15aca18fb181642fe66517731f9c94491480a10a0b0072fe58ece668e,3444,image/webp,345,176,lihen-product-web,products/be1fb287-c323-f6d5-ef19-32c5966eab58/31788050-af2a-8f19-928e-42d8f83e34a7/web/d048cfb15aca18fb181642fe66517731f9c94491480a10a0b0072fe58ece668e.webp,web-derivatives-v1/files/31788050-af2a-8f19-928e-42d8f83e34a7.webp
CATV1-P194-R3L,7213837e-fb7f-737a-cc4e-878ac49b8f4e,12dc8443-c51f-5d78-dbcd-3c8828c26ba9,POLICY_APPROVED,296dd58460e294f94e139831b2a8551066c70c0be8eab58aff09b5745a24f259,2138,image/webp,345,176,lihen-product-web,products/7213837e-fb7f-737a-cc4e-878ac49b8f4e/12dc8443-c51f-5d78-dbcd-3c8828c26ba9/web/296dd58460e294f94e139831b2a8551066c70c0be8eab58aff09b5745a24f259.webp,web-derivatives-v1/files/12dc8443-c51f-5d78-dbcd-3c8828c26ba9.webp
CATV1-P195-R1L,7e856e63-7f08-7ce5-82f1-550a2541aebe,c01e9008-c251-bcf1-5be7-5e71218b19a4,POLICY_APPROVED,8cd5a8fc35342f450fc1dc1d17e6b2482e5302b8b6b106e663f38a701786ae07,1804,image/webp,345,176,lihen-product-web,products/7e856e63-7f08-7ce5-82f1-550a2541aebe/c01e9008-c251-bcf1-5be7-5e71218b19a4/web/8cd5a8fc35342f450fc1dc1d17e6b2482e5302b8b6b106e663f38a701786ae07.webp,web-derivatives-v1/files/c01e9008-c251-bcf1-5be7-5e71218b19a4.webp
CATV1-P195-R1R,a2382aaa-5207-45ef-718f-8134c5202768,e86add01-71d5-bb7d-95dd-ebb29676c887,POLICY_APPROVED,7b765699a7b1cc96b76436d2532b7cb267c982ca12a67f65ad41e92c3a166c3d,1736,image/webp,345,176,lihen-product-web,products/a2382aaa-5207-45ef-718f-8134c5202768/e86add01-71d5-bb7d-95dd-ebb29676c887/web/7b765699a7b1cc96b76436d2532b7cb267c982ca12a67f65ad41e92c3a166c3d.webp,web-derivatives-v1/files/e86add01-71d5-bb7d-95dd-ebb29676c887.webp
CATV1-P195-R2L,bfbbe81c-1659-1a44-7c05-47b82eac2c8a,da22566a-040a-b848-2eae-456da0ccc6a6,POLICY_APPROVED,3b9d14908d33717d31392e21e5c824261c4533ae3dd8e83bcc5fb306524bc42e,2422,image/webp,345,176,lihen-product-web,products/bfbbe81c-1659-1a44-7c05-47b82eac2c8a/da22566a-040a-b848-2eae-456da0ccc6a6/web/3b9d14908d33717d31392e21e5c824261c4533ae3dd8e83bcc5fb306524bc42e.webp,web-derivatives-v1/files/da22566a-040a-b848-2eae-456da0ccc6a6.webp
CATV1-P195-R2R,403410d7-6876-074c-fd1e-2706373a98b3,f6e24aa6-e495-fd7a-1c64-e4bf80b72490,POLICY_APPROVED,565adb252b879a3c925a857270775768a96f0778128909911763bc81a55f2c5e,1304,image/webp,345,176,lihen-product-web,products/403410d7-6876-074c-fd1e-2706373a98b3/f6e24aa6-e495-fd7a-1c64-e4bf80b72490/web/565adb252b879a3c925a857270775768a96f0778128909911763bc81a55f2c5e.webp,web-derivatives-v1/files/f6e24aa6-e495-fd7a-1c64-e4bf80b72490.webp
CATV1-P195-R3L,63aeef90-8966-9fac-0473-c6fe25d33607,dcb89338-f831-df33-57ef-db5373aa0fe1,POLICY_APPROVED,fe97fa3c6e943ecf11d389c0b2775f1ad8110aba9390a0d720693dde478297e7,1252,image/webp,345,176,lihen-product-web,products/63aeef90-8966-9fac-0473-c6fe25d33607/dcb89338-f831-df33-57ef-db5373aa0fe1/web/fe97fa3c6e943ecf11d389c0b2775f1ad8110aba9390a0d720693dde478297e7.webp,web-derivatives-v1/files/dcb89338-f831-df33-57ef-db5373aa0fe1.webp
CATV1-P195-R3R,330a74a3-e11c-09f9-4608-b54f3912abf6,d933e0e0-9e99-1ade-0f89-7bbae653d035,POLICY_APPROVED,f6f42ff8c36df1b5db18578299bd5177b79e6c07c7581ca8750ec4af04b0de33,2354,image/webp,345,176,lihen-product-web,products/330a74a3-e11c-09f9-4608-b54f3912abf6/d933e0e0-9e99-1ade-0f89-7bbae653d035/web/f6f42ff8c36df1b5db18578299bd5177b79e6c07c7581ca8750ec4af04b0de33.webp,web-derivatives-v1/files/d933e0e0-9e99-1ade-0f89-7bbae653d035.webp
CATV1-P196-R1L,43853b4d-f15d-7ab9-44ee-e1b83f6f4c4d,1da64d67-96fb-81e0-53fd-3dd300fbfbd6,POLICY_APPROVED,656efc504fd4fb38be1f73d66342d421db9b1e34ccf6f7a5945fd69cf7861d83,2210,image/webp,345,176,lihen-product-web,products/43853b4d-f15d-7ab9-44ee-e1b83f6f4c4d/1da64d67-96fb-81e0-53fd-3dd300fbfbd6/web/656efc504fd4fb38be1f73d66342d421db9b1e34ccf6f7a5945fd69cf7861d83.webp,web-derivatives-v1/files/1da64d67-96fb-81e0-53fd-3dd300fbfbd6.webp
CATV1-P196-R1R,87acb02f-2cf1-c08b-49b4-dd789be22f7e,681bb999-9d3e-175a-63bc-2b6936c71423,POLICY_APPROVED,6d9525572278e201ac8134ed3ba1c1c10803f83ae6db001cce8e4df617cd5ddd,1900,image/webp,345,176,lihen-product-web,products/87acb02f-2cf1-c08b-49b4-dd789be22f7e/681bb999-9d3e-175a-63bc-2b6936c71423/web/6d9525572278e201ac8134ed3ba1c1c10803f83ae6db001cce8e4df617cd5ddd.webp,web-derivatives-v1/files/681bb999-9d3e-175a-63bc-2b6936c71423.webp
CATV1-P196-R2L,17675d62-16b3-2436-9cf2-8a082ec1f4af,b68af84b-b9b5-9cc2-1c0c-50816748f075,POLICY_APPROVED,4580c3150e213fd3a05791a6f25a3c6b0f0d165cd9ff2a102dd47f2cf2b3badf,1764,image/webp,345,176,lihen-product-web,products/17675d62-16b3-2436-9cf2-8a082ec1f4af/b68af84b-b9b5-9cc2-1c0c-50816748f075/web/4580c3150e213fd3a05791a6f25a3c6b0f0d165cd9ff2a102dd47f2cf2b3badf.webp,web-derivatives-v1/files/b68af84b-b9b5-9cc2-1c0c-50816748f075.webp
CATV1-P196-R2R,54347a49-e376-8a88-c76e-ff4f5fab6ee8,a93effd1-f790-8059-e9e0-131b2654379d,POLICY_APPROVED,d2d71e30ed3369ee5915ca2cdf3de481d78eb51f1c4dc1f8e62a8b21458ceb37,3276,image/webp,345,176,lihen-product-web,products/54347a49-e376-8a88-c76e-ff4f5fab6ee8/a93effd1-f790-8059-e9e0-131b2654379d/web/d2d71e30ed3369ee5915ca2cdf3de481d78eb51f1c4dc1f8e62a8b21458ceb37.webp,web-derivatives-v1/files/a93effd1-f790-8059-e9e0-131b2654379d.webp
CATV1-P196-R3L,c5b4c21f-140c-74f8-1455-f66db7825067,7bd4420c-ff12-d345-3278-d41eab5e01b2,POLICY_APPROVED,df8d43e60da629a8ce120d9056be33330b8001f1e2876f1543167f0873cdc343,2400,image/webp,345,176,lihen-product-web,products/c5b4c21f-140c-74f8-1455-f66db7825067/7bd4420c-ff12-d345-3278-d41eab5e01b2/web/df8d43e60da629a8ce120d9056be33330b8001f1e2876f1543167f0873cdc343.webp,web-derivatives-v1/files/7bd4420c-ff12-d345-3278-d41eab5e01b2.webp
CATV1-P196-R3R,1d8338df-f193-dd41-eb49-dc135616d4e9,1f01d0ac-f4ba-d8e0-eb14-2fc1e662921d,POLICY_APPROVED,aeed2c31c95ab5c6ec92f33182931f3e0354f2abba5a3301a541c6038a458bb4,3734,image/webp,345,176,lihen-product-web,products/1d8338df-f193-dd41-eb49-dc135616d4e9/1f01d0ac-f4ba-d8e0-eb14-2fc1e662921d/web/aeed2c31c95ab5c6ec92f33182931f3e0354f2abba5a3301a541c6038a458bb4.webp,web-derivatives-v1/files/1f01d0ac-f4ba-d8e0-eb14-2fc1e662921d.webp
CATV1-P197-R1L,875571eb-0919-b72a-c769-b6f2ed79bd3d,6cf4ed36-c4c8-6adb-615b-007f278e2d9c,POLICY_APPROVED,b5ddcb410216c2c385886630dce45505805869307962afc1dda4f4bab6538bb4,3246,image/webp,345,176,lihen-product-web,products/875571eb-0919-b72a-c769-b6f2ed79bd3d/6cf4ed36-c4c8-6adb-615b-007f278e2d9c/web/b5ddcb410216c2c385886630dce45505805869307962afc1dda4f4bab6538bb4.webp,web-derivatives-v1/files/6cf4ed36-c4c8-6adb-615b-007f278e2d9c.webp
CATV1-P197-R1R,cfcc747f-866b-2dc6-e0c9-660027dbe49a,a1e02fdc-fdbd-bbfd-de86-e7c49fcd4382,POLICY_APPROVED,c0ea238578b24bd6805656c239ed5ba0345cde1168acc529c19464fbe4082bc6,1448,image/webp,345,176,lihen-product-web,products/cfcc747f-866b-2dc6-e0c9-660027dbe49a/a1e02fdc-fdbd-bbfd-de86-e7c49fcd4382/web/c0ea238578b24bd6805656c239ed5ba0345cde1168acc529c19464fbe4082bc6.webp,web-derivatives-v1/files/a1e02fdc-fdbd-bbfd-de86-e7c49fcd4382.webp
CATV1-P197-R2L,06c963a6-c539-06f9-f5d5-5200590be3bb,24b4619f-16eb-6927-4971-5e05901295ce,POLICY_APPROVED,4ea0f623efb284684655707872b7e76c3fe8d6321114807246a16a2501c562e6,2372,image/webp,345,176,lihen-product-web,products/06c963a6-c539-06f9-f5d5-5200590be3bb/24b4619f-16eb-6927-4971-5e05901295ce/web/4ea0f623efb284684655707872b7e76c3fe8d6321114807246a16a2501c562e6.webp,web-derivatives-v1/files/24b4619f-16eb-6927-4971-5e05901295ce.webp
CATV1-P197-R2R,8254475b-a5c9-3c3a-b9ce-11f89a08933d,ee3cbb88-27ac-60c0-b397-2d3bed05100f,POLICY_APPROVED,20a26b0bd6cb736c686ffc5d5c229930b6d3e287fa65dcfedf183278837774c5,3758,image/webp,345,176,lihen-product-web,products/8254475b-a5c9-3c3a-b9ce-11f89a08933d/ee3cbb88-27ac-60c0-b397-2d3bed05100f/web/20a26b0bd6cb736c686ffc5d5c229930b6d3e287fa65dcfedf183278837774c5.webp,web-derivatives-v1/files/ee3cbb88-27ac-60c0-b397-2d3bed05100f.webp
CATV1-P197-R3L,9a07f86c-a727-4a8b-6cb5-30b12d591ebe,21c37478-76b9-f88e-14cf-4e16767b773e,POLICY_APPROVED,8604407cc0ac4d7c862a20915636822415e647e5a94d28e323876b3411810e95,1670,image/webp,345,176,lihen-product-web,products/9a07f86c-a727-4a8b-6cb5-30b12d591ebe/21c37478-76b9-f88e-14cf-4e16767b773e/web/8604407cc0ac4d7c862a20915636822415e647e5a94d28e323876b3411810e95.webp,web-derivatives-v1/files/21c37478-76b9-f88e-14cf-4e16767b773e.webp
CATV1-P197-R3R,4b126d40-2980-c0f9-3f08-982a92b8cfef,892a2353-57f5-f327-0465-40653ea9851b,POLICY_APPROVED,1a479f3da112d8271c95647776384c6a00d93a62369c022ca64b5040673e81c2,3008,image/webp,345,176,lihen-product-web,products/4b126d40-2980-c0f9-3f08-982a92b8cfef/892a2353-57f5-f327-0465-40653ea9851b/web/1a479f3da112d8271c95647776384c6a00d93a62369c022ca64b5040673e81c2.webp,web-derivatives-v1/files/892a2353-57f5-f327-0465-40653ea9851b.webp
CATV1-P198-R1L,d3a9e0aa-69b4-99ee-995d-f897cc83f769,ab095f30-e8ca-8bfd-3ed2-ad34b18c05f4,POLICY_APPROVED,da140a6afd16a4b2962328d8cd9d5e9da4f1515c5f4e91de0bc24d8443029312,3430,image/webp,345,176,lihen-product-web,products/d3a9e0aa-69b4-99ee-995d-f897cc83f769/ab095f30-e8ca-8bfd-3ed2-ad34b18c05f4/web/da140a6afd16a4b2962328d8cd9d5e9da4f1515c5f4e91de0bc24d8443029312.webp,web-derivatives-v1/files/ab095f30-e8ca-8bfd-3ed2-ad34b18c05f4.webp
CATV1-P198-R1R,3bf8a796-dc13-aff9-2d85-5bd8981a95d8,5b72009b-e813-a0c1-476a-c131dc7162d4,POLICY_APPROVED,fa3d9652d75247b5df512e60463d1042932f338a2a352f825136c736f70623a4,2236,image/webp,345,176,lihen-product-web,products/3bf8a796-dc13-aff9-2d85-5bd8981a95d8/5b72009b-e813-a0c1-476a-c131dc7162d4/web/fa3d9652d75247b5df512e60463d1042932f338a2a352f825136c736f70623a4.webp,web-derivatives-v1/files/5b72009b-e813-a0c1-476a-c131dc7162d4.webp
CATV1-P198-R2L,ff1c6214-4de9-5f4a-1522-5e1fa922fff5,7f9d9579-3869-707e-51d3-d91d4defc8b6,POLICY_APPROVED,e7cc91b2ad34fe2fd27646dc1d41799815fd2f9089bd4d155a2ec8b85eaa0cfa,4826,image/webp,345,176,lihen-product-web,products/ff1c6214-4de9-5f4a-1522-5e1fa922fff5/7f9d9579-3869-707e-51d3-d91d4defc8b6/web/e7cc91b2ad34fe2fd27646dc1d41799815fd2f9089bd4d155a2ec8b85eaa0cfa.webp,web-derivatives-v1/files/7f9d9579-3869-707e-51d3-d91d4defc8b6.webp
CATV1-P198-R2R,ca251e53-d53d-be6e-8830-525c70dba8c9,67b64cb2-7c1f-994a-2b5d-3ebc3af14281,POLICY_APPROVED,6618c35a821c3e638e9833042ab94ee4de20147f3a46191508a1b9613637a8d2,2520,image/webp,345,176,lihen-product-web,products/ca251e53-d53d-be6e-8830-525c70dba8c9/67b64cb2-7c1f-994a-2b5d-3ebc3af14281/web/6618c35a821c3e638e9833042ab94ee4de20147f3a46191508a1b9613637a8d2.webp,web-derivatives-v1/files/67b64cb2-7c1f-994a-2b5d-3ebc3af14281.webp
CATV1-P198-R3L,c1d8e4f2-c4f6-0863-3c2f-ae720a7ea342,1b27ef3e-2ad8-db9e-1911-e48b2471bd69,POLICY_APPROVED,f0d7ce0b9340b906edccca6641e8bf20faa6b1e07dfb7f3726700a33b6298cda,3812,image/webp,345,176,lihen-product-web,products/c1d8e4f2-c4f6-0863-3c2f-ae720a7ea342/1b27ef3e-2ad8-db9e-1911-e48b2471bd69/web/f0d7ce0b9340b906edccca6641e8bf20faa6b1e07dfb7f3726700a33b6298cda.webp,web-derivatives-v1/files/1b27ef3e-2ad8-db9e-1911-e48b2471bd69.webp
CATV1-P198-R3R,8a0ec6b4-1722-4017-df0a-9b99acbe73c0,249faa44-6fc8-70a0-b0e6-f5b44a7ad24a,POLICY_APPROVED,702f0a10fa2bfa522d484a526ae89ee05eee19cdb1823e2b7de31e54c1f89b0f,2590,image/webp,345,176,lihen-product-web,products/8a0ec6b4-1722-4017-df0a-9b99acbe73c0/249faa44-6fc8-70a0-b0e6-f5b44a7ad24a/web/702f0a10fa2bfa522d484a526ae89ee05eee19cdb1823e2b7de31e54c1f89b0f.webp,web-derivatives-v1/files/249faa44-6fc8-70a0-b0e6-f5b44a7ad24a.webp
CATV1-P199-R1L,e80e529c-81aa-e9d4-1bdb-3ec750668f77,41fb75c5-b8ae-2e9b-c82e-1de4ab209a1a,POLICY_APPROVED,6a38f99cb5b7b4d407f52c8e7e04aaef5719e0191f9cf09d08a9901a88661ddc,3058,image/webp,345,176,lihen-product-web,products/e80e529c-81aa-e9d4-1bdb-3ec750668f77/41fb75c5-b8ae-2e9b-c82e-1de4ab209a1a/web/6a38f99cb5b7b4d407f52c8e7e04aaef5719e0191f9cf09d08a9901a88661ddc.webp,web-derivatives-v1/files/41fb75c5-b8ae-2e9b-c82e-1de4ab209a1a.webp
CATV1-P199-R1R,b44db239-c97a-8b9b-17c4-827c58882ef9,d1cec02e-778d-320d-8e56-e377c89afeb7,POLICY_APPROVED,31cb0065249ac08f885cb204697e567409828022fa0ee9aabbd3ce23926e2f39,2562,image/webp,345,176,lihen-product-web,products/b44db239-c97a-8b9b-17c4-827c58882ef9/d1cec02e-778d-320d-8e56-e377c89afeb7/web/31cb0065249ac08f885cb204697e567409828022fa0ee9aabbd3ce23926e2f39.webp,web-derivatives-v1/files/d1cec02e-778d-320d-8e56-e377c89afeb7.webp
CATV1-P199-R2L,aea01a46-de71-4555-fe4c-6f25e82fe447,9dd35056-724c-0288-2fb1-c2dd032e0e6c,POLICY_APPROVED,13d70c6d1886b83a047a7c45bc0e4185b8013e81d5eebf08d41582ee83889d45,1908,image/webp,345,176,lihen-product-web,products/aea01a46-de71-4555-fe4c-6f25e82fe447/9dd35056-724c-0288-2fb1-c2dd032e0e6c/web/13d70c6d1886b83a047a7c45bc0e4185b8013e81d5eebf08d41582ee83889d45.webp,web-derivatives-v1/files/9dd35056-724c-0288-2fb1-c2dd032e0e6c.webp
CATV1-P199-R2R,cd81dc7a-ab80-fb5b-f123-6322648a611b,42fa3efe-e5cd-ad61-d542-754e034b444b,POLICY_APPROVED,06a6669109ce53eb0febeb642cb12f9c414938bbbbbab52f471cf7b74318c1e9,2396,image/webp,345,176,lihen-product-web,products/cd81dc7a-ab80-fb5b-f123-6322648a611b/42fa3efe-e5cd-ad61-d542-754e034b444b/web/06a6669109ce53eb0febeb642cb12f9c414938bbbbbab52f471cf7b74318c1e9.webp,web-derivatives-v1/files/42fa3efe-e5cd-ad61-d542-754e034b444b.webp
CATV1-P199-R3L,907a7c7c-c315-a487-4c6d-bd9a45bc7ef7,0465ceeb-1e76-f3ba-db5c-1f04eee13157,POLICY_APPROVED,f8393ea95270391b8dfdfd66edc78cae8bdcfb8e10b88bc0579c8fdeb24072da,2518,image/webp,345,176,lihen-product-web,products/907a7c7c-c315-a487-4c6d-bd9a45bc7ef7/0465ceeb-1e76-f3ba-db5c-1f04eee13157/web/f8393ea95270391b8dfdfd66edc78cae8bdcfb8e10b88bc0579c8fdeb24072da.webp,web-derivatives-v1/files/0465ceeb-1e76-f3ba-db5c-1f04eee13157.webp
CATV1-P200-R1L,f953de34-b7cf-2629-a694-05ad1a454d63,2104c373-3bf5-9c5e-5102-459d2c4bf435,POLICY_APPROVED,996a44f19ec0ac0382a5d21b0c8b09746152f273b0eeed9a3bbc32ebdd820a0e,2990,image/webp,345,176,lihen-product-web,products/f953de34-b7cf-2629-a694-05ad1a454d63/2104c373-3bf5-9c5e-5102-459d2c4bf435/web/996a44f19ec0ac0382a5d21b0c8b09746152f273b0eeed9a3bbc32ebdd820a0e.webp,web-derivatives-v1/files/2104c373-3bf5-9c5e-5102-459d2c4bf435.webp
CATV1-P200-R1R,6c7fc0f3-3679-7535-13f4-3a29216efb66,420541c9-455a-30ca-375f-3ca1260cf999,POLICY_APPROVED,833f818f39352e45b94ae2d2fc4349b37e464fcc1568740f20acbedecc4b4309,2274,image/webp,345,176,lihen-product-web,products/6c7fc0f3-3679-7535-13f4-3a29216efb66/420541c9-455a-30ca-375f-3ca1260cf999/web/833f818f39352e45b94ae2d2fc4349b37e464fcc1568740f20acbedecc4b4309.webp,web-derivatives-v1/files/420541c9-455a-30ca-375f-3ca1260cf999.webp
CATV1-P200-R2L,02ba4087-c432-59e2-0997-7806505fb65e,9233e36b-20fe-0cfe-a349-f27030c46955,POLICY_APPROVED,15bf8989b391f21970e0041d5e90ac27307a909d813d193f0d8e286f01acb782,2114,image/webp,345,176,lihen-product-web,products/02ba4087-c432-59e2-0997-7806505fb65e/9233e36b-20fe-0cfe-a349-f27030c46955/web/15bf8989b391f21970e0041d5e90ac27307a909d813d193f0d8e286f01acb782.webp,web-derivatives-v1/files/9233e36b-20fe-0cfe-a349-f27030c46955.webp
CATV1-P200-R2R,1e82e5e4-c2f7-91e2-b203-c43f877f21c7,348e2b87-32e5-1a80-d64e-31371381ffff,POLICY_APPROVED,881e46aaf6daf0076f79287efb8d163b85c6c7ca6f86a9d8c838ce423fd415e1,1898,image/webp,345,176,lihen-product-web,products/1e82e5e4-c2f7-91e2-b203-c43f877f21c7/348e2b87-32e5-1a80-d64e-31371381ffff/web/881e46aaf6daf0076f79287efb8d163b85c6c7ca6f86a9d8c838ce423fd415e1.webp,web-derivatives-v1/files/348e2b87-32e5-1a80-d64e-31371381ffff.webp
CATV1-P200-R3L,edbf68ad-0eed-b439-7bd9-89df876f131e,b86e4028-a3a8-637a-6a0b-ebbaeff14f5b,POLICY_APPROVED,651c38e65d7bd1b36ba2d4e9b6328bb1964c777b3732d174955399887f27ad60,2664,image/webp,345,176,lihen-product-web,products/edbf68ad-0eed-b439-7bd9-89df876f131e/b86e4028-a3a8-637a-6a0b-ebbaeff14f5b/web/651c38e65d7bd1b36ba2d4e9b6328bb1964c777b3732d174955399887f27ad60.webp,web-derivatives-v1/files/b86e4028-a3a8-637a-6a0b-ebbaeff14f5b.webp
CATV1-P202-R1L,e0ef554f-ba30-6a6f-d6d9-8896d99178db,a57c5f34-fbd0-8a54-78fa-b087c0f855cd,HUMAN_APPROVED,a4f8d57e3758eecb5ac1abccf1f8f2c7c5849776689c5ed05778f05e86e4572f,2868,image/webp,345,176,lihen-product-web,products/e0ef554f-ba30-6a6f-d6d9-8896d99178db/a57c5f34-fbd0-8a54-78fa-b087c0f855cd/web/a4f8d57e3758eecb5ac1abccf1f8f2c7c5849776689c5ed05778f05e86e4572f.webp,web-derivatives-v1/files/a57c5f34-fbd0-8a54-78fa-b087c0f855cd.webp
CATV1-P202-R1R,89512542-9de2-cf60-20c6-9f9611fef2f7,599349b8-a5f7-6321-7a19-2d037bcfd98c,HUMAN_APPROVED,9672bb0f4fe73807e8921a9fa1c663ea71fe00de3bf98e78116acb29c94167a9,4322,image/webp,345,176,lihen-product-web,products/89512542-9de2-cf60-20c6-9f9611fef2f7/599349b8-a5f7-6321-7a19-2d037bcfd98c/web/9672bb0f4fe73807e8921a9fa1c663ea71fe00de3bf98e78116acb29c94167a9.webp,web-derivatives-v1/files/599349b8-a5f7-6321-7a19-2d037bcfd98c.webp
CATV1-P202-R2L,bbf6ce32-69a8-b8c8-968f-306fbb4459fc,fd3f277d-f649-08fa-0fef-033e8accf612,HUMAN_APPROVED,015074ded7859f8ceceec87c029d70de4fe41254dd807c051a454816fc55ff3f,3786,image/webp,345,176,lihen-product-web,products/bbf6ce32-69a8-b8c8-968f-306fbb4459fc/fd3f277d-f649-08fa-0fef-033e8accf612/web/015074ded7859f8ceceec87c029d70de4fe41254dd807c051a454816fc55ff3f.webp,web-derivatives-v1/files/fd3f277d-f649-08fa-0fef-033e8accf612.webp
CATV1-P202-R2R,70a2c3b0-f6de-4bd7-6972-98540a52b6b3,e45386b4-37a3-9f39-462d-610d48bbe99a,HUMAN_APPROVED,b017c1e4c002736de92df4f78e3ddd1a5140dfa68f5ac99e48b8db3c3b383672,3768,image/webp,345,176,lihen-product-web,products/70a2c3b0-f6de-4bd7-6972-98540a52b6b3/e45386b4-37a3-9f39-462d-610d48bbe99a/web/b017c1e4c002736de92df4f78e3ddd1a5140dfa68f5ac99e48b8db3c3b383672.webp,web-derivatives-v1/files/e45386b4-37a3-9f39-462d-610d48bbe99a.webp
CATV1-P202-R3L,cbd5255e-de8f-b63b-5679-dba1dddea3b8,25b46233-0e2c-a854-57b2-2ac3430859ea,HUMAN_APPROVED,ad5833a72a9604bb25472749386ced7601db9475d2cfb891c9e3681449b8f34e,3226,image/webp,345,176,lihen-product-web,products/cbd5255e-de8f-b63b-5679-dba1dddea3b8/25b46233-0e2c-a854-57b2-2ac3430859ea/web/ad5833a72a9604bb25472749386ced7601db9475d2cfb891c9e3681449b8f34e.webp,web-derivatives-v1/files/25b46233-0e2c-a854-57b2-2ac3430859ea.webp
CATV1-P202-R3R,6263430f-21ae-62c5-8968-7d2ce023e244,f8d3e2dd-e58f-f263-cbae-25cf186028cf,HUMAN_APPROVED,c9ed9e0b1ece5beaed54bfdab2987fd43c6eaee1358bd1f0ea0d560e1773e82d,4170,image/webp,345,176,lihen-product-web,products/6263430f-21ae-62c5-8968-7d2ce023e244/f8d3e2dd-e58f-f263-cbae-25cf186028cf/web/c9ed9e0b1ece5beaed54bfdab2987fd43c6eaee1358bd1f0ea0d560e1773e82d.webp,web-derivatives-v1/files/f8d3e2dd-e58f-f263-cbae-25cf186028cf.webp
CATV1-P203-R1L,9740a3e9-5496-2c6c-1ffd-77803c8d594d,1fd66c34-925c-fba2-7978-eb46dfe32f18,HUMAN_APPROVED,4941dd850403d4ece0437c5fe83ae658c102f31ba9046b8173376bd8b4dc62c3,4250,image/webp,345,176,lihen-product-web,products/9740a3e9-5496-2c6c-1ffd-77803c8d594d/1fd66c34-925c-fba2-7978-eb46dfe32f18/web/4941dd850403d4ece0437c5fe83ae658c102f31ba9046b8173376bd8b4dc62c3.webp,web-derivatives-v1/files/1fd66c34-925c-fba2-7978-eb46dfe32f18.webp
CATV1-P203-R1R,e7d461a8-8f03-cdcb-c30d-c8a2d887c953,92d93a49-f4be-bd18-0c61-f51fdacb4c64,HUMAN_APPROVED,ba0960eaba700020c9d592231e5f63cecd7baf78ebc510351096be861d1cd4a8,2104,image/webp,345,176,lihen-product-web,products/e7d461a8-8f03-cdcb-c30d-c8a2d887c953/92d93a49-f4be-bd18-0c61-f51fdacb4c64/web/ba0960eaba700020c9d592231e5f63cecd7baf78ebc510351096be861d1cd4a8.webp,web-derivatives-v1/files/92d93a49-f4be-bd18-0c61-f51fdacb4c64.webp
CATV1-P203-R2L,8dd08557-aeaf-fcd6-aac7-9cd8d0b66411,4f0267a3-f07a-93f0-0914-e855b0daf356,HUMAN_APPROVED,d172b08f29917c196b109bf8f49e23b16c2b86e8fb76249450596083d84e6ba1,3804,image/webp,345,176,lihen-product-web,products/8dd08557-aeaf-fcd6-aac7-9cd8d0b66411/4f0267a3-f07a-93f0-0914-e855b0daf356/web/d172b08f29917c196b109bf8f49e23b16c2b86e8fb76249450596083d84e6ba1.webp,web-derivatives-v1/files/4f0267a3-f07a-93f0-0914-e855b0daf356.webp
CATV1-P203-R2R,c9a113af-c7fe-e3ba-ab4f-035f0911ea8f,8119bf27-cd56-b51a-07b7-36c26ad2e143,HUMAN_APPROVED,3e75585980c8085666d1173fb9ac1b01318d71ddfe40d08ea29e34e45274a2fd,4488,image/webp,345,176,lihen-product-web,products/c9a113af-c7fe-e3ba-ab4f-035f0911ea8f/8119bf27-cd56-b51a-07b7-36c26ad2e143/web/3e75585980c8085666d1173fb9ac1b01318d71ddfe40d08ea29e34e45274a2fd.webp,web-derivatives-v1/files/8119bf27-cd56-b51a-07b7-36c26ad2e143.webp
CATV1-P203-R3L,94497b02-9cec-4b95-ffed-58cfb5dd5000,471ad93f-9fb6-f259-1d71-c961df59b044,HUMAN_APPROVED,6d8f04c4c1c2347e1dc0047b327f899dbf6b70369abb2d883b47e194b4be6dae,2356,image/webp,345,176,lihen-product-web,products/94497b02-9cec-4b95-ffed-58cfb5dd5000/471ad93f-9fb6-f259-1d71-c961df59b044/web/6d8f04c4c1c2347e1dc0047b327f899dbf6b70369abb2d883b47e194b4be6dae.webp,web-derivatives-v1/files/471ad93f-9fb6-f259-1d71-c961df59b044.webp
CATV1-P203-R3R,72028c6e-8928-a622-668b-291537c0d662,436977be-83e8-4587-36ed-dd2dabaec624,HUMAN_APPROVED,f916f73751a764a4a991dd6abbc64eaee3e64f16f6729c7dd1d9db91b5f04505,3212,image/webp,345,176,lihen-product-web,products/72028c6e-8928-a622-668b-291537c0d662/436977be-83e8-4587-36ed-dd2dabaec624/web/f916f73751a764a4a991dd6abbc64eaee3e64f16f6729c7dd1d9db91b5f04505.webp,web-derivatives-v1/files/436977be-83e8-4587-36ed-dd2dabaec624.webp
CATV1-P204-R1L,2aec9584-a710-0c0a-ed34-7df69393e1aa,bf9892c2-8b75-8a59-c5cb-200501bed940,HUMAN_APPROVED,c5d5dd5d8f1c8b74b40f996a63e9abd61bcc1f1ce1aa4a6fab04b3d0722ef3a0,2236,image/webp,345,176,lihen-product-web,products/2aec9584-a710-0c0a-ed34-7df69393e1aa/bf9892c2-8b75-8a59-c5cb-200501bed940/web/c5d5dd5d8f1c8b74b40f996a63e9abd61bcc1f1ce1aa4a6fab04b3d0722ef3a0.webp,web-derivatives-v1/files/bf9892c2-8b75-8a59-c5cb-200501bed940.webp
CATV1-P204-R1R,6392455a-05b2-10da-d973-5a84b3d9b95a,e7f720eb-9913-f1a8-2d4b-b427a5964bad,HUMAN_APPROVED,b8b9b1bfe59f4150d3cdc5c542b1237b00577b29f355c60ca69759366cff4a9b,4420,image/webp,345,176,lihen-product-web,products/6392455a-05b2-10da-d973-5a84b3d9b95a/e7f720eb-9913-f1a8-2d4b-b427a5964bad/web/b8b9b1bfe59f4150d3cdc5c542b1237b00577b29f355c60ca69759366cff4a9b.webp,web-derivatives-v1/files/e7f720eb-9913-f1a8-2d4b-b427a5964bad.webp
CATV1-P204-R2L,fc444ccb-314e-f960-ae40-10ffb8422902,f7044817-aade-2389-055b-c0b1176170f2,HUMAN_APPROVED,7232ae1ff201274856d98cd385f0044465de3980ab975018a474b36495ba9c04,1270,image/webp,345,176,lihen-product-web,products/fc444ccb-314e-f960-ae40-10ffb8422902/f7044817-aade-2389-055b-c0b1176170f2/web/7232ae1ff201274856d98cd385f0044465de3980ab975018a474b36495ba9c04.webp,web-derivatives-v1/files/f7044817-aade-2389-055b-c0b1176170f2.webp
CATV1-P204-R2R,cddd1acf-14cf-f906-2920-01dbe176587d,5a913d9e-b18d-e026-790a-88c5f62c8570,HUMAN_APPROVED,3e1960e084a406c7ebb0a1f244b9902daac593dbe65bbb63d163af754a1cc10c,2780,image/webp,345,176,lihen-product-web,products/cddd1acf-14cf-f906-2920-01dbe176587d/5a913d9e-b18d-e026-790a-88c5f62c8570/web/3e1960e084a406c7ebb0a1f244b9902daac593dbe65bbb63d163af754a1cc10c.webp,web-derivatives-v1/files/5a913d9e-b18d-e026-790a-88c5f62c8570.webp
CATV1-P204-R3L,fde980ed-f533-0bc5-99ab-8cd8dee6f10d,e734cb0f-4f3e-f581-6477-b2859d05c5a5,HUMAN_APPROVED,5778a56c6da27afabf54609a99ddd879a295b4589518f2ccaa18e14c618563db,2462,image/webp,345,176,lihen-product-web,products/fde980ed-f533-0bc5-99ab-8cd8dee6f10d/e734cb0f-4f3e-f581-6477-b2859d05c5a5/web/5778a56c6da27afabf54609a99ddd879a295b4589518f2ccaa18e14c618563db.webp,web-derivatives-v1/files/e734cb0f-4f3e-f581-6477-b2859d05c5a5.webp
CATV1-P204-R3R,66ff4f5c-a48a-47fc-a0ce-58d3ee57c88d,5439ea01-d59c-57d3-d12c-37a3556c3ee8,HUMAN_APPROVED,beebd643f87929a0dcb74e7ad706eb75ab9d3423aa1a8d0cbe7a37e02ce56d95,1592,image/webp,345,176,lihen-product-web,products/66ff4f5c-a48a-47fc-a0ce-58d3ee57c88d/5439ea01-d59c-57d3-d12c-37a3556c3ee8/web/beebd643f87929a0dcb74e7ad706eb75ab9d3423aa1a8d0cbe7a37e02ce56d95.webp,web-derivatives-v1/files/5439ea01-d59c-57d3-d12c-37a3556c3ee8.webp
CATV1-P205-R1L,2093fd24-900e-df2f-3c73-5b76b0c46fd1,cc93dd57-7524-1f17-3951-7243af0a95d6,HUMAN_APPROVED,c971c014e1456ffb8630aed7ec677fd6422d49d9b4abdb5dbae497aa4a8d9189,2568,image/webp,345,176,lihen-product-web,products/2093fd24-900e-df2f-3c73-5b76b0c46fd1/cc93dd57-7524-1f17-3951-7243af0a95d6/web/c971c014e1456ffb8630aed7ec677fd6422d49d9b4abdb5dbae497aa4a8d9189.webp,web-derivatives-v1/files/cc93dd57-7524-1f17-3951-7243af0a95d6.webp
CATV1-P205-R1R,fdae7f94-3723-c2be-a731-252ab0e34570,704a5afc-6872-3f03-1203-eef34a2b67c8,HUMAN_APPROVED,8ebd5096f78aaab41d153774683bfb96b1f22708c3203fd617beb3a491f90f74,2962,image/webp,345,176,lihen-product-web,products/fdae7f94-3723-c2be-a731-252ab0e34570/704a5afc-6872-3f03-1203-eef34a2b67c8/web/8ebd5096f78aaab41d153774683bfb96b1f22708c3203fd617beb3a491f90f74.webp,web-derivatives-v1/files/704a5afc-6872-3f03-1203-eef34a2b67c8.webp
CATV1-P205-R2L,c9706557-46b2-6433-8a7b-df97b19d92d0,82df7730-0c01-2f63-8309-047f545c0ee5,HUMAN_APPROVED,3ff9f16933a75f3e424d361da6fa38d1ee29cb830fade3864b17bbc56b1a0200,5540,image/webp,345,176,lihen-product-web,products/c9706557-46b2-6433-8a7b-df97b19d92d0/82df7730-0c01-2f63-8309-047f545c0ee5/web/3ff9f16933a75f3e424d361da6fa38d1ee29cb830fade3864b17bbc56b1a0200.webp,web-derivatives-v1/files/82df7730-0c01-2f63-8309-047f545c0ee5.webp
CATV1-P205-R2R,9a5d3963-acde-a41c-dde5-36377606606f,898f2c2b-db67-e629-ce9d-b8a63161973f,HUMAN_APPROVED,e29abfde9e7145b1576d408dd8f463e5d0bb616348f27f888f1e6c8d6a94d6a5,2468,image/webp,345,176,lihen-product-web,products/9a5d3963-acde-a41c-dde5-36377606606f/898f2c2b-db67-e629-ce9d-b8a63161973f/web/e29abfde9e7145b1576d408dd8f463e5d0bb616348f27f888f1e6c8d6a94d6a5.webp,web-derivatives-v1/files/898f2c2b-db67-e629-ce9d-b8a63161973f.webp
CATV1-P205-R3L,115b5f0b-027a-30e0-6743-ed16ab567e7a,7d2672af-ad1b-a2a6-fdff-11a32978068e,HUMAN_APPROVED,b15cfe5f3fc3a98cf6f17c9f807b0eefc6d847e59716ce1a218ae6be9676603c,2300,image/webp,345,176,lihen-product-web,products/115b5f0b-027a-30e0-6743-ed16ab567e7a/7d2672af-ad1b-a2a6-fdff-11a32978068e/web/b15cfe5f3fc3a98cf6f17c9f807b0eefc6d847e59716ce1a218ae6be9676603c.webp,web-derivatives-v1/files/7d2672af-ad1b-a2a6-fdff-11a32978068e.webp
CATV1-P205-R3R,078b681f-f6de-06f4-defc-0a345b98f3d6,c2828aca-25cf-85f2-a65d-2e25cbd2faab,HUMAN_APPROVED,d70e7238505bebdabebb6f8151efaa9f93d25f538d0a3f6f51274d7eef1fd34a,2532,image/webp,345,176,lihen-product-web,products/078b681f-f6de-06f4-defc-0a345b98f3d6/c2828aca-25cf-85f2-a65d-2e25cbd2faab/web/d70e7238505bebdabebb6f8151efaa9f93d25f538d0a3f6f51274d7eef1fd34a.webp,web-derivatives-v1/files/c2828aca-25cf-85f2-a65d-2e25cbd2faab.webp
CATV1-P206-R1L,9b92aa10-b530-c4c2-8ade-3c94e1acb7fa,a39fbe86-8c50-553c-ab10-7cbd97d1ae8c,HUMAN_APPROVED,257f3f3112d6f31ce374512ccb1cbb89e8fabeaf97d4341e048033b8754c00e6,2720,image/webp,345,176,lihen-product-web,products/9b92aa10-b530-c4c2-8ade-3c94e1acb7fa/a39fbe86-8c50-553c-ab10-7cbd97d1ae8c/web/257f3f3112d6f31ce374512ccb1cbb89e8fabeaf97d4341e048033b8754c00e6.webp,web-derivatives-v1/files/a39fbe86-8c50-553c-ab10-7cbd97d1ae8c.webp
CATV1-P206-R1R,36acb744-dfb2-e9b1-07e9-48ff05d75a95,60d745a8-8ccd-e2c3-11b7-171533dba3b2,HUMAN_APPROVED,0e9d889f4b93c4f59f9fc8e9deea1725f9287df187f5e8bb2c1fc101001af314,3398,image/webp,345,176,lihen-product-web,products/36acb744-dfb2-e9b1-07e9-48ff05d75a95/60d745a8-8ccd-e2c3-11b7-171533dba3b2/web/0e9d889f4b93c4f59f9fc8e9deea1725f9287df187f5e8bb2c1fc101001af314.webp,web-derivatives-v1/files/60d745a8-8ccd-e2c3-11b7-171533dba3b2.webp
CATV1-P206-R2L,2d37121e-ec7c-ca6e-ee36-b9985ee3b146,8e7c3054-7562-80b2-ae85-4b5ab6cdef5e,HUMAN_APPROVED,ef116ab0610197b601cb6a911cdb61086da2c6fafd4e571cddc692e3694c3f39,4266,image/webp,345,176,lihen-product-web,products/2d37121e-ec7c-ca6e-ee36-b9985ee3b146/8e7c3054-7562-80b2-ae85-4b5ab6cdef5e/web/ef116ab0610197b601cb6a911cdb61086da2c6fafd4e571cddc692e3694c3f39.webp,web-derivatives-v1/files/8e7c3054-7562-80b2-ae85-4b5ab6cdef5e.webp
CATV1-P206-R2R,736a3d40-ef15-b566-07c3-a996ec7dbbf0,2fcd4ea6-848e-4e70-9ea4-72e2d6879fea,HUMAN_APPROVED,7f8075c7c8d9fd78dec144ed105d92e9715e264186983f7b55df7b6173107e41,2414,image/webp,345,176,lihen-product-web,products/736a3d40-ef15-b566-07c3-a996ec7dbbf0/2fcd4ea6-848e-4e70-9ea4-72e2d6879fea/web/7f8075c7c8d9fd78dec144ed105d92e9715e264186983f7b55df7b6173107e41.webp,web-derivatives-v1/files/2fcd4ea6-848e-4e70-9ea4-72e2d6879fea.webp
CATV1-P206-R3L,7546898d-dd62-1161-4520-966d3fa71671,332b532a-d95e-1ac7-eabc-d9c62bd00189,HUMAN_APPROVED,504a649e86c381c17e64877ca3362b4b3006ce2de7270107078f3da91a803354,1280,image/webp,345,176,lihen-product-web,products/7546898d-dd62-1161-4520-966d3fa71671/332b532a-d95e-1ac7-eabc-d9c62bd00189/web/504a649e86c381c17e64877ca3362b4b3006ce2de7270107078f3da91a803354.webp,web-derivatives-v1/files/332b532a-d95e-1ac7-eabc-d9c62bd00189.webp
CATV1-P206-R3R,b6b71359-2650-d92b-0e2d-ce97abb6fce9,eb709b30-7513-0dcc-55bd-735d8a6972ce,HUMAN_APPROVED,eba4df4bbc817b425ebd972e2b87efc3fdbfa8b071415e0f67f93505c76b8b10,4514,image/webp,345,176,lihen-product-web,products/b6b71359-2650-d92b-0e2d-ce97abb6fce9/eb709b30-7513-0dcc-55bd-735d8a6972ce/web/eba4df4bbc817b425ebd972e2b87efc3fdbfa8b071415e0f67f93505c76b8b10.webp,web-derivatives-v1/files/eb709b30-7513-0dcc-55bd-735d8a6972ce.webp
CATV1-P207-R1L,52ffbd9f-d470-3918-45dc-2a3a8522e6cc,f375ca32-7c43-c5a2-0cbf-9fafb16f0972,HUMAN_APPROVED,4ffb8cb56c02bc3a18af5511ec6f6aedf2653419544b5fd284d198c083cf69ae,2202,image/webp,345,176,lihen-product-web,products/52ffbd9f-d470-3918-45dc-2a3a8522e6cc/f375ca32-7c43-c5a2-0cbf-9fafb16f0972/web/4ffb8cb56c02bc3a18af5511ec6f6aedf2653419544b5fd284d198c083cf69ae.webp,web-derivatives-v1/files/f375ca32-7c43-c5a2-0cbf-9fafb16f0972.webp
CATV1-P207-R1R,8e42337a-90b1-391e-ca78-2f9cc03eb106,83249918-c51b-49ac-561e-db64130dd573,HUMAN_APPROVED,9e97ddf6bd34a0b7b375857e2aeff98c053ba65cec80021e1c3852fba9720110,3636,image/webp,345,176,lihen-product-web,products/8e42337a-90b1-391e-ca78-2f9cc03eb106/83249918-c51b-49ac-561e-db64130dd573/web/9e97ddf6bd34a0b7b375857e2aeff98c053ba65cec80021e1c3852fba9720110.webp,web-derivatives-v1/files/83249918-c51b-49ac-561e-db64130dd573.webp
CATV1-P207-R2L,7fd05f02-53c7-fdd0-23c8-2434e642716f,36373b1c-93c7-aa34-8670-3f857a420692,HUMAN_APPROVED,a01a22714ce7d42e464bb2e0a79ffdef13bf4eeb07e2df9e7915508e1cb58046,3454,image/webp,345,176,lihen-product-web,products/7fd05f02-53c7-fdd0-23c8-2434e642716f/36373b1c-93c7-aa34-8670-3f857a420692/web/a01a22714ce7d42e464bb2e0a79ffdef13bf4eeb07e2df9e7915508e1cb58046.webp,web-derivatives-v1/files/36373b1c-93c7-aa34-8670-3f857a420692.webp
CATV1-P207-R2R,ba0b3e99-a4f5-107a-ad55-b16a6305480a,2d82613b-5968-d22c-fb91-0f8a0104407d,HUMAN_APPROVED,12c2b9e12b4e94de10ed4aa24c1b485a4a1ecfe7d89070e632d60c605ab270d7,3150,image/webp,345,176,lihen-product-web,products/ba0b3e99-a4f5-107a-ad55-b16a6305480a/2d82613b-5968-d22c-fb91-0f8a0104407d/web/12c2b9e12b4e94de10ed4aa24c1b485a4a1ecfe7d89070e632d60c605ab270d7.webp,web-derivatives-v1/files/2d82613b-5968-d22c-fb91-0f8a0104407d.webp
CATV1-P207-R3L,0b9897e3-70cf-7b8e-e2e3-811a4b7cb5a0,a2bb583b-0219-3d72-07cb-33a054c5cf7f,HUMAN_APPROVED,63da6920f605a5a9c8be97785c3846c952286c2c47db0b68797de3598eb48108,2328,image/webp,345,176,lihen-product-web,products/0b9897e3-70cf-7b8e-e2e3-811a4b7cb5a0/a2bb583b-0219-3d72-07cb-33a054c5cf7f/web/63da6920f605a5a9c8be97785c3846c952286c2c47db0b68797de3598eb48108.webp,web-derivatives-v1/files/a2bb583b-0219-3d72-07cb-33a054c5cf7f.webp
CATV1-P207-R3R,ce6e6928-edef-441f-9047-a6e1f8393699,d09d0752-3418-f6da-9567-6f22eeb70ea9,HUMAN_APPROVED,7ca691e7c0a1ca5d0174cf954b4cb0a63e432342b32f2e7aaaa037b81df7e395,2392,image/webp,345,176,lihen-product-web,products/ce6e6928-edef-441f-9047-a6e1f8393699/d09d0752-3418-f6da-9567-6f22eeb70ea9/web/7ca691e7c0a1ca5d0174cf954b4cb0a63e432342b32f2e7aaaa037b81df7e395.webp,web-derivatives-v1/files/d09d0752-3418-f6da-9567-6f22eeb70ea9.webp
CATV1-P208-R1L,d284a565-54a5-2d83-732e-caabfea996a1,ebd80e6a-b408-3c61-674c-83b3ed4801ce,HUMAN_APPROVED,2d4d970c88216c510494631ece59f1721b907a12341a4a349fdd9a15bbdaed91,5240,image/webp,345,176,lihen-product-web,products/d284a565-54a5-2d83-732e-caabfea996a1/ebd80e6a-b408-3c61-674c-83b3ed4801ce/web/2d4d970c88216c510494631ece59f1721b907a12341a4a349fdd9a15bbdaed91.webp,web-derivatives-v1/files/ebd80e6a-b408-3c61-674c-83b3ed4801ce.webp
CATV1-P208-R1R,bc566a57-e5de-453a-5c9b-cd18319931d8,04f48389-19e7-ff30-9141-5a8622c1bc79,HUMAN_APPROVED,c74d0be2d8fe4fd1b22ef90cd578135a2bbac222ed82e7629c947fe611fa33dc,2712,image/webp,345,176,lihen-product-web,products/bc566a57-e5de-453a-5c9b-cd18319931d8/04f48389-19e7-ff30-9141-5a8622c1bc79/web/c74d0be2d8fe4fd1b22ef90cd578135a2bbac222ed82e7629c947fe611fa33dc.webp,web-derivatives-v1/files/04f48389-19e7-ff30-9141-5a8622c1bc79.webp
CATV1-P208-R2L,8a12d3f0-1d88-f2f7-691d-02b3a9fc1950,9fa5866c-857b-12fb-e14f-24c57eb5446e,HUMAN_APPROVED,da9a699dcfe73688c6b2bf0ad2670f74d7b1bb289bf171d25af65fb030f539ec,1560,image/webp,345,176,lihen-product-web,products/8a12d3f0-1d88-f2f7-691d-02b3a9fc1950/9fa5866c-857b-12fb-e14f-24c57eb5446e/web/da9a699dcfe73688c6b2bf0ad2670f74d7b1bb289bf171d25af65fb030f539ec.webp,web-derivatives-v1/files/9fa5866c-857b-12fb-e14f-24c57eb5446e.webp
CATV1-P208-R2R,198a2a16-bc93-6fc2-6f63-9250f09345ca,cd36ecf7-2795-b61d-66a5-538e20e9f633,HUMAN_APPROVED,37ba61f794f39d5902b8e873c13d5dd36f9e761fc4eff9c94da54740b51d9aec,4172,image/webp,345,176,lihen-product-web,products/198a2a16-bc93-6fc2-6f63-9250f09345ca/cd36ecf7-2795-b61d-66a5-538e20e9f633/web/37ba61f794f39d5902b8e873c13d5dd36f9e761fc4eff9c94da54740b51d9aec.webp,web-derivatives-v1/files/cd36ecf7-2795-b61d-66a5-538e20e9f633.webp
CATV1-P209-R1L,16298d3f-bbd0-78f2-56ac-5907a30c5b89,e8b3cc47-5248-f187-4867-7bf6ed57227a,HUMAN_APPROVED,2844c83228259930c03af0343f85c63a83a34bc2e343056d8936a48b3298f03e,2686,image/webp,345,176,lihen-product-web,products/16298d3f-bbd0-78f2-56ac-5907a30c5b89/e8b3cc47-5248-f187-4867-7bf6ed57227a/web/2844c83228259930c03af0343f85c63a83a34bc2e343056d8936a48b3298f03e.webp,web-derivatives-v1/files/e8b3cc47-5248-f187-4867-7bf6ed57227a.webp
CATV1-P209-R1R,429c9b44-6b0d-154b-26f3-4adb49dfcab6,de40100f-0de9-2ed4-e6b1-a98936438f4d,HUMAN_APPROVED,8661cc26674257a54476e80264fd1b3579c9d84047cc8880eadd2166e346ce21,5084,image/webp,345,176,lihen-product-web,products/429c9b44-6b0d-154b-26f3-4adb49dfcab6/de40100f-0de9-2ed4-e6b1-a98936438f4d/web/8661cc26674257a54476e80264fd1b3579c9d84047cc8880eadd2166e346ce21.webp,web-derivatives-v1/files/de40100f-0de9-2ed4-e6b1-a98936438f4d.webp
CATV1-P209-R2L,1dd5f290-933f-d138-4a21-d70096e9705a,05874c03-9932-0ab7-6346-f5c6dfd7af04,HUMAN_APPROVED,373aa44b5ba353eb50dc56014bce382fb095730e3db70e8bf37cffe3f43e3bdb,1558,image/webp,345,176,lihen-product-web,products/1dd5f290-933f-d138-4a21-d70096e9705a/05874c03-9932-0ab7-6346-f5c6dfd7af04/web/373aa44b5ba353eb50dc56014bce382fb095730e3db70e8bf37cffe3f43e3bdb.webp,web-derivatives-v1/files/05874c03-9932-0ab7-6346-f5c6dfd7af04.webp
CATV1-P209-R2R,18ef542f-352e-a20e-024e-d8a643065a38,38d2b4dc-fa7e-2bc4-20f4-fff50f34162f,HUMAN_APPROVED,443349e137adb058ebbfa7f6a39ac34012992d97c312fa53294ce05fa12d3b9f,3250,image/webp,345,176,lihen-product-web,products/18ef542f-352e-a20e-024e-d8a643065a38/38d2b4dc-fa7e-2bc4-20f4-fff50f34162f/web/443349e137adb058ebbfa7f6a39ac34012992d97c312fa53294ce05fa12d3b9f.webp,web-derivatives-v1/files/38d2b4dc-fa7e-2bc4-20f4-fff50f34162f.webp
CATV1-P209-R3L,d31728f5-1487-1194-6635-b513f00d2ee6,f50492c4-9859-b5e4-c3d9-01f40b8bf5a2,HUMAN_APPROVED,c3fd44b6b8b09a7e2369a705d56b48d6dab0d9db2f3852ffbbeff6907677833f,3444,image/webp,345,176,lihen-product-web,products/d31728f5-1487-1194-6635-b513f00d2ee6/f50492c4-9859-b5e4-c3d9-01f40b8bf5a2/web/c3fd44b6b8b09a7e2369a705d56b48d6dab0d9db2f3852ffbbeff6907677833f.webp,web-derivatives-v1/files/f50492c4-9859-b5e4-c3d9-01f40b8bf5a2.webp
CATV1-P209-R3R,a912f7d0-89ea-1a1e-c8ee-6f12ceeb6e39,b466499c-e776-106e-8603-bed54facce8b,HUMAN_APPROVED,c2917df081a820730b67e25437e489301af3082ff43b1b6293a637aaf2bef630,3116,image/webp,345,176,lihen-product-web,products/a912f7d0-89ea-1a1e-c8ee-6f12ceeb6e39/b466499c-e776-106e-8603-bed54facce8b/web/c2917df081a820730b67e25437e489301af3082ff43b1b6293a637aaf2bef630.webp,web-derivatives-v1/files/b466499c-e776-106e-8603-bed54facce8b.webp
CATV1-P210-R1L,6a95ef4e-1c52-3bb5-9403-7ab9be2b0885,1ccccf87-d656-8202-f0b7-08f9278aa769,HUMAN_APPROVED,6ce997995a389187e16675b1d256d4173caf2c78e74d2ff19f0a0c562f59b843,1558,image/webp,345,176,lihen-product-web,products/6a95ef4e-1c52-3bb5-9403-7ab9be2b0885/1ccccf87-d656-8202-f0b7-08f9278aa769/web/6ce997995a389187e16675b1d256d4173caf2c78e74d2ff19f0a0c562f59b843.webp,web-derivatives-v1/files/1ccccf87-d656-8202-f0b7-08f9278aa769.webp
CATV1-P210-R1R,973307c6-6452-0a5d-2384-bde6e1d8d99a,7e5b04b9-f819-2d42-cc58-fdf4806d8629,HUMAN_APPROVED,5b36d83d00886af50be9f22d4c4529ef41abbfe9045d8003dd7ce9599eeaf70d,3160,image/webp,345,176,lihen-product-web,products/973307c6-6452-0a5d-2384-bde6e1d8d99a/7e5b04b9-f819-2d42-cc58-fdf4806d8629/web/5b36d83d00886af50be9f22d4c4529ef41abbfe9045d8003dd7ce9599eeaf70d.webp,web-derivatives-v1/files/7e5b04b9-f819-2d42-cc58-fdf4806d8629.webp
CATV1-P210-R2L,a2b7ffaa-57b0-948d-91d4-0eaa043818c4,69996f43-381a-0318-f8b1-02b8efc8f48a,HUMAN_APPROVED,6cfd41085fbf1b420f28e583599d5b226a362e899678ffe46bb2f52e01fc70d0,3288,image/webp,345,176,lihen-product-web,products/a2b7ffaa-57b0-948d-91d4-0eaa043818c4/69996f43-381a-0318-f8b1-02b8efc8f48a/web/6cfd41085fbf1b420f28e583599d5b226a362e899678ffe46bb2f52e01fc70d0.webp,web-derivatives-v1/files/69996f43-381a-0318-f8b1-02b8efc8f48a.webp
CATV1-P210-R2R,4987bb1c-8a3d-5b29-ebf3-62687e06878c,b6f11758-47d3-7d7e-6f8a-a309feb22064,HUMAN_APPROVED,1bbe75ba7bc55d47aeeb25cb1c41b7df240fca50b5f4841c153d23ab0ac4cff4,3366,image/webp,345,176,lihen-product-web,products/4987bb1c-8a3d-5b29-ebf3-62687e06878c/b6f11758-47d3-7d7e-6f8a-a309feb22064/web/1bbe75ba7bc55d47aeeb25cb1c41b7df240fca50b5f4841c153d23ab0ac4cff4.webp,web-derivatives-v1/files/b6f11758-47d3-7d7e-6f8a-a309feb22064.webp
CATV1-P210-R3L,a58a67d9-1096-db6e-6e87-026e88b4784b,3140251a-7bbc-7439-5b63-171921953b23,HUMAN_APPROVED,98b1a20e2a33b238ac677b74108bec69d3c1ec4a553e77a12f09481a7ff7f780,1762,image/webp,345,176,lihen-product-web,products/a58a67d9-1096-db6e-6e87-026e88b4784b/3140251a-7bbc-7439-5b63-171921953b23/web/98b1a20e2a33b238ac677b74108bec69d3c1ec4a553e77a12f09481a7ff7f780.webp,web-derivatives-v1/files/3140251a-7bbc-7439-5b63-171921953b23.webp
CATV1-P210-R3R,9a469c32-159d-02d7-e89f-158749bc4a85,8598f942-9687-2033-89e2-9a51ba3c63e7,HUMAN_APPROVED,7bdc9917d6cd7261de5c20031b13eeb6dca62fd707624139899b2656b3e001c6,4742,image/webp,345,176,lihen-product-web,products/9a469c32-159d-02d7-e89f-158749bc4a85/8598f942-9687-2033-89e2-9a51ba3c63e7/web/7bdc9917d6cd7261de5c20031b13eeb6dca62fd707624139899b2656b3e001c6.webp,web-derivatives-v1/files/8598f942-9687-2033-89e2-9a51ba3c63e7.webp
CATV1-P211-R1L,f0f1c440-0e69-1523-5383-8a4f3f6c1bcf,617285d7-12b7-6ea2-b293-4b036d77496b,HUMAN_APPROVED,cbf0d20d07491b67950685cf12fd6c429b7cb614df1bde8f5d9bea02a708ba5f,3468,image/webp,345,176,lihen-product-web,products/f0f1c440-0e69-1523-5383-8a4f3f6c1bcf/617285d7-12b7-6ea2-b293-4b036d77496b/web/cbf0d20d07491b67950685cf12fd6c429b7cb614df1bde8f5d9bea02a708ba5f.webp,web-derivatives-v1/files/617285d7-12b7-6ea2-b293-4b036d77496b.webp
CATV1-P211-R1R,5a3f740b-6de5-8d88-c834-be15a1bce478,8ef6789d-3fc4-579a-a684-56144572c87e,HUMAN_APPROVED,f7ddd375d15ceb1a1ef2761562efc0b208fcf460bd1c49a71600c4c523fe4cab,5438,image/webp,345,176,lihen-product-web,products/5a3f740b-6de5-8d88-c834-be15a1bce478/8ef6789d-3fc4-579a-a684-56144572c87e/web/f7ddd375d15ceb1a1ef2761562efc0b208fcf460bd1c49a71600c4c523fe4cab.webp,web-derivatives-v1/files/8ef6789d-3fc4-579a-a684-56144572c87e.webp
CATV1-P211-R2L,cd02fd1b-c2c5-82d1-e4d5-fc89be1edc4e,ed4896df-5979-d9cf-5c41-9ef9b77c002e,HUMAN_APPROVED,bba15d407da196535450b0e825a5e95ada28c22d7695d96a2dbd44ee7895f313,2848,image/webp,345,176,lihen-product-web,products/cd02fd1b-c2c5-82d1-e4d5-fc89be1edc4e/ed4896df-5979-d9cf-5c41-9ef9b77c002e/web/bba15d407da196535450b0e825a5e95ada28c22d7695d96a2dbd44ee7895f313.webp,web-derivatives-v1/files/ed4896df-5979-d9cf-5c41-9ef9b77c002e.webp
CATV1-P211-R2R,e6daafbe-eb42-bd16-1f78-20b9e4082a47,6fdbe667-598d-05ce-5151-074cf4d548f6,HUMAN_APPROVED,ad526fdb1ac78d84235a05b181cfd0fc934034d0bdeb5f2192b11bd683e486c4,1734,image/webp,345,176,lihen-product-web,products/e6daafbe-eb42-bd16-1f78-20b9e4082a47/6fdbe667-598d-05ce-5151-074cf4d548f6/web/ad526fdb1ac78d84235a05b181cfd0fc934034d0bdeb5f2192b11bd683e486c4.webp,web-derivatives-v1/files/6fdbe667-598d-05ce-5151-074cf4d548f6.webp
CATV1-P211-R3L,6d577746-7bd8-a584-eba0-3bf7f0d6bc59,c317acd0-8b01-89ee-8893-80ea5c86d323,HUMAN_APPROVED,d30023701069e0fd0abcd3c6dd3fea873539550977f3d20c064953c62f032067,1600,image/webp,345,176,lihen-product-web,products/6d577746-7bd8-a584-eba0-3bf7f0d6bc59/c317acd0-8b01-89ee-8893-80ea5c86d323/web/d30023701069e0fd0abcd3c6dd3fea873539550977f3d20c064953c62f032067.webp,web-derivatives-v1/files/c317acd0-8b01-89ee-8893-80ea5c86d323.webp
CATV1-P211-R3R,8607b40f-57a8-9998-2a2f-b615f7b34730,2001b450-ec81-538a-4b19-fdf8340a311e,HUMAN_APPROVED,f1d65a1e6c9a1dc7a3ca0fc1d55aab7bebf4a925c3dca71d83809f38d22b7dad,3340,image/webp,345,176,lihen-product-web,products/8607b40f-57a8-9998-2a2f-b615f7b34730/2001b450-ec81-538a-4b19-fdf8340a311e/web/f1d65a1e6c9a1dc7a3ca0fc1d55aab7bebf4a925c3dca71d83809f38d22b7dad.webp,web-derivatives-v1/files/2001b450-ec81-538a-4b19-fdf8340a311e.webp
CATV1-P213-R1L,7b4907ce-40b3-2a09-f715-fcd042a8c9d6,2a779811-8dbb-9585-8962-d1235ca04820,POLICY_APPROVED,57ad615159ff20be75569cea4f53f690e9b7b9056d36d65555de3662943815a0,2452,image/webp,345,176,lihen-product-web,products/7b4907ce-40b3-2a09-f715-fcd042a8c9d6/2a779811-8dbb-9585-8962-d1235ca04820/web/57ad615159ff20be75569cea4f53f690e9b7b9056d36d65555de3662943815a0.webp,web-derivatives-v1/files/2a779811-8dbb-9585-8962-d1235ca04820.webp
CATV1-P213-R1R,067a41e9-54cf-1d78-5024-8229e2ab4b63,6968b134-7cb9-76cc-0c2a-b2324eb6e742,POLICY_APPROVED,c3229fc302d1ad032efc50c08b0642554f78ad2f15c89b037361cc2bcbf2b401,6978,image/webp,345,176,lihen-product-web,products/067a41e9-54cf-1d78-5024-8229e2ab4b63/6968b134-7cb9-76cc-0c2a-b2324eb6e742/web/c3229fc302d1ad032efc50c08b0642554f78ad2f15c89b037361cc2bcbf2b401.webp,web-derivatives-v1/files/6968b134-7cb9-76cc-0c2a-b2324eb6e742.webp
CATV1-P213-R2L,adf830e2-d66e-9a21-1d01-f12f34748f97,05011a8a-bd2d-678b-1274-2459c1558525,POLICY_APPROVED,8f9660d16c36c9e01c61de2b930f7fd9e60e5f9ed2dd50f896addc3ce1df22c5,2856,image/webp,345,176,lihen-product-web,products/adf830e2-d66e-9a21-1d01-f12f34748f97/05011a8a-bd2d-678b-1274-2459c1558525/web/8f9660d16c36c9e01c61de2b930f7fd9e60e5f9ed2dd50f896addc3ce1df22c5.webp,web-derivatives-v1/files/05011a8a-bd2d-678b-1274-2459c1558525.webp
CATV1-P213-R3L,de97e8f9-200a-4e69-ea89-e70a88bd015a,1c00c26e-c8c1-2014-4ffc-fbd9b8dd56f5,POLICY_APPROVED,698d11da7aafa008187bda5c866cfedfca6dcf4c2f7970629ac98f7eecbff9da,4232,image/webp,345,176,lihen-product-web,products/de97e8f9-200a-4e69-ea89-e70a88bd015a/1c00c26e-c8c1-2014-4ffc-fbd9b8dd56f5/web/698d11da7aafa008187bda5c866cfedfca6dcf4c2f7970629ac98f7eecbff9da.webp,web-derivatives-v1/files/1c00c26e-c8c1-2014-4ffc-fbd9b8dd56f5.webp
CATV1-P214-R1L,f6dc9c3d-2d23-340c-4e33-2b36337bfe5b,3cb22606-bcd7-6981-767e-e9afb02da34d,POLICY_APPROVED,4cb333c53d2db0dcc6a02b2a301256b76dd40e69dd693d5bcd91ac93a94b12b5,4098,image/webp,345,176,lihen-product-web,products/f6dc9c3d-2d23-340c-4e33-2b36337bfe5b/3cb22606-bcd7-6981-767e-e9afb02da34d/web/4cb333c53d2db0dcc6a02b2a301256b76dd40e69dd693d5bcd91ac93a94b12b5.webp,web-derivatives-v1/files/3cb22606-bcd7-6981-767e-e9afb02da34d.webp
CATV1-P214-R1R,f015a83d-4af8-d476-b727-b4adaff47e71,8d3e4da7-58c7-887f-bdcc-fe43aa0d5132,POLICY_APPROVED,35e5b2a311528162c4226216124db59226d109071bc17779ba3ff87e88769c55,3918,image/webp,345,176,lihen-product-web,products/f015a83d-4af8-d476-b727-b4adaff47e71/8d3e4da7-58c7-887f-bdcc-fe43aa0d5132/web/35e5b2a311528162c4226216124db59226d109071bc17779ba3ff87e88769c55.webp,web-derivatives-v1/files/8d3e4da7-58c7-887f-bdcc-fe43aa0d5132.webp
CATV1-P214-R2L,2c519484-9d43-798a-de44-694cbdf347c2,6e8cedb1-70db-cf46-03ba-7bada79823e4,POLICY_APPROVED,f3461a8383baf5d0d74bcdf37f8d8f340972f1c94619109446e3593389a6bfaf,3624,image/webp,345,176,lihen-product-web,products/2c519484-9d43-798a-de44-694cbdf347c2/6e8cedb1-70db-cf46-03ba-7bada79823e4/web/f3461a8383baf5d0d74bcdf37f8d8f340972f1c94619109446e3593389a6bfaf.webp,web-derivatives-v1/files/6e8cedb1-70db-cf46-03ba-7bada79823e4.webp
CATV1-P215-R1L,a4c6526b-ed53-584b-6adb-afb115b51d97,541b2267-7b64-be18-e0c1-93339ca550d9,HUMAN_APPROVED,32134d4fe02506fcee0238ddd78eaeffea177a6f03c9789baaab0c9ce587ae2a,4932,image/webp,345,176,lihen-product-web,products/a4c6526b-ed53-584b-6adb-afb115b51d97/541b2267-7b64-be18-e0c1-93339ca550d9/web/32134d4fe02506fcee0238ddd78eaeffea177a6f03c9789baaab0c9ce587ae2a.webp,web-derivatives-v1/files/541b2267-7b64-be18-e0c1-93339ca550d9.webp
CATV1-P215-R1R,0213d205-518d-369f-decc-2b9ccf4a1d3b,53b5ff91-f3b0-fab5-5288-5a5f9a171a35,POLICY_APPROVED,1a75958b988d45f21ea26bbf0e46d7bac6aeac07aef024c9d4c234962e8f82e4,3782,image/webp,345,176,lihen-product-web,products/0213d205-518d-369f-decc-2b9ccf4a1d3b/53b5ff91-f3b0-fab5-5288-5a5f9a171a35/web/1a75958b988d45f21ea26bbf0e46d7bac6aeac07aef024c9d4c234962e8f82e4.webp,web-derivatives-v1/files/53b5ff91-f3b0-fab5-5288-5a5f9a171a35.webp
CATV1-P215-R2L,b6d7e6f1-634f-0f1c-f804-555dfe1633b0,112d00c6-1460-0518-6f19-d49b718384ad,POLICY_APPROVED,6c7f334bb9b955bafaf0350262178c2efa05f96cd0b5873f0b5aa7bc39bb8d5a,4244,image/webp,345,176,lihen-product-web,products/b6d7e6f1-634f-0f1c-f804-555dfe1633b0/112d00c6-1460-0518-6f19-d49b718384ad/web/6c7f334bb9b955bafaf0350262178c2efa05f96cd0b5873f0b5aa7bc39bb8d5a.webp,web-derivatives-v1/files/112d00c6-1460-0518-6f19-d49b718384ad.webp
CATV1-P215-R2R,a6496c6b-dbe1-2a2b-dfc8-04c7de14d27f,ce5cf312-52b0-68b8-f10e-e506b072c13a,POLICY_APPROVED,47d11f35e91643ead96ff0d8cd0de5425f89820d467bb58ac2c7d3cd69700415,5230,image/webp,345,176,lihen-product-web,products/a6496c6b-dbe1-2a2b-dfc8-04c7de14d27f/ce5cf312-52b0-68b8-f10e-e506b072c13a/web/47d11f35e91643ead96ff0d8cd0de5425f89820d467bb58ac2c7d3cd69700415.webp,web-derivatives-v1/files/ce5cf312-52b0-68b8-f10e-e506b072c13a.webp
CATV1-P215-R3L,33087173-22f0-7adc-8127-15e04da0bba6,6aaf49ac-1962-d5d1-44e5-651c7a86b8f7,POLICY_APPROVED,4a46dc7f6b526cb52868a2ee3dee56a177ac24d260196d7b91362997fe8dec6c,3712,image/webp,345,176,lihen-product-web,products/33087173-22f0-7adc-8127-15e04da0bba6/6aaf49ac-1962-d5d1-44e5-651c7a86b8f7/web/4a46dc7f6b526cb52868a2ee3dee56a177ac24d260196d7b91362997fe8dec6c.webp,web-derivatives-v1/files/6aaf49ac-1962-d5d1-44e5-651c7a86b8f7.webp
CATV1-P215-R3R,619a5a79-926b-fce2-1ed0-3eea7ae3f359,e2e01058-d9be-50dc-323c-2fb6ceb0b423,POLICY_APPROVED,7833d88371ee00e1eb82676b13edf4de068de78208889b52e931de3b89ec5543,1424,image/webp,345,176,lihen-product-web,products/619a5a79-926b-fce2-1ed0-3eea7ae3f359/e2e01058-d9be-50dc-323c-2fb6ceb0b423/web/7833d88371ee00e1eb82676b13edf4de068de78208889b52e931de3b89ec5543.webp,web-derivatives-v1/files/e2e01058-d9be-50dc-323c-2fb6ceb0b423.webp
CATV1-P216-R1R,98c2bbe1-5b2a-2d03-8b1b-c05d9c75c45e,bdbff4da-85b0-d8f6-0739-86dbd0bee0fa,POLICY_APPROVED,991fa9796715b3e65fad95ea5150d653ff70035533b8de6ad696b4827834cd59,7228,image/webp,345,176,lihen-product-web,products/98c2bbe1-5b2a-2d03-8b1b-c05d9c75c45e/bdbff4da-85b0-d8f6-0739-86dbd0bee0fa/web/991fa9796715b3e65fad95ea5150d653ff70035533b8de6ad696b4827834cd59.webp,web-derivatives-v1/files/bdbff4da-85b0-d8f6-0739-86dbd0bee0fa.webp
CATV1-P216-R2L,7f34d876-667b-2839-df6b-2ea75df298b0,dd6ebd9c-c366-78d6-6159-e8e7d7cd195c,POLICY_APPROVED,0ec7c32333e972880998293654afad49b854a593ca7f44b2a5f4e45c44cde6ae,5436,image/webp,345,176,lihen-product-web,products/7f34d876-667b-2839-df6b-2ea75df298b0/dd6ebd9c-c366-78d6-6159-e8e7d7cd195c/web/0ec7c32333e972880998293654afad49b854a593ca7f44b2a5f4e45c44cde6ae.webp,web-derivatives-v1/files/dd6ebd9c-c366-78d6-6159-e8e7d7cd195c.webp
CATV1-P216-R2R,46f871d4-83c9-d9c1-b6de-39410ccf0693,9763db98-9a55-a894-263b-1859bedbd89f,POLICY_APPROVED,5b893dd042370d388a24825a34a674b28634026503aabe9386aa89b5d7162d1f,3360,image/webp,345,176,lihen-product-web,products/46f871d4-83c9-d9c1-b6de-39410ccf0693/9763db98-9a55-a894-263b-1859bedbd89f/web/5b893dd042370d388a24825a34a674b28634026503aabe9386aa89b5d7162d1f.webp,web-derivatives-v1/files/9763db98-9a55-a894-263b-1859bedbd89f.webp
CATV1-P216-R3L,3a363c08-5a9c-9366-5216-042ea8f19725,b0ba478c-d3bd-f1e9-3f8d-8b5e9d63d494,POLICY_APPROVED,eb650ee213193fbc7795dcbae8c1f2f1ae0610907d4b57dbc675926ed93841f9,3646,image/webp,345,176,lihen-product-web,products/3a363c08-5a9c-9366-5216-042ea8f19725/b0ba478c-d3bd-f1e9-3f8d-8b5e9d63d494/web/eb650ee213193fbc7795dcbae8c1f2f1ae0610907d4b57dbc675926ed93841f9.webp,web-derivatives-v1/files/b0ba478c-d3bd-f1e9-3f8d-8b5e9d63d494.webp
CATV1-P216-R3R,c7f80f6a-a930-3444-e0f9-ca96486d6cc9,c58cdc9a-2250-64aa-863e-f5c47e6507d6,POLICY_APPROVED,fb825f5345fbb8d79463421036fc7107e07d8d48c469fde5773830ed95158c7c,3762,image/webp,345,176,lihen-product-web,products/c7f80f6a-a930-3444-e0f9-ca96486d6cc9/c58cdc9a-2250-64aa-863e-f5c47e6507d6/web/fb825f5345fbb8d79463421036fc7107e07d8d48c469fde5773830ed95158c7c.webp,web-derivatives-v1/files/c58cdc9a-2250-64aa-863e-f5c47e6507d6.webp
CATV1-P218-R1L,589287be-cd85-ec7e-ce2e-3b9ebfb7305c,74ab4d05-ea26-6298-798c-41cde6cd2bb1,HUMAN_APPROVED,452ced38dba475d1d16ef68cf4f271485e5356c08f6f96ab64b2c2f9e405a7fd,3138,image/webp,345,176,lihen-product-web,products/589287be-cd85-ec7e-ce2e-3b9ebfb7305c/74ab4d05-ea26-6298-798c-41cde6cd2bb1/web/452ced38dba475d1d16ef68cf4f271485e5356c08f6f96ab64b2c2f9e405a7fd.webp,web-derivatives-v1/files/74ab4d05-ea26-6298-798c-41cde6cd2bb1.webp
CATV1-P218-R1R,00377db3-47b5-e0a4-8261-30c173ca24f1,b4bc067e-ad48-faa7-5157-2e9aa955fb7c,POLICY_APPROVED,1f9f5a195ad7f7f3594b45a8cd90b7cb5d6c2e230424970b8b689155d5e0008b,4712,image/webp,345,176,lihen-product-web,products/00377db3-47b5-e0a4-8261-30c173ca24f1/b4bc067e-ad48-faa7-5157-2e9aa955fb7c/web/1f9f5a195ad7f7f3594b45a8cd90b7cb5d6c2e230424970b8b689155d5e0008b.webp,web-derivatives-v1/files/b4bc067e-ad48-faa7-5157-2e9aa955fb7c.webp
CATV1-P218-R2L,b2fda272-4ed8-03a4-70a7-2086ac71d284,d28abb07-df36-c94f-9b2a-a79302a8d9d9,POLICY_APPROVED,c2320251ed8a98099f822f15d1c50581212ca9e7f7a96fb51ba3dacbf0412770,2254,image/webp,345,176,lihen-product-web,products/b2fda272-4ed8-03a4-70a7-2086ac71d284/d28abb07-df36-c94f-9b2a-a79302a8d9d9/web/c2320251ed8a98099f822f15d1c50581212ca9e7f7a96fb51ba3dacbf0412770.webp,web-derivatives-v1/files/d28abb07-df36-c94f-9b2a-a79302a8d9d9.webp
CATV1-P218-R2R,82444955-c678-81ce-284c-e3d954c30467,bb3013db-d69b-1e60-7a11-1f1f469efa5c,POLICY_APPROVED,3da5bb842fa622521936c409a339b8b39486b614b93a876ebae5d89e12f199d4,2706,image/webp,345,176,lihen-product-web,products/82444955-c678-81ce-284c-e3d954c30467/bb3013db-d69b-1e60-7a11-1f1f469efa5c/web/3da5bb842fa622521936c409a339b8b39486b614b93a876ebae5d89e12f199d4.webp,web-derivatives-v1/files/bb3013db-d69b-1e60-7a11-1f1f469efa5c.webp
CATV1-P218-R3L,c9432f02-1363-e7bd-1868-18298b96412a,011abccc-72ab-4ffd-2011-0f9c3c1ca704,HUMAN_APPROVED,ada17a5dc4e277e711381c78078c4a03c5cc7121daeab5dd344d1361f0d459c7,7428,image/webp,345,176,lihen-product-web,products/c9432f02-1363-e7bd-1868-18298b96412a/011abccc-72ab-4ffd-2011-0f9c3c1ca704/web/ada17a5dc4e277e711381c78078c4a03c5cc7121daeab5dd344d1361f0d459c7.webp,web-derivatives-v1/files/011abccc-72ab-4ffd-2011-0f9c3c1ca704.webp
CATV1-P218-R3R,09f99e04-e8b1-a66b-eb18-c003994f5f4c,7b88db5e-1bcd-e08b-ab34-8def3b4f104a,POLICY_APPROVED,45acc40acd1a5313425e6fb1d07201d4bcb3a0abd0384abf8cd22952f50a9712,3036,image/webp,345,176,lihen-product-web,products/09f99e04-e8b1-a66b-eb18-c003994f5f4c/7b88db5e-1bcd-e08b-ab34-8def3b4f104a/web/45acc40acd1a5313425e6fb1d07201d4bcb3a0abd0384abf8cd22952f50a9712.webp,web-derivatives-v1/files/7b88db5e-1bcd-e08b-ab34-8def3b4f104a.webp
CATV1-P219-R1L,684cc3f1-9a24-0a72-06eb-45616bc4a7a5,36a15f85-b64d-2acc-597c-904f5e612827,POLICY_APPROVED,7fbb5a39a7e4373cd6bd3243edff30700a1f5e48bea0be4723189ef1c2507d84,1890,image/webp,345,176,lihen-product-web,products/684cc3f1-9a24-0a72-06eb-45616bc4a7a5/36a15f85-b64d-2acc-597c-904f5e612827/web/7fbb5a39a7e4373cd6bd3243edff30700a1f5e48bea0be4723189ef1c2507d84.webp,web-derivatives-v1/files/36a15f85-b64d-2acc-597c-904f5e612827.webp
CATV1-P220-R1L,27f16e03-fcc2-2ce8-d50b-21c8e2fdeb08,109dfcb1-0edd-b187-dd8a-fe7c9d75cbf7,POLICY_APPROVED,5986e10d2d425f3052c5e04b2e8738e712bc10533cdab4ad45b19cc798bec9fb,4508,image/webp,345,176,lihen-product-web,products/27f16e03-fcc2-2ce8-d50b-21c8e2fdeb08/109dfcb1-0edd-b187-dd8a-fe7c9d75cbf7/web/5986e10d2d425f3052c5e04b2e8738e712bc10533cdab4ad45b19cc798bec9fb.webp,web-derivatives-v1/files/109dfcb1-0edd-b187-dd8a-fe7c9d75cbf7.webp
CATV1-P220-R1R,0f161d80-fa09-90b5-3978-b0f59fba3cfb,922a4bcb-5e74-79b6-34a7-97c8f928f4d9,POLICY_APPROVED,66ed1871bd54f9bf787e6723d74fe192df1e589efa53703b1fb26db22c5d511c,6106,image/webp,345,176,lihen-product-web,products/0f161d80-fa09-90b5-3978-b0f59fba3cfb/922a4bcb-5e74-79b6-34a7-97c8f928f4d9/web/66ed1871bd54f9bf787e6723d74fe192df1e589efa53703b1fb26db22c5d511c.webp,web-derivatives-v1/files/922a4bcb-5e74-79b6-34a7-97c8f928f4d9.webp
CATV1-P220-R2L,7fffbd41-eac6-551f-f163-c2d8a0edae8e,79a374a5-fa3c-92fb-041b-777093dbc282,POLICY_APPROVED,cfb3e0b9bc8a366326f8d3cff6fb163eff50df84c9742e37fe84144e512b5496,1800,image/webp,345,176,lihen-product-web,products/7fffbd41-eac6-551f-f163-c2d8a0edae8e/79a374a5-fa3c-92fb-041b-777093dbc282/web/cfb3e0b9bc8a366326f8d3cff6fb163eff50df84c9742e37fe84144e512b5496.webp,web-derivatives-v1/files/79a374a5-fa3c-92fb-041b-777093dbc282.webp
CATV1-P220-R2R,91e76743-969b-d8e5-9b6f-d96b8e720654,5a2522dc-6401-48e8-ba05-4084d6f6a438,HUMAN_APPROVED,fb7157e7637390ed1b72303227dce6ec5f189ad83349cfac82a7868d69efbe02,5236,image/webp,345,176,lihen-product-web,products/91e76743-969b-d8e5-9b6f-d96b8e720654/5a2522dc-6401-48e8-ba05-4084d6f6a438/web/fb7157e7637390ed1b72303227dce6ec5f189ad83349cfac82a7868d69efbe02.webp,web-derivatives-v1/files/5a2522dc-6401-48e8-ba05-4084d6f6a438.webp
CATV1-P220-R3L,b671bb7c-fcd1-d2a4-83d2-5159a6bb7097,81d94986-8a33-48ec-160c-70792bc9d736,HUMAN_APPROVED,6d2420592dcb5a1685d916b0bff30bc32b0929d8f651ebc4e7e4590cde2bbfda,2230,image/webp,345,176,lihen-product-web,products/b671bb7c-fcd1-d2a4-83d2-5159a6bb7097/81d94986-8a33-48ec-160c-70792bc9d736/web/6d2420592dcb5a1685d916b0bff30bc32b0929d8f651ebc4e7e4590cde2bbfda.webp,web-derivatives-v1/files/81d94986-8a33-48ec-160c-70792bc9d736.webp
CATV1-P220-R3R,b0d56c6b-8f2c-7f68-61b0-6e1e6a4495a0,4f6490ee-625b-58aa-351a-3b4345720aa6,POLICY_APPROVED,1ee89e092244a3a4f78c4317459d4068dcbe4cb7d01b5389e4f35274e8742218,4024,image/webp,345,176,lihen-product-web,products/b0d56c6b-8f2c-7f68-61b0-6e1e6a4495a0/4f6490ee-625b-58aa-351a-3b4345720aa6/web/1ee89e092244a3a4f78c4317459d4068dcbe4cb7d01b5389e4f35274e8742218.webp,web-derivatives-v1/files/4f6490ee-625b-58aa-351a-3b4345720aa6.webp
CATV1-P221-R1L,39cdca55-a5e2-2ea7-f53b-5ea0eb5b121b,d1f1f6ad-7ff2-0d3a-5002-918703bd8f69,POLICY_APPROVED,8277d1f775b56e0ad8e600f50e8293f0d1d10c0dcabd712591a11ab84d800806,2600,image/webp,345,176,lihen-product-web,products/39cdca55-a5e2-2ea7-f53b-5ea0eb5b121b/d1f1f6ad-7ff2-0d3a-5002-918703bd8f69/web/8277d1f775b56e0ad8e600f50e8293f0d1d10c0dcabd712591a11ab84d800806.webp,web-derivatives-v1/files/d1f1f6ad-7ff2-0d3a-5002-918703bd8f69.webp
CATV1-P221-R1R,fc853c85-4237-c3e8-75fc-64c9dc22d68d,8a699a98-4348-8e1b-852f-585c7c72d96e,POLICY_APPROVED,40d6761f2575e9a0a99848e5909f12850af3498d59ee33b92fb41d1db675945e,4580,image/webp,345,176,lihen-product-web,products/fc853c85-4237-c3e8-75fc-64c9dc22d68d/8a699a98-4348-8e1b-852f-585c7c72d96e/web/40d6761f2575e9a0a99848e5909f12850af3498d59ee33b92fb41d1db675945e.webp,web-derivatives-v1/files/8a699a98-4348-8e1b-852f-585c7c72d96e.webp
CATV1-P221-R2L,41e29dc5-12b9-bd33-ad5f-d942c56e9dbe,b1c67cc5-982b-05ad-6ed3-d9ee9018ea26,POLICY_APPROVED,1920c764f0151be3e61e562617c5546bf5fef1ebd707cea5966c903936d6a7f3,5042,image/webp,345,176,lihen-product-web,products/41e29dc5-12b9-bd33-ad5f-d942c56e9dbe/b1c67cc5-982b-05ad-6ed3-d9ee9018ea26/web/1920c764f0151be3e61e562617c5546bf5fef1ebd707cea5966c903936d6a7f3.webp,web-derivatives-v1/files/b1c67cc5-982b-05ad-6ed3-d9ee9018ea26.webp
CATV1-P221-R2R,86d598dd-5499-885d-0613-efae11ef7d61,52f3fd85-5e87-36e0-2f17-46f9c0216752,HUMAN_APPROVED,ae0eb6e971f6bf36f7e6a8273c7b2f5cc8919077f9fb62ba6c26aa9c09b0a917,3408,image/webp,345,176,lihen-product-web,products/86d598dd-5499-885d-0613-efae11ef7d61/52f3fd85-5e87-36e0-2f17-46f9c0216752/web/ae0eb6e971f6bf36f7e6a8273c7b2f5cc8919077f9fb62ba6c26aa9c09b0a917.webp,web-derivatives-v1/files/52f3fd85-5e87-36e0-2f17-46f9c0216752.webp
CATV1-P221-R3L,4e4a7bb7-87d5-4b62-3fa5-d3473a91661a,0742d405-494a-85a5-c732-42f91422bd1f,HUMAN_APPROVED,c47200e78f99a914cf0ba5ef0833733a47fc7d3db027579ecd039ed6e481a79f,6092,image/webp,345,176,lihen-product-web,products/4e4a7bb7-87d5-4b62-3fa5-d3473a91661a/0742d405-494a-85a5-c732-42f91422bd1f/web/c47200e78f99a914cf0ba5ef0833733a47fc7d3db027579ecd039ed6e481a79f.webp,web-derivatives-v1/files/0742d405-494a-85a5-c732-42f91422bd1f.webp
CATV1-P221-R3R,5ba50c3b-466c-41e7-4c99-0bd318f012da,2717acf5-8340-6b2e-03de-ccd42dd96208,HUMAN_APPROVED,8cb8a58f282893909384eb0392295137cf9176e203d339cd41d271877f53fd64,2826,image/webp,345,176,lihen-product-web,products/5ba50c3b-466c-41e7-4c99-0bd318f012da/2717acf5-8340-6b2e-03de-ccd42dd96208/web/8cb8a58f282893909384eb0392295137cf9176e203d339cd41d271877f53fd64.webp,web-derivatives-v1/files/2717acf5-8340-6b2e-03de-ccd42dd96208.webp
CATV1-P222-R1R,78a16a51-31b4-e640-cc1a-43f11254d299,75d0d22b-3ebd-b327-c8c8-30badc9922c1,POLICY_APPROVED,52fc5ba18a1d91d9b4ae186d57b7bc784a6beda101393ae15bc09b9231588b7c,5054,image/webp,345,176,lihen-product-web,products/78a16a51-31b4-e640-cc1a-43f11254d299/75d0d22b-3ebd-b327-c8c8-30badc9922c1/web/52fc5ba18a1d91d9b4ae186d57b7bc784a6beda101393ae15bc09b9231588b7c.webp,web-derivatives-v1/files/75d0d22b-3ebd-b327-c8c8-30badc9922c1.webp
CATV1-P222-R2R,c0525d16-8f02-fc34-d01a-3ae50741d822,2a9a82c9-5b06-6b6f-838f-a8df64d38377,POLICY_APPROVED,08acab029c77c74f07b18b521df9b6a90b45fdd4b3582fec37f04fcb03e2c745,1538,image/webp,345,176,lihen-product-web,products/c0525d16-8f02-fc34-d01a-3ae50741d822/2a9a82c9-5b06-6b6f-838f-a8df64d38377/web/08acab029c77c74f07b18b521df9b6a90b45fdd4b3582fec37f04fcb03e2c745.webp,web-derivatives-v1/files/2a9a82c9-5b06-6b6f-838f-a8df64d38377.webp
CATV1-P223-R1R,c477ec1c-cd6e-4ce1-59e8-823d15a4f848,fd2abac3-5cf6-1796-dd6c-807f4e80ba79,HUMAN_APPROVED,d7ee7435cefbf1b6c970d2de8353fbf86bdf9dabc2feda596548dd4fa608a030,3006,image/webp,345,176,lihen-product-web,products/c477ec1c-cd6e-4ce1-59e8-823d15a4f848/fd2abac3-5cf6-1796-dd6c-807f4e80ba79/web/d7ee7435cefbf1b6c970d2de8353fbf86bdf9dabc2feda596548dd4fa608a030.webp,web-derivatives-v1/files/fd2abac3-5cf6-1796-dd6c-807f4e80ba79.webp
CATV1-P223-R2L,728c884b-f722-f249-090a-9df932ac6d78,20639c3e-79d9-5971-4c73-ba3084dc5786,POLICY_APPROVED,878de2ea73dd24a5b48ca663dce6b89c8b4d1265ccb208687c3f7f7237a30122,3248,image/webp,345,176,lihen-product-web,products/728c884b-f722-f249-090a-9df932ac6d78/20639c3e-79d9-5971-4c73-ba3084dc5786/web/878de2ea73dd24a5b48ca663dce6b89c8b4d1265ccb208687c3f7f7237a30122.webp,web-derivatives-v1/files/20639c3e-79d9-5971-4c73-ba3084dc5786.webp
CATV1-P223-R2R,a4c3224f-9968-ca20-841c-1409e1f77f52,6bb006f5-5ab6-f51a-4c28-12cafec889f7,POLICY_APPROVED,b9ee8a57011d7833ddf99d9198b12bd5b7abf0a58d6220399ac6775ec0c00a6d,3086,image/webp,345,176,lihen-product-web,products/a4c3224f-9968-ca20-841c-1409e1f77f52/6bb006f5-5ab6-f51a-4c28-12cafec889f7/web/b9ee8a57011d7833ddf99d9198b12bd5b7abf0a58d6220399ac6775ec0c00a6d.webp,web-derivatives-v1/files/6bb006f5-5ab6-f51a-4c28-12cafec889f7.webp
CATV1-P223-R3L,27d3e080-4b71-0dc9-6fa8-19cde77a4cd2,f6d8cfac-0dce-eeaa-2b44-1ffd7f29d6b6,POLICY_APPROVED,18ec79c688964501da44a2c86b32380728ae9b512be5e9e5ca4f4bf67ca6e5f5,6192,image/webp,345,176,lihen-product-web,products/27d3e080-4b71-0dc9-6fa8-19cde77a4cd2/f6d8cfac-0dce-eeaa-2b44-1ffd7f29d6b6/web/18ec79c688964501da44a2c86b32380728ae9b512be5e9e5ca4f4bf67ca6e5f5.webp,web-derivatives-v1/files/f6d8cfac-0dce-eeaa-2b44-1ffd7f29d6b6.webp
CATV1-P223-R3R,9291d5da-d6fe-a4da-410c-e12a5ad05659,85772f7d-cad0-d307-c033-22bf708f690a,POLICY_APPROVED,edfe946f20cc0e0270f7e8fbaf1fd5b63e2973e25d89da8d2fd1d6c4adc7786a,6282,image/webp,345,176,lihen-product-web,products/9291d5da-d6fe-a4da-410c-e12a5ad05659/85772f7d-cad0-d307-c033-22bf708f690a/web/edfe946f20cc0e0270f7e8fbaf1fd5b63e2973e25d89da8d2fd1d6c4adc7786a.webp,web-derivatives-v1/files/85772f7d-cad0-d307-c033-22bf708f690a.webp
CATV1-P225-R1L,020ad2bb-e953-a783-14e4-54049c2be667,dad3d027-2927-7129-6d7a-838415e6589c,POLICY_APPROVED,38e39dc505258d06793bd9e76c2ddbdff6c6e4c6e07d207c8dfd926338538284,4092,image/webp,345,176,lihen-product-web,products/020ad2bb-e953-a783-14e4-54049c2be667/dad3d027-2927-7129-6d7a-838415e6589c/web/38e39dc505258d06793bd9e76c2ddbdff6c6e4c6e07d207c8dfd926338538284.webp,web-derivatives-v1/files/dad3d027-2927-7129-6d7a-838415e6589c.webp
CATV1-P225-R1R,002d9983-23cf-4d3f-f37b-82740a00c1bd,86cce47c-8f45-6999-8f8a-0f000fd88821,POLICY_APPROVED,6ce9ec157e90d36d1fd064a99e66050c90a17b34de5b6213f4e71e1cc0728a2f,2626,image/webp,345,176,lihen-product-web,products/002d9983-23cf-4d3f-f37b-82740a00c1bd/86cce47c-8f45-6999-8f8a-0f000fd88821/web/6ce9ec157e90d36d1fd064a99e66050c90a17b34de5b6213f4e71e1cc0728a2f.webp,web-derivatives-v1/files/86cce47c-8f45-6999-8f8a-0f000fd88821.webp
CATV1-P225-R2L,22b6b085-f8c1-292e-8da1-cf62bca20321,779070b2-55b7-dc14-5f80-d6649893047a,POLICY_APPROVED,3590c81c9267109ac1aca928236826f7498fb1adfa8a8c13aa500e4ad30b2cd4,5268,image/webp,345,176,lihen-product-web,products/22b6b085-f8c1-292e-8da1-cf62bca20321/779070b2-55b7-dc14-5f80-d6649893047a/web/3590c81c9267109ac1aca928236826f7498fb1adfa8a8c13aa500e4ad30b2cd4.webp,web-derivatives-v1/files/779070b2-55b7-dc14-5f80-d6649893047a.webp
CATV1-P225-R2R,befbb3db-7f50-bd8c-f7df-4fb6a4648ba7,5ad27ec3-5b28-5b59-eccb-fb5e1611f294,HUMAN_APPROVED,7ffe60a498146e8a70afdc171bf0ef2c8322c9e0dbb736f030a78b1dc97ddab3,2484,image/webp,345,176,lihen-product-web,products/befbb3db-7f50-bd8c-f7df-4fb6a4648ba7/5ad27ec3-5b28-5b59-eccb-fb5e1611f294/web/7ffe60a498146e8a70afdc171bf0ef2c8322c9e0dbb736f030a78b1dc97ddab3.webp,web-derivatives-v1/files/5ad27ec3-5b28-5b59-eccb-fb5e1611f294.webp
CATV1-P225-R3L,9436a43b-27d6-f8c4-fb64-b4f0aa0d47e1,af826239-58c0-aef6-28ef-9805b9f78c0b,POLICY_APPROVED,c7ef3b84f57db14cf84a4fb16ae31db79e61cbf70712c9680dfb1542370f68a5,4012,image/webp,345,176,lihen-product-web,products/9436a43b-27d6-f8c4-fb64-b4f0aa0d47e1/af826239-58c0-aef6-28ef-9805b9f78c0b/web/c7ef3b84f57db14cf84a4fb16ae31db79e61cbf70712c9680dfb1542370f68a5.webp,web-derivatives-v1/files/af826239-58c0-aef6-28ef-9805b9f78c0b.webp
CATV1-P225-R3R,5c69e5ff-505b-67c6-a235-77678b85ce0a,6a604fa7-db15-00ec-021c-d82f98f19e09,POLICY_APPROVED,0d7ad056c8b1a2dc85f4ee41a1f1bef1f9d3241ba6d0b6ff918029ebf2da3d4e,1760,image/webp,345,176,lihen-product-web,products/5c69e5ff-505b-67c6-a235-77678b85ce0a/6a604fa7-db15-00ec-021c-d82f98f19e09/web/0d7ad056c8b1a2dc85f4ee41a1f1bef1f9d3241ba6d0b6ff918029ebf2da3d4e.webp,web-derivatives-v1/files/6a604fa7-db15-00ec-021c-d82f98f19e09.webp
CATV1-P226-R1L,cf729520-063b-29f0-9c25-f95649a1edf6,59839ae8-71ea-ee79-924a-f087a2a6d163,POLICY_APPROVED,35a49b4d8b656b54d3cb4a0e2daa35abaea123a488fa6111a0d8e428f69739c7,4724,image/webp,345,176,lihen-product-web,products/cf729520-063b-29f0-9c25-f95649a1edf6/59839ae8-71ea-ee79-924a-f087a2a6d163/web/35a49b4d8b656b54d3cb4a0e2daa35abaea123a488fa6111a0d8e428f69739c7.webp,web-derivatives-v1/files/59839ae8-71ea-ee79-924a-f087a2a6d163.webp
CATV1-P226-R1R,a35c36bd-9084-61ee-2339-a97dca256e7f,182cb4b8-1af5-ae06-2c2f-dfa18d38e4f0,POLICY_APPROVED,7cfc0841efedd1c3a18082ca5e607955d840edac32b6cfbd8a14e90a4ee3ca7b,1430,image/webp,345,176,lihen-product-web,products/a35c36bd-9084-61ee-2339-a97dca256e7f/182cb4b8-1af5-ae06-2c2f-dfa18d38e4f0/web/7cfc0841efedd1c3a18082ca5e607955d840edac32b6cfbd8a14e90a4ee3ca7b.webp,web-derivatives-v1/files/182cb4b8-1af5-ae06-2c2f-dfa18d38e4f0.webp
CATV1-P226-R2L,f915aa15-702f-5efd-3313-a01f27156b70,fb2178d9-4dbf-8683-585c-6b4e42991037,POLICY_APPROVED,d5a364dea78b9e8e2e345817577e540ed48c26e53657fb176a9789c6361e8f5b,6138,image/webp,345,176,lihen-product-web,products/f915aa15-702f-5efd-3313-a01f27156b70/fb2178d9-4dbf-8683-585c-6b4e42991037/web/d5a364dea78b9e8e2e345817577e540ed48c26e53657fb176a9789c6361e8f5b.webp,web-derivatives-v1/files/fb2178d9-4dbf-8683-585c-6b4e42991037.webp
CATV1-P226-R2R,15bd26fa-3087-ae43-fe16-b69657a5c179,7db14c4f-7cc5-d2f2-e231-c087163f5b4a,POLICY_APPROVED,27b089e6703ad8e583aba70ca6bdb34d93752b7cf00c94dfd5fcf1763467f6a3,6276,image/webp,345,176,lihen-product-web,products/15bd26fa-3087-ae43-fe16-b69657a5c179/7db14c4f-7cc5-d2f2-e231-c087163f5b4a/web/27b089e6703ad8e583aba70ca6bdb34d93752b7cf00c94dfd5fcf1763467f6a3.webp,web-derivatives-v1/files/7db14c4f-7cc5-d2f2-e231-c087163f5b4a.webp
CATV1-P227-R1L,449a5ce3-27f7-ecf9-1eba-4f8336de1da7,a7fb5a3e-bd2e-673c-20f2-a95866f7a130,POLICY_APPROVED,42ab5a9e2deb6805ccebac4f047ccbe007b353826c05ecc19e668b0b0d362f1c,3212,image/webp,345,176,lihen-product-web,products/449a5ce3-27f7-ecf9-1eba-4f8336de1da7/a7fb5a3e-bd2e-673c-20f2-a95866f7a130/web/42ab5a9e2deb6805ccebac4f047ccbe007b353826c05ecc19e668b0b0d362f1c.webp,web-derivatives-v1/files/a7fb5a3e-bd2e-673c-20f2-a95866f7a130.webp
CATV1-P227-R1R,a8836afd-4f43-c7ae-fb73-51f80bc09161,293edcca-e955-e5c1-4358-60ee3db35208,POLICY_APPROVED,a0ab0a3b81b23aeb3118283364342b06ceb205848e876052a95bf84a5203ca92,2894,image/webp,345,176,lihen-product-web,products/a8836afd-4f43-c7ae-fb73-51f80bc09161/293edcca-e955-e5c1-4358-60ee3db35208/web/a0ab0a3b81b23aeb3118283364342b06ceb205848e876052a95bf84a5203ca92.webp,web-derivatives-v1/files/293edcca-e955-e5c1-4358-60ee3db35208.webp
CATV1-P227-R2L,35ea919c-f40a-d094-025d-286be407dc41,6fdfe6ac-6b7c-77c7-c917-be077644c8e2,HUMAN_APPROVED,47666f74e5ac1c423b4ce4a3480fab67ff74a24e07b98bd565ab693284128feb,4140,image/webp,345,176,lihen-product-web,products/35ea919c-f40a-d094-025d-286be407dc41/6fdfe6ac-6b7c-77c7-c917-be077644c8e2/web/47666f74e5ac1c423b4ce4a3480fab67ff74a24e07b98bd565ab693284128feb.webp,web-derivatives-v1/files/6fdfe6ac-6b7c-77c7-c917-be077644c8e2.webp
CATV1-P227-R2R,4982c439-2284-0479-debc-62ed89b84439,25258fd7-ea96-ab0c-70c4-56af86605e3b,POLICY_APPROVED,fddec1c2a5fff0fc01056c1c9b354d1b197f6039b4649b55be57d1dc3eeb3f01,3736,image/webp,345,176,lihen-product-web,products/4982c439-2284-0479-debc-62ed89b84439/25258fd7-ea96-ab0c-70c4-56af86605e3b/web/fddec1c2a5fff0fc01056c1c9b354d1b197f6039b4649b55be57d1dc3eeb3f01.webp,web-derivatives-v1/files/25258fd7-ea96-ab0c-70c4-56af86605e3b.webp
CATV1-P229-R1L,9783e6d8-be06-1a85-017f-91a4df8abf16,bc4a329e-3e6a-3907-b012-a5a289665351,POLICY_APPROVED,bf0dab3b2494273b2cb3963b8bd0e1a89bb803410e41eb32063731339be11919,2202,image/webp,345,176,lihen-product-web,products/9783e6d8-be06-1a85-017f-91a4df8abf16/bc4a329e-3e6a-3907-b012-a5a289665351/web/bf0dab3b2494273b2cb3963b8bd0e1a89bb803410e41eb32063731339be11919.webp,web-derivatives-v1/files/bc4a329e-3e6a-3907-b012-a5a289665351.webp
CATV1-P229-R2L,692b6b28-c873-ea4d-ff85-9daa356bd195,2e9b282b-ea9c-a2cb-9a37-66414142deb3,POLICY_APPROVED,fb0416ae21a424bb90dd4b505ffc01b4b0ed4fa2b7054c25be9a227277570fa4,1916,image/webp,345,176,lihen-product-web,products/692b6b28-c873-ea4d-ff85-9daa356bd195/2e9b282b-ea9c-a2cb-9a37-66414142deb3/web/fb0416ae21a424bb90dd4b505ffc01b4b0ed4fa2b7054c25be9a227277570fa4.webp,web-derivatives-v1/files/2e9b282b-ea9c-a2cb-9a37-66414142deb3.webp
CATV1-P229-R3L,ac7fa64f-cc13-b059-bdde-1fd981d5590f,7d0c14a0-4270-59d5-87bf-7dd5811072c2,POLICY_APPROVED,7482d6359fd59a87b5465f6d30dee5df3ddcb5990405f8f75d39251422e67951,2898,image/webp,345,176,lihen-product-web,products/ac7fa64f-cc13-b059-bdde-1fd981d5590f/7d0c14a0-4270-59d5-87bf-7dd5811072c2/web/7482d6359fd59a87b5465f6d30dee5df3ddcb5990405f8f75d39251422e67951.webp,web-derivatives-v1/files/7d0c14a0-4270-59d5-87bf-7dd5811072c2.webp
CATV1-P229-R3R,15b3f169-6fdd-9906-ba7c-f27b26d8f877,d67b9957-f7f4-e6b5-eb9a-f56d50fd2f37,POLICY_APPROVED,ceefc865ab187ba70073fc2a3fa6542a2847f45a4ab5cf0e3f1cf324f6708c92,2306,image/webp,345,176,lihen-product-web,products/15b3f169-6fdd-9906-ba7c-f27b26d8f877/d67b9957-f7f4-e6b5-eb9a-f56d50fd2f37/web/ceefc865ab187ba70073fc2a3fa6542a2847f45a4ab5cf0e3f1cf324f6708c92.webp,web-derivatives-v1/files/d67b9957-f7f4-e6b5-eb9a-f56d50fd2f37.webp
CATV1-P230-R1L,bd079501-d76a-4ace-44be-536d133bf289,48855623-4f99-7ab3-fd0b-bdf7f3dd000e,POLICY_APPROVED,d08011b381a8adfcad800be863df2c5c6debfcd66a230efbb580f0ac4fd722c0,3408,image/webp,345,176,lihen-product-web,products/bd079501-d76a-4ace-44be-536d133bf289/48855623-4f99-7ab3-fd0b-bdf7f3dd000e/web/d08011b381a8adfcad800be863df2c5c6debfcd66a230efbb580f0ac4fd722c0.webp,web-derivatives-v1/files/48855623-4f99-7ab3-fd0b-bdf7f3dd000e.webp
CATV1-P230-R1R,79e7c6d9-985f-6589-b3e1-f705ef8bc47d,ae3ddb1c-658a-d718-5306-6f6b9727c3ac,POLICY_APPROVED,ef022464ef2009ee6ab659e3ceb46cc468c9587b846a7faa131b2cca42e292f4,4190,image/webp,345,176,lihen-product-web,products/79e7c6d9-985f-6589-b3e1-f705ef8bc47d/ae3ddb1c-658a-d718-5306-6f6b9727c3ac/web/ef022464ef2009ee6ab659e3ceb46cc468c9587b846a7faa131b2cca42e292f4.webp,web-derivatives-v1/files/ae3ddb1c-658a-d718-5306-6f6b9727c3ac.webp
CATV1-P230-R2L,62f12ef2-a01d-7545-7d50-68ac55cf3f0f,a836bd38-6f62-f846-d78b-fb867d9f749d,POLICY_APPROVED,5b3fa70828f7313675f35e90e2e8a0d4c30c0b2d22c00f39ed705e96310ca130,3304,image/webp,345,176,lihen-product-web,products/62f12ef2-a01d-7545-7d50-68ac55cf3f0f/a836bd38-6f62-f846-d78b-fb867d9f749d/web/5b3fa70828f7313675f35e90e2e8a0d4c30c0b2d22c00f39ed705e96310ca130.webp,web-derivatives-v1/files/a836bd38-6f62-f846-d78b-fb867d9f749d.webp
CATV1-P230-R3L,36f1f7d9-23a8-6ea1-3817-41d70bc97302,6ef3b119-09bc-8b5a-7b60-e615808f2ea1,HUMAN_APPROVED,a15fa6de53c1c126325243f291d93556257df5254c0cbabc35fbfafcb47f2b07,3618,image/webp,345,176,lihen-product-web,products/36f1f7d9-23a8-6ea1-3817-41d70bc97302/6ef3b119-09bc-8b5a-7b60-e615808f2ea1/web/a15fa6de53c1c126325243f291d93556257df5254c0cbabc35fbfafcb47f2b07.webp,web-derivatives-v1/files/6ef3b119-09bc-8b5a-7b60-e615808f2ea1.webp
CATV1-P231-R1L,6fac0f17-c461-bd93-5615-e1e99431329c,6b706877-27a9-2f4d-95b3-6432c8c22607,HUMAN_APPROVED,62cc7a1bb7748a1f96104a64ffca3c7c3a1187aa9f1da3c84f4c123ef277ed69,1784,image/webp,345,176,lihen-product-web,products/6fac0f17-c461-bd93-5615-e1e99431329c/6b706877-27a9-2f4d-95b3-6432c8c22607/web/62cc7a1bb7748a1f96104a64ffca3c7c3a1187aa9f1da3c84f4c123ef277ed69.webp,web-derivatives-v1/files/6b706877-27a9-2f4d-95b3-6432c8c22607.webp
CATV1-P231-R1R,50de8ef7-abf7-85b3-ecab-d84dd342bf0a,6f4235cc-fdcb-7b6a-862e-98a125367812,POLICY_APPROVED,85caa8ea88e83fb154b0baf7fdd17d1994671b7e8b66cf97fd959f97d6984f3a,9004,image/webp,345,176,lihen-product-web,products/50de8ef7-abf7-85b3-ecab-d84dd342bf0a/6f4235cc-fdcb-7b6a-862e-98a125367812/web/85caa8ea88e83fb154b0baf7fdd17d1994671b7e8b66cf97fd959f97d6984f3a.webp,web-derivatives-v1/files/6f4235cc-fdcb-7b6a-862e-98a125367812.webp
CATV1-P231-R2L,e84fe2bc-bad3-92be-6734-b5bf2c4500c3,01e78200-143a-25cf-bb0e-90b9f2ab6c7e,POLICY_APPROVED,43b6e32d49914b3621e456cb1de721a5d38197df9308b3b682fd14cd07efbf03,3030,image/webp,345,176,lihen-product-web,products/e84fe2bc-bad3-92be-6734-b5bf2c4500c3/01e78200-143a-25cf-bb0e-90b9f2ab6c7e/web/43b6e32d49914b3621e456cb1de721a5d38197df9308b3b682fd14cd07efbf03.webp,web-derivatives-v1/files/01e78200-143a-25cf-bb0e-90b9f2ab6c7e.webp
CATV1-P231-R3R,4e685227-f43c-4477-ad1b-d4bb41b2c78f,d85cdae4-5bd5-7710-be2c-f2054d96b956,POLICY_APPROVED,2f980800d68b2f1e95d6bca67d4aa7fc6aa9b41e1168e5cf67174b58c98a16df,2686,image/webp,345,176,lihen-product-web,products/4e685227-f43c-4477-ad1b-d4bb41b2c78f/d85cdae4-5bd5-7710-be2c-f2054d96b956/web/2f980800d68b2f1e95d6bca67d4aa7fc6aa9b41e1168e5cf67174b58c98a16df.webp,web-derivatives-v1/files/d85cdae4-5bd5-7710-be2c-f2054d96b956.webp
CATV1-P233-R1R,e7a66582-ad5c-6157-48e4-d35e2c9f6438,1da9d742-a898-0f84-1890-4d21c9597c5c,POLICY_APPROVED,e54b064e89a7399156d9d4e9eb6bbcf7ada1d680447676b2182e7f79b53d9fd9,3602,image/webp,345,176,lihen-product-web,products/e7a66582-ad5c-6157-48e4-d35e2c9f6438/1da9d742-a898-0f84-1890-4d21c9597c5c/web/e54b064e89a7399156d9d4e9eb6bbcf7ada1d680447676b2182e7f79b53d9fd9.webp,web-derivatives-v1/files/1da9d742-a898-0f84-1890-4d21c9597c5c.webp
CATV1-P233-R2L,33bc39e7-f827-825e-86d3-2aa7d73466a1,9e083449-d93f-aeba-3c46-091da2445973,POLICY_APPROVED,3e1d59fa5c0e062af82091519d91ee99501fcc9215b55e89a0b1d23b8edcff26,3140,image/webp,345,176,lihen-product-web,products/33bc39e7-f827-825e-86d3-2aa7d73466a1/9e083449-d93f-aeba-3c46-091da2445973/web/3e1d59fa5c0e062af82091519d91ee99501fcc9215b55e89a0b1d23b8edcff26.webp,web-derivatives-v1/files/9e083449-d93f-aeba-3c46-091da2445973.webp
CATV1-P233-R2R,62df2660-42ef-2797-4897-bccd45a4b492,3cab8c9d-6569-7090-0ecd-fe38675dc559,POLICY_APPROVED,94fb3dd7a88ef665c4f6438522969bf1ac79dd5e2991998d81e21d33442017a0,3212,image/webp,345,176,lihen-product-web,products/62df2660-42ef-2797-4897-bccd45a4b492/3cab8c9d-6569-7090-0ecd-fe38675dc559/web/94fb3dd7a88ef665c4f6438522969bf1ac79dd5e2991998d81e21d33442017a0.webp,web-derivatives-v1/files/3cab8c9d-6569-7090-0ecd-fe38675dc559.webp
CATV1-P233-R3R,45c87225-722d-20b3-0bc8-240671e0ba69,5561e664-6e43-d799-fe48-45c10ff55ee1,POLICY_APPROVED,6fb9e5c89a967bf9c15b79104aa4fa36d976385f78ce794c7b05841256f55ff6,3612,image/webp,345,176,lihen-product-web,products/45c87225-722d-20b3-0bc8-240671e0ba69/5561e664-6e43-d799-fe48-45c10ff55ee1/web/6fb9e5c89a967bf9c15b79104aa4fa36d976385f78ce794c7b05841256f55ff6.webp,web-derivatives-v1/files/5561e664-6e43-d799-fe48-45c10ff55ee1.webp
CATV1-P234-R1L,443d7aa6-d066-ea40-de8c-eca96f4c43db,7293aeee-6698-2e85-cbc4-f6d04a0e5aa0,POLICY_APPROVED,bafd8a35b205ab7605b03ec3a8ae08f04d6b186c79577f14c0a88d92dd19cdfc,2654,image/webp,345,176,lihen-product-web,products/443d7aa6-d066-ea40-de8c-eca96f4c43db/7293aeee-6698-2e85-cbc4-f6d04a0e5aa0/web/bafd8a35b205ab7605b03ec3a8ae08f04d6b186c79577f14c0a88d92dd19cdfc.webp,web-derivatives-v1/files/7293aeee-6698-2e85-cbc4-f6d04a0e5aa0.webp
CATV1-P234-R1R,ea8f8fcf-ac56-b75a-4742-801d9cf77935,183cb669-912e-f53b-a9cf-4a46bfbb55fe,POLICY_APPROVED,c9c73c8b0f97d0c875c4b2802256ad3073c1ae44346dddc29958c201f1dc098c,1634,image/webp,345,176,lihen-product-web,products/ea8f8fcf-ac56-b75a-4742-801d9cf77935/183cb669-912e-f53b-a9cf-4a46bfbb55fe/web/c9c73c8b0f97d0c875c4b2802256ad3073c1ae44346dddc29958c201f1dc098c.webp,web-derivatives-v1/files/183cb669-912e-f53b-a9cf-4a46bfbb55fe.webp
CATV1-P234-R2L,6f7b6fe8-3444-9226-b9df-a06e985a7dd9,a1ab5271-1844-8c59-f6ff-5fde9464e172,POLICY_APPROVED,202a314db134ce0dfdc4d4d3ffddfd6a8b71a5cad698716f824c5fde6190c824,2816,image/webp,345,176,lihen-product-web,products/6f7b6fe8-3444-9226-b9df-a06e985a7dd9/a1ab5271-1844-8c59-f6ff-5fde9464e172/web/202a314db134ce0dfdc4d4d3ffddfd6a8b71a5cad698716f824c5fde6190c824.webp,web-derivatives-v1/files/a1ab5271-1844-8c59-f6ff-5fde9464e172.webp
CATV1-P234-R2R,21212d0e-7280-e9e2-b5b7-65860bfac26c,843a668f-1de9-eb8f-12a5-0d5be0b4f6a7,POLICY_APPROVED,0f1e8208ed3e456b7c9de0ce69272bef79825396ba4892a36251ebf007375db1,4372,image/webp,345,176,lihen-product-web,products/21212d0e-7280-e9e2-b5b7-65860bfac26c/843a668f-1de9-eb8f-12a5-0d5be0b4f6a7/web/0f1e8208ed3e456b7c9de0ce69272bef79825396ba4892a36251ebf007375db1.webp,web-derivatives-v1/files/843a668f-1de9-eb8f-12a5-0d5be0b4f6a7.webp
CATV1-P234-R3L,0fb3c6e6-d3f4-b768-80bd-1eb3cdab94cd,1af41124-636b-cf54-aa0f-004179c7fc5b,POLICY_APPROVED,e195f29365d01404c597d2dd925c6f25b88ba8e0d96be0d52256270712b96981,6362,image/webp,345,176,lihen-product-web,products/0fb3c6e6-d3f4-b768-80bd-1eb3cdab94cd/1af41124-636b-cf54-aa0f-004179c7fc5b/web/e195f29365d01404c597d2dd925c6f25b88ba8e0d96be0d52256270712b96981.webp,web-derivatives-v1/files/1af41124-636b-cf54-aa0f-004179c7fc5b.webp
CATV1-P234-R3R,84373067-ed67-6254-81c4-f6d782819fc3,88e51d90-d647-11fb-e485-76c2bea509f3,POLICY_APPROVED,cbef0c8b5c6c3178d042bd5cbf4471897004a43975b8d4b1c895e0dcb0fb32e9,2074,image/webp,345,176,lihen-product-web,products/84373067-ed67-6254-81c4-f6d782819fc3/88e51d90-d647-11fb-e485-76c2bea509f3/web/cbef0c8b5c6c3178d042bd5cbf4471897004a43975b8d4b1c895e0dcb0fb32e9.webp,web-derivatives-v1/files/88e51d90-d647-11fb-e485-76c2bea509f3.webp
CATV1-P235-R1L,e1c0bb82-dcba-0ef2-9acb-c6769aa237c7,95414986-d4d9-7c5d-0ee1-a21157503f12,POLICY_APPROVED,823404651655df9e93e558f74a5b3518c5c4d8dbe36b40f9fd815c29543ddcb2,1144,image/webp,345,176,lihen-product-web,products/e1c0bb82-dcba-0ef2-9acb-c6769aa237c7/95414986-d4d9-7c5d-0ee1-a21157503f12/web/823404651655df9e93e558f74a5b3518c5c4d8dbe36b40f9fd815c29543ddcb2.webp,web-derivatives-v1/files/95414986-d4d9-7c5d-0ee1-a21157503f12.webp
CATV1-P235-R1R,ffbf58bd-54b1-cc46-466a-8cfee17fbb41,dcc5807f-4ff2-e9ab-c3a8-4168e61df316,POLICY_APPROVED,8bd0b63796eb27005e64b722ff869d8d0c2d19482e14e331cd15a4eea054ecfd,2658,image/webp,345,176,lihen-product-web,products/ffbf58bd-54b1-cc46-466a-8cfee17fbb41/dcc5807f-4ff2-e9ab-c3a8-4168e61df316/web/8bd0b63796eb27005e64b722ff869d8d0c2d19482e14e331cd15a4eea054ecfd.webp,web-derivatives-v1/files/dcc5807f-4ff2-e9ab-c3a8-4168e61df316.webp
CATV1-P235-R2L,24108217-eafc-94ad-e63b-0bd997527475,8e955a98-f0d6-2484-7eb3-7e0f1e49474a,POLICY_APPROVED,380ab28d5ab2948739c661b3ad4d8e42b20e5b2d97b0e1a25e2b69e9121f5c1d,1690,image/webp,345,176,lihen-product-web,products/24108217-eafc-94ad-e63b-0bd997527475/8e955a98-f0d6-2484-7eb3-7e0f1e49474a/web/380ab28d5ab2948739c661b3ad4d8e42b20e5b2d97b0e1a25e2b69e9121f5c1d.webp,web-derivatives-v1/files/8e955a98-f0d6-2484-7eb3-7e0f1e49474a.webp
CATV1-P235-R2R,f9fc7ea8-d6af-2ac7-c96d-981155dc7301,ef86c43b-cc3d-5bdf-ef57-265d8935a9a6,POLICY_APPROVED,2fbc9c1071f163dff041a9f5aa2618c6813c9aa2023a4421165e4a8c1a010e97,2482,image/webp,345,176,lihen-product-web,products/f9fc7ea8-d6af-2ac7-c96d-981155dc7301/ef86c43b-cc3d-5bdf-ef57-265d8935a9a6/web/2fbc9c1071f163dff041a9f5aa2618c6813c9aa2023a4421165e4a8c1a010e97.webp,web-derivatives-v1/files/ef86c43b-cc3d-5bdf-ef57-265d8935a9a6.webp
CATV1-P235-R3L,d8fc1dc8-7675-8548-8dec-2a52c3aa4ebb,d181998d-4a22-fa8c-e6d9-91774e099967,POLICY_APPROVED,376683ee3ab8e697ae84412036050b9a7b5cdf1931f2707a9da1ea986800055e,3398,image/webp,345,176,lihen-product-web,products/d8fc1dc8-7675-8548-8dec-2a52c3aa4ebb/d181998d-4a22-fa8c-e6d9-91774e099967/web/376683ee3ab8e697ae84412036050b9a7b5cdf1931f2707a9da1ea986800055e.webp,web-derivatives-v1/files/d181998d-4a22-fa8c-e6d9-91774e099967.webp
CATV1-P235-R3R,3d475f04-21fd-f13f-bbe7-5cdf186b82ea,2ef5f91a-df3e-4dd7-f770-57b3674aa463,POLICY_APPROVED,4eafa596ebef0eff78dc2780117e203d1c4d779c1b5102874da7f9fb1caa797a,1740,image/webp,345,176,lihen-product-web,products/3d475f04-21fd-f13f-bbe7-5cdf186b82ea/2ef5f91a-df3e-4dd7-f770-57b3674aa463/web/4eafa596ebef0eff78dc2780117e203d1c4d779c1b5102874da7f9fb1caa797a.webp,web-derivatives-v1/files/2ef5f91a-df3e-4dd7-f770-57b3674aa463.webp
CATV1-P236-R1L,d4c3b08a-b423-c940-c5e7-760e85520f70,f053f1aa-b15d-a73a-3267-678d05b7e67e,POLICY_APPROVED,6c14cfc1b454c5f2433cbea00266d938f6904d59d04e3265978806bac67e4391,3888,image/webp,345,176,lihen-product-web,products/d4c3b08a-b423-c940-c5e7-760e85520f70/f053f1aa-b15d-a73a-3267-678d05b7e67e/web/6c14cfc1b454c5f2433cbea00266d938f6904d59d04e3265978806bac67e4391.webp,web-derivatives-v1/files/f053f1aa-b15d-a73a-3267-678d05b7e67e.webp
CATV1-P236-R1R,d3a06b33-57c8-ad89-f797-6b0f97e55800,33fe483e-4dd3-a413-4798-459097a8ecc8,POLICY_APPROVED,e113b8d01f6d5b78be3ed1d9bd3362268d9b8a5b79496a7f012e6129d1f3e7ac,2354,image/webp,345,176,lihen-product-web,products/d3a06b33-57c8-ad89-f797-6b0f97e55800/33fe483e-4dd3-a413-4798-459097a8ecc8/web/e113b8d01f6d5b78be3ed1d9bd3362268d9b8a5b79496a7f012e6129d1f3e7ac.webp,web-derivatives-v1/files/33fe483e-4dd3-a413-4798-459097a8ecc8.webp
CATV1-P236-R2L,c411826f-2035-3c3d-ffc8-2a6b36cca0a1,0b93c737-81c6-35de-969b-37010353223d,POLICY_APPROVED,9e1920842980b8e299e9a9de43de94692d209c62a6ad6d63e111f72a98c9ab36,1562,image/webp,345,176,lihen-product-web,products/c411826f-2035-3c3d-ffc8-2a6b36cca0a1/0b93c737-81c6-35de-969b-37010353223d/web/9e1920842980b8e299e9a9de43de94692d209c62a6ad6d63e111f72a98c9ab36.webp,web-derivatives-v1/files/0b93c737-81c6-35de-969b-37010353223d.webp
CATV1-P236-R2R,226d895e-6646-a1e8-d7c1-a779b2a85baf,cfcc8c6d-8c01-73c3-fb96-c6b594736a84,POLICY_APPROVED,bbcfab999cd602edc93c77e5ff84e55fde66599e21e8313cc759e63d659568b1,1616,image/webp,345,176,lihen-product-web,products/226d895e-6646-a1e8-d7c1-a779b2a85baf/cfcc8c6d-8c01-73c3-fb96-c6b594736a84/web/bbcfab999cd602edc93c77e5ff84e55fde66599e21e8313cc759e63d659568b1.webp,web-derivatives-v1/files/cfcc8c6d-8c01-73c3-fb96-c6b594736a84.webp
CATV1-P236-R3R,3db333b8-c372-4fc6-2de6-1532feedd5de,b2757d7e-c8cf-846d-580a-94d24fe3755e,POLICY_APPROVED,34342373e689af8d7dc7392cc3c3c434ea0fe2dd5d68a40a2e4a52478de9867e,2046,image/webp,345,176,lihen-product-web,products/3db333b8-c372-4fc6-2de6-1532feedd5de/b2757d7e-c8cf-846d-580a-94d24fe3755e/web/34342373e689af8d7dc7392cc3c3c434ea0fe2dd5d68a40a2e4a52478de9867e.webp,web-derivatives-v1/files/b2757d7e-c8cf-846d-580a-94d24fe3755e.webp
CATV1-P237-R1L,94ed1c16-26c8-7459-3712-753f77ad0d4d,071ef925-6664-fa40-3c4c-20342cb41f40,POLICY_APPROVED,c959dd325e1417187c5321323884150461856e73056c58c3dad5b8fd89534f9c,2178,image/webp,345,176,lihen-product-web,products/94ed1c16-26c8-7459-3712-753f77ad0d4d/071ef925-6664-fa40-3c4c-20342cb41f40/web/c959dd325e1417187c5321323884150461856e73056c58c3dad5b8fd89534f9c.webp,web-derivatives-v1/files/071ef925-6664-fa40-3c4c-20342cb41f40.webp
CATV1-P237-R1R,8812afc0-79ee-1dda-0586-f2e117edd1e8,afc961bf-95a2-3740-51bb-3203467cbc82,POLICY_APPROVED,06acb375a4fb9c4d673afdcc5a43f783394c09dbd28f661bcd488aeb1f7d1bcb,2358,image/webp,345,176,lihen-product-web,products/8812afc0-79ee-1dda-0586-f2e117edd1e8/afc961bf-95a2-3740-51bb-3203467cbc82/web/06acb375a4fb9c4d673afdcc5a43f783394c09dbd28f661bcd488aeb1f7d1bcb.webp,web-derivatives-v1/files/afc961bf-95a2-3740-51bb-3203467cbc82.webp
CATV1-P237-R2L,14ace7c3-c20f-317a-987f-b52b1cb63062,6c484c3e-35d6-5270-a97f-8cbbd7f65656,POLICY_APPROVED,44d3a8f2ed54f88a05af713f06d17df58f9fad344f01ce7db09dd3f6a92217ea,4056,image/webp,345,176,lihen-product-web,products/14ace7c3-c20f-317a-987f-b52b1cb63062/6c484c3e-35d6-5270-a97f-8cbbd7f65656/web/44d3a8f2ed54f88a05af713f06d17df58f9fad344f01ce7db09dd3f6a92217ea.webp,web-derivatives-v1/files/6c484c3e-35d6-5270-a97f-8cbbd7f65656.webp
CATV1-P237-R2R,6905a9e9-e73e-17c2-2b5f-dc4460d0064f,8c5ee61c-7ae4-e66d-b332-46f80a1bb49b,POLICY_APPROVED,89f0967f3e2a597acd6240fb24651d498767abdf4b33c95d13a4d8f73b392310,5594,image/webp,345,176,lihen-product-web,products/6905a9e9-e73e-17c2-2b5f-dc4460d0064f/8c5ee61c-7ae4-e66d-b332-46f80a1bb49b/web/89f0967f3e2a597acd6240fb24651d498767abdf4b33c95d13a4d8f73b392310.webp,web-derivatives-v1/files/8c5ee61c-7ae4-e66d-b332-46f80a1bb49b.webp
CATV1-P237-R3L,e2137d1b-304e-e1d2-8d31-12266188ae4f,4e1e6626-0274-4717-948e-c064a55ea2d3,POLICY_APPROVED,409aa7b70d7f23a8437958e8511e3ff0d670bf567c21b01e957a4641bcd39047,7448,image/webp,345,176,lihen-product-web,products/e2137d1b-304e-e1d2-8d31-12266188ae4f/4e1e6626-0274-4717-948e-c064a55ea2d3/web/409aa7b70d7f23a8437958e8511e3ff0d670bf567c21b01e957a4641bcd39047.webp,web-derivatives-v1/files/4e1e6626-0274-4717-948e-c064a55ea2d3.webp
CATV1-P237-R3R,63da121f-6fe9-25e3-4936-94d2851efcdd,75303aad-cbf7-405e-c59e-db081ae8b962,POLICY_APPROVED,3a56d261c6dde4b8013051e0f618293f52dce4358373a4c5f8cb5fb510d9f22d,3260,image/webp,345,176,lihen-product-web,products/63da121f-6fe9-25e3-4936-94d2851efcdd/75303aad-cbf7-405e-c59e-db081ae8b962/web/3a56d261c6dde4b8013051e0f618293f52dce4358373a4c5f8cb5fb510d9f22d.webp,web-derivatives-v1/files/75303aad-cbf7-405e-c59e-db081ae8b962.webp
CATV1-P238-R1L,00adb54e-b160-aaaf-5338-8106c587f005,19287a36-badb-1411-f009-83a4c64e0c81,POLICY_APPROVED,aed9ecb157b200b7ff4399793919648423fb71568b71e868d25dbef097687e30,4596,image/webp,345,176,lihen-product-web,products/00adb54e-b160-aaaf-5338-8106c587f005/19287a36-badb-1411-f009-83a4c64e0c81/web/aed9ecb157b200b7ff4399793919648423fb71568b71e868d25dbef097687e30.webp,web-derivatives-v1/files/19287a36-badb-1411-f009-83a4c64e0c81.webp
CATV1-P238-R1R,42cefa07-0440-41d6-cc1e-978e21ea3421,0e6473d9-ec6f-0309-32fe-d4a6f5bce8de,HUMAN_APPROVED,bf19de55fe968d761399067cded7a781dd3503a8e1d7a9cd31be8285d7d9daf1,6968,image/webp,345,176,lihen-product-web,products/42cefa07-0440-41d6-cc1e-978e21ea3421/0e6473d9-ec6f-0309-32fe-d4a6f5bce8de/web/bf19de55fe968d761399067cded7a781dd3503a8e1d7a9cd31be8285d7d9daf1.webp,web-derivatives-v1/files/0e6473d9-ec6f-0309-32fe-d4a6f5bce8de.webp
CATV1-P238-R2L,39b06687-d45a-3cfd-0577-1c1a3df767d0,d1ec781d-a5c2-6bbb-cbc9-c0cb9c8be21e,HUMAN_APPROVED,212e8cfcbe04ac0763ed7c1815f34c3708e6aa062d1b9ccb11efad60130dac7b,7178,image/webp,345,176,lihen-product-web,products/39b06687-d45a-3cfd-0577-1c1a3df767d0/d1ec781d-a5c2-6bbb-cbc9-c0cb9c8be21e/web/212e8cfcbe04ac0763ed7c1815f34c3708e6aa062d1b9ccb11efad60130dac7b.webp,web-derivatives-v1/files/d1ec781d-a5c2-6bbb-cbc9-c0cb9c8be21e.webp
CATV1-P238-R2R,a819265d-91b5-6ab8-8978-7753fb6637cd,320bd0cd-d076-1925-a657-b0b4cb9d1023,POLICY_APPROVED,f6e9df532e7e82ba78069f65228218263286fb1cbe516d8ef499a37f58d68722,5302,image/webp,345,176,lihen-product-web,products/a819265d-91b5-6ab8-8978-7753fb6637cd/320bd0cd-d076-1925-a657-b0b4cb9d1023/web/f6e9df532e7e82ba78069f65228218263286fb1cbe516d8ef499a37f58d68722.webp,web-derivatives-v1/files/320bd0cd-d076-1925-a657-b0b4cb9d1023.webp
CATV1-P238-R3R,8774f698-1f19-94d4-3337-fc2ca04fe9ad,85b96a93-9d68-237c-9404-12a9bc81b001,POLICY_APPROVED,812b59b434f586f9807f8f7cd4885a047931047da69e9157d3da96a101437b7f,4912,image/webp,345,176,lihen-product-web,products/8774f698-1f19-94d4-3337-fc2ca04fe9ad/85b96a93-9d68-237c-9404-12a9bc81b001/web/812b59b434f586f9807f8f7cd4885a047931047da69e9157d3da96a101437b7f.webp,web-derivatives-v1/files/85b96a93-9d68-237c-9404-12a9bc81b001.webp
CATV1-P240-R1L,bb49a68d-d1a5-013e-d2f6-f54494a54b8d,9fbc2b27-c000-5ce3-f087-5e437915a317,POLICY_APPROVED,7f652a33d02b195bb40e7cbb79ab98193740f53f3201481c5631f940e6b6f49c,3742,image/webp,345,176,lihen-product-web,products/bb49a68d-d1a5-013e-d2f6-f54494a54b8d/9fbc2b27-c000-5ce3-f087-5e437915a317/web/7f652a33d02b195bb40e7cbb79ab98193740f53f3201481c5631f940e6b6f49c.webp,web-derivatives-v1/files/9fbc2b27-c000-5ce3-f087-5e437915a317.webp
CATV1-P240-R1R,3fbf9e7b-9c91-47e6-d41e-b3e76afd1665,5fb03226-455a-bf24-bdf9-eb9ee920b671,POLICY_APPROVED,13dca8bc4c3487987b4c6c18db3471d35f91c5815609cca663f157a3618f73ba,3768,image/webp,345,176,lihen-product-web,products/3fbf9e7b-9c91-47e6-d41e-b3e76afd1665/5fb03226-455a-bf24-bdf9-eb9ee920b671/web/13dca8bc4c3487987b4c6c18db3471d35f91c5815609cca663f157a3618f73ba.webp,web-derivatives-v1/files/5fb03226-455a-bf24-bdf9-eb9ee920b671.webp
CATV1-P240-R2L,eb21c8cc-2e85-c150-2f7d-d0f14d5f58c0,7d1b98e8-52d6-c625-d4d1-1346d9578c9a,POLICY_APPROVED,e94a2c4c9f5f917f57f06ed2100524650a2d80a3102dee1c989ddfd48fa34b2b,6344,image/webp,345,176,lihen-product-web,products/eb21c8cc-2e85-c150-2f7d-d0f14d5f58c0/7d1b98e8-52d6-c625-d4d1-1346d9578c9a/web/e94a2c4c9f5f917f57f06ed2100524650a2d80a3102dee1c989ddfd48fa34b2b.webp,web-derivatives-v1/files/7d1b98e8-52d6-c625-d4d1-1346d9578c9a.webp
CATV1-P240-R2R,536f6471-5913-684d-3c8d-3fdcebb37824,eef59013-363c-8a84-e02b-8ba1ee166934,POLICY_APPROVED,d9a538dccf521a4991b64c516577c3080200c2cbb6952b59f01ff6672495d613,4176,image/webp,345,176,lihen-product-web,products/536f6471-5913-684d-3c8d-3fdcebb37824/eef59013-363c-8a84-e02b-8ba1ee166934/web/d9a538dccf521a4991b64c516577c3080200c2cbb6952b59f01ff6672495d613.webp,web-derivatives-v1/files/eef59013-363c-8a84-e02b-8ba1ee166934.webp
CATV1-P240-R3L,1b24a301-c1e7-2182-e79b-f34a05c91e0e,1e3a80a7-4bd8-a9fa-fed3-0365a07aff4b,POLICY_APPROVED,a0fcdd85b9edf5c2c2f90fb87a6297c9d83768a30ebe849a85a8d6c42e955ca3,4026,image/webp,345,176,lihen-product-web,products/1b24a301-c1e7-2182-e79b-f34a05c91e0e/1e3a80a7-4bd8-a9fa-fed3-0365a07aff4b/web/a0fcdd85b9edf5c2c2f90fb87a6297c9d83768a30ebe849a85a8d6c42e955ca3.webp,web-derivatives-v1/files/1e3a80a7-4bd8-a9fa-fed3-0365a07aff4b.webp
CATV1-P240-R3R,3c2771b6-ceb8-9963-9812-a3cc627ec5d2,db5cad2f-db6a-265f-6a11-c87ae8fd08bb,POLICY_APPROVED,cd01647105c7190283bea866d897dc02f5909d1642315984dd5c33c6b5ca0990,3342,image/webp,345,176,lihen-product-web,products/3c2771b6-ceb8-9963-9812-a3cc627ec5d2/db5cad2f-db6a-265f-6a11-c87ae8fd08bb/web/cd01647105c7190283bea866d897dc02f5909d1642315984dd5c33c6b5ca0990.webp,web-derivatives-v1/files/db5cad2f-db6a-265f-6a11-c87ae8fd08bb.webp
CATV1-P241-R1L,868d1dd7-7c77-0751-4c61-099c63afe31f,e1bd807e-f400-97a5-8c74-11bf2e133e88,POLICY_APPROVED,f83d90b5fb8517a44aeafcab48bf20b0435c3b3154b2db078b51085ca2ac87a1,2966,image/webp,345,176,lihen-product-web,products/868d1dd7-7c77-0751-4c61-099c63afe31f/e1bd807e-f400-97a5-8c74-11bf2e133e88/web/f83d90b5fb8517a44aeafcab48bf20b0435c3b3154b2db078b51085ca2ac87a1.webp,web-derivatives-v1/files/e1bd807e-f400-97a5-8c74-11bf2e133e88.webp
CATV1-P241-R1R,0e32f323-f22a-7293-0201-bb0f78307449,53aecad2-96a3-52dc-4bba-7b7788101ee8,POLICY_APPROVED,76cfca151d39ef008ef82eb9c4ca6d1556207910c951281b3c37cba8d1deb0eb,1866,image/webp,345,176,lihen-product-web,products/0e32f323-f22a-7293-0201-bb0f78307449/53aecad2-96a3-52dc-4bba-7b7788101ee8/web/76cfca151d39ef008ef82eb9c4ca6d1556207910c951281b3c37cba8d1deb0eb.webp,web-derivatives-v1/files/53aecad2-96a3-52dc-4bba-7b7788101ee8.webp
CATV1-P241-R2L,28c952e5-86e2-2b08-b4fd-29c35cffe987,b1d49d17-9579-a287-0f37-c2d85f80c74c,POLICY_APPROVED,9833b07a49c5453f2785e29ef697ba6c3319a7e55f2dc7398cf07311cf74283e,1882,image/webp,345,176,lihen-product-web,products/28c952e5-86e2-2b08-b4fd-29c35cffe987/b1d49d17-9579-a287-0f37-c2d85f80c74c/web/9833b07a49c5453f2785e29ef697ba6c3319a7e55f2dc7398cf07311cf74283e.webp,web-derivatives-v1/files/b1d49d17-9579-a287-0f37-c2d85f80c74c.webp
CATV1-P241-R2R,7235e4d6-0057-17f2-c9c8-4a245cc12992,78fdaabd-abff-c269-8d44-7d6ae881f22a,POLICY_APPROVED,922f4d945c421716a61d19a0f3af872841f1e4b8116ca17133e68d6c1dfb38f3,1230,image/webp,345,176,lihen-product-web,products/7235e4d6-0057-17f2-c9c8-4a245cc12992/78fdaabd-abff-c269-8d44-7d6ae881f22a/web/922f4d945c421716a61d19a0f3af872841f1e4b8116ca17133e68d6c1dfb38f3.webp,web-derivatives-v1/files/78fdaabd-abff-c269-8d44-7d6ae881f22a.webp
CATV1-P241-R3L,70f7457b-51ec-fcf6-7715-89a1ded48ed2,64b188ca-d90f-3577-3fdc-ff8218457e77,POLICY_APPROVED,22de164b8f0a47fd1f66ecbbde9a129e44ffb01cdd0f084a5732247a0666c823,3112,image/webp,345,176,lihen-product-web,products/70f7457b-51ec-fcf6-7715-89a1ded48ed2/64b188ca-d90f-3577-3fdc-ff8218457e77/web/22de164b8f0a47fd1f66ecbbde9a129e44ffb01cdd0f084a5732247a0666c823.webp,web-derivatives-v1/files/64b188ca-d90f-3577-3fdc-ff8218457e77.webp
CATV1-P241-R3R,6b5a64f8-5cea-77ac-1684-84dfd16f688f,11ed66ef-2655-8daa-4251-3240995809fd,POLICY_APPROVED,097b49621abe4400b26210b5d8ad0ca397d103a6238ae807e2897a7d8200b55c,1368,image/webp,345,176,lihen-product-web,products/6b5a64f8-5cea-77ac-1684-84dfd16f688f/11ed66ef-2655-8daa-4251-3240995809fd/web/097b49621abe4400b26210b5d8ad0ca397d103a6238ae807e2897a7d8200b55c.webp,web-derivatives-v1/files/11ed66ef-2655-8daa-4251-3240995809fd.webp
CATV1-P242-R1L,be9a1a80-8b05-bc69-8aa9-a2c974e93f7d,42b2a4e1-bbe8-38f0-2114-99fe36b93a9c,POLICY_APPROVED,f30f0ade4e7fa887000b244598ff60ae0b7402e2b887fdd01c30c6f5f22d17a7,1444,image/webp,345,176,lihen-product-web,products/be9a1a80-8b05-bc69-8aa9-a2c974e93f7d/42b2a4e1-bbe8-38f0-2114-99fe36b93a9c/web/f30f0ade4e7fa887000b244598ff60ae0b7402e2b887fdd01c30c6f5f22d17a7.webp,web-derivatives-v1/files/42b2a4e1-bbe8-38f0-2114-99fe36b93a9c.webp
CATV1-P242-R1R,47aaf1aa-72f4-3eb1-dd60-9b4e2e28b665,a6e5a930-53f4-4f72-2e11-33608623e5a9,POLICY_APPROVED,a5402aa27b3a16ff07927be9e2801560e6aa8b6785680ae8340623bb043d540c,1432,image/webp,345,176,lihen-product-web,products/47aaf1aa-72f4-3eb1-dd60-9b4e2e28b665/a6e5a930-53f4-4f72-2e11-33608623e5a9/web/a5402aa27b3a16ff07927be9e2801560e6aa8b6785680ae8340623bb043d540c.webp,web-derivatives-v1/files/a6e5a930-53f4-4f72-2e11-33608623e5a9.webp
CATV1-P243-R1L,a4d7f922-7925-920b-1b4a-d362de4ee4b5,7f462a6e-6111-1b30-16d5-2a1a06c049e0,POLICY_APPROVED,d30af904e30a1e2e2c1d3821cf8a7e04f4a691eeeb915c248eec6949c806f7fb,4758,image/webp,345,176,lihen-product-web,products/a4d7f922-7925-920b-1b4a-d362de4ee4b5/7f462a6e-6111-1b30-16d5-2a1a06c049e0/web/d30af904e30a1e2e2c1d3821cf8a7e04f4a691eeeb915c248eec6949c806f7fb.webp,web-derivatives-v1/files/7f462a6e-6111-1b30-16d5-2a1a06c049e0.webp
CATV1-P243-R1R,fe12d146-eb70-7002-8083-e61f3e6f1f34,f67e990c-a894-fdfe-bc98-9fc0c10193d9,POLICY_APPROVED,fb56c30b65931b8cffab3cb169aa951677c737f409ec286a0f09d7f05b50e1e9,3644,image/webp,345,176,lihen-product-web,products/fe12d146-eb70-7002-8083-e61f3e6f1f34/f67e990c-a894-fdfe-bc98-9fc0c10193d9/web/fb56c30b65931b8cffab3cb169aa951677c737f409ec286a0f09d7f05b50e1e9.webp,web-derivatives-v1/files/f67e990c-a894-fdfe-bc98-9fc0c10193d9.webp
CATV1-P243-R2L,f6bafdaa-aa15-a2ef-2be0-48b872a409c0,003fb300-d9e3-7178-73bd-ad3a95ced6e6,POLICY_APPROVED,ce77ebdbb4eda2f9aaf652f7c19f612a23d54a7c13bc063b9f4d621fa2c9138b,2494,image/webp,345,176,lihen-product-web,products/f6bafdaa-aa15-a2ef-2be0-48b872a409c0/003fb300-d9e3-7178-73bd-ad3a95ced6e6/web/ce77ebdbb4eda2f9aaf652f7c19f612a23d54a7c13bc063b9f4d621fa2c9138b.webp,web-derivatives-v1/files/003fb300-d9e3-7178-73bd-ad3a95ced6e6.webp
CATV1-P244-R1L,60b9480b-5e1c-4104-245d-9619949552b4,0a6e543c-199a-a19b-ac0c-aecf9b8206c2,POLICY_APPROVED,56eff44084dc21c6da8b5386fef022a1aee1005feb3218ea4a6923c4760c1fc6,1924,image/webp,345,176,lihen-product-web,products/60b9480b-5e1c-4104-245d-9619949552b4/0a6e543c-199a-a19b-ac0c-aecf9b8206c2/web/56eff44084dc21c6da8b5386fef022a1aee1005feb3218ea4a6923c4760c1fc6.webp,web-derivatives-v1/files/0a6e543c-199a-a19b-ac0c-aecf9b8206c2.webp
CATV1-P244-R1R,9734e212-fbf8-f132-b9ab-ddf4e55169ab,fde0ed71-3738-6a0b-8449-271d2b4394b7,POLICY_APPROVED,a7c937af585e055607f5fe9d5216b25b5bd6d042ce16b3c55440b4580c8feecd,4574,image/webp,345,176,lihen-product-web,products/9734e212-fbf8-f132-b9ab-ddf4e55169ab/fde0ed71-3738-6a0b-8449-271d2b4394b7/web/a7c937af585e055607f5fe9d5216b25b5bd6d042ce16b3c55440b4580c8feecd.webp,web-derivatives-v1/files/fde0ed71-3738-6a0b-8449-271d2b4394b7.webp
CATV1-P244-R2L,0cb374de-a7f5-24e1-a59a-1fe4d7d51017,c4441303-93e8-6fff-e9f7-f12f169bf82a,POLICY_APPROVED,3d97651c4c9168325807e5230b1434bca4885dcbb6782017141eca9678b240fc,3184,image/webp,345,176,lihen-product-web,products/0cb374de-a7f5-24e1-a59a-1fe4d7d51017/c4441303-93e8-6fff-e9f7-f12f169bf82a/web/3d97651c4c9168325807e5230b1434bca4885dcbb6782017141eca9678b240fc.webp,web-derivatives-v1/files/c4441303-93e8-6fff-e9f7-f12f169bf82a.webp
CATV1-P244-R2R,82f90263-b7f9-a054-b989-0b474f82ad5e,7212f436-e2ef-99a7-6d47-cd1441e5f96f,POLICY_APPROVED,ed07bae74f9ae0fc13bac3cc2d2c34fa6523e42c1dba3e2a8554e6a03299f0e9,4296,image/webp,345,176,lihen-product-web,products/82f90263-b7f9-a054-b989-0b474f82ad5e/7212f436-e2ef-99a7-6d47-cd1441e5f96f/web/ed07bae74f9ae0fc13bac3cc2d2c34fa6523e42c1dba3e2a8554e6a03299f0e9.webp,web-derivatives-v1/files/7212f436-e2ef-99a7-6d47-cd1441e5f96f.webp
CATV1-P244-R3L,bbba1f98-5d76-fcc5-bf10-f5405fc8dd01,57abaec0-c02e-b7f9-926e-aff524cd350d,POLICY_APPROVED,aeacefb967c2c42f875a87e4462b821a229a0d1ccfae900eeafdda09b12e85bd,2460,image/webp,345,176,lihen-product-web,products/bbba1f98-5d76-fcc5-bf10-f5405fc8dd01/57abaec0-c02e-b7f9-926e-aff524cd350d/web/aeacefb967c2c42f875a87e4462b821a229a0d1ccfae900eeafdda09b12e85bd.webp,web-derivatives-v1/files/57abaec0-c02e-b7f9-926e-aff524cd350d.webp
CATV1-P244-R3R,3946248e-26e1-91ef-35e4-890f299d2adf,33a66844-a07d-95e2-423a-666177d7b759,POLICY_APPROVED,f205a9ceb35bae28c58a11198cb0f23bf301e89889ee9571aa505c737bb5e369,2824,image/webp,345,176,lihen-product-web,products/3946248e-26e1-91ef-35e4-890f299d2adf/33a66844-a07d-95e2-423a-666177d7b759/web/f205a9ceb35bae28c58a11198cb0f23bf301e89889ee9571aa505c737bb5e369.webp,web-derivatives-v1/files/33a66844-a07d-95e2-423a-666177d7b759.webp
